professor_id,name_ko,name_en,university,department,primary_field,openalex_id,source_url,orcid,identity_status,scopus_id
P0001,도준상,junsang doh,seoul national university,공과대학,면역항암,,https://bmie.snu.ac.kr/,,,
P0002,서상우,sangwoo seo,seoul national university,공과대학,합성생물학,,https://seolab.snu.ac.kr/,,,
P0003,서형석,hyungseok Seo,seoul national university,약학대학,세포치료,,https://cgt.snu.ac.kr/home,,,
P0004,김원종,wonjong kim,postech,화학과,의료용 고분자,,http://bmpl.postech.ac.kr/,,,
P0005,김성은,seongeun kim,kookmin university,화학과,체외면역 평가,,https://cite.kookmin.ac.kr/cite/index.do,,,
P0006,조덕,Duck Cho,Samsung Medical Center; Sungkyunkwan University,,,A5068463807,,,,
P0007,김병수,Byung-Soo Kim,Seoul National University,Chemical and Biological Engineering,재생 바이오 의공학,A5100642851,https://cbe.snu.ac.kr/cbe/pgm/professorMng/list.do?menuNo=300015&profCate=66,,,
P0008,양진아,Jina Yang,Jeju National University,,,A5007222103,,,,
P0009,박지훈,Jeehun Park,Kangwon National University,,,A5007880310,,,,
P0010,임현규,Hyun Gyu Lim,Inha University,,,A5014839787,,,,
P0011,김태돈,Tae-Don Kim,Yonsei University,College of Pharmacy,Gene & Cell Therapy / Immunology,A5019115055,,,verified,
P0012,김성철,Seong-Cheol Kim,Yeungnam University,,,A5086409096,,,,
P0013,이제중,Je-Jung Lee,Chonnam National University,College of Medicine / Hematology-Oncology,Hematology & Oncology,A5102970348,https://biomedicine.jnu.ac.kr/en/bbs/board.php?bo_table=en_research_03,,verified,
P0014,김형준,Hyeoung-Joon Kim,Chonnam National University,College of Medicine / Hematology-Oncology,Hematologic malignancy / Stem cell transplantation,A5064161026,https://www.cnuhh.com/sub.cs?m=311,,verified,
P0015,장성호,Sungho Jang,Incheon National University,Division of Life Sciences / Biotechnology,Synthetic Biology / Directed Evolution / Microbiome,A5077539926,https://www.sjanglab.org,,verified,
P0016,김상기,Sang-Ki Kim,Kongju National University,Department of Companion and Laboratory Animal Science,Immunology / Cancer Immunotherapy,A5063762312,https://vaxcell-bio.com/en/member.php,0000-0003-3326-067X,verified,
P0018,한용희,Yong Hee Han,Chonnam National University,School of Biological Sciences and Technology,Molecular Biology / Biochemistry / Biotechnology,A5083853234,https://cloudweb.jnu.ac.kr/gssbst/22251/subview.do,,verified,
P0019,안서연,Seo-Yeon Ahn,Chonnam National University,College of Medicine / Hematology-Oncology,Hematology,A5059129862,https://cnudh.co.kr/cnuhh/medical/info/dept.cs?act=view&deptCd=IMH&doctCd=HD00060&mode=doctor,,verified,
P0020,정성훈,Sung-Hoon Jung,Chonnam National University,College of Medicine / Hematology-Oncology,Multiple Myeloma / Hematologic Malignancy,A5068416755,https://cnudh.co.kr/cnuhh/medical/info/dept.cs?act=view&deptCd=IMH&doctCd=HD00056&mode=doctor,,verified,
P0021,한동근,Dong Keun Han,Korea Institute of Science and Technology,Center for Biomaterials,Biomaterials / Tissue Engineering,A5028790314,https://www.kist.re.kr/,,verified,
P0022,김성지,Sungjee Kim,POSTECH,Department of Chemistry,Nanochemistry / Nanomedicine / Molecular Imaging,A5069444992,https://nanotrio.postech.ac.kr/,,verified,
P0023,김상욱,Sanguk Kim,POSTECH,Department of Life Sciences,Bioinformatics / Systems Biology / Genomics,A5047859685,http://sbi.postech.ac.kr/,,verified,
P0024,한상빈,Sangbin Han,Sungkyunkwan University; Samsung Medical Center,School of Medicine / Anesthesiology and Pain Medicine,Anesthesiology / Perioperative Medicine,A5022299245,https://www.samsunghospital.com/m/smc/reservation/common/doctorProfile.do?DR_NO=1037,,verified,
P0025,김병기,Byung-Gee Kim,Seoul National University,Chemical and Biological Engineering,Biochemical Engineering / Biotechnology,,http://mbbl.snu.ac.kr,,verified,
P0026,박우람,Wooram Park,Sungkyunkwan University,Department of Integrative Biotechnology,Drug Delivery / Nanoparticles / Cancer Immunotherapy,A5075962780,https://biotech.skku.edu/,,verified,
P0027,황일웅,Ilwoong Hwang,Soonchunhyang University,Gumi Hospital / Emergency Medicine,Emergency Medicine / NK Cell Immunology,A5068736163,https://www.schmc.ac.kr/gumi/,,verified,
P0028,박웅양,Woong-Yang Park,Sungkyunkwan University; Samsung Medical Center,School of Medicine / Cancer Biology,Cancer Genomics / Single-Cell Genomics,A5003283147,https://biomedical.skku.edu/eng/html/people/professor_detail_01.asp?idx=35,,verified,
P0029,고영일,Youngil Koh,Seoul National University,College of Medicine / Hematology-Oncology,Hematologic Malignancy / Precision Oncology,A5076271673,https://medicine.snu.ac.kr/fnt/bbm/cla/selectProInfoDetail.do?profSeq=11956,,verified,
P0030,이승환,Seung Hwan Lee,Yonsei University,College of Medicine / Urology,Urology,A5100410174,https://gld.yonsei.ac.kr/faculty/depMember.do?campus=sinchonMed&mode=view&userId=k1r1xJhzILZ0m5SlVeczRQ%3D%3D,,verified,
P0031,임정은,Joung Eun Lim,Samsung Medical Center,Samsung Biomedical Research Institute,Urologic Cancer / Translational Oncology,A5101642438,https://orcid.org/0000-0002-5544-9951,0000-0002-5544-9951,verified,
P0032,강윤표,Yunpyo Kang,Seoul National University,College of Pharmacy,Oncology,A5068089918,https://snupharm.snu.ac.kr/snu__professor/%ea%b0%95%ec%9c%a4%ed%91%9c/,0000-0002-1149-0880,verified,
P0033,구자현,Ja Hyun Koo,Seoul National University,College of Pharmacy,Hepatology,A5023471531,http://koo.snu.ac.kr,0000-0001-5738-1105,verified,
P0034,권성원,Sung Won Kwon,Seoul National University,College of Pharmacy,Molecular Biology,A5066812821;A5135919583,https://snupharm.snu.ac.kr/snu__professor/%ea%b6%8c%ec%84%b1%ec%9b%90/,0000-0001-7161-4737,verified,
P0035,권용석,Yongseok Kwon,Seoul National University,College of Pharmacy,Organic Chemistry,A5051360291,https://yklab.snu.ac.kr,0000-0001-7812-9638,verified,
P0036,노민수,Minsoo Noh,Seoul National University,College of Pharmacy,Dermatology,A5018847566,https://snupharm.snu.ac.kr/snu__professor/%eb%85%b8%eb%af%bc%ec%88%98/,0000-0002-4020-5372,verified,
P0038,박형근,Hyeung‐geun Park,Seoul National University,College of Pharmacy,Organic Chemistry,A5089409756;A5110754181,http://hgpk.cafe24.com/wp,0000-0002-9645-8221,verified,
P0040,신영기,Young Kee Shin,Seoul National University,College of Pharmacy,Oncology,A5002243126,http://molpathlab.snu.ac.kr,0000-0003-0896-718X,verified,
P0041,심상희,Sanghee Shim,Seoul National University,College of Pharmacy,Biophysics,A5077864017;A5125983657,http://npcl.snu.ac.kr/,0000-0001-9964-7231,verified,
P0042,오원근,Won Keun Oh,Seoul National University,College of Pharmacy,Molecular Biology,A5002218943;A5128218887,http://pharmacognosy.snu.ac.kr,0000-0003-0761-3064,verified,
P0043,오정미,Jung Mi Oh,Seoul National University,College of Pharmacy,Transplantation,A5044392908;A5070715617;A5132629683,http://jmoh.snu.ac.kr,0000-0002-1836-1707,verified,
P0044,윤여준,Yeojoon Yoon,Seoul National University,College of Pharmacy,Pharmacology,A5052839519,http://yeojoonyoon.com/,0000-0002-3637-3103,verified,
P0045,이미옥,Mi Ok Lee,Seoul National University,College of Pharmacy,Molecular Biology,A5110165134,http://molee.snu.ac.kr,0000-0002-1788-9892,verified,
P0047,이승희,Seunghui Lee,Seoul National University,College of Pharmacy,Ecology,A5136323851,https://shleelab.wixsite.com/shleelab,,probable,
P0048,이유정,Youjeong Lee,Seoul National University,College of Pharmacy,Plant Science,A5067936109,https://tcd.snu.ac.kr,0000-0002-8145-9520,probable,
P0049,이인균,Ingyun Lee,Seoul National University,College of Pharmacy,,,https://sites.google.com/view/leelabsnu,0009-0006-8473-6921,verified,
P0050,이재영,Jae‐Young Lee,Seoul National University,College of Pharmacy,Biomaterials,A5100334531;A5130379012;A5137721736,https://bedds.snu.ac.kr/,0000-0002-8093-043X,verified,
P0052,이혁진,H Lee,Seoul National University,College of Pharmacy,Physiology,A5086002768,https://bama.snu.ac.kr/,0009-0000-2403-6241,probable,
P0053,장재봉,Jaebong Jang,Seoul National University,College of Pharmacy,Pulmonary and Respiratory Medicine,A5048760496,https://sites.google.com/view/janglab,0000-0002-7962-3395,probable,
P0054,전상민,S Jeon,Seoul National University,College of Pharmacy,Infectious Diseases,A5072167140,http://idetoxlab.snu.ac.kr,0009-0009-9637-7972,probable,
P0055,진영원,Young‐Won Chin,Seoul National University,College of Pharmacy,Molecular Biology,A5068330340,http://ywchin.snu.ac.kr,0000-0001-6964-1779,verified,
P0056,차혁진,Hyuk‐Jin Cha,Seoul National University,College of Pharmacy,Molecular Biology,A5020752812,https://chahj72.wixsite.com/snucsl,0000-0001-9277-2662,verified,
P0057,구자록,Ja-Lok Ku,Seoul National University,Graduate School of Biomedical Sciences,Pathology and Forensic Medicine,A5001974637;A5126411983,http://biomed.snu.ac.kr/research-faculty/faculty?mode=view&profidx=2&sc=y,0000-0002-7090-537X,verified,
P0058,권오빈,Obin Kwon,Seoul National University,Graduate School of Biomedical Sciences,Physiology,A5071455227,http://biomed.snu.ac.kr/research-faculty/faculty?mode=view&profidx=3&sc=y,0000-0002-3702-7202,verified,
P0060,권용태,Yong Tae Kwon,Seoul National University,Graduate School of Biomedical Sciences,Molecular Biology,A5032827509;A5045191700;A5105300396,http://biomed.snu.ac.kr/research-faculty/faculty?mode=view&profidx=5&sc=y,0000-0002-8115-3150,verified,
P0062,박상민,,Seoul National University,Graduate School of Biomedical Sciences,,,http://biomed.snu.ac.kr/research-faculty/faculty?mode=view&profidx=16&sc=y,0009-0000-2066-3096,verified,
P0063,박성준,Seongjun Park,Seoul National University,Graduate School of Biomedical Sciences; Bioengineering,Materials Chemistry,A5100777271;A5017942353;A5122170080,http://biomed.snu.ac.kr/research-faculty/faculty?mode=view&profidx=70&sc=y,0000-0002-1981-9628,verified,
P0064,박정환,Jeong Hwan Park,Seoul National University,Graduate School of Biomedical Sciences,Epidemiology,A5100625452,http://biomed.snu.ac.kr/research-faculty/faculty?mode=view&profidx=67&sc=y,0000-0003-4522-9928,probable,
P0065,방예지,Ye-Ji Bang,Seoul National University,Graduate School of Biomedical Sciences,Endocrinology,A5033060813,http://biomed.snu.ac.kr/research-faculty/faculty?mode=view&profidx=65&sc=y,0000-0003-4009-0824,verified,
P0066,배상수,Sangsu Bae,Seoul National University,Graduate School of Biomedical Sciences,Molecular Biology,A5058387827;A5102523296;A5137650360,http://biomed.snu.ac.kr/research-faculty/faculty?mode=view&profidx=63&sc=y,0000-0003-3615-8566,verified,
P0067,석승혁,Seung Hyeok Seok,Seoul National University,Graduate School of Biomedical Sciences,Immunology,A5060951283,http://biomed.snu.ac.kr/research-faculty/faculty?mode=view&profidx=20&sc=y,0000-0002-4315-0688,verified,
P0068,성승용,Seung‐Yong Seong,Seoul National University,Graduate School of Biomedical Sciences,Parasitology,A5062435434,http://biomed.snu.ac.kr/research-faculty/faculty?mode=view&profidx=72&sc=y,0000-0002-3671-1029,verified,
P0069,성지혜,Jihye Seong,Seoul National University,Graduate School of Biomedical Sciences,Cell Biology,A5026656606;A5103534188,http://biomed.snu.ac.kr/research-faculty/faculty?mode=view&profidx=69&sc=y,0000-0001-8450-3315,verified,
P0071,염진기,Jinki Yeom,Seoul National University,Graduate School of Biomedical Sciences,Genetics,A5078633080,http://biomed.snu.ac.kr/research-faculty/faculty?mode=view&profidx=24&sc=y,0000-0002-5332-2658,verified,
P0074,이원령,Wonryung Lee,Seoul National University,Graduate School of Biomedical Sciences,Biomedical Engineering,A5010464805,http://biomed.snu.ac.kr/research-faculty/faculty?mode=view&profidx=74&sc=y,0000-0003-0527-023X,verified,
P0075,이원우,Won-Woo Lee,Seoul National University,Graduate School of Biomedical Sciences,Immunology,A5061831347,http://biomed.snu.ac.kr/research-faculty/faculty?mode=view&profidx=31&sc=y,0000-0002-5347-9591,verified,
P0076,장성호,Sunghoe Chang,Seoul National University,Graduate School of Biomedical Sciences,Cell Biology,A5046016624,http://biomed.snu.ac.kr/research-faculty/faculty?mode=view&profidx=35&sc=y,0000-0002-3446-7288,verified,
P0077,전주홍,Ju‐Hong Jeon,Seoul National University,Graduate School of Biomedical Sciences,Sensory Systems,A5023662947;A5125715026,http://biomed.snu.ac.kr/research-faculty/faculty?mode=view&profidx=55&sc=y,0000-0002-5603-2955,verified,
P0078,정기훈,Keehoon Jung,Seoul National University,Graduate School of Biomedical Sciences,Cardiology and Cardiovascular Medicine,A5012765342,http://biomed.snu.ac.kr/research-faculty/faculty?mode=view&profidx=56&sc=y,0000-0002-2199-5292,verified,
P0079,정두현,Doo Hyun Chung,Seoul National University,Graduate School of Biomedical Sciences,Pulmonary and Respiratory Medicine,A5070181255,http://biomed.snu.ac.kr/research-faculty/faculty?mode=view&profidx=57&sc=y,0000-0002-9948-8485,verified,
P0080,조남혁,Nam-Hyeok Cho,Seoul National University,Graduate School of Biomedical Sciences,Infectious Diseases,A5109733656,http://biomed.snu.ac.kr/research-faculty/faculty?mode=view&profidx=39&sc=y,,probable,
P0081,조성엽,,Seoul National University,Graduate School of Biomedical Sciences,,,http://biomed.snu.ac.kr/research-faculty/faculty?mode=view&profidx=40&sc=y,0009-0006-7566-2019,verified,
P0083,최형진,Hyung Jin Choi,Seoul National University,Graduate School of Biomedical Sciences,Orthopedics and Sports Medicine,A5081889848,http://biomed.snu.ac.kr/research-faculty/faculty?mode=view&profidx=48&sc=y,0000-0003-0593-6978,verified,
P0084,정상택,Sang Taek Jung,Seoul National University,Bioengineering,"Radiology, Nuclear Medicine and Imaging",A5044505570;A5113272899,https://apel.snu.ac.kr,0000-0001-7217-979X,verified,
P0085,한주리,Jooli Han,Seoul National University,Bioengineering,Biomedical Engineering,A5037623230,https://medi.snu.ac.kr/,0000-0002-5115-7791,verified,
P0086,권소희,So Hee Kwon,Yonsei University,College of Pharmacy,Molecular Biology,A5056109836,https://pharmacy.yonsei.ac.kr/faculty/name_search.do?mode=view&userId=CIRBxYRDNb6XXx0UjbtEXQ%3D%3D&sosokcd=,0000-0002-3753-4415,verified,
P0087,김승현,Seung‐Hyeon Kim,Yonsei University,College of Pharmacy,Ceramics and Composites,A5101888747,https://pharmacy.yonsei.ac.kr/faculty/name_search.do?mode=view&userId=ia1pfqrwAzBJ698okXpK9A%3D%3D&sosokcd=,0000-0002-5920-5962,probable,
P0088,김영수,Young Soo Kim,Yonsei University,College of Pharmacy,Pathology and Forensic Medicine,A5100713159;A5125643557,https://pharmacy.yonsei.ac.kr/faculty/name_search.do?mode=view&userId=1m2KAv4r6SAEW2Py%2FwSr9A%3D%3D&sosokcd=,0009-0006-9699-5832,verified,
P0090,민도식,Do Sik Min,Yonsei University,College of Pharmacy,Molecular Biology,A5032767655,https://pharmacy.yonsei.ac.kr/faculty/name_search.do?mode=view&userId=jpa%2BPlmkTGOoE1UXkSB7yw%3D%3D&sosokcd=,0000-0002-8570-5098,verified,
P0091,박수준,Soojun Park,Yonsei University,College of Pharmacy,Organic Chemistry,A5022826299,https://pharmacy.yonsei.ac.kr/faculty/name_search.do?mode=view&userId=u%2FhT7uY1ax7E%2B0XwLNN%2FNw%3D%3D&sosokcd=1015058,0000-0002-0381-3192,verified,
P0092,유윤미,Yunmi Yu,Yonsei University,College of Pharmacy,Geriatrics and Gerontology,A5002289135,https://pharmacy.yonsei.ac.kr/faculty/name_search.do?mode=view&userId=xPrzDytGtxcl%2B7o15wyf4Q%3D%3D&sosokcd=,0000-0002-8267-9453,verified,
P0093,윤이나,Ina Yoon,Yonsei University,College of Pharmacy,Molecular Biology,A5061509294,https://pharmacy.yonsei.ac.kr/faculty/name_search.do?mode=view&userId=dEgW9zOyrPIXFveahI9qDQ%3D%3D&sosokcd=1015058,0000-0001-5307-3754,verified,
P0095,장민정,Min Jung Chang,Yonsei University,College of Pharmacy,Pharmacology,A5077910323;A5137037277,https://pharmacy.yonsei.ac.kr/faculty/name_search.do?mode=view&userId=%2FhU%2FjtvPl4G37FWaFqNHgw%3D%3D&sosokcd=,0000-0002-8408-5907,verified,
P0096,전희정,Heejung Chun,Yonsei University,College of Pharmacy,Neurology,A5032767135,https://pharmacy.yonsei.ac.kr/faculty/name_search.do?mode=view&userId=dXv8FP61UI9MKwczX%2FLYNQ%3D%3D&sosokcd=1015058,0000-0002-6451-1542,verified,
P0097,정성훈,Seong Hoon Jeong,Yonsei University,College of Pharmacy,Molecular Biology,A5102729944,https://pharmacy.yonsei.ac.kr/faculty/name_search.do?mode=view&userId=J1pE1Vcus25pm3KQgs%2BrTA%3D%3D&sosokcd=1015058,0000-0002-7404-9056,probable,
P0098,최준정,Junjeong Choi,Yonsei University,College of Pharmacy,Cancer Research,A5056812442,https://pharmacy.yonsei.ac.kr/faculty/name_search.do?mode=view&userId=gq%2FL4c4KdYkPhh77oMSQmA%3D%3D&sosokcd=,0000-0003-1339-593X,verified,
P0099,한은아,Euna Han,Yonsei University,College of Pharmacy,"Public Health, Environmental and Occupational Health",A5041266811;A5115629878,https://pharmacy.yonsei.ac.kr/faculty/name_search.do?mode=view&userId=KJd3N9HMVNhlO3NKBpK6zg%3D%3D&sosokcd=,0000-0003-2656-7059,verified,
P0100,한정민,Jung Min Han,Yonsei University,College of Pharmacy,Molecular Biology,A5077849607,https://pharmacy.yonsei.ac.kr/faculty/name_search.do?mode=view&userId=oyvFbRitgy2Jsx1McvyjcQ%3D%3D&sosokcd=,0000-0003-3372-7575,verified,
P0102,전영호,Young Ho Jeon,Korea University,College of Pharmacy,Molecular Biology,A5074209511;A5110660928,https://pharm.korea.ac.kr/faculty/8670/subview.do,0000-0002-4764-5127,verified,
P0103,최상은,Sang Eun Choi,Korea University,College of Pharmacy,Pathology and Forensic Medicine,A5071194102,https://pep.korea.ac.kr/,,probable,
P0104,정용우,Yong Woo Jung,Korea University,College of Pharmacy,Immunology,A5087798691,https://pharm.korea.ac.kr/faculty/8670/subview.do,0000-0002-5599-0553,verified,
P0105,김경임,Kyungim Kim,Korea University,College of Pharmacy,Geriatrics and Gerontology,A5026173579,https://pharm.korea.ac.kr/faculty/8670/subview.do,0000-0001-7997-696X,verified,
P0107,오수환,Soohwan Oh,Korea University,College of Pharmacy,Molecular Biology,A5030678508,https://sites.google.com/view/soohwanlab,0000-0003-4860-034X,verified,
P0108,김한준,Han‐Jun Kim,Korea University,College of Pharmacy,Biomedical Engineering,A5100722342;A5107980711;A5122210059;A5122966345,https://www.hanjunkim.co.kr/,0000-0001-9238-7238,verified,
P0109,김하룡,Haryong Kim,Korea University,College of Pharmacy,예방약학/독성학,,https://sites.google.com/view/envitox-ku/,0009-0003-5060-7126,verified,
P0110,신현무,Hyunmu Shin,Seoul National University,Graduate School of Biomedical Sciences,Immunology,A5104020946,http://biomed.snu.ac.kr/research-faculty/faculty?mode=view&profidx=53&sc=y,,probable,
P0111,김정민,,Seoul National University,응용바이오공학과,,,http://klab.snu.ac.kr,0009-0008-7314-3105,verified,
P0112,박원철,Woncheoul Park,Seoul National University,응용바이오공학과,Genetics,A5103239031;A5122311601;A5129781797;A5134932704,http://nmec.snu.ac.kr,0000-0003-3140-5628,verified,
P0113,이원종,Wonjong Rhee,Seoul National University,응용바이오공학과,,A5125744415,http://drl.snu.ac.kr,,probable,
P0114,이윤상,Yun‐Sang Lee,Seoul National University,응용바이오공학과; 분자의학및바이오제약학과,"Radiology, Nuclear Medicine and Imaging",A5041206730;A5127675950,https://snucm.elsevierpure.com/en/persons/y-lee-21,0000-0003-1640-2090,verified,
P0115,이은봉,Eun Bong Lee,Seoul National University,응용바이오공학과; 분자의학및바이오제약학과,Rheumatology,A5024958150;A5109420195;A5041989255;A5132708595,http://mmbs.snu.ac.kr/bbs/board.php?bo_table=Research_20,0000-0003-0703-1208,verified,
P0116,이중식,Jung‐Sik Lee,Seoul National University,응용바이오공학과; 자유전공학부 바로가기,Psychiatry and Mental health,A5107600322,http://ux.snu.ac.kr,,probable,
P0119,현재환,Jaehwan Hyun,Seoul National University,자유전공학부 바로가기,Cultural Studies,A5014642075,https://sites.google.com/view/jhwanhyun/cv,0000-0002-2447-7546,verified,
P0120,황지수,Jisoo Hwang,Seoul National University,자유전공학부 바로가기,,A5123870006,https://www.jisoohwang.com/,,probable,
P0121,강민석,Min-Seok Gang,Seoul National University,자유전공학부 바로가기,Plant Science,A5078330127,https://minsuk.com,0000-0003-3616-0375,verified,
P0122,한경구,,Seoul National University,자유전공학부 바로가기,,,https://cls.snu.ac.kr/snu__professor/%ed%95%9c%ea%b2%bd%ea%b5%ac_%ec%a0%84%ec%9e%84_%ec%a0%84%ec%a7%81/,0009-0002-9664-4312,verified,
P0123,김상은,Sang Eun Kim,Seoul National University,자유전공학부 바로가기,"Radiology, Nuclear Medicine and Imaging",A5101707931,https://cls.snu.ac.kr/snu__professor/%ea%b9%80%ec%84%b1%ec%9d%bc_%ea%b2%b8%eb%ac%b4_%ec%a0%84%ec%a7%81/,0000-0003-1434-8369,probable,
P0124,김용대,Yongdae Kim,Seoul National University,자유전공학부 바로가기,Materials Chemistry,A5075447526,https://idea-stat.snu.ac.kr/,0009-0003-5645-2858,probable,
P0126,이상혁,,Seoul National University,자유전공학부 바로가기,,,https://cls.snu.ac.kr/snu__professor/%ec%9d%b4%ec%83%81%ed%98%81_%ea%b2%b8%eb%ac%b4_%ec%a0%84%ec%a7%81/,0009-0009-9330-8269,verified,
P0127,강규석,Kyu‐Suk Kang,Seoul National University,농업생명과학대학(8개),"Ecology, Evolution, Behavior and Systematics",A5063078396;A5102420299,http://cals.snu.ac.kr/about/organization/search/faculty?page=1&mode=view&profidx=3,0000-0002-2368-5423,verified,
P0128,강동현,Dong Hyeon Kang,Seoul National University,농업생명과학대학(8개),Plant Science,A5043972832,http://cals.snu.ac.kr/about/organization/search/faculty?page=1&mode=view&profidx=4,,probable,
P0129,강문성,Moon‐Seong Kang,Seoul National University,농업생명과학대학(8개),Water Science and Technology,A5065573574,http://cals.snu.ac.kr/about/organization/search/faculty?page=1&mode=view&profidx=5,0000-0001-7344-1905,verified,
P0130,강준석,Jun-Seok Kang,Seoul National University,농업생명과학대학(8개),Surgery,A5087568409,http://cals.snu.ac.kr/about/organization/search/faculty?page=1&mode=view&profidx=7,0000-0001-5969-9176,probable,
P0131,강창구,Changku Kang,Seoul National University,농업생명과학대학(8개),"Ecology, Evolution, Behavior and Systematics",A5016920715,http://cals.snu.ac.kr/about/organization/search/faculty?page=1&mode=view&profidx=159,0000-0003-3707-4989,verified,
P0132,권재영,Jae Young Kwon,Sungkyunkwan University,Faculty 1 페이지,Cellular and Molecular Neuroscience,A5039577998,http://bio.skku.edu/bbs/board.php?bo_table=F1&wr_id=72,0000-0002-5275-5662,verified,
P0133,김승철,Seung-Chul Kim,Sungkyunkwan University,Faculty 1 페이지,"Ecology, Evolution, Behavior and Systematics",A5100777880,http://bio.skku.edu/bbs/board.php?bo_table=F1&wr_id=71,0000-0003-0559-6782,verified,
P0134,김홍숙,Hong Sook Kim,Sungkyunkwan University,Faculty 1 페이지,Oncology,A5061799347,http://bio.skku.edu/bbs/board.php?bo_table=F1&wr_id=65,0000-0003-0971-0853,verified,
P0135,양시영,Siyoung Yang,Sungkyunkwan University,Faculty 1 페이지,Rheumatology,A5074548240;A5133767757,http://bio.skku.edu/bbs/board.php?bo_table=F1&wr_id=62,0000-0002-6374-0140,verified,
P0136,이대한,Daehan Lee,Sungkyunkwan University,Faculty 1 페이지,Aging,A5009660139;A5140726843;A5133227041,http://bio.skku.edu/bbs/board.php?bo_table=F1&wr_id=60,0000-0002-0546-8484,verified,
P0137,이재성,Jae-Seong Lee,Sungkyunkwan University,Faculty 1 페이지,"Health, Toxicology and Mutagenesis",A5021296521;A5074029439;A5137820427;A5136628728;A5136904401,http://bio.skku.edu/bbs/board.php?bo_table=F1&wr_id=58,0000-0003-0944-5172,verified,
P0138,정수명,Su Myung Jung,Sungkyunkwan University,Faculty 1 페이지,Physiology,A5113983336,http://bio.skku.edu/bbs/board.php?bo_table=F1&wr_id=56,0000-0002-7074-3438,probable,
P0139,조홍백,Hongbaek Cho,Sungkyunkwan University,Faculty 1 페이지,Genetics,A5085542419,http://bio.skku.edu/bbs/board.php?bo_table=F1&wr_id=54,0000-0001-9360-6981,verified,
P0140,최동희,Donghui Choe,Sungkyunkwan University,Faculty 1 페이지,Molecular Biology,A5060226532,http://bio.skku.edu/bbs/board.php?bo_table=F1&wr_id=52,0000-0003-1107-7380,verified,
P0141,남태규,Tae‐gyu Nam,Hanyang University,약학대학,Cancer Research,A5071300207,http://pharmacy.hanyang.ac.kr/front/professors-en/view?id=15,0000-0002-5292-9335,probable,
P0142,배옥남,Ok‐Nam Bae,Hanyang University,약학대학,Physiology,A5051964998;A5072297766;A5128756617,http://pharmacy.hanyang.ac.kr/front/professors-en/view?id=13,0000-0003-0583-2116,verified,
P0143,주재열,Jae‐Yeol Joo,Hanyang University,약학대학,Molecular Biology,A5080059317,http://pharmacy.hanyang.ac.kr/front/professors-en/view?id=69,0000-0003-2571-3173,verified,
P0144,금민정,Min Jung Geum,Hanyang University,약학대학,Geriatrics and Gerontology,A5072109887;A5137386977,http://pharmacy.hanyang.ac.kr/front/professors/professor#website,0000-0001-8493-4078,verified,
P0145,김동욱,Dong-Uk Kim,Hanyang University,약학대학,Molecular Biology,A5102023146,http://pharmacy.hanyang.ac.kr/front/professors-en/view?id=7,0000-0003-3908-8698,probable,
P0146,김영미,Yeong Mi Kim,Hanyang University,약학대학,Organic Chemistry,A5000896651,http://pharmacy.hanyang.ac.kr/front/professors-en/view?id=18,,probable,
P0147,김철영,,Hanyang University,약학대학,,,http://pharmacy.hanyang.ac.kr/front/professors-en/view?id=8,0009-0004-5387-0189,verified,
P0148,임형신,Hyungshin Yim,Hanyang University,약학대학,Cell Biology,A5042191727,http://pharmacy.hanyang.ac.kr/front/professors-en/view?id=11,0000-0001-7945-3472,verified,
P0149,최한곤,Han‐Gon Choi,Hanyang University,약학대학,Pharmaceutical Science,A5034418015;A5110010010;A5121472998,http://pharmacy.hanyang.ac.kr/front/professors-en/view?id=4,0000-0002-2318-387X,verified,
P0151,김희진,,Hanyang University,신경과학교실,,,https://medix.hanyang.ac.kr/-02-3-9-faculty#none,0009-0005-2282-7548,verified,
P0152,이규용,Gyu Yong Lee,Hanyang University,신경과학교실,Molecular Biology,A5071626743,https://medix.hanyang.ac.kr/-02-3-9-faculty#none,,probable,
P0153,오기욱,Kiwook Oh,Hanyang University,신경과학교실,Neurology,A5047391677,https://medix.hanyang.ac.kr/-02-3-9-faculty#none,0000-0001-6011-629X,verified,
P0154,성원재,Wonjae Sung,Hanyang University,신경과학교실,Neurology,A5054954388,https://medix.hanyang.ac.kr/-02-3-9-faculty#none,0000-0002-4637-5890,probable,
P0155,오요한,Yohan Oh,Hanyang University,생화학·분자생물학교실,Molecular Biology,A5002180055,https://medix.hanyang.ac.kr/-02-2-4-faculty#none,0000-0002-9249-8664,verified,
P0156,김원규,Won Kyu Kim,Hanyang University,해부·세포생물학교실,Gastroenterology,A5103095511,https://medix.hanyang.ac.kr/-02-2-12-faculty#none,0000-0002-3435-4195,verified,
P0157,김계성,Kye-Seong Kim,Hanyang University,해부·세포생물학교실,Molecular Biology,A5066227784;A5136179499,https://medix.hanyang.ac.kr/-02-2-12-faculty#none,0000-0001-5550-1660,verified,
P0158,김자연,Ja-Yeon Kim,Hanyang University,해부·세포생물학교실,Surgery,A5035832257,https://medix.hanyang.ac.kr/-02-2-12-faculty#none,,probable,
P0159,유순지,Soon-Ji Yoo,Kyung Hee University,생물학과,Molecular Biology,A5088944811,https://biology.khu.ac.kr/biology/user/bbs/BMSR00047/list.do?menuNo=900015,0000-0002-4916-7923,probable,
P0160,박영석,Young-Seuk Park,Kyung Hee University,생물학과,Molecular Biology,A5124905726,https://biology.khu.ac.kr/biology/user/bbs/BMSR00047/list.do?menuNo=900015,,probable,
P0161,이성재,Sung-Jae Lee,Kyung Hee University,생물학과,Molecular Biology,A5101581200,https://biology.khu.ac.kr/biology/user/bbs/BMSR00047/list.do?menuNo=900015,0000-0002-3997-9020,verified,
P0162,김광우,Kwangwoo Kim,Kyung Hee University,생물학과,Civil and Structural Engineering,A5034947656;A5023023014,https://kimlab.khu.ac.kr/,0000-0001-8926-6216,verified,
P0163,김권일,Kwoneel Kim,Kyung Hee University,생물학과,Molecular Biology,A5027316497,http://www.sysbioinfo.com,0000-0002-4221-3421,verified,
P0164,한창석,Chang Seok Han,Kyung Hee University,생물학과,"Ecology, Evolution, Behavior and Systematics",A5073007816,https://hanlab.squarespace.com/,0000-0001-9261-4031,verified,
P0165,이호석,Ho-Seok Lee,Kyung Hee University,생물학과,Plant Science,A5075633450,https://biology.khu.ac.kr/biology/user/bbs/BMSR00047/list.do?menuNo=900015,0000-0002-1640-7601,verified,
P0166,윤정호,Jungho Yun,Kyung Hee University,자유전공학부,Electrical and Electronic Engineering,A5001862419;A5137316143,https://sls.khu.ac.kr/sls_kor/user/professor/list.do?menuNo=20200032,0000-0002-1415-2297,verified,
P0168,홍정우,Joung‐Woo Hong,Kyung Hee University,동서의과학과,Molecular Biology,A5077870402,http://gsm.khu.ac.kr/src/RD2023.php,0000-0001-6511-7881,verified,
P0169,김영선,,Kyung Hee University,동서의과학과,,,http://gsm.khu.ac.kr/src/RD2021.php,0009-0003-6505-320X,verified,
P0170,신혜리,Hyeri Shin,Kyung Hee University,동서의과학과,Demography,A5121852641,http://gsm.khu.ac.kr/src/GS4010.php,0000-0001-5198-9152,probable,
P0171,정덕영,Duk-Young Jung,Kyung Hee University,동서의과학과,Cardiology and Cardiovascular Medicine,A5143984036,http://gsm.khu.ac.kr/src/GS4010.php,0009-0007-7053-4621,verified,
P0173,이태후,Tae-Hoo Yi,Kyung Hee University,융합바이오·신소재공학과; 한방생명공학과,Molecular Biology,A5043673106,https://khu.elsevierpure.com/en/persons/tae-hoo-yi,0000-0001-9369-6542,verified,
P0174,강동호,Tong Ho Kang,Kyung Hee University,융합바이오·신소재공학과; 한방생명공학과,Sensory Systems,A5026482307,https://khu.elsevierpure.com/en/persons/tong-ho-kang,0000-0002-4161-6798,verified,
P0175,김웅진,Ung-Jin Kim,Kyung Hee University,융합바이오·신소재공학과,Biomaterials,A5060835960,https://khu.elsevierpure.com/en/persons/ung-jin-kim,0000-0001-7517-1611,probable,
P0176,고재흥,Jae-Heung Ko,Kyung Hee University,융합바이오·신소재공학과,Molecular Biology,A5070165437;A5133059892,https://khu.elsevierpure.com/en/persons/jae-heung-ko/fingerprints/,0000-0002-4035-874X,verified,
P0177,김연주,Yeonju Kim,Kyung Hee University,융합바이오·신소재공학과; 한방생명공학과,Molecular Biology,A5002737519,https://khu.elsevierpure.com/en/persons/yeon-ju-kim,0000-0002-3474-066X,verified,
P0178,배효철,Hyocheol Bae,Kyung Hee University,융합바이오·신소재공학과; 한방생명공학과,Immunology,A5071058729,https://khu.elsevierpure.com/en/persons/hyocheol-bae ,0000-0002-9643-7797,verified,
P0179,박영준,Young-Joon Park,Kyung Hee University,융합바이오·신소재공학과; 원예생명공학과; 식품생명공학과; 한방생명공학과; 생명과학대학; 유전생명공학과,Plant Science,A5072589626,https://khu.elsevierpure.com/en/persons/young-joon-park,0000-0003-0513-1766,verified,
P0180,엄석현,Seok-Hyun Eom,Kyung Hee University,융합바이오·신소재공학과; 원예생명공학과; 식품생명공학과; 한방생명공학과; 생명과학대학; 유전생명공학과,Biochemistry,A5034873769,https://khu.elsevierpure.com/en/persons/seok-hyun-eom,0000-0001-8781-926X,verified,
P0181,홍우종,Woo-Jong Hong,Kyung Hee University,융합바이오·신소재공학과; 원예생명공학과; 식품생명공학과; 한방생명공학과; 생명과학대학; 유전생명공학과,Plant Science,A5006027043,https://khu.elsevierpure.com/en/persons/woo-jong-hong,0000-0001-7240-6171,verified,
P0182,김대옥,Dae-Ok Kim,Kyung Hee University,식품생명공학과,Biochemistry,A5025853867,https://khu.elsevierpure.com/en/persons/dae-ok-kim,0000-0001-9262-1354,verified,
P0183,김미주,Mi-Ju Kim,Kyung Hee University,식품생명공학과,,,https://khu.elsevierpure.com/en/persons/miju-kim,0009-0004-6976-9990,verified,
P0184,김현석,Hyun-Seok Kim,Kyung Hee University,식품생명공학과,Nutrition and Dietetics,A5100326514,http://fst.khu.ac.kr/cls/user/bbs/BMSR00047/list.do?menuNo=11600089,0000-0002-2188-4058,verified,
P0185,백무열,Moo-Yeol Baik,Kyung Hee University,식품생명공학과,Nutrition and Dietetics,A5046646285;A5133290326,https://khu.elsevierpure.com/en/persons/moo-yeol-baik,0000-0003-3779-3369,verified,
P0187,이슬아,Seulah Lee,Kyung Hee University,한방생명공학과,Pharmacology,A5013750880,https://www.khunp.com/,0000-0002-4657-5104,verified,
P0188,최재영,Jaeyoung Choi,Kyung Hee University,한방생명공학과,Cell Biology,A5012545701,https://khu.elsevierpure.com/en/persons/jaeyoung-choi,0000-0003-2206-4593,verified,
P0189,김기영,Ki-Young Kim,Kyung Hee University,유전생명공학과,"Ecology, Evolution, Behavior and Systematics",A5100719844,https://khu.elsevierpure.com/en/persons/ki-young-kim,0000-0002-0407-3018,verified,
P0190,김원경,Won Kyung Kim,Kyung Hee University,유전생명공학과,Molecular Biology,A5091841229,https://khu.elsevierpure.com/en/persons/wonkyung-kim,0000-0001-9064-021X,verified,
P0191,김현,Hyun Kim,Kyung Hee University,유전생명공학과,Endocrine and Autonomic Systems,A5068882846,http://genetech.khu.ac.kr/cls/user/bbs/BMSR00047/list.do?menuNo=11600093,0000-0002-4765-7494,verified,
P0192,오승자,Seung Ja Oh,Kyung Hee University,유전생명공학과,Surgery,A5002494133,https://khu.elsevierpure.com/en/persons/seung-ja-oh,0000-0002-4572-0656,probable,
P0193,이상원,Sang-Won Lee,Kyung Hee University,유전생명공학과,Plant Science,A5103514287;A5137276899,https://khu.elsevierpure.com/en/persons/sang-won-lee,0000-0002-5279-1276,verified,
P0194,정기홍,Ki-Hong Jung,Kyung Hee University,유전생명공학과,Plant Science,A5088947963;A5047855441;A5125492969,https://khu.elsevierpure.com/en/persons/ki-hong-jung,0000-0003-0427-5901,verified,
P0195,김종호,Jongho Kim,Kyung Hee University,약학대학,Biomaterials,A5100427734,https://pharmreg.khu.ac.kr/regulation/user/bbs/BMSR00047/list.do?menuNo=9300013,0000-0002-6091-6251,probable,
P0196,오준택,Juntaek Oh,Kyung Hee University,약학대학,Molecular Biology,A5086644410,https://pharmreg.khu.ac.kr/regulation/user/bbs/BMSR00047/list.do?menuNo=9300013,0000-0002-7625-2779,verified,
P0198,김지운,Jiwoon Kim,Kyung Hee University,약학대학,Cognitive Neuroscience,A5080526456,https://pharmreg.khu.ac.kr/regulation/user/bbs/BMSR00047/list.do?menuNo=9300014,0000-0003-3890-0592,verified,
P0199,구태영,Taeyoung Koo,Kyung Hee University,약학대학,Molecular Biology,A5066816358,https://pharmreg.khu.ac.kr/regulation/user/bbs/BMSR00047/list.do?menuNo=9300014,0000-0003-1476-5429,verified,
P0200,김보형,Bo‐Hyung Kim,Kyung Hee University,약학대학,Pharmacology,A5030905874;A5046904260,https://pharmreg.khu.ac.kr/regulation/user/bbs/BMSR00047/list.do?menuNo=9300014,0000-0003-3233-2918,verified,
P0201,이상열,Sang Youl Rhee,Kyung Hee University,약학대학,"Endocrinology, Diabetes and Metabolism",A5012095455;A5100588303;A5122916406;A5123659316;A5126714420;A5131026156,https://pharmreg.khu.ac.kr/regulation/user/bbs/BMSR00047/list.do?menuNo=9300014,0000-0003-0119-5818,verified,
P0203,장동진,Dong Jin Jang,Kyung Hee University,약학대학,Cellular and Molecular Neuroscience,A5101582246,https://pharmreg.khu.ac.kr/regulation/user/bbs/BMSR00047/list.do?menuNo=9300015,0009-0004-6130-9068,verified,
P0204,강원구,Wonku Kang,Chung-Ang University,약학대학; 규제약학과,Pharmacology,A5102716188,http://pharm.cau.ac.kr/professor/?p_pfno=94,0000-0002-7572-4666,verified,
P0205,김은영,Eun Young Kim,Chung-Ang University,약학대학; 규제약학과,Leadership and Management,A5100370256;A5124039509,http://pharm.cau.ac.kr/professor/?p_pfno=77,0000-0003-3525-8805,verified,
P0207,김훈영,Hun Young Kim,Chung-Ang University,약학대학,Organic Chemistry,A5011080089,http://pharm.cau.ac.kr/professor/?p_pfno=100,0000-0002-8461-8910,verified,
P0208,나동희,Dong Hee Na,Chung-Ang University,약학대학; 규제약학과,Pharmaceutical Science,A5062790247;A5140769250,http://pharm.cau.ac.kr/professor/?p_pfno=107,0000-0001-9313-0127,verified,
P0209,박현호,Hyun Ho Park,Chung-Ang University,약학대학; 규제약학과,Molecular Biology,A5022716093;A5017330061;A5121076593;A5124929518;A5129235745;A5129999608;A5143832075,http://pharm.cau.ac.kr/professor/?p_pfno=108,0000-0001-9928-0847,verified,
P0210,배지현,Jeehyeon Bae,Chung-Ang University,약학대학,Molecular Biology,A5005827139,http://pharm.cau.ac.kr/professor/?p_pfno=73,0000-0003-1995-1378,verified,
P0211,서원희,Wonhee Suh,Chung-Ang University,약학대학; 규제약학과,Molecular Biology,A5002688685,http://pharm.cau.ac.kr/professor/?p_pfno=96,0000-0001-5811-0833,verified,
P0212,오경수,Kyungsoo Oh,Chung-Ang University,약학대학,Organic Chemistry,A5057348325,http://pharm.cau.ac.kr/professor/?p_pfno=95,0000-0002-4566-6573,verified,
P0213,유지호,Jiho Yoo,Chung-Ang University,약학대학,Molecular Biology,A5031189107,http://pharm.cau.ac.kr/professor/?p_pfno=111,0000-0002-0864-2142,verified,
P0214,이동규,Dong Gyu Lee,Chung-Ang University,약학대학; 규제약학과,Pathology and Forensic Medicine,A5100783160,https://sites.google.com/view/dongkyulee-cau,0000-0002-4787-4448,probable,
P0215,이상길,Sangkil Lee,Chung-Ang University,약학대학; 규제약학과,Pharmaceutical Science,A5014912552,http://pharm.cau.ac.kr/professor/?p_pfno=136,0000-0002-8216-6076,verified,
P0216,이윤지,Yoonji Lee,Chung-Ang University,약학대학; 규제약학과,Molecular Biology,A5042122089,https://sites.google.com/view/cau-chembioinfo/,0000-0002-2494-5792,verified,
P0217,임채욱,Chaeuk Im,Chung-Ang University,약학대학,Molecular Biology,A5042835593,http://pharm.cau.ac.kr/professor/?p_pfno=20,,probable,
P0218,정경혜,Kyeong Hye Jeong,Chung-Ang University,약학대학,Geriatrics and Gerontology,A5007514931,http://pharm.cau.ac.kr/professor/?p_pfno=98,0000-0003-2615-5564,verified,
P0219,정선영,Sun‐Young Jung,Chung-Ang University,약학대학; 규제약학과,Rheumatology,A5020022360;A5100711041;A5126641702;A5130259739;A5140626266,http://pharm.cau.ac.kr/professor/?p_pfno=106,0000-0003-2032-112X,verified,
P0220,조사연,Sayeon Cho,Chung-Ang University,약학대학,Molecular Biology,A5030757123,http://pharm.cau.ac.kr/professor/?p_pfno=21,0000-0002-8950-5704,verified,
P0221,조재범,Jaebeom Cho,Chung-Ang University,약학대학,Molecular Biology,A5009747502,https://sites.google.com/view/jbcho/home,0000-0001-8295-8084,verified,
P0222,허주영,Joo Young Huh,Chung-Ang University,약학대학,Physiology,A5103285217;A5117392073,http://pharm.cau.ac.kr/professor/?p_pfno=144,0009-0001-2936-863X,verified,
P0223,김근배,Geun‐Bae Kim,Chung-Ang University,생명공학대학; - 동물생명공학전공,Food Science,A5077464146,http://cobiotech.cau.ac.kr/professor/?p_pfno=20,0000-0001-8531-1104,verified,
P0224,홍영호,Yeong Ho Hong,Chung-Ang University,생명공학대학; - 동물생명공학전공,Animal Science and Zoology,A5055934572,http://cobiotech.cau.ac.kr/professor/?p_pfno=21,0000-0002-4510-7851,verified,
P0225,길동용,Dong Yong Kil,Chung-Ang University,생명공학대학; - 동물생명공학전공,Animal Science and Zoology,A5088232477,http://cobiotech.cau.ac.kr/professor/?p_pfno=22,0000-0002-9297-849X,verified,
P0226,허선진,Sun Jin Hur,Chung-Ang University,생명공학대학; - 동물생명공학전공,Animal Science and Zoology,A5012367064,http://cobiotech.cau.ac.kr/professor/?p_pfno=23,0000-0001-9386-5852,verified,
P0227,박탄솔,Tansol Park,Chung-Ang University,생명공학대학; - 동물생명공학전공,Agronomy and Crop Science,A5078548758,https://sites.google.com/view/cau-rnp/home,0000-0002-4480-4524,verified,
P0228,문성환,Sung‐Hwan Moon,Chung-Ang University,생명공학대학; - 동물생명공학전공,Molecular Biology,A5064534768;A5126385866;A5133075768,https://cauacelab.modoo.link/,0000-0003-1858-0261,verified,
P0229,이찬,Chan Lee,Chung-Ang University,생명공학대학,,,http://cobiotech.cau.ac.kr/professor/?p_pfno=38,0009-0005-9773-5955,verified,
P0230,하상도,Sangdo Ha,Chung-Ang University,생명공학대학,Biotechnology,A5048227948;A5113073028;A5121300985;A5121691676;A5128279114;A5130817941;A5132558701,http://cobiotech.cau.ac.kr/professor/?p_pfno=40,0000-0002-6810-2092,verified,
P0231,전향숙,Hyang Sook Chun,Chung-Ang University,생명공학대학,Plant Science,A5051471724,http://cobiotech.cau.ac.kr/professor/?p_pfno=41,0000-0003-2522-4847,verified,
P0233,이홍진,Hong Jin Lee,Chung-Ang University,생명공학대학,Molecular Biology,A5072563298,http://cobiotech.cau.ac.kr/professor/?p_pfno=44,0000-0001-7719-3101,verified,
P0234,박종필,Jong Pil Park,Chung-Ang University,생명공학대학,Molecular Biology,A5101721410;A5125653874;A5127823490;A5133872213;A5128747341,http://cobiotech.cau.ac.kr/professor/?p_pfno=46,0000-0002-4119-1574,verified,
P0235,육현균,Hyun‐Gyun Yuk,Chung-Ang University,생명공학대학,Biotechnology,A5044969054,https://www.fpclab.cau.ac.kr,0000-0001-9841-7899,verified,
P0236,최창순,Changsun Choi,Chung-Ang University,생명공학대학,Infectious Diseases,A5012351576;A5112090898;A5134066895,http://cobiotech.cau.ac.kr/professor/?p_pfno=51,0000-0001-7730-8538,verified,
P0237,이선영,Seon Yeong Lee,Chung-Ang University,생명공학대학,Analytical Chemistry,A5086429819,http://cobiotech.cau.ac.kr/professor/?p_pfno=53,0009-0004-0932-9731,verified,
P0238,손양주,Yangju Son,Chung-Ang University,생명공학대학,Insect Science,A5007814740,http://cobiotech.cau.ac.kr/professor/?p_pfno=55,0000-0002-7562-1915,verified,
P0239,어혜윤,Hyeyoon Eo,Chung-Ang University,생명공학대학,Neurology,A5082325472,https://www.caunutrigen.site/,0000-0002-1532-613X,verified,
P0240,이긍표,Gung Pyo Lee,Chung-Ang University,- 식물생명공학전공,Plant Science,A5004725236;A5124812185,http://pgbl.cau.ac.kr,0000-0003-2491-3528,verified,
P0241,한상욱,Sang‐Wook Han,Chung-Ang University,- 식물생명공학전공,Plant Science,A5020882540;A5126855101,http://cobiotech.cau.ac.kr/professor/?p_pfno=33,0000-0002-0893-1438,verified,
P0242,이진욱,Jinwook Lee,Chung-Ang University,- 식물생명공학전공,Plant Science,A5100762913,https://sites.google.com/view/jinwookleelab/home,0000-0001-6547-2509,verified,
P0243,김동환,Dong‐Hwan Kim,Chung-Ang University,- 식물생명공학전공,Plant Science,A5100370753;A5026112660,https://sites.google.com/view/pmblcau/home,0000-0003-3348-4948,verified,
P0244,이지선,Jisun H.J. Lee,Chung-Ang University,- 식물생명공학전공,Food Science,A5035698835,http://cobiotech.cau.ac.kr/professor/?p_pfno=37,0000-0001-5807-2646,verified,
P0245,이상준,Sang Jun Lee,Chung-Ang University,시스템생명공학과,Molecular Biology,A5100620525,https://sites.google.com/view/cau-smb/home?authuser=0,0000-0002-2803-753X,verified,
P0246,윤정기,Jeong‐Kee Yoon,Chung-Ang University,시스템생명공학과,Biomedical Engineering,A5012140745;A5140767489,http://cobiotech.cau.ac.kr/professor/?p_pfno=64,0000-0003-0111-9911,verified,
P0247,이규호,Gyu Ho Lee,Chung-Ang University,규제약학과,Surgery,A5039118348,https://lawschool.cau.ac.kr/bbs/board.php?tbl=bbs14&mode=VIEW&num=22&category=&findType=&findWord=&sort1=&sort2=&it_id=&shop_flag=&mobile_flag=&page=1,,probable,
P0248,오일환,Il-Hwan Oh,The Catholic University of Korea,의과학과,Genetics,A5032204059,http://gs-bms.catholic.ac.kr/bbs/bbs_detail.asp?boardID=pro_active&tp=6&pageNum=2&gubun=2&num=507,,probable,
P0249,손아름,Areum Sohn,University of Ulsan,의과학대학원,Spectroscopy,A5003550065,https://www.sonlab.site,0000-0003-2706-1340,probable,
P0250,구하림,Harim Koo,University of Ulsan,의과학대학원,Genetics,A5072764713,https://medsci.ulsan.ac.kr/medsci/6600,0000-0002-6444-2436,verified,
P0251,조경상,Kyoung Sang Cho,Konkuk University,생명과학대학; 생명과학특성학과,Physiology,A5053823621,https://www.konkuk.ac.kr/konkuk/28990/subview.do#none,0000-0002-3277-8269,verified,
P0252,윤영대,Youngdae Yoon,Konkuk University,생명과학대학,Molecular Biology,A5049922592,https://www.konkuk.ac.kr/konkuk/28990/subview.do#none,0000-0002-7456-0348,probable,
P0253,이경우,Kyung-Woo Lee,Konkuk University,생명과학대학,Animal Science and Zoology,A5018052057,https://www.konkuk.ac.kr/konkuk/28990/subview.do#none,0000-0002-3533-7979,verified,
P0254,김휘율,Hwi‐Yool Kim,Konkuk University,수의과대학,Pulmonary and Respiratory Medicine,A5085756019;A5027088419;A5112286509;A5113337075;A5146843950;A5130184862;A5130617689,https://www.konkuk.ac.kr/vet/11136/subview.do#none,0000-0001-6237-9958,verified,
P0255,박승용,Seung‐Yong Park,Konkuk University,수의과대학,Infectious Diseases,A5035770919,https://www.konkuk.ac.kr/vet/11136/subview.do#none,0000-0001-8104-8775,probable,
P0256,정순욱,Soon‐wuk Jeong,Konkuk University,수의과대학,Small Animals,A5089865505,https://www.konkuk.ac.kr/vet/11136/subview.do#none,0000-0002-2462-1181,verified,
P0257,송창선,Chang‐Seon Song,Konkuk University,수의과대학,Epidemiology,A5057441397;A5030302524,https://www.konkuk.ac.kr/vet/11136/subview.do#none,0000-0002-4158-6402,verified,
P0258,박희명,Hee-Myung Park,Konkuk University,수의과대학,Pulmonary and Respiratory Medicine,A5102877998,https://www.konkuk.ac.kr/vet/11136/subview.do#none,0000-0002-7254-9524,verified,
P0259,최농훈,Nonghoon Choe,Konkuk University,수의과대학,Food Science,A5029908502,https://www.konkuk.ac.kr/vet/11136/subview.do#none,0000-0002-8809-6064,verified,
P0260,임현정,Hyunjung Lim,Konkuk University,수의과대학,Immunology,A5062378176,https://www.konkuk.ac.kr/vet/11136/subview.do#none,0000-0003-2191-666X,verified,
P0261,최양규,Yang Kyu Choi,Konkuk University,수의과대학,Parasitology,A5123706664,https://www.konkuk.ac.kr/vet/11136/subview.do#none,0000-0002-4969-5443,probable,
P0263,강영선,Young-Sun Kang,Konkuk University,수의과대학,Food Science,A5103587566,https://www.konkuk.ac.kr/vet/11136/subview.do#none,0000-0002-3527-9879,verified,
P0264,이정익,Jeong-Ik Lee,Konkuk University,수의과대학,Endocrine and Autonomic Systems,A5146636570,https://www.konkuk.ac.kr/vet/11136/subview.do#none,,probable,
P0265,김준영,Joon Young Kim,Konkuk University,수의과대학,"Radiology, Nuclear Medicine and Imaging",A5100739356,https://www.konkuk.ac.kr/vet/11136/subview.do#none,0000-0002-0608-6269,verified,
P0266,고윤영,Yun Young Go,Konkuk University,수의과대학,Animal Science and Zoology,A5018235560,https://www.konkuk.ac.kr/vet/11136/subview.do#none,0000-0003-0907-2265,probable,
P0267,김우석,Woosuk Kim,Konkuk University,수의과대학,Developmental Neuroscience,A5101520419;A5121211135,https://www.konkuk.ac.kr/vet/11136/subview.do#none,0000-0003-4752-2810,verified,
P0268,현재은,Jaeeun Hyun,Konkuk University,수의과대학,Pulmonary and Respiratory Medicine,A5076978341,https://www.konkuk.ac.kr/vet/11136/subview.do#none,0000-0002-1157-2237,probable,
P0269,남아령,Aryung Nam,Konkuk University,수의과대학,Pulmonary and Respiratory Medicine,A5089730140,https://www.konkuk.ac.kr/vet/11136/subview.do#none,0000-0002-3783-8590,verified,
P0270,김무영,Mu Young Kim,Konkuk University,수의과대학,,,https://www.konkuk.ac.kr/vet/11136/subview.do#none,0000-0002-5317-3007,verified,
P0271,이수형,Suhyung Lee,Konkuk University,수의과대학,Nephrology,A5133372113,https://www.konkuk.ac.kr/vet/11136/subview.do#none,,probable,
P0272,강린우,Lin-Woo Kang,Konkuk University,생명과학특성학과,Plant Science,A5054954881,https://biology.konkuk.ac.kr/biology/10864/subview.do#none,0000-0002-1411-3132,verified,
P0273,김동학,Donghak Kim,Konkuk University,생명과학특성학과,"Endocrinology, Diabetes and Metabolism",A5026513276,https://biology.konkuk.ac.kr/biology/10864/subview.do#none,0000-0002-7423-100X,verified,
P0274,윤혜섭,Hye Sup Yun,Konkuk University,생명과학특성학과,Plant Science,A5057805155,https://biology.konkuk.ac.kr/biology/10864/subview.do#none,0000-0003-1070-467X,probable,
P0275,이임순,Im Soon Lee,Konkuk University,생명과학특성학과,Oncology,A5038006412,https://biology.konkuk.ac.kr/biology/10864/subview.do#none,0000-0002-1392-8516,probable,
P0276,이재석,Jaeseok Lee,Konkuk University,생명과학특성학과,,,https://biology.konkuk.ac.kr/biology/10864/subview.do#none,0009-0000-4751-1711,verified,
P0277,한정수,Jung-Soo Han,Konkuk University,생명과학특성학과,Neurology,A5080135133;A5111131115,https://biology.konkuk.ac.kr/biology/10864/subview.do#none,0000-0001-8447-4518,verified,
P0278,배동호,Dong‐Ho Bae,Konkuk University,축산식품생명공학과,Food Science,A5008758518,https://foodbio.konkuk.ac.kr/foodbio/11016/subview.do#none,0000-0002-8076-3758,probable,
P0279,최미정,Mi-Jung Choi,Konkuk University,축산식품생명공학과,Animal Science and Zoology,A5014493578,https://foodbio.konkuk.ac.kr/foodbio/11016/subview.do#none,0000-0002-4370-2366,verified,
P0280,여주동,JuDong Yeo,Konkuk University,축산식품생명공학과,Biochemistry,A5102442929,https://foodbio.konkuk.ac.kr/foodbio/11016/subview.do#none,0009-0009-3419-6850,probable,
P0281,최윤상,Yun Sang Choi,Konkuk University,축산식품생명공학과,Animal Science and Zoology,A5059995518;A5004066506;A5126913630;A5127894753;A5132791953;A5134622421;A5135099420;A5136748161,https://foodbio.konkuk.ac.kr/foodbio/11016/subview.do#none,0000-0001-8060-6237,verified,
P0282,고은영,Eun Young Ko,Konkuk University,축산식품생명공학과,Biochemistry,A5018409052,https://foodbio.konkuk.ac.kr/foodbio/11016/subview.do#none,0000-0003-0133-7003,verified,
P0283,강규영,Kyu-Young Kang,Dongguk University,바이오시스템대학,Biomedical Engineering,A5010226186,https://life.dongguk.edu/professor/list?professor_haggwa_type=PROFH_030,0000-0002-0457-842X,verified,
P0284,최원준,Won Jun Choi,Dongguk University,약학과,Molecular Biology,A5103111249,https://pharm.dongguk.edu/professor/list?professor_haggwa_type=PROFH_057,0000-0002-2342-0468,verified,
P0285,최영희,Young Hee Choi,Dongguk University,약학과,Oncology,A5026860974;A5126046331,https://pharm.dongguk.edu/professor/list?professor_haggwa_type=PROFH_057,0000-0002-9360-6436,verified,
P0286,최창익,Chang‐Ik Choi,Dongguk University,약학과,Pharmacology,A5016494385,https://pharm.dongguk.edu/professor/list?professor_haggwa_type=PROFH_057,0009-0009-7494-3785,probable,
P0287,홍은진,Mary Hong,Dongguk University,약학과,Pulmonary and Respiratory Medicine,A5055583966,https://sites.google.com/view/pharmacometricslab,0000-0002-6696-3948,probable,
P0288,김선정,Sun Jung Kim,Dongguk University,생명과학과,Molecular Biology,A5100785065,https://sites.google.com/dgu.ac.kr/molecular-biology-dongguk,0000-0001-6818-3956,verified,
P0289,장원희,Wonhee Jang,Dongguk University,생명과학과,Molecular Biology,A5016265803,https://sites.google.com/view/dgu-janglab,0000-0003-2470-8137,verified,
P0290,김병혁,Byunghyuk Kim,Dongguk University,생명과학과,Aging,A5069039806,https://sites.google.com/view/kim-lab-neuroscience,0000-0002-2220-4173,verified,
P0291,이민호,Minho Lee,Dongguk University,생명과학과,Molecular Biology,A5100342770;A5127941964;A5136916869,https://lab.minholee.net,0000-0002-0168-9546,verified,
P0292,김태종,Tae-Jong Kim,Kookmin University,임산생명공학과,Molecular Biology,A5051376093,https://cst.kookmin.ac.kr/biotechnology/professor,0000-0002-7483-0432,probable,
P0293,이태주,Tai Ju Lee,Kookmin University,임산생명공학과,Mechanics of Materials,A5137942543,https://cst.kookmin.ac.kr/biotechnology/professor,0009-0008-2953-2795,probable,
P0294,곽민진,Min-Jin Kwak,Kookmin University,임산생명공학과,Molecular Biology,A5108847624,https://cst.kookmin.ac.kr/biotechnology/professor,0000-0001-9832-3251,probable,
P0295,엄수현,Soohyun Um,Kookmin University,임산생명공학과,Pharmacology,A5102249500,https://cst.kookmin.ac.kr/biotechnology/professor,0009-0008-9428-8936,verified,
P0296,오상택,Sangtaek Oh,Kookmin University,융합바이오공학과,Epidemiology,A5027451071,https://cst.kookmin.ac.kr/bio/professor,,probable,
P0297,이영석,Youngseok Lee,Kookmin University,융합바이오공학과,Cellular and Molecular Neuroscience,A5100701672;A5101365056;A5137542307,https://cst.kookmin.ac.kr/bio/professor,0000-0003-0459-1138,verified,
P0298,이인형,Inhyung Lee,Kookmin University,융합바이오공학과,Food Science,A5101731475;A5110625016,https://cst.kookmin.ac.kr/bio/professor,0000-0002-1508-1654,verified,
P0299,곽수량,Suryang Kwak,Kookmin University,융합바이오공학과,Molecular Biology,A5060672032,https://cst.kookmin.ac.kr/bio/professor,0000-0002-5202-8326,probable,
P0300,서주현,Joo-Hyun Seo,Kookmin University,융합바이오공학과,Pharmaceutical Science,A5139341856,https://cst.kookmin.ac.kr/bio/professor,,probable,
P0302,박주환,Juhwan Park,Kookmin University,융합바이오공학과,Biomedical Engineering,A5016356809,https://cst.kookmin.ac.kr/bio/professor,0000-0002-9231-9195,probable,
P0303,손보람,Boram Son,Kookmin University,융합바이오공학과,Biomaterials,A5024847871,https://cst.kookmin.ac.kr/bio/professor,0009-0009-0389-666X,probable,
P0304,이회석,Hoe-Suk Lee,Kookmin University,융합바이오공학과,Biomedical Engineering,A5057591539;A5130293716,https://cst.kookmin.ac.kr/bio/professor,0000-0001-9237-607X,verified,
P0305,이창배,Changbae LEE,Kookmin University,산림환경시스템학과,Ecology,A5078067621,https://cst.kookmin.ac.kr/forest/professor,,probable,
P0306,박지현,Jihyun Park,Kookmin University,산림환경시스템학과,Molecular Biology,A5100338425;A5008552277;A5147035228,https://cst.kookmin.ac.kr/forest/professor,0000-0002-6778-4749,verified,
P0307,윤태경,Tae Kyung Yoon,Kookmin University,산림환경시스템학과,Nature and Landscape Conservation,A5070986223,https://cst.kookmin.ac.kr/forest/professor,0000-0003-0627-0135,probable,
P0308,강유진,Yoojin Kang,Kookmin University,산림환경시스템학과,,A5132990719,https://cst.kookmin.ac.kr/forest/professor,,probable,
P0309,임철희,Chul-Hee Lim,Kookmin University,산림환경시스템학과,Global and Planetary Change,A5066876141,https://cst.kookmin.ac.kr/forest/professor,0000-0001-7752-0694,probable,
P0310,김종성,Jongsung Kim,Kookmin University,정보보안암호수학과,,,https://cst.kookmin.ac.kr/security/professor,0009-0002-6853-3041,verified,
P0311,박원광,Won-Kwang Park,Kookmin University,정보보안암호수학과,Biomedical Engineering,A5064579474;A5112258430,https://cst.kookmin.ac.kr/security/professor,0000-0001-9418-2455,verified,
P0312,오세욱,Se-Wook Oh,Kookmin University,식품영양학과,Biotechnology,A5059476948;A5132714051,https://cst.kookmin.ac.kr/foods_and_nutrion/professor,0000-0002-8580-6032,verified,
P0314,남혜경,Hye-Kyoung Nam,Kookmin University,식품영양학과,"Endocrinology, Diabetes and Metabolism",A5013894541,https://cst.kookmin.ac.kr/foods_and_nutrion/professor,,probable,
P0315,전수경,Doctor Sookyoung Jeon,Kookmin University,식품영양학과,Biochemistry,A5052436998,https://cst.kookmin.ac.kr/foods_and_nutrion/professor,0000-0002-3620-0851,verified,
P0317,강덕희,Duk‐Hee Kang,Ewha Womans University,의과대학,Nephrology,A5088071825;A5081555581,https://www.ewha.ac.kr/ewha/academics/medicine-prof.do?mode=view&pId=%2FMtjaabuzJl3Aqq070mzCw%3D%3D,0000-0001-8475-8932,verified,
P0318,강서영,Seo Young Kang,Ewha Womans University,의과대학,"Radiology, Nuclear Medicine and Imaging",A5069892543,https://www.ewha.ac.kr/ewha/academics/medicine-prof.do?mode=view&pId=0vsCqFMB3fA6mDaQMnBzCw%3D%3D,0000-0003-2431-3397,verified,
P0319,강인숙,In Sook Kang,Ewha Womans University,의과대학,Cardiology and Cardiovascular Medicine,A5035875835;A5124301706,https://www.ewha.ac.kr/ewha/academics/medicine-prof.do?mode=view&pId=NRpU2C16NAmgIXXbXu7WFA%3D%3D,0000-0002-0477-683X,verified,
P0320,강제원,Kang Je-Won,Ewha Womans University,의과대학,,A5129708176,https://sites.google.com/view/icplab-ewha,,probable,
P0321,공경애,Kyung Ae Kong,Ewha Womans University,의과대학,"Public Health, Environmental and Occupational Health",A5040563900,https://www.ewha.ac.kr/ewha/academics/medicine-prof.do?mode=view&pId=ont%2BjMQMvySkIsT7MHk9tg%3D%3D,,probable,
P0322,권형주,Hyungju Kwon,Ewha Womans University,의과대학,"Endocrinology, Diabetes and Metabolism",A5081068365,https://www.ewha.ac.kr/ewha/academics/medicine-prof.do?mode=view&pId=PZiudeFZjcWmWGCB0h%2FHLw%3D%3D,0000-0003-4979-8749,verified,
P0323,금지영,Jiyoung Keum,Ewha Womans University,의과대학,Oncology,A5074361224,https://www.ewha.ac.kr/ewha/academics/medicine-prof.do?mode=view&pId=7GNIBvFwIiw25iqzcXjuxg%3D%3D,0000-0001-7061-6183,verified,
P0325,김건하,Geon Ha Kim,Ewha Womans University,의과대학,Psychiatry and Mental health,A5065068590;A5125245868,https://www.ewha.ac.kr/ewha/academics/medicine-prof.do?mode=view&pId=FnVjL6i1fwesVkxTKjaqXA%3D%3D,0000-0001-5395-1924,verified,
P0326,김광현,Kwang Hyun Kim,Ewha Womans University,의과대학,Surgery,A5015699501;A5003218799,https://www.ewha.ac.kr/ewha/academics/medicine-prof.do?mode=view&pId=WijuVUS3YQUrF5dVZYakbg%3D%3D,0000-0002-6264-5109,verified,
P0327,김남은,Nam Eun Kim,Ewha Womans University,의과대학,Surgery,A5101533516,https://www.ewha.ac.kr/ewha/academics/medicine-prof.do?mode=view&pId=sx%2BEIWfTH%2BGxn4AtsDP9tA%3D%3D,0000-0003-1817-4415,verified,
P0328,김동연,Dong Yeon Kim,Ewha Womans University,의과대학,Surgery,A5100667195,https://www.ewha.ac.kr/ewha/academics/medicine-prof.do?mode=view&pId=ag8sX5Ye0Fq3We90eHg3xw%3D%3D,0000-0002-4414-5653,verified,
P0329,김미경,Mi‐Kyung Kim,Ewha Womans University,의과대학,Obstetrics and Gynecology,A5100646678,https://www.ewha.ac.kr/ewha/academics/medicine-prof.do?mode=view&pId=1WRX04%2FU3LMWx%2BYToqJaLQ%3D%3D,0000-0001-6829-332X,probable,
P0330,김민석,Minsuk Kim,Ewha Womans University,의과대학,Epidemiology,A5100786204,https://www.ewha.ac.kr/ewha/academics/medicine-prof.do?mode=view&pId=uDjW9DvTJcCrxkKe5EGzZg%3D%3D,0000-0003-0139-4067,verified,
P0331,김선종,Sun‐Jong Kim,Ewha Womans University,의과대학,Oral Surgery,A5041717495;A5122758706,https://www.ewha.ac.kr/ewha/academics/medicine-prof.do?mode=view&pId=G8dhuvpREtIhOLkkgrjKYw%3D%3D,0000-0003-3659-2848,verified,
P0333,김수경,Soo‐Kyung Kim,Ewha Womans University,의과대학,Molecular Biology,A5053622077,https://www.ewha.ac.kr/ewha/academics/medicine-prof.do?mode=view&pId=dxNGbbZaXlrQ%2BAUW70qHew%3D%3D,0000-0001-9406-8628,probable,
P0334,김수인,Soo In Kim,Ewha Womans University,의과대학,Molecular Biology,A5091564004,https://www.ewha.ac.kr/ewha/academics/medicine-prof.do?mode=view&pId=gNse0So5EIdjbriGoAHyMQ%3D%3D,0000-0001-6909-5034,probable,
P0335,김승정,Seung-Jung Kim,Ewha Womans University,의과대학,Nephrology,A5033890698;A5034510175,https://www.ewha.ac.kr/ewha/academics/medicine-prof.do?mode=view&pId=wdhvhLgGIU45VNqzodKxvg%3D%3D,0000-0003-4927-2018,verified,
P0336,김영구,,Ewha Womans University,의과대학,,,https://www.ewha.ac.kr/ewha/academics/medicine-prof.do?mode=view&pId=CpOH%2Fl9pYrHk3I9gQ3Yf%2BQ%3D%3D,0009-0000-5437-1489,verified,
P0337,김영주,Young Ju Kim,Ewha Womans University,의과대학,"Pediatrics, Perinatology and Child Health",A5052617482;A5042147885,https://www.ewha.ac.kr/ewha/academics/medicine-prof.do?mode=view&pId=hjqoqtZnDbpt2YwKlU7Sgg%3D%3D,0000-0002-3153-3008,verified,
P0338,김예미,Yemi Kim,Ewha Womans University,의과대학,Oral Surgery,A5082210140,https://www.ewha.ac.kr/ewha/academics/medicine-prof.do?mode=view&pId=pM9Ze7b7QuuI9iaSWQfNXg%3D%3D,0000-0002-8280-3805,probable,
P0340,김원중,Wonjoong Kim,Ewha Womans University,의과대학,Pathology and Forensic Medicine,A5031126514;A5110162094;A5140727322,https://www.ewha.ac.kr/ewha/academics/medicine-prof.do?mode=view&pId=oFkjbWbbDG1KWnGp%2F7MgUg%3D%3D,0000-0003-2046-8690,verified,
P0341,김윤진,Youn Jin Kim,Ewha Womans University,의과대학,Surgery,A5005610854,https://www.ewha.ac.kr/ewha/academics/medicine-prof.do?mode=view&pId=H9ufErBiVjfxwG8RZJTLHA%3D%3D,0000-0001-9189-5839,verified,
P0342,김윤환,Yun Hwan Kim,Ewha Womans University,의과대학,Obstetrics and Gynecology,A5025558509,https://www.ewha.ac.kr/ewha/academics/medicine-prof.do?mode=view&pId=SIMVcWFfBEDcBqkesezCxg%3D%3D,0000-0001-9498-2938,probable,
P0344,김지섭,Ji-Sup Kim,Ewha Womans University,의과대학,Surgery,A5025113442,https://www.ewha.ac.kr/ewha/academics/medicine-prof.do?mode=view&pId=mCaJ3YEcY9wu%2FXWd7uylsA%3D%3D,0000-0001-8448-1064,verified,
P0345,김진실,Jin Sil Kim,Ewha Womans University,의과대학,Hepatology,A5077707703,https://www.ewha.ac.kr/ewha/academics/medicine-prof.do?mode=view&pId=%2B5voOq%2BkcmYEvM76puD17g%3D%3D,0000-0002-3321-2507,verified,
P0346,김진우,Jin‐Woo Kim,Ewha Womans University,의과대학,Oncology,A5100372661;A5100434601;A5123842675;A5135407016;A5136770891,https://www.ewha.ac.kr/ewha/academics/medicine-prof.do?mode=view&pId=PhP8wgX5Wxn5sA6xBj0HNg%3D%3D,0000-0002-1672-5730,verified,
P0347,김충종,Chung-Jong Kim,Ewha Womans University,의과대학,Clinical Biochemistry,A5010188652,https://www.ewha.ac.kr/ewha/academics/medicine-prof.do?mode=view&pId=JbwviWUx%2BDVoWW6Xhg1DKA%3D%3D,0000-0002-9987-6533,probable,
P0348,김태헌,,Ewha Womans University,의과대학,,,https://www.ewha.ac.kr/ewha/academics/medicine-prof.do?mode=view&pId=EHnYrP%2FLiB3jr%2FiTE7ulgA%3D%3D,0009-0007-6191-9298,verified,
P0349,김한수,Han Su Kim,Ewha Womans University,의과대학,Physiology,A5101420718,https://www.ewha.ac.kr/ewha/academics/medicine-prof.do?mode=view&pId=%2BQRIpI%2Bt2KLCe0AQsklwzQ%3D%3D,0000-0003-2239-0225,probable,
P0350,남은미,Eun Mi Nam,Ewha Womans University,의과대학,"Public Health, Environmental and Occupational Health",A5065847671,https://www.ewha.ac.kr/ewha/academics/medicine-prof.do?mode=view&pId=7eZ7haYhm2wREzk9Y8i%2BhA%3D%3D,0000-0003-0108-5352,verified,
P0351,노경태,Gyoung Tae Noh,Ewha Womans University,의과대학,Oncology,A5050107922,https://www.ewha.ac.kr/ewha/academics/medicine-prof.do?mode=view&pId=cjU4q2cvqHhcEvD%2BfyMhdg%3D%3D,0000-0001-9849-8211,verified,
P0352,노영학,Young Hak Roh,Ewha Womans University,의과대학,Surgery,A5073977855,https://www.ewha.ac.kr/ewha/academics/medicine-prof.do?mode=view&pId=zFkStDTAZXkJPCy%2Bw1rK7g%3D%3D,0000-0002-7192-4046,verified,
P0353,류연주,,Ewha Womans University,의과대학,,,https://www.ewha.ac.kr/ewha/academics/medicine-prof.do?mode=view&pId=L19Z4hHfrRK%2BbeKmJqlB4g%3D%3D,0009-0008-3864-5601,verified,
P0354,문병인,Byung-In Moon,Ewha Womans University,의과대학,Cancer Research,A5006972618;A5126191628,https://www.ewha.ac.kr/ewha/academics/medicine-prof.do?mode=view&pId=p34vpYtFT%2Btp5pIm9csDbg%3D%3D,0000-0002-7441-8472,verified,
P0355,문영철,Yeung‐Chul Mun,Ewha Womans University,의과대학,Hematology,A5054573839,https://www.ewha.ac.kr/ewha/academics/medicine-prof.do?mode=view&pId=QeYkE4T1LW%2FDO53v%2B3t6ew%3D%3D,0000-0002-1882-3983,verified,
P0356,민석기,Seog Ki Min,Ewha Womans University,의과대학,Pulmonary and Respiratory Medicine,A5025610156;A5014224201,https://www.ewha.ac.kr/ewha/academics/medicine-prof.do?mode=view&pId=%2B81KuK0kL5WkBpbylrZ7ug%3D%3D,0000-0001-9894-7603,verified,
P0358,박보영,Bo Young Park,Ewha Womans University,의과대학,Surgery,A5101855653,https://www.ewha.ac.kr/ewha/academics/medicine-prof.do?mode=view&pId=auNNe6fAKl4X2Kt2I9Rc%2FQ%3D%3D,0000-0003-4612-6672,probable,
P0359,박상희,Sanghui Park,Ewha Womans University,의과대학,Pathology and Forensic Medicine,A5077871290,https://www.ewha.ac.kr/ewha/academics/medicine-prof.do?mode=view&pId=%2FIt3r%2FQH%2B2XnWF3ZGMUa3Q%3D%3D,0000-0003-3837-8677,verified,
P0361,박영미,Young Mi Park,Ewha Womans University,의과대학,Genetics,A5101566800,https://www.ewha.ac.kr/ewha/academics/medicine-prof.do?mode=view&pId=vJezPXpgxuZmIHekDUpX2g%3D%3D,0000-0001-6558-7410,probable,
P0362,박영훈,Young-Hun Park,Ewha Womans University,의과대학,Pathology and Forensic Medicine,A5109177214,https://www.ewha.ac.kr/ewha/academics/medicine-prof.do?mode=view&pId=XI%2FbCXfUmdFCVkKKTR4shw%3D%3D,,probable,
P0363,박영희,,Ewha Womans University,의과대학,,,https://www.ewha.ac.kr/ewha/academics/medicine-prof.do?mode=view&pId=DtefD29O6pP7xmfxkeCOPw%3D%3D,0000-0002-9872-2997,verified,
P0364,박은미,Eun‐Mi Park,Ewha Womans University,의과대학,Neurology,A5018467910,https://www.ewha.ac.kr/ewha/academics/medicine-prof.do?mode=view&pId=xjexhjuIGt1UxOLYqEsRcw%3D%3D,0000-0003-2414-3789,probable,
P0365,박은애,Eun Ae Park,Ewha Womans University,의과대학,"Pediatrics, Perinatology and Child Health",A5017011288,https://www.ewha.ac.kr/ewha/academics/medicine-prof.do?mode=view&pId=SWApQfLR52i8qC4vRFeLDg%3D%3D,0000-0002-1685-4276,verified,
P0366,박장원,Jang-Won Park,Ewha Womans University,의과대학,Surgery,A5040339204;A5121505552,https://www.ewha.ac.kr/ewha/academics/medicine-prof.do?mode=view&pId=LedDi0Wk79mon5oj5kkiWg%3D%3D,0000-0001-6269-6451,verified,
P0367,박정현,Jung Hyun Park,Ewha Womans University,의과대학,Oncology,A5112035321,https://www.ewha.ac.kr/ewha/academics/medicine-prof.do?mode=view&pId=ll%2FRx0c%2B%2FFYH3zy1O%2Bdugw%3D%3D,0000-0002-5297-5059,probable,
P0369,박준범,Jun-Bum Park,Ewha Womans University,의과대학,Biomedical Engineering,A5111963635,https://www.ewha.ac.kr/ewha/academics/medicine-prof.do?mode=view&pId=6Q17NpaKZ0S6oPe3nA8lgg%3D%3D,,probable,
P0370,박현석,Hyun-Seok Park,Ewha Womans University,의과대학,Molecular Biology,A5101931124;A5005513658;A5123327864,http://www.ewha.ac.kr/faculty/neo,0000-0002-1237-8831,verified,
P0371,배정호,Jung Ho Bae,Ewha Womans University,의과대학,Otorhinolaryngology,A5101622800,https://www.ewha.ac.kr/ewha/academics/medicine-prof.do?mode=view&pId=hlaaw8bnX8jSm7%2BScldp9w%3D%3D,0000-0003-0681-6708,verified,
P0372,배지윤,Ji Yun Bae,Ewha Womans University,의과대학,Molecular Medicine,A5029053861,https://www.ewha.ac.kr/ewha/academics/medicine-prof.do?mode=view&pId=%2BC%2BQe%2FuTIXq%2Fxw2U%2Fhj6kA%3D%3D,,probable,
P0373,배하석,Hasuk Bae,Ewha Womans University,의과대학,Oncology,A5064084991,https://www.ewha.ac.kr/ewha/academics/medicine-prof.do?mode=view&pId=z7KngvAL1j3d1fuascr%2F5g%3D%3D,0000-0003-0508-3696,probable,
P0374,백승민,Seung Min Baik,Ewha Womans University,의과대학,Epidemiology,A5039413983,https://www.ewha.ac.kr/ewha/academics/medicine-prof.do?mode=view&pId=ozSO6DteglJLNFpcj%2FSWZg%3D%3D,0000-0003-1051-6775,verified,
P0375,변성완,Sung Wan Byun,Ewha Womans University,의과대학,Sensory Systems,A5001413485,https://www.ewha.ac.kr/ewha/academics/medicine-prof.do?mode=view&pId=O5cJxW5NQMZ2Dc6FxaEBTA%3D%3D,0000-0002-5458-6401,verified,
P0376,변지연,Ji Yeon Byun,Ewha Womans University,의과대학,Dermatology,A5068693487,https://www.ewha.ac.kr/ewha/academics/medicine-prof.do?mode=view&pId=5DKShJeZ6AlPq35OElw8Bg%3D%3D,0000-0003-4519-9474,verified,
P0377,송도경,Do Kyung Song,Ewha Womans University,의과대학,Epidemiology,A5079132307,https://www.ewha.ac.kr/ewha/academics/medicine-prof.do?mode=view&pId=DFsCLufBrsSLHU0ckqWhVA%3D%3D,,probable,
P0378,송승환,Seung Hwan Song,Ewha Womans University,의과대학,Transplantation,A5084084769,https://www.ewha.ac.kr/ewha/academics/medicine-prof.do?mode=view&pId=vvuAI9fsXBUMxQpQ6aENfg%3D%3D,0000-0003-3247-3817,probable,
P0379,송태진,Tae‐Jin Song,Ewha Womans University,의과대학,Epidemiology,A5084093979;A5121788434;A5123207469;A5126313498;A5126898702;A5132623764;A5134781933;A5135026042;A5136365671;A5137378474,https://www.ewha.ac.kr/ewha/academics/medicine-prof.do?mode=view&pId=0HV%2BKvN50bcirbzYzvUlog%3D%3D,0000-0002-9937-762X,verified,
P0380,신동우,Dong Woo Shin,Ewha Womans University,의과대학,Pulmonary and Respiratory Medicine,A5068301299,https://www.ewha.ac.kr/ewha/academics/medicine-prof.do?mode=view&pId=dOBBEf33vTFD0ukH8YHt3A%3D%3D,0000-0001-7918-3783,probable,
P0381,신승호,Seung-Ho Shin,Ewha Womans University,의과대학,Sensory Systems,A5041032577;A5137329778,https://www.ewha.ac.kr/ewha/academics/medicine-prof.do?mode=view&pId=Q%2FyZot0j%2BCqHDBkV%2BshfMA%3D%3D,0000-0001-8093-2673,verified,
P0382,신정아,,Ewha Womans University,의과대학,,,https://www.ewha.ac.kr/ewha/academics/medicine-prof.do?mode=view&pId=iXn5wbL9bJkiVPK5naIh3g%3D%3D,0009-0009-3261-8415,verified,
P0383,심경원,Kyung Won Shim,Ewha Womans University,의과대학,General Health Professions,A5080899797,https://www.ewha.ac.kr/ewha/academics/medicine-prof.do?mode=view&pId=stSQmYEZkusxwrHsPhNuKw%3D%3D,0000-0001-8289-9301,probable,
P0384,심기남,Ki‐Nam Shim,Ewha Womans University,의과대학,Surgery,A5044683284,https://www.ewha.ac.kr/ewha/academics/medicine-prof.do?mode=view&pId=%2F8uwIX474ayfW%2F1gYBcWIQ%3D%3D,0000-0003-4004-6292,probable,
P0385,심성신,Sung Sin Sim,Ewha Womans University,의과대학,Oncology,A5063074604,https://www.ewha.ac.kr/ewha/academics/medicine-prof.do?mode=view&pId=1OXchnd0UsTjxgUcqLtm8g%3D%3D,,probable,
P0386,심지수,Jisu Shim,Ewha Womans University,의과대학,Physiology,A5069892964;A5110588617,https://www.ewha.ac.kr/ewha/academics/medicine-prof.do?mode=view&pId=jyKivksG9uma4tB5Gf%2BzmA%3D%3D,0000-0002-8846-0364,verified,
P0388,안영호,Young‐Ho Ahn,Ewha Womans University,의과대학,Cancer Research,A5003463853;A5101341126,https://www.ewha.ac.kr/ewha/academics/medicine-prof.do?mode=view&pId=cHDYULUWtPkKS2kiw1IbkQ%3D%3D,0000-0002-1084-0367,verified,
P0389,안현규,Hyun Kyu Ahn,Ewha Womans University,의과대학,Pulmonary and Respiratory Medicine,A5032769507,https://www.ewha.ac.kr/ewha/academics/medicine-prof.do?mode=view&pId=gJHvS3jvkgo8MOV2f62nuA%3D%3D,0000-0002-1996-6249,probable,
P0390,양나래,Narae Yang,Ewha Womans University,의과대학,Neurology,A5019367734,https://www.ewha.ac.kr/ewha/academics/medicine-prof.do?mode=view&pId=KDIQiyJFejL012m63iQ79A%3D%3D,0000-0002-3226-5631,verified,
P0391,양현종,Hyeon Jong Yang,Ewha Womans University,의과대학,Physiology,A5103526623,https://www.ewha.ac.kr/ewha/academics/medicine-prof.do?mode=view&pId=NqDzPtZv7%2F9%2Bq%2BzmA40Q%2FA%3D%3D,0000-0003-3822-4002,verified,
P0392,오혜원,Hyewon Oh,Ewha Womans University,의과대학,General Health Professions,A5008973495,https://www.ewha.ac.kr/ewha/academics/medicine-prof.do?mode=view&pId=gIKxQdbEkmgV%2BC6z%2BkCBmw%3D%3D,0000-0001-9819-5915,probable,
P0393,우소연,Soyoun Woo,Ewha Womans University,의과대학,Genetics,A5019619340,https://www.ewha.ac.kr/ewha/academics/medicine-prof.do?mode=view&pId=Cpl4RtIL46uwCfZyYZlCtQ%3D%3D,0000-0001-6902-0315,probable,
P0394,우주현,Joohyun Woo,Ewha Womans University,의과대학,Cancer Research,A5103233263,https://www.ewha.ac.kr/ewha/academics/medicine-prof.do?mode=view&pId=TW%2BrfPgprcsUjUMZNCK%2BEw%3D%3D,0000-0003-2820-8287,verified,
P0395,원태희,Tae Hee Won,Ewha Womans University,의과대학,Pulmonary and Respiratory Medicine,A5079720156,https://www.ewha.ac.kr/ewha/academics/medicine-prof.do?mode=view&pId=sAY9TLGROl7ELwYYGi5Syw%3D%3D,,probable,
P0396,유승희,Seung Hee Yoo,Ewha Womans University,의과대학,Surgery,A5140648060,https://www.ewha.ac.kr/ewha/academics/medicine-prof.do?mode=view&pId=QTeS2YOzUl5TgFr9NAtHXQ%3D%3D,0009-0003-6152-6620,verified,
P0398,윤병호,Byung‐Ho Yoon,Ewha Womans University,의과대학,Surgery,A5038499014,https://www.ewha.ac.kr/ewha/academics/medicine-prof.do?mode=view&pId=Janpx3xqlfxbaKZ9YyfNgw%3D%3D,0000-0001-8518-6331,probable,
P0399,윤수정,Sujung J. Yoon,Ewha Womans University,의과대학,Cognitive Neuroscience,A5026755638;A5123615190,https://www.ewha.ac.kr/ewha/academics/medicine-prof.do?mode=view&pId=EaPrOGq4I7uodWzxDIfxNA%3D%3D,0000-0001-9705-415X,verified,
P0400,윤주천,Joo Chun Yoon,Ewha Womans University,의과대학,Hepatology,A5029794001,https://www.ewha.ac.kr/ewha/academics/medicine-prof.do?mode=view&pId=5P5m3uNKocTL9bhNmROPYw%3D%3D,0000-0001-9395-8418,verified,
P0401,윤지영,Jiyoung Yoon,Ewha Womans University,의과대학,"Endocrinology, Diabetes and Metabolism",A5090076385,https://www.ewha.ac.kr/ewha/academics/medicine-prof.do?mode=view&pId=yV8DqHOWAJIA%2Ft2HJggVOA%3D%3D,0000-0003-2266-0803,probable,
P0402,이선영,,Ewha Womans University,의과대학,,,https://www.ewha.ac.kr/ewha/academics/medicine-prof.do?mode=view&pId=OT6k3tEOYWcN60My1DQBEw%3D%3D,0009-0001-2763-8990,verified,
P0403,이선화,Sun Hwa Lee,Ewha Womans University,의과대학,Critical Care and Intensive Care Medicine,A5052111126,https://www.ewha.ac.kr/ewha/academics/medicine-prof.do?mode=view&pId=RhkObbp4SoGLEPgvTTmT2w%3D%3D,0000-0002-3491-6223,verified,
P0404,이수영,Soo Young Lee,Ewha Womans University,의과대학,Cancer Research,A5100735592,https://www.ewha.ac.kr/ewha/academics/medicine-prof.do?mode=view&pId=UBri0DmVmB%2FGKguIZJa%2BRA%3D%3D,0000-0003-4251-6323,verified,
P0405,이윤택,Yoontaek Lee,Ewha Womans University,의과대학,Pulmonary and Respiratory Medicine,A5012612378,https://www.ewha.ac.kr/ewha/academics/medicine-prof.do?mode=view&pId=x18haVaWKvxm8bzyqdoQpw%3D%3D,0000-0003-2643-2007,probable,
P0406,이재희,Jaehee Lee,Ewha Womans University,의과대학,,,https://www.ewha.ac.kr/ewha/academics/medicine-prof.do?mode=view&pId=Xfczmk3Ec4L5mG5h3KQJ4w%3D%3D,0009-0008-7537-0934,verified,
P0407,이정원,Jung Won Lee,Ewha Womans University,의과대학,"Pediatrics, Perinatology and Child Health",A5100331824,https://www.ewha.ac.kr/ewha/academics/medicine-prof.do?mode=view&pId=Hv9a8P7hMlmE3yOKIY%2BKrw%3D%3D,0000-0003-1846-3153,probable,
P0408,이지수,Jisoo Lee,Ewha Womans University,의과대학,Rheumatology,A5100349137,https://www.ewha.ac.kr/ewha/academics/medicine-prof.do?mode=view&pId=tnaOfJq%2B3ftrVCvRH0Pqzg%3D%3D,0000-0001-6279-7025,probable,
P0409,이진화,Jinhwa Lee,Ewha Womans University,의과대학,Pulmonary and Respiratory Medicine,A5000741482,https://www.ewha.ac.kr/ewha/academics/medicine-prof.do?mode=view&pId=cjUaIIVdE705c%2FDydQKxtw%3D%3D,0000-0003-0843-9862,verified,
P0411,이혜진,Hyejin Lee,Ewha Womans University,의과대학,Genetics,A5015953706,https://www.ewha.ac.kr/ewha/academics/medicine-prof.do?mode=view&pId=9EcaYfeSrJiHZDEdrtPztQ%3D%3D,,probable,
P0412,이호윤,Ho Yun Lee,Ewha Womans University,의과대학,Sensory Systems,A5045686998;A5137318439;A5122929660,https://www.ewha.ac.kr/ewha/academics/medicine-prof.do?mode=view&pId=xwrh1sjE3%2BnOv7ut2qBM9A%3D%3D,0000-0002-9590-3477,verified,
P0413,임수미,Soo-Mi Lim,Ewha Womans University,의과대학,Surgery,A5032769052,https://www.ewha.ac.kr/ewha/academics/medicine-prof.do?mode=view&pId=xso6ve7fsNgGOueLvOitzA%3D%3D,,probable,
P0414,임우성,Woosung Lim,Ewha Womans University,의과대학,Cancer Research,A5081798094;A5115526848,https://www.ewha.ac.kr/ewha/academics/medicine-prof.do?mode=view&pId=29hq5Kxq%2F73SL95erHxXGA%3D%3D,0000-0002-2863-9346,verified,
P0415,임재향,Jae Hyang Lim,Ewha Womans University,의과대학,Cancer Research,A5056395040,https://www.ewha.ac.kr/ewha/academics/medicine-prof.do?mode=view&pId=%2F%2BdNGdqW7HghOg9x%2Flop8Q%3D%3D,0000-0003-0972-9271,probable,
P0416,장윤경,Yoonkyung Chang,Ewha Womans University,의과대학,Epidemiology,A5020691745;A5126890185;A5132620962;A5134774468;A5135023814;A5137321707,https://www.ewha.ac.kr/ewha/academics/medicine-prof.do?mode=view&pId=CxaoHyzJSoz3TXDvQrEtzw%3D%3D,0000-0002-0345-2278,verified,
P0417,전상우,Sang-woo Jeon,Ewha Womans University,의과대학,Surgery,A5101693300,https://www.ewha.ac.kr/ewha/academics/medicine-prof.do?mode=view&pId=Vzk01QUMChslIOrYeBaVaw%3D%3D,0000-0002-1414-8175,probable,
P0422,정성철,Sung‐Chul Jung,Ewha Womans University,의과대학,Genetics,A5031979012,https://www.ewha.ac.kr/ewha/academics/medicine-prof.do?mode=view&pId=k5kTPeW9lxcB%2BFHtxae%2Btw%3D%3D,0000-0002-3174-8965,verified,
P0423,정수연,,Ewha Womans University,의과대학,,,https://www.ewha.ac.kr/ewha/academics/medicine-prof.do?mode=view&pId=X3VSTKMgFKIOqB0%2Bj4YGpQ%3D%3D,0009-0004-2636-327X,verified,
P0424,정율원,Yoolwon Jeong,Ewha Womans University,의과대학,Infectious Diseases,A5015908503;A5064951300,https://www.ewha.ac.kr/ewha/academics/medicine-prof.do?mode=view&pId=36Mf4s%2FV1s4qlE6mBhtEUQ%3D%3D,0000-0001-8179-4620,verified,
P0425,정지향,Ji Hyang Jeong,Ewha Womans University,의과대학,Psychiatry and Mental health,A5050512372,https://www.ewha.ac.kr/ewha/academics/medicine-prof.do?mode=view&pId=33CI3r2FhMnXDmkgK0Lqxw%3D%3D,,probable,
P0427,정태동,Tae‐Dong Jeong,Ewha Womans University,의과대학,Physiology,A5031941923,https://www.ewha.ac.kr/ewha/academics/medicine-prof.do?mode=view&pId=M8i%2Ff6edAC6HrHUXDuGUBw%3D%3D,0000-0002-3873-3117,probable,
P0428,정혜경,Hye‐Kyung Jung,Ewha Womans University,의과대학,Gastroenterology,A5021373549;A5123197183;A5128218810;A5135744187;A5137682021;A5138106997,https://www.ewha.ac.kr/ewha/academics/medicine-prof.do?mode=view&pId=ntaJOXEpZJDN9ORUErUuHg%3D%3D,0000-0002-6653-5214,verified,
P0429,정혜선,Hae‐Sun Chung,Ewha Womans University,의과대학,Molecular Medicine,A5052355596,https://www.ewha.ac.kr/ewha/academics/medicine-prof.do?mode=view&pId=aFkWtFKh1ZVqM7iaY9GhCA%3D%3D,0000-0001-6382-4099,verified,
P0430,조도상,Dosang Cho,Ewha Womans University,의과대학,Pathology and Forensic Medicine,A5016544527;A5095383408,https://www.ewha.ac.kr/ewha/academics/medicine-prof.do?mode=view&pId=%2BHbxToL%2B6%2Fbt3wD%2FKkz2Cw%3D%3D,0000-0002-7116-9052,verified,
P0431,조수영,Sooyoung Cho,Ewha Womans University,의과대학,Surgery,A5101700419,https://www.ewha.ac.kr/ewha/academics/medicine-prof.do?mode=view&pId=Md9PUZYURmT0%2Bz04E9%2Bydw%3D%3D,0000-0002-0232-766X,verified,
P0432,조수창,Soo Chang Cho,Ewha Womans University,의과대학,Ophthalmology,A5074988414,https://www.ewha.ac.kr/ewha/academics/medicine-prof.do?mode=view&pId=CXPZcmjRdoLF2yYFfwgV0w%3D%3D,,probable,
P0433,조아라,Ala Jo,Ewha Womans University,의과대학,Molecular Biology,A5102757077,https://www.ewha.ac.kr/ewha/academics/medicine-prof.do?mode=view&pId=j54%2F8WJMEWiHs%2B8yrmH1DA%3D%3D,0000-0003-4783-9957,probable,
P0434,조인정,In‐Jeong Cho,Ewha Womans University,의과대학,Cardiology and Cardiovascular Medicine,A5028772152,https://www.ewha.ac.kr/ewha/academics/medicine-prof.do?mode=view&pId=o2S4NZSvPkSqOMb%2F%2B8tfCg%3D%3D,0000-0002-1209-5129,verified,
P0435,조정민,Jungmin Jo,Ewha Womans University,의과대학,Surgery,A5029241174;A5058991918,https://www.ewha.ac.kr/ewha/academics/medicine-prof.do?mode=view&pId=60OhbgUhpToLeEBwmpNdLw%3D%3D,0009-0008-7259-3841,verified,
P0437,채지선,Ji Seon Chae,Ewha Womans University,의과대학,Surgery,A5018823684,https://www.ewha.ac.kr/ewha/academics/medicine-prof.do?mode=view&pId=hMRPmCUdOJQaVuvCRK4OEA%3D%3D,0000-0002-5914-678X,probable,
P0438,최경희,Kyunghee Jung‐Choi,Ewha Womans University,의과대학,Health,A5015330883,https://www.ewha.ac.kr/ewha/academics/medicine-prof.do?mode=view&pId=cVhJHxf8NUiG%2B6afMSefBg%3D%3D,0000-0002-9800-0994,probable,
P0439,최선아,Sun Ah Choi,Ewha Womans University,의과대학,Psychiatry and Mental health,A5057445154,https://www.ewha.ac.kr/ewha/academics/medicine-prof.do?mode=view&pId=Lf%2BKkFTlGFgqdOFYFlGAuA%3D%3D,0000-0001-6164-8706,probable,
P0440,최유원,You Won Choi,Ewha Womans University,의과대학,Dermatology,A5006653003,https://www.ewha.ac.kr/ewha/academics/medicine-prof.do?mode=view&pId=jYlsozTuYtltkP41nlTi7w%3D%3D,0000-0001-6315-3889,verified,
P0441,최윤희,Younhee J. Choi,Ewha Womans University,의과대학,"Radiology, Nuclear Medicine and Imaging",A5025326383;A5111585567,https://www.ewha.ac.kr/ewha/academics/medicine-prof.do?mode=view&pId=oqiaaDXR0V7LxpgwrNpNaw%3D%3D,0000-0002-7971-9493,verified,
P0442,최은오,Euno Choi,Ewha Womans University,의과대학,Surgery,A5039645150,https://www.ewha.ac.kr/ewha/academics/medicine-prof.do?mode=view&pId=CyKU2I9cNtrD6CK2ucbRrA%3D%3D,0000-0002-9284-9276,verified,
P0443,최장환,Jang‐Hwan Choi,Ewha Womans University,의과대학,Biomedical Engineering,A5083618878,https://www.ewha.ac.kr/ewha/academics/medicine-prof.do?mode=view&pId=ZOw%2FjvBypTEp5CBsYPbJDQ%3D%3D,0000-0001-9273-034X,verified,
P0444,최희정,Hee Jung Choi,Ewha Womans University,의과대학,Critical Care and Intensive Care Medicine,A5026949923,https://www.ewha.ac.kr/ewha/academics/medicine-prof.do?mode=view&pId=kkHg0m4mWTcdtbEg1TasQw%3D%3D,0000-0002-1468-4074,verified,
P0445,태정현,Chung Hyun Tae,Ewha Womans University,의과대학,Pulmonary and Respiratory Medicine,A5025155778,https://www.ewha.ac.kr/ewha/academics/medicine-prof.do?mode=view&pId=fdgoCYmxHX2F2hTCEi%2B%2BOA%3D%3D,0000-0002-0764-7793,verified,
P0446,편욱범,Wook Bum Pyun,Ewha Womans University,의과대학,Cardiology and Cardiovascular Medicine,A5055427587,https://www.ewha.ac.kr/ewha/academics/medicine-prof.do?mode=view&pId=1nfuO%2BetPGZmHouHZM2SSA%3D%3D,0000-0002-6377-0411,verified,
P0447,한기환,Ki‐Hwan Han,Ewha Womans University,의과대학,Molecular Biology,A5040799625,https://www.ewha.ac.kr/ewha/academics/medicine-prof.do?mode=view&pId=g96pjvFfh5PV%2B2e8dvnljw%3D%3D,0000-0002-6881-0515,verified,
P0448,한후재,Hoo Jae Han,Ewha Womans University,의과대학,Pathology and Forensic Medicine,A5009517792,https://www.ewha.ac.kr/ewha/academics/medicine-prof.do?mode=view&pId=ncqoKxoqSdwnqq8Jw1ts6Q%3D%3D,,probable,
P0449,허정원,Jungwon Huh,Ewha Womans University,의과대학,Hematology,A5048920395,https://www.ewha.ac.kr/ewha/academics/medicine-prof.do?mode=view&pId=jku9b0h6kmc%2F%2F%2B6zN6Wi3Q%3D%3D,0000-0001-8758-9847,verified,
P0451,홍소희,So‐Hee Hong,Ewha Womans University,의과대학,Immunology,A5002386539,https://www.ewha.ac.kr/ewha/academics/medicine-prof.do?mode=view&pId=7Hb%2FP2jmPTlhGZdfsKsyrw%3D%3D,0000-0002-2833-8025,verified,
P0452,홍승은,Seung Eun Hong,Ewha Womans University,의과대학,Surgery,A5073776098,https://www.ewha.ac.kr/ewha/academics/medicine-prof.do?mode=view&pId=67BdLSgZZcGgf%2FjxcI%2B6jw%3D%3D,0000-0002-6925-6114,verified,
P0453,홍영선,Young Sun Hong,Ewha Womans University,의과대학,Reproductive Medicine,A5030591928,https://www.ewha.ac.kr/ewha/academics/medicine-prof.do?mode=view&pId=Vrp3KfRhIraOS8odmINGWQ%3D%3D,0000-0001-8552-9066,verified,
P0454,황성은,Sungeun Hwang,Ewha Womans University,의과대학,Psychiatry and Mental health,A5081062150,https://www.ewha.ac.kr/ewha/academics/medicine-prof.do?mode=view&pId=xlgrSGAU8%2F%2FE7u8JNpUg%2BA%3D%3D,0000-0003-0813-1315,probable,
P0455,황역구,Yeok Gu Hwang,Ewha Womans University,의과대학,Orthopedics and Sports Medicine,A5080361662,https://www.ewha.ac.kr/ewha/academics/medicine-prof.do?mode=view&pId=BxdJtfrfp4uEXpqsigfHGg%3D%3D,0000-0001-9889-6172,probable,
P0456,유경하,Kyung‐Ha Ryu,Ewha Womans University,의과대학,Genetics,A5054033012,https://www.ewha.ac.kr/ewha/academics/medicine-prof.do#view,0000-0001-8424-2303,verified,
P0458,최영철,Yeongchull Choi,Ewha Womans University,의과대학,"Radiology, Nuclear Medicine and Imaging",A5047892822,https://www.ewha.ac.kr/ewha/academics/medicine-prof.do#view,0000-0001-5689-6932,verified,
P0459,홍천표,Chun-Pyo Hong,Ewha Womans University,의과대학,Endocrine and Autonomic Systems,A5113801133,https://www.ewha.ac.kr/ewha/academics/medicine-prof.do#view,,probable,
P0460,이종현,Jong-Hyun Lee,Dongduk Women's University,약학대학,Complementary and alternative medicine,A5130904230,https://pharmacy.dongduk.ac.kr/myboard/st_prof,0000-0002-3193-8152,verified,
P0461,최민식,Min Sik Choi,Dongduk Women's University,약학대학,Physiology,A5029273980,https://pharmacy.dongduk.ac.kr/myboard/st_prof,0009-0005-2456-2459,verified,
P0462,이향미,Hyang‐Mi Lee,Dongduk Women's University,약학대학,Immunology,A5035280018,https://pharmacy.dongduk.ac.kr/myboard/st_prof,0009-0008-2913-9723,verified,
P0463,최지원,Jiwon Choi,Dongduk Women's University,약학대학,Computational Theory and Mathematics,A5082247143,https://pharmacy.dongduk.ac.kr/myboard/st_prof,0000-0002-0786-6187,probable,
P0464,강수진,Su‐Jin Kang,Dongduk Women's University,약학대학,Microbiology,A5051416913,https://pharmacy.dongduk.ac.kr/myboard/st_prof,0000-0003-3276-8957,probable,
P0465,오원영,Won Young Oh,Dongduk Women's University,약학대학,Biochemistry,A5025112626,https://pharmacy.dongduk.ac.kr/myboard/st_prof,0000-0003-2216-3292,verified,
P0466,원미애,Miae Won,Dongduk Women's University,약학대학,Biomedical Engineering,A5002092609,https://pharmacy.dongduk.ac.kr/myboard/st_prof,0000-0002-1656-6362,verified,
P0467,이유진,,Sahmyook University,약학대학,,,https://www.syu.ac.kr/pharmacy/2026/06/08/%ec%98%ac%ed%95%b4%ec%9d%98-%ea%b5%90%ec%88%98-14%eb%aa%85-%ec%84%a0%ec%a0%95/,0009-0001-3303-6777,verified,
P0469,고성호,Sungho Ko,CHA University,생명과학대학,Molecular Biology,A5108653057,https://bio.cha.ac.kr/%ea%b5%90%ec%88%98%ec%a7%84/,,probable,
P0470,문지숙,Ji Suk Moon,CHA University,생명과학대학,Genetics,A5012381939,https://bio.cha.ac.kr/%ea%b5%90%ec%88%98%ec%a7%84/,,probable,
P0471,정지형,Ji Hyung Chung,CHA University,생명과학대학,Epidemiology,A5071177256,https://bio.cha.ac.kr/%ea%b5%90%ec%88%98%ec%a7%84/,0000-0003-0731-1349,probable,
P0472,이경혜,Kyung-Hye Lee,CHA University,생명과학대학,Food Science,A5143773175,https://bio.cha.ac.kr/%ea%b5%90%ec%88%98%ec%a7%84/,0000-0002-0557-1529,verified,
P0473,강은주,Eunju Kang,CHA University,생명과학대학,Molecular Biology,A5057306920,https://bm.cha.ac.kr/%ea%b5%90%ec%88%98%ec%a7%84/,0000-0002-7240-7868,probable,
P0475,송행석,Haengseok Song,CHA University,생명과학대학,Immunology,A5065055695,https://bm.cha.ac.kr/%ea%b5%90%ec%88%98%ec%a7%84/,0000-0002-5027-7310,verified,
P0477,이상은,Sang‐Eun Lee,CHA University,생명과학대학,Cell Biology,A5100755143;A5062733537,https://bm.cha.ac.kr/%ea%b5%90%ec%88%98%ec%a7%84/,0000-0001-7371-8556,verified,
P0478,이재호,Jae Ho Lee,CHA University,생명과학대학,Reproductive Medicine,A5062038410,https://bm.cha.ac.kr/%ea%b5%90%ec%88%98%ec%a7%84/,0000-0001-7750-6032,verified,
P0480,김재환,Jae‐Hwan Kim,CHA University,생명과학대학,Molecular Biology,A5107143423,https://fsb.cha.ac.kr/%ea%b5%90%ec%88%98%ec%a7%84/,0000-0002-8589-6146,verified,
P0481,백광현,Kwang‐Hyun Baek,CHA University,생명과학대학,Molecular Biology,A5083993092;A5135211374;A5135974758;A5136975178;A5137393643,https://fsb.cha.ac.kr/%ea%b5%90%ec%88%98%ec%a7%84/,0000-0001-7662-7190,verified,
P0482,심성한,Sung Han Shim,CHA University,생명과학대학,"Pediatrics, Perinatology and Child Health",A5002290352,https://fsb.cha.ac.kr/%ea%b5%90%ec%88%98%ec%a7%84/,0000-0002-9814-5448,verified,
P0483,여미지,Miji Yeo,CHA University,생명과학대학,Biomedical Engineering,A5073352347,https://fsb.cha.ac.kr/%ea%b5%90%ec%88%98%ec%a7%84/,0009-0003-6475-8603,verified,
P0484,정제균,Je‐Gun Joung,CHA University,생명과학대학,Cancer Research,A5060488559,https://fsb.cha.ac.kr/%ea%b5%90%ec%88%98%ec%a7%84/,0000-0003-2859-1036,verified,
P0485,황소현,So Hyun Hwang,CHA University,생명과학대학,Molecular Biology,A5028639165;A5136945094,https://fsb.cha.ac.kr/professor/%ed%99%a9%ec%86%8c%ed%98%84/,0000-0003-2461-6806,verified,
P0486,김은희,Eun‐Hee Kim,CHA University,약학대학,Surgery,A5100339484,https://pharmacy.cha.ac.kr/%ea%b5%90%ec%88%98%ec%a7%84/,0000-0002-8523-0440,probable,
P0487,김애리,Aeri Kim,CHA University,약학대학,Rehabilitation,A5063960029,https://pharmacy.cha.ac.kr/%ea%b5%90%ec%88%98%ec%a7%84/,0000-0003-3597-2363,verified,
P0488,나영화,Younghwa Na,CHA University,약학대학,Molecular Biology,A5033468301,https://pharmacy.cha.ac.kr/%ea%b5%90%ec%88%98%ec%a7%84/,0009-0004-7281-1205,verified,
P0489,조유희,You‐Hee Cho,CHA University,약학대학,Molecular Biology,A5021051777,https://pharmacy.cha.ac.kr/%ea%b5%90%ec%88%98%ec%a7%84/,0000-0001-7942-5893,verified,
P0490,구윤태,Yoon Tae Goo,CHA University,약학대학,Biomaterials,A5130669764,https://pharmacy.cha.ac.kr/professor/%ea%b5%ac%ec%9c%a4%ed%83%9c/,,probable,
P0491,손현순,Hyun Soon Sohn,CHA University,약학대학,Pharmacology,A5047432424,https://pharmacy.cha.ac.kr/professor/%ec%86%90%ed%98%84%ec%88%9c/,0000-0003-1360-1895,verified,
P0492,안홍찬,Hongchan An,CHA University,약학대학,Molecular Biology,A5087935742,https://pharmacy.cha.ac.kr/professor/%ec%95%88%ed%99%8d%ec%b0%ac/,0000-0001-6689-9571,verified,
P0493,양영덕,Young Duk Yang,CHA University,약학대학,Epidemiology,A5051164633,https://pharmacy.cha.ac.kr/professor/%ec%96%91%ec%98%81%eb%8d%95/,0000-0003-4239-0804,probable,
P0494,최보윤,Boyoon Choi,CHA University,약학대학,Hematology,A5008010244,https://pharmacy.cha.ac.kr/professor/%ec%b5%9c%eb%b3%b4%ec%9c%a4/,0000-0002-5133-6888,probable,
P0495,장세은,Se‐Eun Jang,Eulji University,전공안내,Molecular Biology,A5039518799,https://major.eulji.ac.kr/bionutrition/index.html?menuno=2909&id=30627&type=F&gubun=view,0000-0003-3279-0871,verified,
P0496,오윤신,Yoon Sin Oh,Eulji University,전공안내,Surgery,A5052141825,https://major.eulji.ac.kr/bionutrition/index.html?menuno=2909&id=30626&type=F&gubun=view,0000-0003-3995-4429,verified,
P0497,곽민규,Min‐Kyu Kwak,Eulji University,전공안내,Clinical Biochemistry,A5090885576;A5113215597,https://major.eulji.ac.kr/bionutrition/index.html?menuno=2909&id=30624&type=F&gubun=view,0000-0003-0295-613X,verified,
P0498,이창석,Chang Seok Lee,Eulji University,전공안내,Cell Biology,A5101969801;A5002478099;A5127744610,https://major.eulji.ac.kr/biocosmeticsci/index.html?menuno=2909&id=30603&type=F&gubun=view,0000-0002-4814-5685,verified,
P0501,하지현,Jihyeon Ha,Eulji University,학과안내,Cognitive Neuroscience,A5054210187,https://major.eulji.ac.kr/medicaleng/index.html?menuno=2909&id=30776&type=F&gubun=view,0000-0001-7671-0162,verified,
P0502,오영지,Yeong Ji Oh,Eulji University,식품생명공학전공,Food Science,A5002030721,https://major.eulji.ac.kr/foodlife/index.html?menuno=2976,0000-0003-4014-9849,verified,
P0503,박미라,Mira Park,Eulji University,의과대학소개; 의예과,Molecular Biology,A5100447427,https://medicine.eulji.ac.kr/?menuno=3325&id=6650&type=F&gubun=view,0000-0003-3827-9089,verified,
P0504,한승호,Seung Ho Han,Eulji University,의과대학소개; 의예과,Dermatology,A5103354103,https://medicine.eulji.ac.kr/?menuno=3325&id=31109&type=F&gubun=view,0000-0001-9480-973X,verified,
P0505,우란숙,Ran‐Sook Woo,Eulji University,의과대학소개; 의학과,Cellular and Molecular Neuroscience,A5073695220,https://medicine.eulji.ac.kr/?menuno=3325&id=31108&type=F&gubun=view,0000-0002-2128-9291,verified,
P0506,이기호,Kiho Lee,Eulji University,의과대학소개; 생화학-분자생물학교실,Reproductive Medicine,A5101718715,https://medicine.eulji.ac.kr/?menuno=3325&id=31061&type=F&gubun=view,0000-0002-3495-5126,verified,
P0507,임춘화,Chun-Hwa Lim,Eulji University,의과대학소개,Occupational Therapy,A5139655776,https://medicine.eulji.ac.kr/?menuno=3325&id=31097&type=F&gubun=view,,probable,
P0509,박영숙,Young Sook Park,Eulji University,의예과,Genetics,A5100635858,https://medicine.eulji.ac.kr/?menuno=3416&id=1520&type=F&gubun=view,0000-0001-7870-3003,verified,
P0510,박강서,Gang Seo Park,Eulji University,의예과,"Endocrinology, Diabetes and Metabolism",A5009885771,https://medicine.eulji.ac.kr/?menuno=3416&id=1530&type=F&gubun=view,0000-0002-7964-804X,verified,
P0511,민경완,Kyung Wan Min,Eulji University,의예과,"Endocrinology, Diabetes and Metabolism",A5101705218,https://medicine.eulji.ac.kr/?menuno=3416&id=1480&type=F&gubun=view,0000-0003-2266-9795,verified,
P0513,모은경,Eun-Kyung Mo,Eulji University,의예과,Infectious Diseases,A5081771327,https://medicine.eulji.ac.kr/?menuno=3416&id=30337&type=F&gubun=view,,probable,
P0514,손창남,Chang‐Nam Son,Eulji University,의예과,Nephrology,A5066559800,https://medicine.eulji.ac.kr/?menuno=3416&id=30493&type=F&gubun=view,0000-0002-1722-2190,probable,
P0515,오일환,Il Hwan Oh,Eulji University,의예과,Nephrology,A5070915144,https://medicine.eulji.ac.kr/?menuno=3416&id=30338&type=F&gubun=view,0000-0003-4195-2561,probable,
P0516,진정연,Jung Yeon Chin,Eulji University,의예과,Cardiology and Cardiovascular Medicine,A5024613549,https://medicine.eulji.ac.kr/?menuno=3416&id=11160&type=F&gubun=view,0000-0002-6892-4846,verified,
P0517,나백주,Baeg-Ju Na,Eulji University,의예과,"Public Health, Environmental and Occupational Health",A5075038872,https://medicine.eulji.ac.kr/?menuno=3391&id=30601&type=F&gubun=view,0000-0002-3742-6035,verified,
P0518,송대용,Dae‐Yong Song,Eulji University,의학과,Cellular and Molecular Neuroscience,A5052469785,https://medicine.eulji.ac.kr/?menuno=3361&id=5340&type=F&gubun=view,0000-0001-5775-6288,verified,
P0519,유홍일,Hong‐Il Yoo,Eulji University,의학과,Molecular Biology,A5066947464,https://medicine.eulji.ac.kr/?menuno=3361&id=30061&type=F&gubun=view,0000-0002-7405-471X,verified,
P0520,이정호,Jung Ho Lee,Eulji University,의예과,"Public Health, Environmental and Occupational Health",A5074642760,https://medicine.eulji.ac.kr/?menuno=3381&id=30926&type=F&gubun=view,0000-0003-3268-8332,verified,
P0521,신효정,Hyo Jung Shin,Eulji University,생화학-분자생물학교실,Neurology,A5080018856,https://medicine.eulji.ac.kr/?menuno=3371&id=30721&type=F&gubun=view,0000-0002-3530-101X,probable,
P0522,이호정,Hyo Jeong Lee,Eulji University,병리학 (병리학 및 분자의학교실),Neurology,A5101970563,https://medicine.eulji.ac.kr/?menuno=3376&id=2100&type=F&gubun=view,0000-0001-8300-3407,verified,
P0523,위영찬,Young Chan Wi,Eulji University,병리학 (병리학 및 분자의학교실),Pulmonary and Respiratory Medicine,A5078523453,https://medicine.eulji.ac.kr/?menuno=3376&id=30916&type=F&gubun=view,0000-0002-5506-1682,probable,
P0524,김도훈,Do-Hoon Kim,Eulji University,의생명정보학교실,Pharmacology,A5100686014;A5005436327;A5124438904,https://medicine.eulji.ac.kr/?menuno=7867&id=30663&type=F&gubun=view,0000-0003-3703-9796,verified,
P0525,최희정,Hee Jeong Choi,Eulji University,임상의학교실,Epidemiology,A5001675665,https://medicine.eulji.ac.kr/?menuno=3411&id=1430&type=F&gubun=view,0000-0001-6085-5770,verified,
P0526,강서영,Seo Young Kang,Eulji University,임상의학교실,General Health Professions,A5076361280;A5128944793,https://medicine.eulji.ac.kr/?menuno=3411&id=30588&type=F&gubun=view,0000-0002-7177-7816,verified,
P0527,이준혁,Jun‐Hyuk Lee,Eulji University,임상의학교실,Epidemiology,A5013491945;A5114777150,https://medicine.eulji.ac.kr/?menuno=3411&id=30298&type=F&gubun=view,0000-0002-1007-1633,verified,
P0529,박창훈,Changhoon Park,Eulji University,미생물학-면역학교실,Epidemiology,A5027021523,https://medicine.eulji.ac.kr/?menuno=3386&id=30252&type=F&gubun=view,0000-0002-0855-3887,verified,
P0530,강병근,Byeonggeun Kang,Eulji University,미생물학-면역학교실,Epidemiology,A5035283809,https://medicine.eulji.ac.kr/?menuno=3386&id=30923&type=F&gubun=view,0000-0003-3269-2745,verified,
P0531,강준혁,Jun-Hyeok Kang,Eulji University,의예과,Surgery,A5101545039,https://medicine.eulji.ac.kr/?menuno=3431&id=30355&type=F&gubun=view,0009-0006-1569-7447,probable,
P0532,이수주,Soo Joo Lee,Eulji University,신경과학교실,Epidemiology,A5038364929,https://medicine.eulji.ac.kr/?menuno=3446&id=2580&type=F&gubun=view,0000-0001-8622-7000,verified,
P0533,조수현,Soohyun Cho,Eulji University,신경과학교실,Psychiatry and Mental health,A5100753667,https://medicine.eulji.ac.kr/?menuno=3446&id=30362&type=F&gubun=view,0000-0002-3900-3204,probable,
P0534,이정주,Jungju Lee,Eulji University,신경과학교실,Psychiatry and Mental health,A5089365588,https://medicine.eulji.ac.kr/?menuno=3446&id=6190&type=F&gubun=view,0000-0001-7498-5656,verified,
P0535,김재국,Jae Guk Kim,Eulji University,신경과학교실,Epidemiology,A5102991352;A5102419237;A5135007820;A5138238763;A5138688822;A5134784834;A5136065424;A5136207795,https://medicine.eulji.ac.kr/?menuno=3446&id=11040&type=F&gubun=view,0000-0003-1418-0033,verified,
P0536,강근수,Keunsoo Kang,Dankook University,바이오융합대학,Molecular Biology,A5035847757;A5136185379,mailTo:kangk1204@gmail.com,0000-0003-0611-9320,verified,
P0537,권지안,Chian Kwon,Dankook University,바이오융합대학,Plant Science,A5042196524,mailTo:chiank@dankook.ac.kr,0000-0002-4200-2085,verified,
P0538,김성환,Seong Hwan Kim,Dankook University,바이오융합대학,Cell Biology,A5100754945,mailTo:piceae@dankook.ac.kr,0000-0002-6830-3943,verified,
P0539,김은주,Eun-Joo Kim,Dankook University,바이오융합대학,Immunology,A5053640128,mailTo:nbrejk@dankook.ac.kr,0000-0002-8518-4042,verified,
P0540,박헌용,Heonyong Park,Dankook University,바이오융합대학,Immunology and Allergy,A5080323501,mailTo:heonyong@dankook.ac.kr,0000-0003-3137-8893,probable,
P0541,변종회,Jonghoe Byun,Dankook University,바이오융합대학,Molecular Biology,A5103393663,mailTo:jonghoe@dankook.ac.kr,,probable,
P0542,한규동,Kyudong Han,Dankook University,바이오융합대학,Plant Science,A5075086208;A5122893545;A5123431784,http://hanlab.dankook.ac.kr/index.html,0000-0001-6791-2408,verified,
P0543,오만환,Man-Hwan Oh,Dankook University,바이오융합대학,Molecular Medicine,A5009493501,mailTo:yy1091@dankook.ac.kr,0000-0003-1045-5343,verified,
P0544,현정은,Jeongeun Hyun,Dankook University,바이오융합대학,Epidemiology,A5004152335,mailTo:j.hyun@dankook.ac.kr,0000-0003-1144-2552,verified,
P0545,차혜지,Hye Ji Cha,Dankook University,바이오융합대학,Oncology,A5143447094,mailTo:hyejicha@dankook.ac.kr,0000-0002-1525-2687,probable,
P0546,유영상,Youngsang You,Dankook University,바이오융합대학,Pathology and Forensic Medicine,A5013875538,mailTo:ysyou7@dankook.ac.kr,0000-0003-0556-9813,verified,
P0547,문세영,Seyoung Mun,Dankook University,바이오융합대학,Plant Science,A5079817330,mailTo:munseyoung@gmail.com,0000-0002-9669-4494,verified,
P0548,강대경,Dae‐Kyung Kang,Dankook University,바이오융합대학,Food Science,A5008470607;A5084941299;A5130881773;A5126912575,mailTo:dkkang@dankook.ac.kr,0000-0001-9241-1250,verified,
P0549,강성택,Sung‐Taeg Kang,Dankook University,바이오융합대학,Plant Science,A5041320217,mailTo:kangst@dankook.ac.kr,0000-0001-8462-9655,verified,
P0550,김인호,In Ho Kim,Dankook University,바이오융합대학,Animal Science and Zoology,A5100783614;A5038698865;A5107947909;A5126128320;A5126906271;A5119336379;A5122177544;A5134536849;A5149555136,mailTo:inhokim@dankook.ac.kr,0000-0001-6652-2504,verified,
P0551,김현,Hoon Kim,Dankook University,바이오융합대학,"Public Health, Environmental and Occupational Health",A5100352938;A5137603951,mailTo:hyunkim@dankook.ac.kr,0000-0002-7932-1880,verified,
P0552,김현범,Hyeun Bum Kim,Dankook University,바이오융합대학,Animal Science and Zoology,A5091459002;A5077142265,mailTo:hbkim@dankook.ac.kr,0000-0003-1366-6090,verified,
P0554,신지훈,,Dankook University,바이오융합대학,,,mailTo:sjihoon@dankook.ac.kr,0000-0001-6708-661X,verified,
P0555,이애경,Ae Kyung Lee,Dankook University,바이오융합대학,Plant Science,A5035438125;A5137807769,mailTo:akleekr@dankook.ac.kr,0000-0003-2098-0360,verified,
P0556,채원병,Won Byoung Chae,Dankook University,바이오융합대학,Plant Science,A5062352226,mailTo:wbchae75@dankook.ac.kr,0000-0001-7174-0469,verified,
P0557,서준성,Jun Sung Seo,Dankook University,바이오융합대학,Plant Science,A5034766890,https://www.dkucblab.kr/,0000-0002-3420-8446,verified,
P0558,조성보,Sungbo Cho,Dankook University,바이오융합대학,Animal Science and Zoology,A5089042821,mailTo:sungbocho@dankook.ac.kr,0000-0002-2593-2758,verified,
P0560,김규봉,Kyu‐Bong Kim,Dankook University,약학대학,"Health, Toxicology and Mutagenesis",A5077614062,mailTo:kyubong@dankook.ac.kr,0000-0003-2139-2296,probable,
P0561,박소영,So-Young Park,Dankook University,약학대학,Nutrition and Dietetics,A5054269597,mailTo:soypark23@dankook.ac.kr,0000-0002-1065-6746,verified,
P0562,서동완,Dong Wan Seo,Dankook University,약학대학,Oncology,A5044806903,mailTo:dwseomb@dankook.ac.kr,0000-0003-4971-834X,verified,
P0563,이윤정,Yun Jeong Lee,Dankook University,약학대학,Pharmacology,A5101420488,mailTo:yunlee@dankook.ac.kr,0000-0002-7228-9558,probable,
P0564,한영택,Young Taek Han,Dankook University,약학대학,Aging,A5019429913,https://lab.researchwho.com/Hanmedchemlab/,0000-0002-3617-1181,verified,
P0565,호명진,Myoung Jin Ho,Dankook University,약학대학,Pharmaceutical Science,A5032420745,mailTo:butable@dankook.ac.kr,0000-0002-2874-3418,verified,
P0566,권호장,Ho Jang Kwon,Dankook University,의과대학,Cellular and Molecular Neuroscience,A5101056682,mailTo:hojang@dankook.ac.kr,,probable,
P0567,박일용,Ilyong Park,Dankook University,의과대학,Sensory Systems,A5009194157;A5112435439,mailTo:piyong@dankook.ac.kr,0000-0003-1613-4209,verified,
P0568,박정수,Jeong Su Park,Dankook University,의과대학,Molecular Biology,A5014311249,mailTo:jeongsp@dankook.ac.kr,0000-0003-4551-4294,probable,
P0569,성연선,Yeon‐Sun Seong,Dankook University,의과대학,Cell Biology,A5057283425,mailTo:seongys@dankook.ac.kr,0000-0002-4743-8048,verified,
P0570,오승훈,Seunghoon Oh,Dankook University,의과대학,Molecular Biology,A5103156841,mailTo:seungoh@dankook.ac.kr,0000-0002-1203-5011,verified,
P0571,이승하,Seung Ha Lee,Dankook University,의과대학,Biomedical Engineering,A5043306064,mailTo:shalee@dankook.ac.kr,,probable,
P0572,채유미,Yoomi Chae,Dankook University,의과대학,Physiology,A5004485212,mailTo:12070108@dankook.ac.kr,0000-0003-1071-6099,probable,
P0573,하미나,Mi Na Ha,Dankook University,의과대학,General Health Professions,A5103700896,mailTo:minaha@dankook.ac.kr,,probable,
P0574,이용원,Yong Weon Yi,Dankook University,의과대학,"Radiology, Nuclear Medicine and Imaging",A5018057046;A5122394501,mailTo:yongweon_yi@dankook.ac.kr,0000-0001-6895-0465,verified,
P0575,김동준,,Dankook University,의과대학,,,mailTo:djkim407@dankook.ac.kr,0009-0004-6911-1929,verified,
P0576,오태환,Taehwan Oh,Dankook University,의과대학,Animal Science and Zoology,A5022252228,mailTo:ohth@dankook.ac.kr,0000-0001-9308-5573,probable,
P0577,이삭,Sak Lee,Dankook University,의과대학,Otorhinolaryngology,A5055540245;A5135994655;A5137730612,mailTo:leesak@dankook.ac.kr,0000-0001-7624-5432,verified,
P0578,강동희,,Dankook University,의과대학,,,mailTo:dhkcool@daum.net,0000-0002-6454-7860,verified,
P0579,강봉진,Bong Jin Kang,Dankook University,의과대학,Anesthesiology and Pain Medicine,A5063206043,mailTo:anebjkang@naver.com,0000-0003-4736-797X,verified,
P0580,강태수,Tae Soo Kang,Dankook University,의과대학,Surgery,A5069722745,mailTo:neosoo70@dankook.ac.kr,0000-0002-4298-6272,verified,
P0581,김도희,,Dankook University,의과대학,,,mailTo:dh9070@dankook.ac.kr,0000-0003-0550-7540,verified,
P0582,김명화,Myung Hwa Kim,Dankook University,의과대학,Dermatology,A5004451410;A5107843169,mailTo:ivymyung@dankook.ac.kr,0000-0002-9072-201X,verified,
P0583,김윤섭,Younseop Kim,Dankook University,의과대학,Pharmaceutical Science,A5121764803,mailTo:drys99@dankook.ac.kr,0009-0001-8054-0239,verified,
P0584,김희진,,Dankook University,의과대학,,,mailTo:kimhj@dankook.ac.kr,0009-0003-5628-4081,verified,
P0585,남궁환,Hwan Namgung,Dankook University,의과대학,Surgery,A5040469158,mailTo:gsnamgung@dankook.ac.kr,0000-0002-0783-7642,probable,
P0586,류경민,Kyoung Min Ryu,Dankook University,의과대학,Pulmonary and Respiratory Medicine,A5038922348;A5113922853,mailTo:cskmin@naver.com,0000-0001-8461-6010,verified,
P0587,모지훈,Ji‐Hun Mo,Dankook University,의과대학,Otorhinolaryngology,A5050299530,mailTo:jihunmo@gmail.com,0000-0003-1331-364X,verified,
P0588,민준원,Jun Won Min,Dankook University,의과대학,Oncology,A5031631442,mailTo:junwon77@naver.com,0000-0001-7440-2561,probable,
P0589,박미현,Mihyun Park,Dankook University,의과대학,Epidemiology,A5013227767,mailTo:deepva@hanmail.net,0000-0003-3272-4049,verified,
P0590,박병철,Byung Cheol Park,Dankook University,의과대학,Urology,A5030277707;A5048893239,mailTo:4exodus@dankook.ac.kr,0000-0002-5449-8313,verified,
P0591,박재석,Jae Seuk Park,Dankook University,의과대학,Infectious Diseases,A5028955760,mailTo:jspark@dankook.ac.kr,0000-0001-9307-1155,verified,
P0592,박현우,Hyun-Woo Park,Dankook University,의과대학,Orthopedics and Sports Medicine,A5079150281,mailTo:m3artist@gmail.com,0000-0002-9938-0677,verified,
P0593,박희곤,Hee Kon Park,Dankook University,의과대학,Orthopedics and Sports Medicine,A5025514531,mailTo:osdku@dankook.ac.kr,,probable,
P0594,송상현,Sang‐Hyun Song,Dankook University,의과대학,Hematology,A5080983203,mailTo:youngmoon77@gmail.com,0000-0002-9208-9537,verified,
P0595,송영목,Young-Mok Song,Dankook University,의과대학,Epidemiology,A5001519468,mailTo:ymsong@dankook.ac.kr,0000-0002-1236-1271,verified,
P0596,송일한,Il Han Song,Dankook University,의과대학,Hepatology,A5010622196,mailTo:ihsong21@dankook.ac.kr,0000-0003-3975-6342,probable,
P0597,신정은,Jeong Eun Shin,Dankook University,의과대학,Gastroenterology,A5060849462,mailTo:dreun@dankook.ac.kr,0000-0001-5706-3967,verified,
P0598,신현덕,Hyun Duk Shin,Dankook University,의과대학,Epidemiology,A5109928756,mailTo:emedicals@hanmail.net,,probable,
P0599,이건송,Kun Song Lee,Dankook University,의과대학,Epidemiology,A5021517513;A5123868282,mailTo:pdlks@dankook.ac.kr,0000-0001-7318-2296,verified,
P0600,이명용,Myung‐Yong Lee,Dankook University,의과대학,Cardiology and Cardiovascular Medicine,A5023306896,mailTo:mel_lee@dankook.ac.kr,0000-0003-2147-7134,verified,
P0601,이미정,Mee Jeong Lee,Dankook University,의과대학,Hematology,A5013343364,mailTo:lmjped@daum.net,0000-0002-7504-1232,verified,
P0602,이상구,Sang Koo Lee,Dankook University,의과대학,Neurology,A5063975439,mailTo:lsk999999@gmail.com,0000-0003-2500-9493,verified,
P0603,이순일,Soon Il Lee,Dankook University,의과대학,Pathology and Forensic Medicine,A5066094957,mailTo:avnrt@dankook.ac.kr,0000-0001-6318-4028,verified,
P0604,이정재,Jung Jae Lee,Dankook University,의과대학,Psychiatry and Mental health,A5101748030;A5130271116;A5137535083,mailTo:mdjjlee@dankook.ac.kr,0000-0002-0828-3557,verified,
P0605,이지영,Ji-Young Rhee,Dankook University,의과대학,Infectious Diseases,A5052196936,mailTo:pluripotent@naver.com,0000-0003-4664-7048,verified,
P0606,장명철,Myung-Chul Chang,Dankook University,의과대학,Cancer Research,A5086982168,mailTo:changmc@dankook.ac.kr,0000-0001-7712-7497,verified,
P0609,조성호,Sungho Jo,Dankook University,의과대학,Surgery,A5103004319;A5137567522,mailTo:agapejsh@dankook.ac.kr,0000-0002-5004-0903,verified,
P0610,조준성,Chun-Sung Cho,Dankook University,의과대학,Plant Science,A5087051450,mailTo:babyface@dankook.ac.kr,0000-0001-6077-652X,verified,
P0611,최상규,Sang Gyu Choi,Dankook University,의과대학,"Radiology, Nuclear Medicine and Imaging",A5040001147,mailTo:lanslot2022@naver.com,0009-0000-0812-1569,probable,
P0612,최한주,Han Joo Choi,Dankook University,의과대학,Emergency Medicine,A5101555562,mailTo:iqtus@hanmail.net,0000-0002-5555-986X,probable,
P0613,강봉희,Bong-Hui Kang,Dankook University,의과대학,Neurology,A5073390569,mailTo:debora79@hanmail.net,0000-0001-6852-9507,verified,
P0614,김경민,,Dankook University,의과대학,,,mailTo:profuture@naver.com,0000-0002-1676-1264,verified,
P0616,김동욱,Dong-Wook Kim,Dankook University,의과대학,Hematology,A5101614868;A5080159173,mailTo:twdw82@gmail.com,0000-0002-3552-5988,verified,
P0617,김상윤,Sang Yoon Kim,Dankook University,의과대학,Surgery,A5100659335,mailTo:minipacs@dkuh.co.kr,0000-0001-9951-2505,verified,
P0618,김소미,So Mi Kim,Dankook University,의과대학,Nephrology,A5067680164,mailTo:zhidao79@naver.com,0000-0002-4240-9977,verified,
P0619,김형일,Hyung Il Kim,Dankook University,의과대학,Emergency Medicine,A5101657414,mailTo:hilovesjj@naver.com,0000-0002-2843-5597,verified,
P0620,남광우,Kwangwoo Nam,Dankook University,의과대학,Pulmonary and Respiratory Medicine,A5008907841;A5126976022,mailTo:12180213@dankook.ac.kr,0000-0003-3720-9820,verified,
P0621,마대성,Dae Sung Ma,Dankook University,의과대학,Surgery,A5047492582,mailTo:pegamu@naver.com,0000-0001-7521-3949,verified,
P0622,박효정,Hyojung Park,Dankook University,의과대학,Molecular Biology,A5101429938,mailTo:hj0714.park@gmail.com,0000-0002-1834-7446,probable,
P0623,유원상,Won Sang Yoo,Dankook University,의과대학,"Endocrinology, Diabetes and Metabolism",A5021543854,mailTo:smff03@daum.net,0000-0002-2314-4184,verified,
P0624,윤정호,Jung-Ho Yun,Dankook University,의과대학,Neurology,A5044575749,mailTo:tjburk@hanmail.net,0000-0003-4091-1346,verified,
P0625,이민영,Min Young Lee,Dankook University,의과대학,Sensory Systems,A5100430443;A5002011270;A5117538117,mailTo:eyeglass210@gmail.com,0000-0002-6860-8042,verified,
P0626,이정배,Jeongbae Rhie,Dankook University,의과대학,General Health Professions,A5038928349,mailTo:rhie76@gmail.com,0000-0002-2748-6835,verified,
P0627,정재우,Jaewoo Chung,Dankook University,의과대학,Neurology,A5000601276;A5140349559;A5134886160,mailTo:j.chung@dankook.ac.kr,0000-0002-3512-6610,verified,
P0628,최민정,Min Jeong Choi,Dankook University,의과대학,"Pediatrics, Perinatology and Child Health",A5076984115,mailTo:babiyong@hanmail.net,0000-0001-8941-3482,verified,
P0629,권혁찬,Hyeok Chan Kwon,Dankook University,의과대학,Pulmonary and Respiratory Medicine,A5053221115,mailTo:derui@naver.com,0000-0003-0641-5613,probable,
P0630,김길환,Kil Hwan Kim,Dankook University,의과대학,Hepatology,A5007088177,mailTo:kilhwankimgs@gmail.com,0000-0002-7841-4030,verified,
P0631,김성진,Sung Jin Kim,Dankook University,의과대학,Pulmonary and Respiratory Medicine,A5100458117,mailTo:150225@dkuh.co.kr,0000-0002-5609-0485,probable,
P0632,김용오,Yong Oh Kim,Dankook University,의과대학,Emergency Medicine,A5051156645,mailTo:yongoh@dkuh.co.kr,0000-0001-8713-0753,verified,
P0634,서유미,Yumi Seo,Dankook University,의과대학,Microbiology,A5101627483,mailTo:seoely@naver.com,0000-0001-8027-7170,verified,
P0635,신혜림,Hye‐Rim Shin,Dankook University,의과대학,Psychiatry and Mental health,A5023344952,mailTo:awindydayy@gmail.com,0000-0001-5861-2876,verified,
P0636,유신혁,Shin Hyuk Yoo,Dankook University,의과대학,Otorhinolaryngology,A5008220984,mailTo:shyoomd@gmail.com,0000-0002-5083-8720,verified,
P0637,이성철,Sungchul Lee,Dankook University,의과대학,Surgery,A5101893024,mailTo:leesc292513@naver.com,0000-0003-4335-1356,verified,
P0638,이용진,Yongjin Yi,Dankook University,의과대학,Nephrology,A5008764061,mailTo:yongjin.neph@gmail.com,0000-0001-8553-7189,verified,
P0639,장석빈,Sukbin Jang,Dankook University,의과대학,Infectious Diseases,A5056425634,mailTo:tarobiny@naver.com,0000-0003-4783-8110,verified,
P0640,전홍배,Hong Bae Jeon,Dankook University,의과대학,Surgery,A5067397204,mailTo:jeonhb110@dankook.ac.kr,0000-0003-2412-4537,verified,
P0641,정영학,Young Hak Chung,Dankook University,의과대학,Cardiology and Cardiovascular Medicine,A5075486942,mailTo:younghak2016@naver.com,0000-0003-3115-5585,verified,
P0642,정인호,In‐Ho Jung,Dankook University,의과대학,Epidemiology,A5037739784;A5121642789;A5134905646,mailTo:inhocence@dkuh.co.kr,0000-0002-4135-5743,verified,
P0643,조정래,Jung Rae Cho,Dankook University,의과대학,Oncology,A5013369311,mailTo:jungraechogs@gmail.com,0000-0003-4569-9479,probable,
P0644,최미수,Mi Soo Choi,Dankook University,의과대학,Urology,A5028288093,mailTo:misu2532@naver.com,0000-0002-5040-3102,verified,
P0645,노인섭,Insup Noh,Seoul National University of Science and Technology,화공생명공학과,Biomedical Engineering,A5077266712,https://che.seoultech.ac.kr/about_the_department/about_professor?togo=list&menu=1256&profidx=02261,0000-0003-0696-7768,verified,
P0646,유계상,Kye Sang Yoo,Seoul National University of Science and Technology,화공생명공학과,Catalysis,A5113780633,https://che.seoultech.ac.kr/about_the_department/about_professor?togo=list&menu=1256&profidx=02389,,probable,
P0647,박진원,Jin-won Park,Seoul National University of Science and Technology,화공생명공학과; 방사선의과학전공,Electrical and Electronic Engineering,A5103439612,https://che.seoultech.ac.kr/about_the_department/about_professor?togo=list&menu=1256&profidx=02420,0009-0001-4317-4188,verified,
P0648,구형준,Hyung-Jun Koo,Seoul National University of Science and Technology,화공생명공학과,Biomedical Engineering,A5009922751,https://che.seoultech.ac.kr/about_the_department/about_professor?togo=list&menu=1256&profidx=02494,0000-0001-6804-741X,verified,
P0649,이은호,Eunho Lee,Seoul National University of Science and Technology,화공생명공학과,Electrical and Electronic Engineering,A5045697950;A5134554746;A5127714340;A5140587686,https://che.seoultech.ac.kr/about_the_department/about_professor?togo=list&menu=1256&profidx=02697,0000-0002-8564-6999,verified,
P0650,박성희,Sung Hee Park,Seoul National University of Science and Technology,식품생명공학과,Biotechnology,A5086310135,https://food.seoultech.ac.kr/department/prof?togo=list&menu=2049&profidx=02553,0000-0002-2755-2863,verified,
P0651,공민석,Minsuk Kong,Seoul National University of Science and Technology,식품생명공학과; 나노바이오융합공학과,Ecology,A5064277560,https://food.seoultech.ac.kr/department/prof?togo=list&menu=2049&profidx=02570,0000-0002-6876-4520,probable,
P0652,서승오,Seung‐Oh Seo,Seoul National University of Science and Technology,식품생명공학과,Molecular Biology,A5034381298,http://www.drsoslab.com,0000-0002-3961-9607,verified,
P0654,유현종,Hyunjong Yu,Seoul National University of Science and Technology,식품생명공학과,Molecular Biology,A5029762059,https://food.seoultech.ac.kr/department/prof?togo=list&menu=2049&profidx=02750,0000-0002-5650-8116,verified,
P0655,노혜란,Hyeran Noh,Seoul National University of Science and Technology,바이오메디컬학과; 방사선의과학전공,"Public Health, Environmental and Occupational Health",A5001847266;A5123962558,https://bms.seoultech.ac.kr/intro/professors?togo=list&menu=78647&profidx=02433,0000-0003-4667-6754,verified,
P0656,최문성,Moonsung Choi,Seoul National University of Science and Technology,바이오메디컬학과,Molecular Biology,A5056578032,https://bms.seoultech.ac.kr/intro/professors?togo=list&menu=78647&profidx=02482,0000-0002-5728-5364,probable,
P0657,김환,Hwan Drew Kim,Seoul National University of Science and Technology,바이오메디컬학과; 방사선의과학전공,Biomedical Engineering,A5053060509;A5140719480,https://bms.seoultech.ac.kr/intro/professors?togo=list&menu=78647&profidx=02727,0000-0001-7656-9920,verified,
P0658,조현우,Hyun Woo Cho,Seoul National University of Science and Technology,방사선의과학전공,Molecular Biology,A5101525821,https://medsci.seoultech.ac.kr/graduate/professor?togo=list&menu=78095&profidx=02615,0009-0009-4848-8475,probable,
P0659,김승겸,Seung Kyum Kim,Seoul National University of Science and Technology,방사선의과학전공,Genetics,A5076521188,https://medsci.seoultech.ac.kr/graduate/professor?togo=list&menu=78095&profidx=02554,0000-0002-1708-9393,verified,
P0660,정익재,Ik-jae Chung,Seoul National University of Science and Technology,방사선의과학전공,Transportation,A5068385486,https://medsci.seoultech.ac.kr/graduate/professor?togo=list&menu=78095&profidx=02185,0009-0003-3331-2684,verified,
P0662,김관래,Kwanlae Kim,Seoul National University of Science and Technology,나노바이오융합공학과,Biomedical Engineering,A5084090937;A5125511850;A5128344972,https://gsp.seoultech.ac.kr/d_information/f_time/nbio/professor?togo=list&menu=75954&profidx=02540,0000-0003-1012-3672,verified,
P0663,김성권,,Seoul National University of Science and Technology,글로벌철도시스템학과(계약학과),,,https://railway.seoultech.ac.kr/info/sys/prof?togo=list&menu=8904&profidx=02400,0009-0009-1890-6162,verified,
P0664,이동진,Dong‐Jin Lee,Seoul National University of Science and Technology,글로벌철도시스템학과(계약학과),Aerospace Engineering,A5100436332;A5109613633;A5137930814,https://sites.google.com/view/seoultech-raiselab/home,0000-0003-3135-869X,verified,
P0665,이영균,Youngkyun Lee,Kyungpook National University,경조직-바이오치아재생연구소,Molecular Biology,A5102818065,https://home.knu.ac.kr/HOME/ihbr/sub.htm?nav_code=ihb1656463679,0000-0001-9049-6908,verified,
P0666,하정홍,Jung‐Hong Ha,Kyungpook National University,경조직-바이오치아재생연구소,Oral Surgery,A5009905509,https://home.knu.ac.kr/HOME/ihbr/sub.htm?nav_code=ihb1656463679,0000-0002-0469-4324,verified,
P0667,안창현,Chang Hyeon Ahn,Kyungpook National University,경조직-바이오치아재생연구소,Cellular and Molecular Neuroscience,A5013180075,https://home.knu.ac.kr/HOME/ihbr/sub.htm?nav_code=ihb1656463679,,probable,
P0668,권영은,Young-Eun Kwon,Kyungpook National University,경조직-바이오치아재생연구소,Oral Surgery,A5058334295,https://home.knu.ac.kr/HOME/ihbr/sub.htm?nav_code=ihb1656463679,0000-0001-5795-6968,verified,
P0669,이원하,Won-Ha Lee,Kyungpook National University,생명공학부,Neurology,A5077515720;A5121976132,http://biotech.knu.ac.kr/bbs/board.php?bo_table=sub2_1&wr_id=5,0000-0001-9069-1367,verified,
P0670,이상규,Sang-Gyu Lee,Kyungpook National University,생명공학부,Hematology,A5001019600,http://biotech.knu.ac.kr/bbs/board.php?bo_table=sub2_1&wr_id=8,0000-0002-5038-6891,probable,
P0671,정선요,Sun-Yo Jung,Kyungpook National University,생명공학부,Molecular Biology,A5062804646,http://biotech.knu.ac.kr/bbs/board.php?bo_table=sub2_1&wr_id=9,0000-0001-6166-9726,verified,
P0672,김상룡,Sang Ryong Kim,Kyungpook National University,생명공학부,,,http://biotech.knu.ac.kr/bbs/board.php?bo_table=sub2_1&wr_id=11,0000-0002-2767-940X,verified,
P0673,조동형,Dong-Hyung Cho,Kyungpook National University,생명공학부,Epidemiology,A5082376747,http://biotech.knu.ac.kr/bbs/board.php?bo_table=sub2_1&wr_id=13,0000-0002-8859-0310,verified,
P0674,류홍열,Hong-Yeoul Ryu,Kyungpook National University,생명공학부,Molecular Biology,A5077533501,http://biotech.knu.ac.kr/bbs/board.php?bo_table=sub2_1&wr_id=14,0000-0002-3367-9887,probable,
P0675,염은별,Eunbyul Yeom,Kyungpook National University,생명공학부,Epidemiology,A5102719726,http://biotech.knu.ac.kr/bbs/board.php?bo_table=sub2_1&wr_id=16,0009-0001-5926-1227,verified,
P0676,김사현,Sa-Hyun Kim,Kyungpook National University,생명공학부,Surgery,A5002391204,http://biotech.knu.ac.kr/bbs/board.php?bo_table=sub2_1&wr_id=17,0000-0003-3910-4838,verified,
P0677,김기범,Kee-Beom Kim,Kyungpook National University,생명공학부,Oncology,A5000762926,http://biotech.knu.ac.kr/bbs/board.php?bo_table=sub2_1&wr_id=18,0000-0003-0132-8924,probable,
P0678,이준영,Jun-Yeong Lee,Kyungpook National University,생명공학부,Food Science,A5026197268,http://biotech.knu.ac.kr/bbs/board.php?bo_table=sub2_1&wr_id=19,0000-0002-4342-1863,verified,
P0679,유지승,Ji-Seung Yoo,Kyungpook National University,생명공학부,Immunology,A5085347409,http://biotech.knu.ac.kr/bbs/board.php?bo_table=sub2_1&wr_id=20,0000-0002-3708-8240,verified,
P0680,강현주,Hyunju Kang,Kyungpook National University,경북대학교 농업생명과학대학 식품공학부,Geriatrics and Gerontology,A5087538716;A5138068588,https://foodbio.knu.ac.kr/HOME/foodbio/sub.htm?nav_code=foo1623153979,0000-0002-6061-2928,verified,
P0681,김수린,Soo Rin Kim,Kyungpook National University,경북대학교 농업생명과학대학 식품공학부,Biomedical Engineering,A5009440229;A5134717932,https://sites.google.com/site/kimlabknu/,0000-0001-5855-643X,verified,
P0682,박희수,Hee-Soo Park,Kyungpook National University,경북대학교 농업생명과학대학 식품공학부,Plant Science,A5090627749;A5126605158,https://fmg.knu.ac.kr/,0000-0003-4303-9418,verified,
P0683,이새벽,Sae-Byuk Lee,Kyungpook National University,경북대학교 농업생명과학대학 식품공학부,Food Science,A5044833755,https://fmbl.knu.ac.kr/,0000-0001-5815-7666,probable,
P0684,정성근,Sung Keun Jung,Kyungpook National University,경북대학교 농업생명과학대학 식품공학부,Molecular Biology,A5075153617,https://skjung05.wixsite.com/knu-lab,0000-0002-0956-7367,verified,
P0685,정영훈,Young Hoon Jung,Kyungpook National University,경북대학교 농업생명과학대학 식품공학부,Organic Chemistry,A5025865564,https://www.instagram.com/kfbe_2016/?igsh=OGQ5ZDc2ODk2ZA%3D%3D,0000-0002-0781-3608,verified,
P0686,정우식,Woo Sik Jeong,Kyungpook National University,경북대학교 농업생명과학대학 식품공학부,Biochemistry,A5091034884;A5140868797,https://foodchemlab.knu.ac.kr/,0000-0002-7717-3626,verified,
P0687,조영제,Young-Je Cho,Kyungpook National University,경북대학교 농업생명과학대학 식품공학부,Food Science,A5087022737;A5128654941;A5136399904,https://foodbio.knu.ac.kr/HOME/foodbio/sub.htm?nav_code=foo1623153979,0000-0002-2365-6294,verified,
P0688,최덕영,Deok-Yeong Choe,Kyungpook National University,경북대학교 농업생명과학대학 식품공학부,Biotechnology,A5023751901,https://fobichen.knu.ac.kr/,0000-0001-7432-7688,verified,
P0689,강건욱,Keon Wook Kang,Seoul National University,College of Pharmacy,약물학,,https://snupharm.snu.ac.kr/%EA%B5%90%EC%88%98%EC%A7%84/,0000-0003-2867-8940,verified,
P0690,김대덕,Dae-Duk Kim,Seoul National University,College of Pharmacy,약제과학,,https://ddkim.snu.ac.kr/,,,
P0691,김상희,Sanghee Kim,Seoul National University,College of Pharmacy,약화학,,https://skim.snu.ac.kr/,0000-0001-9125-9541,verified,
P0692,김은경,E. Euni Lee,Seoul National University,College of Pharmacy,Pharmaceutical Science,,https://snupharm.snu.ac.kr/%EA%B5%90%EC%88%98%EC%A7%84/,,,
P0693,김찬혁,Chan Hyuk Kim,Seoul National University,College of Pharmacy,합성면역학 / 면역치료,,https://klit.snu.ac.kr/,,,
P0694,마크디더리치,Marc Diederich,Seoul National University,College of Pharmacy,생화학(분자종양생물학),,https://diederich.snu.ac.kr/,0000-0003-0115-4725,verified,
P0695,박성규,Sung-Gyoo Park,Seoul National University,College of Pharmacy,미생물 및 면역학,,https://m2ilab.snu.ac.kr/,,,
P0696,박성혁,Sunghyouk Park,Seoul National University,College of Pharmacy,대사단백체 시스템생물학/천연물과학,,https://sparklab.snu.ac.kr/,0000-0003-1981-3274,verified,
P0697,백두산,Du-San Baek,Seoul National University,College of Pharmacy,항체 / 단백질 공학,,https://snupharm.snu.ac.kr/%EA%B5%90%EC%88%98%EC%A7%84/,,,
P0698,송준명,Joon Myong Song,Seoul National University,College of Pharmacy,분석약학,,https://jmsong.snu.ac.kr/,0000-0002-9896-5892,verified,
P0699,신민규,Min-Kyoo Shin,Seoul National University,College of Pharmacy,퇴행성뇌질환/노화,,https://snupharm.snu.ac.kr/%EA%B5%90%EC%88%98%EC%A7%84/,0000-0001-6697-3639,verified,
P0700,오동찬,Dong-Chan Oh,Seoul National University,College of Pharmacy,천연물과학,,https://snupharm.snu.ac.kr/%EA%B5%90%EC%88%98%EC%A7%84/,0000-0001-6405-5535,verified,
P0701,오유경,Yu-Kyoung Oh,Seoul National University,College of Pharmacy,물리약학,,https://ykoh.snu.ac.kr/,,,
P0702,이병훈,Byung Hoon Lee,Seoul National University,College of Pharmacy,예방약학,,https://bhlee.snu.ac.kr/,,,
P0703,이상국,Sang Kook Lee,Seoul National University,College of Pharmacy,천연물과학,,https://skleelab.wordpress.com/,0000-0002-4306-7024,verified,
P0704,이우인,WooIn Lee,Seoul National University,College of Pharmacy,약제학,,https://snupharm.snu.ac.kr/%EA%B5%90%EC%88%98%EC%A7%84/,0000-0001-7805-869X,verified,
P0705,이윤희,Yun Hee Lee,Seoul National University,College of Pharmacy,병태생리학,,https://yhllab.snu.ac.kr/,,,
P0706,이장익,Jangik Ike Lee,Seoul National University,College of Pharmacy,"규제과학, 임상약과학",,https://snupharm.snu.ac.kr/%EA%B5%90%EC%88%98%EC%A7%84/,0000-0002-5565-8323,verified,
P0707,이정원,Jung Weon Lee,Seoul National University,College of Pharmacy,약리학,,https://jwl.snu.ac.kr/,0000-0003-2722-8200,verified,
P0708,이주연,Lee Ju-Yeun,Seoul National University,College of Pharmacy,임상약학,,https://snupharm.snu.ac.kr/%EA%B5%90%EC%88%98%EC%A7%84/,,,
P0709,이주용,Juyong Lee,Seoul National University,College of Pharmacy,인공지능기반 신약개발/계산화학/계산생물학,,https://snupharm.snu.ac.kr/%EA%B5%90%EC%88%98%EC%A7%84/,0000-0003-1174-4358,verified,
P0710,이지연,Jeeyeon Lee,Seoul National University,College of Pharmacy,약품제조화학,,https://jyl.snu.ac.kr/,,,
P0711,이호영,Ho Young Lee,Seoul National University,College of Pharmacy,병태생리학,,https://hylee.snu.ac.kr/,0000-0001-7556-9312,verified,
P0712,정석재,Suk-Jae Chung,Seoul National University,College of Pharmacy,약제과학,,https://sukjae.snu.ac.kr/,,,
P0713,정연석,Yeonseok Chung,Seoul National University,College of Pharmacy,면역학,,https://immprove.snu.ac.kr/,,,
P0714,창동신,Tong-Shin Chang,Seoul National University,College of Pharmacy,"예방약학, 독성학",,http://molcelltoxicology.creatorlink.net/,0000-0003-4472-5436,verified,
P0715,한병우,Byung Woo Han,Seoul National University,College of Pharmacy,생화학 (구조생물학),,https://bwhan.snu.ac.kr/,,,
P0716,홍석창,Suckchang Hong,Seoul National University,College of Pharmacy,약품제조화학,,https://www.schong17.com/,,,
P0717,강종헌,,Seoul National University,Chemical and Biological Engineering,다공성소재 및 불균일촉매 합성 및 평가,,https://cbe.snu.ac.kr/cbe/pgm/professorMng/list.do?menuNo=300015&profCate=66,,,
P0718,김대형,,Seoul National University,Chemical and Biological Engineering,소프트 일렉트로닉스,,https://flextronics.snu.ac.kr/,0000-0002-4722-1893,probable,
P0719,김도희,,Seoul National University,Chemical and Biological Engineering,촉매 및 반응공학,,https://eecat.snu.ac.kr/,0000-0003-3870-1606,probable,
P0720,김소연,,Seoul National University,Chemical and Biological Engineering,고분자 및 콜로이드,,https://cbe.snu.ac.kr/cbe/pgm/professorMng/list.do?menuNo=300015&profCate=66,,,
P0721,김연상,,Seoul National University,Chemical and Biological Engineering,나노계면소재공정,,https://cbe.snu.ac.kr/cbe/pgm/professorMng/list.do?menuNo=300015&profCate=66,,,
P0722,김재정,,Seoul National University,Chemical and Biological Engineering,,,https://cbe.snu.ac.kr/cbe/pgm/professorMng/list.do?menuNo=300015&profCate=66,,,
P0723,김정욱,,Seoul National University,Chemical and Biological Engineering,고분자 의생명공학,,https://cbe.snu.ac.kr/cbe/pgm/professorMng/list.do?menuNo=300015&profCate=66,,,
P0724,김준원,,Seoul National University,Chemical and Biological Engineering,단백질/효소 공학 및 대사공학,,https://cbe.snu.ac.kr/cbe/pgm/professorMng/list.do?menuNo=300015&profCate=66,0000-0001-9964-0777,probable,
P0725,김지현,,Seoul National University,Chemical and Biological Engineering,반도체 공정,,https://cbe.snu.ac.kr/cbe/pgm/professorMng/list.do?menuNo=300015&profCate=66,,,
P0726,남재욱,,Seoul National University,Chemical and Biological Engineering,미세유체 및 코팅공정,,https://fluid.snu.ac.kr/,0000-0001-6821-461X,probable,
P0727,류재윤,,Seoul National University,Chemical and Biological Engineering,물리전기화학 및 무기화학,,https://cbe.snu.ac.kr/cbe/pgm/professorMng/list.do?menuNo=300015&profCate=66,,,
P0728,박정원,,Seoul National University,Chemical and Biological Engineering,물리화학 및 재료 물리,,https://cbe.snu.ac.kr/cbe/pgm/professorMng/list.do?menuNo=300015&profCate=66,,,
P0729,백승렬,,Seoul National University,Chemical and Biological Engineering,생화학,,https://cbe.snu.ac.kr/cbe/pgm/professorMng/list.do?menuNo=300015&profCate=66,,,
P0730,성영은,,Seoul National University,Chemical and Biological Engineering,전기화학에너지,,https://cbe.snu.ac.kr/cbe/pgm/professorMng/list.do?menuNo=300015&profCate=66,,,
P0731,안경현,Kyung Hyun Ahn,Seoul National University,Chemical and Biological Engineering,미세유변학,,https://cbe.snu.ac.kr/cbe/pgm/professorMng/list.do?menuNo=300015&profCate=66,,,
P0732,오준학,,Seoul National University,Chemical and Biological Engineering,고분자 재료 및 유기전자,,https://cbe.snu.ac.kr/cbe/pgm/professorMng/list.do?menuNo=300015&profCate=66,,,
P0733,유동원,,Seoul National University,Chemical and Biological Engineering,유기합성 및 분자공학,,https://cbe.snu.ac.kr/cbe/pgm/professorMng/list.do?menuNo=300015&profCate=66,,,
P0734,윤제용,,Seoul National University,Chemical and Biological Engineering,물환경에너지공학 및 기후에너지정책,,https://env.snu.ac.kr/,0000-0003-4455-3670,probable,
P0735,윤태준,,Seoul National University,Chemical and Biological Engineering,열역학 및 분리공정,,https://cbe.snu.ac.kr/cbe/pgm/professorMng/list.do?menuNo=300015&profCate=66,,,
P0736,이건희,,Seoul National University,Chemical and Biological Engineering,전기화학적 이산화탄소포집 및 전환,,https://cbe.snu.ac.kr/cbe/pgm/professorMng/list.do?menuNo=300015&profCate=66,,,
P0737,이규태,,Seoul National University,Chemical and Biological Engineering,전기화학에너지시스템,,http://electrochem.snu.ac.kr/,0000-0003-2769-3372,probable,
P0738,이원보,,Seoul National University,Chemical and Biological Engineering,나노재료이론 및 컴퓨터시뮬레이션,,https://tcsm.snu.ac.kr/,0000-0001-7801-083X,verified,
P0739,이종민,,Seoul National University,Chemical and Biological Engineering,공정시스템 및 에너지공정공학,,https://cbe.snu.ac.kr/cbe/pgm/professorMng/list.do?menuNo=300015&profCate=66,,,
P0740,이종찬,,Seoul National University,Chemical and Biological Engineering,고분자화학,,http://pcl.snu.ac.kr/,0000-0002-5587-1183,probable,
P0741,이창하,,Seoul National University,Chemical and Biological Engineering,환경공학,,https://cbe.snu.ac.kr/cbe/pgm/professorMng/list.do?menuNo=300015&profCate=66,,,
P0742,정유성,Yousung Jung,Seoul National University,Chemical and Biological Engineering,AI & Computational Chemistry,,https://micc.snu.ac.kr/,0000-0003-2615-8394,verified,
P0743,정인,In Chung,Seoul National University,Chemical and Biological Engineering,고체화학 / 재료설계,,http://inchung.snu.ac.kr/,0000-0001-6274-3369,verified,
P0744,최장욱,Jang Wook Choi,Seoul National University,Chemical and Biological Engineering,전기화학 및 에너지공학,,https://mest.snu.ac.kr/,0000-0001-8783-0901,verified,
P0745,한지숙,Ji-Sook Hahn,Seoul National University,Chemical and Biological Engineering,미생물공학 및 합성생물학,,https://cbe.snu.ac.kr/cbe/pgm/professorMng/list.do?menuNo=300015&profCate=66,,,
P0746,현택환,Taeghwan Hyeon,Seoul National University,Chemical and Biological Engineering,기능성 무기 나노소재,,https://nanomat.snu.ac.kr/,0000-0001-5959-6257,verified,
P0747,홍무선,Moo Sun Hong,Seoul National University,Chemical and Biological Engineering,공정시스템 및 첨단제조공정,,https://cbe.snu.ac.kr/cbe/pgm/professorMng/list.do?menuNo=300015&profCate=66,0000-0003-2274-5030,verified,
P0748,황석연,,Seoul National University,Chemical and Biological Engineering,생체모사 소재 및 줄기세포공학,,http://bmsce.snu.ac.kr/,0000-0003-3735-7727,verified,
P0749,강찬희,Chanhee Kang,Seoul National University,School of Biological Sciences,스트레스 반응 및 노화,,http://biosci.snu.ac.kr/kanglab,0000-0003-4350-5706,verified,
P0750,고준석,Junseock Koh,Seoul National University,School of Biological Sciences,생물리화학,,https://biosci.snu.ac.kr/jkoh,0000-0002-2920-2656,verified,
P0751,공영윤,Young-Yun Kong,Seoul National University,School of Biological Sciences,발생 및 질환 모델,,http://biosci.snu.ac.kr/labdnd,0000-0001-7335-3729,verified,
P0752,김빛내리,V. Narry Kim,Seoul National University,School of Biological Sciences,RNA유전체학,,https://narrykim.org/ko/,0000-0002-3213-4965,verified,
P0753,김재범,Jae Bum Kim,Seoul National University,School of Biological Sciences,지방세포 및 에너지대사,,http://biosci.snu.ac.kr/lamr,0000-0003-2337-6935,verified,
P0754,김종서,Jong-Seo Kim,Seoul National University,School of Biological Sciences,"단백체학, 생분자질량분석",,https://biosci.snu.ac.kr/proteomics/,0000-0002-8909-8440,verified,
P0755,김진홍,Jin-Hong Kim,Seoul National University,School of Biological Sciences,분자재생의학,,https://www.mrmlab.org/,0000-0002-6480-1929,verified,
P0756,김현아,Joy Kim,Seoul National University,School of Biological Sciences,막생물학,,http://biosci.snu.ac.kr/joykim,,,
P0757,김형,Hyoung Kim,Seoul National University,School of Biological Sciences,인지신경과학,,https://cocila.net,,,
P0758,노성훈,Soung-hun Roh,Seoul National University,School of Biological Sciences,Cryo-EM 분자 이미징,,http://snucryoem.creatorlink.net,0000-0003-3851-7200,verified,
P0759,노유선,Yoo-Sun Noh,Seoul National University,School of Biological Sciences,식물 에피유전학,,http://biosci.snu.ac.kr/ysnoh,,,
P0760,라젠드라 카르키,Rajendra Karki,Seoul National University,School of Biological Sciences,면역학,,http://www.karkilab.com/,,,
P0761,마틴 슈타이네거,Martin Steinegger,Seoul National University,School of Biological Sciences,생물정보학,,https://steineggerlab.com,0000-0001-8781-9753,verified,
P0762,박상우,Sang Woo Park,Seoul National University,School of Biological Sciences,감염병모델링,,https://parklab-snu.github.io,,,
P0763,박주홍,Joo-Hong Park,Seoul National University,School of Biological Sciences,"생체-마이크로바이옴 상호작용, 점막면역",,http://biosci.snu.ac.kr/symbio,0000-0003-0647-6416,verified,
P0764,백대현,Daehyun Baek,Seoul National University,School of Biological Sciences,"생물정보학, 전산생물학",,https://biosci.snu.ac.kr/AIinBiomedicine,,,
P0765,백민경,Minkyung Baek,Seoul National University,School of Biological Sciences,계산생물학,,https://biosci.snu.ac.kr/cssb,,,
P0766,백성희,Sung Hee Baek,Seoul National University,School of Biological Sciences,분자세포유전학,,http://biosci.snu.ac.kr/sbaek,,,
P0767,석영재,Yeong-Jae Seok,Seoul National University,School of Biological Sciences,미생물생리학,,http://biosci.snu.ac.kr/lomp,0000-0003-0379-3619,verified,
P0768,설재홍,Jae Hong Seol,Seoul National University,School of Biological Sciences,세포생화학,,http://biosci.snu.ac.kr/jhseol,,,
P0769,신근유,Kunyoo Shin,Seoul National University,School of Biological Sciences,"줄기세포, 암생물학, 신경생물학",,https://www.shinlaboratory.net/,,,
P0770,신승관,Seunggwan Shin,Seoul National University,School of Biological Sciences,진화계통유전체학,,http://biosci.snu.ac.kr/phylogenomics,0000-0002-4258-8661,verified,
P0771,신혜영,Hyeyoung Shin,Seoul National University,School of Biological Sciences,신경생물학,,https://biosci.snu.ac.kr/neuroshin,,,
P0772,심지원,Jiwon Shim,Seoul National University,School of Biological Sciences,"발생학 및 유전학, 생리학",,https://shim.snu.ac.kr/,,,
P0773,안광석,Kwangseog Ahn,Seoul National University,School of Biological Sciences,바이러스면역학,,http://biosci.snu.ac.kr/ksahn,,,
P0774,윤태영,Tae-Young Yoon,Seoul National University,School of Biological Sciences,생물물리학,,https://yoonlab-snu.net/,,,
P0775,이원재,Won-Jae Lee,Seoul National University,School of Biological Sciences,생체-세균 상호작용,,https://biosci.snu.ac.kr/people/faculty,,,
P0776,이유리,Yuree Lee,Seoul National University,School of Biological Sciences,식물세포생물학,,http://biosci.snu.ac.kr/pcb,0000-0002-4663-6974,verified,
P0777,이은주,Eun Ju Lee,Seoul National University,School of Biological Sciences,식물생태학,,http://biosci.snu.ac.kr/plantecology,,,
P0778,이일하,Ilha Lee,Seoul National University,School of Biological Sciences,식물발달유전학,,https://biosci.snu.ac.kr/ilhalee,0000-0002-3516-4326,verified,
P0779,이준호,Junho Lee,Seoul National University,School of Biological Sciences,유전학 및 발생학,,http://biosci.snu.ac.kr/elegans,,,
P0780,이지영,Ji-Young Lee,Seoul National University,School of Biological Sciences,식물발달/유전/유전체,,http://biosci.snu.ac.kr/jiyounglee,,,
P0781,이현숙,Hyunsook Lee,Seoul National University,School of Biological Sciences,암세포생물학,,http://biosci.snu.ac.kr/hyunlee,,,
P0782,이홍균,Hong-Gyun Lee,Seoul National University,School of Biological Sciences,"면역학, 신경면역학",,https://www.nimlabsnu.com/,,,
P0783,임영운,Young Woon Lim,Seoul National University,School of Biological Sciences,균계통학,,http://biosci.snu.ac.kr/limsfep,0000-0003-2864-3449,verified,
P0784,장원열,Wonyul Jang,Seoul National University,School of Biological Sciences,세포 생물학,,https://www.wjanglab.org,,,
P0785,장혜식,Hyeshik Chang,Seoul National University,School of Biological Sciences,생물정보학,,https://qbio.io/,0000-0002-9812-8015,verified,
P0786,정종경,Jongkyeong Chung,Seoul National University,School of Biological Sciences,"세포생물학, 분자생물학, 유전학, 세포신호전달",,http://biosci.snu.ac.kr/jkchung,,,
P0787,정충원,Choongwon Jeong,Seoul National University,School of Biological Sciences,집단유전학,,http://biosci.snu.ac.kr/jeongpopgen,,,
P0788,조형택,Hyung-Taeg Cho,Seoul National University,School of Biological Sciences,세포분화학,,http://biosci.snu.ac.kr/hair,,,
P0789,주용성,Youngsung Joo,Seoul National University,School of Biological Sciences,생태학,,https://jooandlee-eco.weebly.com/,,,
P0790,최명환,Myunghwan Choi,Seoul National University,School of Biological Sciences,"뇌과학, 뇌공학, 미각",,https://biosci.snu.ac.kr/neurophoton,,,
P0791,최석우,Sukwoo Choi,Seoul National University,School of Biological Sciences,신경생리학,,http://neurophysiol.snu.ac.kr/,,,
P0792,최성화,Sunghwa Choe,Seoul National University,School of Biological Sciences,유전체 편집,,http://biosci.snu.ac.kr/plant,,,
P0793,최연희,Yeonhee Choi,Seoul National University,School of Biological Sciences,식물배발생유전학,,http://biosci.snu.ac.kr/yhchoi,,,
P0794,최희정,Hee-Jung Choi,Seoul National University,School of Biological Sciences,구조생물학,,http://biosci.snu.ac.kr/strucbio,,,
P0795,허원기,Won-Ki Huh,Seoul National University,School of Biological Sciences,분자세포단백체학,,http://biosci.snu.ac.kr/teamhuh,,,
P0796,현유봉,Youbong Hyun,Seoul National University,School of Biological Sciences,유전체 기능 분화 및 시스템 진화,,http://biosci.snu.ac.kr/hyunlab,0000-0002-9421-7061,verified,
P0797,황대희,Daehee Hwang,Seoul National University,School of Biological Sciences,시스템생물학,,https://biosci.snu.ac.kr/sbm,,,
P0798,황수석,Soo Seok Hwang,Seoul National University,School of Biological Sciences,"면역학, 분자생물학, 세포생물학",,https://sites.google.com/view/ymib,,,
P0799,박성규,Song-kyu Park,Korea University,College of Pharmacy,약물학/분자약리,,https://pharm.korea.ac.kr/faculty/8670/subview.do,,,
P0800,이기호,Ki-Ho Lee,Korea University,College of Pharmacy,약물대사/약동학,,https://pharm.korea.ac.kr/ipstr/7283/subview.do,,,
P0801,변영주,Young-Joo Byun,Korea University,College of Pharmacy,의약화학/분자이미징,,https://medchem.korea.ac.kr,0000-0002-0297-7734,verified,
P0802,이은희,Eun-Hee Lee,Korea University,College of Pharmacy,약제학,,https://ppri.korea.ac.kr/ipstr/7282/subview.do,,,
P0803,김정기,Jung Ki Kim,Korea University,College of Pharmacy,약품미생물학/바이러스학,,https://pharm.korea.ac.kr/faculty/8670/subview.do,,,
P0804,이기용,Ki-Yong Lee,Korea University,College of Pharmacy,생약학,,https://phytolab.korea.ac.kr/phytolab/7049/subview.do,0000-0002-6191-4485,verified,
P0805,최수안,Su A Choi,Korea University,College of Pharmacy,임상약학,,https://pharm.korea.ac.kr/faculty/8670/subview.do,,,
P0806,이재우,Jae Woo Lee,Korea University,College of Pharmacy,물리약학/약물전달체계,,https://pharm.korea.ac.kr/faculty/8670/subview.do,,,
P0807,한상훈,Sang Hoon Han,Korea University,College of Pharmacy,약품합성학/의약화학,,https://sites.google.com/korea.ac.kr/hanlab/home,0000-0002-2016-354X,verified,
P0808,안동준,Dong June Ahn,Korea University,Chemical and Biological Engineering,Interfacial Engineering / Nanobiomedicine Technology,,https://www.figlab2015.com/,,,
P0809,백세웅,Se-Woong Baek,Korea University,Chemical and Biological Engineering,Colloidal quantum dots / Optoelectronics / Energy conversion,,http://opel.xehub.net/,,,
P0810,방준하,Joona Bang,Korea University,Chemical and Biological Engineering,Polymer Engineering,,https://nanopolymer.korea.ac.kr/,0000-0002-2301-6190,verified,
P0811,봉기완,Ki Wan Bong,Korea University,Chemical and Biological Engineering,Microfluidics / Biopolymers,,https://www.bongresearchgroup.kr/,0000-0001-5026-0757,verified,
P0812,조진한,Jinhan Cho,Korea University,Chemical and Biological Engineering,Nano Materials and Ultrathin Functional Films,,https://uflab.korea.ac.kr/,,,
P0813,최정규,Jungkyu Choi,Korea University,Chemical and Biological Engineering,Separation/Transfer and Reaction Engineering,,https://imsr.korea.ac.kr/,0000-0003-1137-4799,verified,
P0814,정윤장,Yoon Jang Chung,Korea University,Chemical and Biological Engineering,Quantum material / Semiconductor thin films and devices,,https://sites.google.com,,,
P0815,하정숙,Jeong Sook Ha,Korea University,Chemical and Biological Engineering,Flexible/Stretchable Devices,,https://surfnano.korea.ac.kr/,,,
P0816,허준,June Huh,Korea University,Chemical and Biological Engineering,Soft Matter / Molecular Simulation and Theory,,https://mol-simulatica.korea.ac.kr/,,,
P0817,임상혁,Sang Hyuk Im,Korea University,Chemical and Biological Engineering,Next-generation solar cells / Nano energy convergence system,,https://necs.korea.ac.kr/,,,
P0818,정현욱,Hyun Wook Jung,Korea University,Chemical and Biological Engineering,Rheology / Rheological Processes / Dynamics of Complex Fluids,,http://cfel.korea.ac.kr/,0000-0001-8395-2573,verified,
P0819,강정원,Jeong Won Kang,Korea University,Chemical and Biological Engineering,Thermodynamics / Molecular Modeling,,http://cbemdl.com/,,,
P0820,곽상규,Sang Kyu Kwak,Korea University,Chemical and Biological Engineering,Multiscale Molecular Modeling and Simulation / Thermodynamics,,http://kmsl.korea.ac.kr/,0000-0002-0332-1534,verified,
P0821,김중배,Jungbae Kim,Korea University,Chemical and Biological Engineering,Nanobiocatalysis,,http://nbc.korea.ac.kr/,,,
P0822,이지원,Jeewon Lee,Korea University,Chemical and Biological Engineering,Biotechnology / Bioengineering,,https://bmel.korea.ac.kr/,0000-0001-7712-3373,verified,
P0823,이정현,Jung-Hyun Lee,Korea University,Chemical and Biological Engineering,"Thin Films, Membranes and Composites",,https://seml.korea.ac.kr/,0000-0002-9662-1703,verified,
P0824,이기봉,Ki Bong Lee,Korea University,Chemical and Biological Engineering,Separation Process for Energy and Environment,,https://kueempl.com/,0000-0001-9020-8646,verified,
P0825,문준혁,Jun Hyuk Moon,Korea University,Chemical and Biological Engineering,Battery / Electrocatalysis / 3D Photolithography,,http://moonlab.korea.ac.kr/,,,
P0826,오민규,Min-Kyu Oh,Korea University,Chemical and Biological Engineering,Metabolic Engineering / Bio-based Chemical Technology,,https://faculty.korea.ac.kr,,,
P0827,노인수,Insoo Ro,Korea University,Chemical and Biological Engineering,Catalyst Design / Reaction Engineering / Data-Driven Catalysis,,https://catalyst.korea.ac.kr/,,,
P0828,송광호,Kwang Ho Song,Korea University,Chemical and Biological Engineering,Reaction Engineering,,https://microche.korea.ac.kr,,,
P0829,심상준,Sang Jun Sim,Korea University,Chemical and Biological Engineering,Bioenergy / Biosensor,,https://nanobiotec.korea.ac.kr/,0000-0003-1045-0286,verified,
P0830,원왕연,Wangyun Won,Korea University,Chemical and Biological Engineering,Process Systems Engineering for Sustainable Energy and Environment,,https://sites.google.com,0000-0003-1072-9842,verified,
P0831,양동수,Dongsoo Yang,Korea University,Chemical and Biological Engineering,Synthetic Biology / Enzyme Engineering,,https://yanglaboratory.com/,0000-0002-0299-3128,verified,
P0832,유승호,Seung-Ho Yu,Korea University,Chemical and Biological Engineering,Electrochemical Energy Storage and Conversion,,https://yu.korea.ac.kr/,0000-0003-4833-3181,verified,
P0833,,Shuangjun Li,Korea University,Chemical and Biological Engineering,Adsorption Thermodynamics / Carbon Capture and Utilization / Gas Adsorption,,https://cbe.korea.ac.kr/wp/professor/,,,
P0834,고영규,Young-Gyu Ko,Korea University,School of Life Sciences,세포생물학,,http://faculty.korea.ac.kr/kufaculty/ygko/index.do,,,
P0835,고제상,Je Sang Ko,Korea University,School of Life Sciences,분자세포생물학,,http://faculty.korea.ac.kr/kufaculty/ICCB/index.do,,,
P0836,구만복,Man Bock Gu,Korea University,School of Life Sciences,바이오센서 / 바이오칩,,http://bbtl.narun.net/,0000-0001-5153-5417,verified,
P0837,구승회,Seung-Hoi Koo,Korea University,School of Life Sciences,세포신호전달 및 전사조절,,http://metabolism.korea.ac.kr/,,,
P0838,김기락,,Korea University,School of Life Sciences,면역생리학,,https://sites.google.com/view/nip-lab/,,,
P0839,김옥매,Ohkmae Kim Park,Korea University,School of Life Sciences,식물분자생물학,,http://www.pdslll.x-y.net/xe/,,,
P0840,김충호,Chungho Kim,Korea University,School of Life Sciences,기질생물학,,http://matrixbio.korea.ac.kr/,,,
P0841,김태성,Tae Sung Kim,Korea University,School of Life Sciences,종양면역학,,http://faculty.korea.ac.kr/kufaculty/immunomicslab/index.do,,,
P0842,박세호,Seho Park,Korea University,School of Life Sciences,분자생물 / 면역학,,http://faculty.korea.ac.kr/MILKU/,,,
P0843,백자현,Ja-Hyun Baik,Korea University,School of Life Sciences,분자신경생물학,,http://faculty.korea.ac.kr/kufaculty/Molecular-Neurobiology/index.do,,,
P0844,송현규,Hyun Kyu Song,Korea University,School of Life Sciences,구조생물학,,http://song.korea.ac.kr/,,,
P0845,오은규,Eunkyoo Oh,Korea University,School of Life Sciences,식물환경상호작용,,https://matins81.wixsite.com/plant,0000-0002-7313-2448,verified,
P0846,유은애,,Korea University,School of Life Sciences,종양생물학,,https://sites.google.com/korea.ac.kr/timelab,,,
P0847,윤봉준,Bongjune Yoon,Korea University,School of Life Sciences,신경생물학,,http://faculty.korea.ac.kr/kufaculty/neurosci/index.do,,,
P0848,윤철원,Cheol-Won Yun,Korea University,School of Life Sciences,분자미생물학,,https://ls.korea.ac.kr/ls/professor/professor.do,0000-0002-0697-4768,verified,
P0849,이은진,Eun-Jin Lee,Korea University,School of Life Sciences,미생물유전학 / 미생물-숙주상호작용,,http://faculty.korea.ac.kr/microbialgenetics,,,
P0850,이창욱,,Korea University,School of Life Sciences,단백질 구조 / 생화학 / 신약개발,,https://sites.google.com/site/changwooklab/,,,
P0851,이헌상,Hunsang Lee,Korea University,School of Life Sciences,시스템생물학 / 막생물학,,http://hleelab.korea.ac.kr,0000-0003-2267-9854,verified,
P0852,이효준,,Korea University,School of Life Sciences,식물분자생물학 / 식물생리학,,https://www.plantregen.com,,,
P0853,임경태,,Korea University,School of Life Sciences,줄기세포 / 발생생물학,,https://sites.google.com/view/kt-lab-lung-development,,,
P0854,조명현,,Korea University,School of Life Sciences,단일분자 생물물리학,,https://jolab.korea.ac.kr/,,,
P0855,지성길,Sung-Gil Chi,Korea University,School of Life Sciences,분자종양유전학,,http://wizard.korea.ac.kr/user/indexSub.action?codyMenuSeq=1442362&siteId=kufaculty&menuType=T&uId=4&sortChar=AAV&menuFrame=left&linkUrl=4_1-21.html&mainFrame=right,0000-0003-4643-9003,verified,
P0856,지성욱,Sung Wook Chi,Korea University,School of Life Sciences,유전체학,,http://ion.korea.ac.kr/mcgl/Home.html,,,
P0857,최태수,,Korea University,School of Life Sciences,생물리화학,,https://sites.google.com/view/tsclab,,,
P0858,최해웅,Hae Woong Choi,Korea University,School of Life Sciences,감염면역학,,http://faculty.korea.ac.kr/ibp,0000-0001-9372-1875,verified,
P0859,홍정호,Jeong-Ho Hong,Korea University,School of Life Sciences,줄기세포 및 세포치료,,http://faculty.korea.ac.kr/kufaculty/jh_hong/index.do,,,
P0860,황철상,,Korea University,School of Life Sciences,단백질항상성 / 휴먼질환 / 신약개발,,https://cshwanglab.wixsite.com/homepage,,,
P0861,,Daniel Park,Korea University,School of Life Sciences,식물다양성 / 생태 / 진화,,https://www.bio.purdue.edu/lab/park/people.html,,,
P0862,강혜영,Hye-Young Kang,Yonsei University,College of Pharmacy,Clinical Pharmacy / Pharmacoepidemiology,,,,verified,
P0863,김국래,Kuk-Rae Kim,Yonsei University,College of Pharmacy,Pharmaceutical Sciences,,,,verified,
P0864,김동윤,Dongyoon Kim,Yonsei University,College of Pharmacy,Pharmaceutical Biotechnology,,,,verified,
P0865,김익연,Ik-Yon Kim,Yonsei University,College of Pharmacy,Medicinal Chemistry,,,,verified,
P0866,남궁완,Wan Namkung,Yonsei University,College of Pharmacy,Pharmacology,,,,verified,
P0867,남호정,Hojung Nam,Yonsei University,College of Pharmacy,Bioinformatics / AI Drug Discovery,,,,verified,
P0868,이진우,Jinu Lee,Yonsei University,College of Pharmacy,Pharmaceutical Sciences,,,,verified,
P0869,강혜진,Hyejin Kang,Yonsei University,Department of Biotechnology,Cell Signaling / Molecular Pharmacology,,https://www.cellsignalingandmolecularpharmacologylab.com/,,verified,
P0870,권호정,Ho Jeong Kwon,Yonsei University,Department of Biotechnology,Chemical Genomics / Drug Discovery,,http://www.kwoncglab.com/,,verified,
P0871,노영훈,Young-Hoon Rho,Yonsei University,Department of Biotechnology,DNA / Genome Engineering,,http://www.dnarohlab.com/,,verified,
P0872,반용선,Yong-Sun Bahn,Yonsei University,Department of Biotechnology,Fungal Pathogenesis / Systems Biology,,http://www.bahnlab.com/,,verified,
P0873,변상균,Sang-Gyun Byun,Yonsei University,Department of Biotechnology,Microbial Functional Engineering,,https://byunlab.wixsite.com/mfel/,,verified,
P0874,신용,Yong Shin,Yonsei University,Department of Biotechnology,Liquid Biopsy / Precision Medicine,,https://shinyongno12.wixsite.com/hd2rl-yonsei,,verified,
P0875,신종식,Jong-Sik Shin,Yonsei University,Department of Biotechnology,Biotechnology / Biocatalysis,,https://jsshinlab.yonsei.ac.kr,,verified,
P0876,오종원,Jong-Won Oh,Yonsei University,Department of Biotechnology,Virology / Viral Genomics,,http://viromics.co.kr/,,verified,
P0877,이동우,Dong-Woo Lee,Yonsei University,Department of Biotechnology,Microbial Biotechnology,,http://www.leehicam.com/,,verified,
P0878,이인석,Insuk Lee,Yonsei University,Department of Biotechnology,Network Biology / Bioinformatics,,https://netbiolab.org/,0000-0003-3146-6180,verified,
P0879,정은지,Eun-Ji Chung,Yonsei University,Department of Biotechnology,Nanomedicine / Drug Delivery,,http://neurolab.yonsei.ac.kr/,,verified,
P0880,정형일,Hyungil Jung,Yonsei University,Department of Biotechnology,Microneedles / Nanobiotechnology,,http://www.ysnanobio.com/,,verified,
P0881,조승우,Seung-Woo Cho,Yonsei University,Department of Biotechnology,Stem Cell / Tissue Engineering,,https://scbel.yonsei.ac.kr/,,verified,
P0882,한균희,Kyun Hee Han,Yonsei University,Department of Biotechnology,Medicinal Chemistry,,http://web.yonsei.ac.kr/medichem,,verified,
P0883,홍성욱,Sungwook Hong,Yonsei University,Department of Biotechnology,Synthetic Biology / Biomolecular Engineering,,https://sites.google.com/yonsei.ac.kr/honglab/home,,verified,
P0884,홍종광,Jong-Kwang Hong,Yonsei University,Department of Biotechnology,Biotechnology,,,,verified,
P0885,김윤주,Yun Ju Kim,Yonsei University,Department of Systems Biology,Plant Molecular Biology,,,0000-0003-4284-9144,verified,
P0886,김응빈,Eung-Bin Kim,Yonsei University,Department of Systems Biology,Microbiology / Systems Biology,,,,verified,
P0887,김지현,Jihyun Kim,Yonsei University,Department of Systems Biology,Microbial Genomics / Systems Biology,,,,verified,
P0888,박보연,Bo-Yeon Park,Yonsei University,Department of Systems Biology,Developmental Biology,,,,verified,
P0889,박재홍,Jae-Hong Park,Yonsei University,Department of Systems Biology,Molecular Biology,,,,verified,
P0890,서진수,Jin-Soo Seo,Yonsei University,Department of Systems Biology,Molecular Genetics,,,,verified,
P0891,양성욱,Sung-Wook Yang,Yonsei University,Department of Systems Biology,Plant Molecular Biology,,,,verified,
P0892,양원호,Wonho Yang,Yonsei University,Department of Systems Biology,Systems Biology,,,,verified,
P0893,신동혁,Donghyuk Shin,Yonsei University,Department of Systems Biology,Microbiology / Systems Biology,,,,verified,
P0894,이명민,Myung-Min Lee,Yonsei University,Department of Systems Biology,Plant Biology,,,,verified,
P0895,이상화,Sang-Hwa Lee,Yonsei University,Department of Systems Biology,Molecular Biology,,,,verified,
P0896,장연규,Yeon-Gyu Jang,Yonsei University,Department of Systems Biology,Genomics / Systems Biology,,,,verified,
P0897,정광철,Kwang-Chul Chung,Yonsei University,Department of Systems Biology,Molecular Cell Biology,,,,verified,
P0898,정효빈,Hyo-Bin Jung,Yonsei University,Department of Systems Biology,Systems Biology,,,,verified,
P0899,조면행,Myeon-Haeng Cho,Yonsei University,Department of Systems Biology,Molecular Toxicology,,,,verified,
P0900,조현수,Hyun-Soo Cho,Yonsei University,Department of Systems Biology,Molecular Biology,,,,verified,
P0901,최광민,Kwang-Min Choi,Yonsei University,Department of Systems Biology,Systems Biology,,,,verified,
P0902,홍준영,Jun-Young Hong,Yonsei University,Department of Systems Biology,Systems Biology,,,,verified,
P0903,노재석,Jae-Seok Roe,Yonsei University,Department of Biochemistry,Cancer Epigenetics / Gene Regulation,,https://sites.google.com/view/roelab-yonsei,0000-0002-9994-3062,verified,
P0904,강태건,Tae-Gun Kang,Yonsei University,Department of Biochemistry,Translational Immunology,,,,verified,
P0905,고혁완,Hyuk-Wan Ko,Yonsei University,Department of Biochemistry,Developmental Biology / Genetic Disease,,https://dglab.yonsei.ac.kr/,,verified,
P0906,김대원,Dae-Won Kim,Yonsei University,Department of Biochemistry,Biochemistry / Molecular Biology,,,,verified,
P0907,박현우,Hyun Woo Park,Yonsei University,Department of Biochemistry,Cancer Biology / Signal Transduction,,https://www.tcrlab.com/,0000-0001-7736-2286,verified,
P0908,김영준,Young-Joon Kim,Yonsei University,Department of Biochemistry,Genome Regulation / Cancer Genetics,,https://cgrc.yonsei.ac.kr/,,verified,
P0909,송기원,Ki-Won Song,Yonsei University,Department of Biochemistry,Cell Biology / Chromosome Biology,,https://sites.google.com/view/song401/home,,verified,
P0910,송재환,Jae-Hwan Song,Yonsei University,Department of Biochemistry,Cancer Biology / Cell Signaling,,https://lts.yonsei.ac.kr/,,verified,
P0911,오현정,Hyun-Jung Oh,Yonsei University,Department of Biochemistry,Immunology / Molecular Biology,,https://ohlabyonsei.com/,,verified,
P0912,이원동,Won-Dong Lee,Yonsei University,Department of Biochemistry,Metabolism / Spatial Omics,,https://spatialfluxomics.com/,,verified,
P0913,최현규,Hyun-Gyu Choi,Yonsei University,Department of Biochemistry,Biochemistry / Molecular Medicine,,https://choilab.yonsei.ac.kr/,,verified,
P0914,하상준,Sang-Jun Ha,Yonsei University,Department of Biochemistry,Immunology / T Cell Biology,,https://labsi.yonsei.ac.kr/,,verified,
P0915,홍승희,Seung-Hee Hong,Yonsei University,Department of Biochemistry,Immunology / Molecular Medicine,,https://imil.yshonglab.com/,,verified,
P0916,김주영,Joo Young Kim,Yonsei University,College of Medicine / Pharmacology,Pharmacology / Calcium Signaling / Biologics,,https://medicine.yonsei.ac.kr/medicine/profile-view.do?empNo=eXVoczIwMjBAKUApMuAmi3orFft3Va%2FMDBBINAc0gEwa0Jox1iNsAO%2BHrRQ%3D,,verified,
P0917,김철훈,Chul Hoon Kim,Yonsei University,College of Medicine / Pharmacology,Neuropharmacology / Neuroplasticity,,https://medicine.yonsei.ac.kr/medicine/profile-view.do?empNo=eXVoczIwMjBAKUApMuAmi2s3FPh%2BVa7ADRdLMTJ3Hrm%2B6HLaawqMYKU99wA%3D,,verified,
P0918,김형범,Hyongbum Kim,Yonsei University,College of Medicine / Pharmacology,Genome Editing / Gene Therapy / Synthetic Biology,,https://medicine.yonsei.ac.kr/medicine/profile-view.do?empNo=eXVoczIwMjBAKUApMuAmikECEtFiVa%2FMDBFKNP0FbL8yG%2BOohljuMpaX2sU%3D,,verified,
P0919,박경수,Kyungsoo Park,Yonsei University,College of Medicine / Pharmacology,Clinical Pharmacology / Pharmacometrics,,https://medicine.yonsei.ac.kr/medicine/profile-view.do?empNo=eXVoczIwMjBAKUApM%2BkzjWsqFetuVa7NDRNIPfvTrLARFOWwrLH9g4tfS%2FA%3D,,verified,
P0920,이민구,Min-Goo Lee,Yonsei University,College of Medicine / Pharmacology,Epithelial Transport / Calcium Signaling / Pharmacogenomics,,https://medicine.yonsei.ac.kr/medicine/profile-view.do?empNo=eXVoczIwMjBAKUApNMQSjHYrE9ZaVa7NDBFIMxeBjDboStpKuYSJ3qdn3Uk%3D,,verified,
P0921,지헌영,Heon-Young Ji,Yonsei University,College of Medicine / Pharmacology,Genomics / Genetics / Cancer Metastasis,,https://medicine.yonsei.ac.kr/medicine/profile-view.do?empNo=eXVoczIwMjBAKUApNP4mik4bFft3Va%2FBDRBIMafLhdPlI2YaeMRs1BP7VbM%3D,,verified,
P0922,채동우,Dong-Woo Chae,Yonsei University,College of Medicine / Pharmacology,Pharmacometrics / Medical Data Science / Systems Biology,,https://medicine.yonsei.ac.kr/medicine/profile-view.do?empNo=eXVoczIwMjBAKUApNOgijFYOFflGVaDIDRhLNTvmvwAAyppa1m%2Fq9BaFQl4%3D,,verified,
P0923,배수한,Soo Han Bae,Yonsei University,College of Medicine / Biomedical Science,Metabolic Biochemistry,,https://medicine.yonsei.ac.kr/medicine/profile-view.do,,verified,
P0924,남기택,Ki Taek Nam,Yonsei University,College of Medicine / Biomedical Science,Molecular Pathology / Cancer Biology,,https://medicine.yonsei.ac.kr/medicine/profile-view.do,,verified,
P0925,송재진,Jae Jin Song,Yonsei University,College of Medicine / Biomedical Science,Cell Signaling / Cancer Gene Therapy,,https://medicine.yonsei.ac.kr/medicine/profile-view.do,,verified,
P0926,황병진,Byungjin Hwang,Yonsei University,College of Medicine / Biomedical Science,Single-Cell Biology / Bioinformatics / Genomics,,https://medicine.yonsei.ac.kr/medicine/profile-view.do,,verified,
P0927,서준영,Jun Young Seo,Yonsei University,College of Medicine / Biomedical Science,Molecular Virology / Immunology,,https://medicine.yonsei.ac.kr/medicine/profile-view.do,,verified,
P0928,김병식,Byoung Sik Kim,Sogang University,Department of Life Science,Molecular Systems Microbiology,,https://sites.google.com/view/mfmt/,,verified,
P0929,김성룡,Seong-Ryong Kim,Sogang University,Department of Life Science,Plant Molecular Biology,,http://plant.sogang.ac.kr/,,verified,
P0930,김정호,Jungho Kim,Sogang University,Department of Life Science,Molecular & Cellular Biology,,http://molcellbio.com/index.htm,,verified,
P0931,김종찬,Jongchan Kim,Sogang University,Department of Life Science,Molecular & Cellular Oncology,,,,verified,
P0932,서미정,Mi Chung Suh,Sogang University,Department of Life Science,Plant Molecular Physiology & Biochemistry,,http://mcsuh.sogang.ac.kr/,,verified,
P0933,신형두,Hyung-Doo Shin,Sogang University,Department of Life Science,Human / Population Genetics,,,,verified,
P0934,이갑열,Gap Ryol Lee,Sogang University,Department of Life Science,Molecular Immunology,,http://molimmune.sogang.ac.kr/,0000-0002-6419-9482,verified,
P0935,이규호,Kyu-Ho Lee,Sogang University,Department of Life Science,Molecular Microbiology / Biofilm,,http://www.sgmml.com/,,verified,
P0936,이병하,Byeong-ha Lee,Sogang University,Department of Life Science,Plant Gene Regulation,,http://pgrlaben.sogang.ac.kr/,0000-0001-7633-3264,verified,
P0937,정광환,Kwang-Hwan Jung,Sogang University,Department of Life Science,Protein Biochemistry / Photobiology,,http://www.photoreceptor.co.kr/,0000-0002-0828-6539,verified,
P0938,정수진,Soo-Jin Jung,Sogang University,Department of Life Science,RNA Biology / RNA Therapeutics,,https://rna.sogang.ac.kr/,,verified,
P0939,주봉건,Bong-Gun Ju,Sogang University,Department of Life Science,Cell Differentiation / Developmental Biology,,,,verified,
P0940,허진영,Jin-Young Huh,Sogang University,Department of Life Science,Metabolism / Inflammation,,,0000-0002-0980-7199,verified,
P0941,,Hosuk Sean Lee,Sogang University,Department of Life Science,Molecular Neurobiology,,,,verified,
P0942,강문성,Moon Sung Kang,Sogang University,Department of Chemical and Biomolecular Engineering,Semiconductor / Display Materials,,https://sites.google.com/view/mskanggroup,,verified,
P0943,강태욱,Taewook Kang,Sogang University,Department of Chemical and Biomolecular Engineering,Nanoplasmonics / Nanophotonics / Biophotonics,,,,verified,
P0944,김충익,Choongik Kim,Sogang University,Department of Chemical and Biomolecular Engineering,Hybrid Electronic Materials,,,,verified,
P0945,김현철,Hyuncheol Kim,Sogang University,Department of Chemical and Biomolecular Engineering,Functional Nanomedicine,,,,verified,
P0946,김형준,Hyeong Jun Kim,Sogang University,Department of Chemical and Biomolecular Engineering,Polymer Ionic Materials,,http://www.hjunkim-lab.com,,verified,
P0947,나정걸,Jeong Geol Na,Sogang University,Department of Chemical and Biomolecular Engineering,Bioprocess Engineering,,https://bplsogang.bio/,,verified,
P0948,류재건,Jaegeon Ryu,Sogang University,Department of Chemical and Biomolecular Engineering,Energy Storage Materials & Systems,,https://jaegeonryu.owlstown.net/,,verified,
P0949,박제영,Jeyoung Park,Sogang University,Department of Chemical and Biomolecular Engineering,Sustainable Plastics,,https://sites.google.com/view/jyp-plastic-research/,,verified,
P0950,신희종,Heejong Shin,Sogang University,Department of Chemical and Biomolecular Engineering,Electrochemistry / Energy Conversion,,,,verified,
P0951,오병근,Byung-Keun Oh,Sogang University,Department of Chemical and Biomolecular Engineering,Biosensors / Nanobiotechnology,,https://nanobiotech.sogang.ac.kr/,,verified,
P0952,오세용,Se-Young Oh,Sogang University,Department of Chemical and Biomolecular Engineering,Organic Electronics / Perovskite,,https://advpoly.sogang.ac.kr/,,verified,
P0953,이종석,Jong Suk Lee,Sogang University,Department of Chemical and Biomolecular Engineering,Membranes / Sorbents / Barriers,,https://gsslab.sogang.ac.kr/,,verified,
P0954,이진원,Jinwon Lee,Sogang University,Department of Chemical and Biomolecular Engineering,Biochemical / Metabolic Engineering,,https://sgbiochem.sogang.ac.kr/,,verified,
P0955,조현석,Hyun-Seok Cho,Sogang University,Department of Chemical and Biomolecular Engineering,Electrochemical Engineering / Hydrogen,,https://www.electrochemengrnd.com/,,verified,
P0956,최진훈,Jinhoon Choi,Sogang University,Department of Chemical and Biomolecular Engineering,Brainformatics,,,,verified,
P0957,하경수,Kyoung-Su Ha,Sogang University,Department of Chemical and Biomolecular Engineering,Carbon Neutral Process / Catalysis,,,,verified,
P0958,박주원,Joo‐Won Park,Dankook University,의과대학,Molecular Biology,A5015000443,mailTo:joowon@dankook.ac.kr,0000-0001-7801-2771,verified,
P0959,이민희,Minhee Lee,Kyung Hee University,동서의과학과,"Ecology, Evolution, Behavior and Systematics",A5100784272,http://gsm.khu.ac.kr/src/GS4010.php,0000-0002-8820-4395,probable,
P0960,조현혜,,Ewha Womans University,의과대학,,,https://www.ewha.ac.kr/ewha/academics/medicine-prof.do?mode=view&pId=YnD4KwCngopTiE2qG3rrXg%3D%3D,0009-0004-0609-6637,verified,
P0961,손영진,Young–Jin Son,Sunchon National University,약학대학,Molecular Biology,A5101623597,https://www.scnu.ac.kr/pharm/cm/cntnts/cntntsView.do?mi=9026&cntntsId=5234#pro11,0000-0002-6873-9181,verified,
P0962,이민아,Mina Lee,Sunchon National University,약학대학,Molecular Biology,A5100756496,https://www.scnu.ac.kr/pharm/cm/cntnts/cntntsView.do?mi=9026&cntntsId=5234#pro09,0000-0002-4187-3153,probable,
P0963,이선민,Sunmin Lee,Sunchon National University,약학대학,Geriatrics and Gerontology,A5100720252;A5086251463;A5135061737,https://www.scnu.ac.kr/pharm/cm/cntnts/cntntsView.do?mi=9026&cntntsId=5234#pro16,0000-0002-0528-5098,verified,
P0964,장동조,Dong‐Jo Chang,Sunchon National University,약학대학,Organic Chemistry,A5015488073;A5103474435;A5121067053,https://www.scnu.ac.kr/pharm/cm/cntnts/cntntsView.do?mi=9026&cntntsId=5234#pro12,0000-0002-2452-4322,verified,
P0965,하형호,Hyung‐Ho Ha,Sunchon National University,약학대학,"Ecology, Evolution, Behavior and Systematics",A5081602790,https://www.scnu.ac.kr/pharm/cm/cntnts/cntntsView.do?mi=9026&cntntsId=5234#pro14,0000-0002-4288-1542,probable,
P0966,이은영,Eunyoung Yi,Mokpo National University,약학대학 Pharmacy,Sensory Systems,A5021084458,tel:061-450-2683,0000-0002-9592-0736,probable,
P0967,김현정,Hyun‐Joong Kim,Mokpo National University,약학대학 Pharmacy,Molecular Biology,A5080504465,tel:061-450-2686,0000-0002-2218-6489,verified,
P0968,심정현,Jung‐Hyun Shim,Mokpo National University,약학대학 Pharmacy,Pharmacology,A5011547643;A5102072727,tel:061-450-2684,0000-0002-4062-4016,verified,
P0969,박진우,Jin Woo Park,Mokpo National University,약학대학 Pharmacy,Pharmaceutical Science,A5100335503,tel:061-450-2704,0000-0002-0001-7043,probable,
P0970,백동재,Dong Jae Baek,Mokpo National University,약학대학 Pharmacy,Molecular Biology,A5113735731;A5113964036,tel:061-450-2705,0000-0001-6100-488X,verified,
P0971,박은영,,Mokpo National University,약학대학 Pharmacy,,,tel:061-450-2706,0009-0003-7117-1093,verified,
P0972,김남아,Nam Ah Kim,Mokpo National University,약학대학 Pharmacy,Molecular Biology,A5041449522,tel:061-450-2685,0000-0002-1970-6877,verified,
P0973,강소영,Soyoung Kang,Mokpo National University,약학대학 Pharmacy,Surgery,A5133419945,tel:061-450-2368,0000-0002-7554-8252,verified,
P0974,조정곤,,Jeonbuk National University,수의과대학,,,mailTo:cho2555@jbnu.ac.kr,0000-0003-2676-4116,verified,
P0975,권중기,Jungkee Kwon,Jeonbuk National University,수의과대학,Molecular Biology,A5022462467;A5028745351,mailTo:jkwon@jbnu.ac.kr,0000-0001-6008-3918,verified,
P0976,김종훈,,Jeonbuk National University,수의과대학,,,mailTo:jhkim1@jbnu.ac.kr,0009-0005-8070-5733,verified,
P0977,김범석,Bumseok Kim,Jeonbuk National University,수의과대학,Animal Science and Zoology,A5034673378;A5124940710,mailTo:bskims@jbnu.ac.kr,0000-0003-0392-2513,verified,
P0978,김원일,Won‐Il Kim,Jeonbuk National University,수의과대학,Animal Science and Zoology,A5042687506;A5003848107,mailTo:kwi0621@jbnu.ac.kr,0000-0002-0465-0794,verified,
P0979,김상진,Shang‐Jin Kim,Jeonbuk National University,수의과대학,Nutrition and Dietetics,A5069494449,mailTo:abbasj@jbnu.ac.kr,0000-0002-9041-6565,verified,
P0980,설재원,Jae‐Won Seol,Jeonbuk National University,수의과대학,Epidemiology,A5080323884,mailTo:jwsseol@jbnu.ac.kr,0000-0002-9656-3689,probable,
P0981,허진,Jin Hur,Jeonbuk National University,수의과대학,Food Science,A5040395780,mailTo:hurjin@jbnu.ac.kr,0000-0003-2658-0747,probable,
P0982,원가연,Gayeon Won,Jeonbuk National University,수의과대학,Food Science,A5057928132,mailTo:gywon@jbnu.ac.kr,0000-0003-4832-7937,probable,
P0983,오상익,Sang‐Ik Oh,Jeonbuk National University,수의과대학,Agronomy and Crop Science,A5040367880;A5130956375,mailTo:sioh@jbnu.ac.kr,0000-0003-0877-9170,verified,
P0984,박준홍,Jun Hong Park,Jeonbuk National University,수의과대학,"Ecology, Evolution, Behavior and Systematics",A5088825652,mailTo:jhpark77@jbnu.ac.kr,0000-0001-8905-4125,verified,
P0985,배은주,Eun Ju Bae,Jeonbuk National University,약학대학,Physiology,A5032308371;A5109513129,mailTo:ejbae7@jbnu.ac.kr,0000-0003-1693-8290,verified,
P0986,박애경,Ae Kyung Park,Jeonbuk National University,약학대학,Genetics,A5101691707,mailTo:parkak11@jbnu.ac.kr,0000-0001-6636-3515,probable,
P0987,심현주,Hyun Joo Shim,Jeonbuk National University,약학대학,Pharmacology,A5103844759,mailTo:shimhj@jbnu.ac.kr,0009-0004-7437-0140,probable,
P0988,한창엽,Chang Yeob Han,Jeonbuk National University,약학대학,Epidemiology,A5022559433,mailTo:cyhan20@jbnu.ac.kr,0009-0006-5990-3863,verified,
P0989,민경현,Kyung Hyun Min,Jeonbuk National University,약학대학,Biomaterials,A5063446251,mailTo:khmin1492@jbnu.ac.kr,0000-0001-7398-0423,probable,
P0990,임창진,Changjin Lim,Jeonbuk National University,약학대학,Cancer Research,A5068800864,mailTo:limcj@jbnu.ac.kr,0000-0002-4263-7910,probable,
P0991,김재현,Jae Hyun Kim,Jeonbuk National University,약학대학,"Endocrinology, Diabetes and Metabolism",A5100368601,mailTo:kimkimjh@jbnu.ac.kr,0000-0002-0203-7443,probable,
P0992,전하림,Ha‐Lim Jeon,Jeonbuk National University,약학대학,Toxicology,A5075279776,https://sites.google.com/view/sp-lab/home?authuser=0,0000-0002-9429-8711,verified,
P0993,강지현,Ji Hyeon Kang,Jeonbuk National University,약학대학,Hepatology,A5133112576,mailTo:jhkanga@jbnu.ac.kr,0009-0004-1515-9935,verified,
P0994,이수미,Sumi Lee,Jeonbuk National University,약학대학,Organic Chemistry,A5084585751;A5125197991;A5130181435;A5137745969,mailTo:chsmath27@jbnu.ac.kr,0000-0002-2257-0798,verified,
P0995,노윤석,Yoon-Seok Roh,Chungbuk National University,약학대학,Epidemiology,A5087590715,https://sites.google.com/view/ysroh/home,0000-0003-2512-5857,verified,
P0996,손동주,Dong-Ju Son,Chungbuk National University,약학대학,Molecular Biology,A5020709597,https://pharm.chungbuk.ac.kr/app/index.html?pg_idx=46,0000-0001-7520-6909,probable,
P0997,송난,Nan Song,Chungbuk National University,약학대학,Molecular Biology,A5037102607,https://sites.google.com/view/nsong-lab,0000-0002-9182-1060,verified,
P0998,이경은,Kyung-Eun Lee,Chungbuk National University,약학대학,Pharmacology,A5100398200,https://cbnubpr.wixsite.com/cbnubpr,0000-0002-9535-7314,probable,
P0999,이미경,Mi Kyeong Lee,Chungbuk National University,약학대학,Plant Science,A5101902335;A5073629644;A5122170961;A5133109191,https://pharm.chungbuk.ac.kr/app/index.html?pg_idx=46,0000-0001-5814-2720,verified,
P1000,한상배,Sang-Bae Han,Chungbuk National University,약학대학,Cancer Research,A5037204409;A5121914551,https://pharm.chungbuk.ac.kr/app/index.html?pg_idx=46,0000-0001-6656-6523,verified,
P1001,한주희,Joo-Hui Han,Chungbuk National University,약학대학,Epidemiology,A5023724237;A5140732644,https://www.jhhanlab.com/home,0000-0002-3638-0581,verified,
P1002,김은준,Eunjoon Kim,KAIST,KAIST 생명과학과,Cellular and Molecular Neuroscience,A5013204190;A5041220891;A5135735842;A5137359706,https://bio.kaist.ac.kr/index.do?menuSeq=3344,0000-0001-5518-6584,verified,
P1003,김재훈,Jaehoon Kim,KAIST,KAIST 생명과학과,Molecular Biology,A5100347901,https://bio.kaist.ac.kr/index.do?menuSeq=3344,0000-0003-4035-0438,probable,
P1004,김현우,Hyeonwoo Kim,KAIST,KAIST 생명과학과,Oceanography,A5004783333,https://bio.kaist.ac.kr/index.do?menuSeq=3344,0009-0005-8216-0386,probable,
P1005,김호민,Ho Min Kim,KAIST,KAIST 생명과학과,,,https://bio.kaist.ac.kr/index.do?menuSeq=3344,0000-0001-5844-1106,verified,
P1006,이규리,Gyu Rie Lee,KAIST,KAIST 생명과학과,Molecular Biology,A5081678768,https://bio.kaist.ac.kr/index.do?menuSeq=3344,0000-0002-9119-5303,probable,
P1007,이승희,Seung-Hee Lee,KAIST,KAIST 생명과학과,,,https://bio.kaist.ac.kr/index.do?menuSeq=3344,0009-0008-7682-8919,verified,
P1008,이흥규,Heung Kyu Lee,KAIST,KAIST 생명과학과,Immunology,A5031437702,https://bio.kaist.ac.kr/index.do?menuSeq=3344,0000-0002-3977-1510,probable,
P1009,임정훈,Chunghun Lim,KAIST,KAIST 생명과학과,Endocrine and Autonomic Systems,A5038871139,https://bio.kaist.ac.kr/index.do?menuSeq=3344,0000-0001-8473-9272,probable,
P1010,전상용,Sangyong Jon,KAIST,KAIST 생명과학과,Biomaterials,A5041133038,https://bio.kaist.ac.kr/index.do?menuSeq=3344,0000-0002-6971-586X,probable,
P1011,정원석,Won-Suk Chung,KAIST,KAIST 생명과학과,Neurology,A5072366749,https://bio.kaist.ac.kr/index.do?menuSeq=3344,0000-0003-1060-9007,verified,
P1012,조성익,Sung Ik,KAIST,KAIST 생명과학과,Molecular Biology,A5081339848,https://bio.kaist.ac.kr/index.do?menuSeq=3344,0000-0002-3846-7517,verified,
P1013,한진희,Jin-Hee Han,KAIST,KAIST 생명과학과,Cellular and Molecular Neuroscience,A5055397906,https://bio.kaist.ac.kr/index.do?menuSeq=3344,0000-0002-2139-5596,probable,
P1014,허원도,Won Do Heo,KAIST,KAIST 생명과학과,Cellular and Molecular Neuroscience,A5089863464;A5125639637;A5129498117,https://bio.kaist.ac.kr/index.do?menuSeq=3344,0000-0001-7541-7319,verified,
P1015,홍인기,Ingie Hong,KAIST,KAIST 생명과학과,Cellular and Molecular Neuroscience,A5038912226,https://bio.kaist.ac.kr/index.do?menuSeq=3344,0000-0002-7246-9233,probable,
P1016,백승재,Seungjae Baek,UNIST,바이오메디컬공학과,,A5151895276,https://bme.unist.ac.kr/faculty/,,probable,
P1017,김하진,Hajin Kim,UNIST,바이오메디컬공학과,Molecular Biology,A5101723774,https://single.unist.ac.kr/,0000-0001-9311-0484,probable,
P1018,박계명,Kyemyung Park,UNIST,바이오메디컬공학과,Immunology,A5025586881,https://sites.google.com/view/sysimm,0000-0002-4728-5387,probable,
P1019,박종남,Jongnam Park,UNIST,바이오메디컬공학과,Materials Chemistry,A5100645973,http://www.matchemlab.com/,0000-0002-0954-0172,verified,
P1020,박찬영,Chan Young Park,UNIST,바이오메디컬공학과,Cell Biology,A5100608518,https://www.chanyounglab.com/,0000-0002-5183-3665,probable,
P1021,임민혁,Min Hyuk Lim,UNIST,바이오메디컬공학과,"Endocrinology, Diabetes and Metabolism",A5060805888,https://minhyuklim.github.io/,0000-0003-1547-2804,probable,
P1022,조윤경,Yoon‐Kyoung Cho,UNIST,바이오메디컬공학과,Biomedical Engineering,A5036224865,https://www.fruits-unist.com/,0000-0001-6423-1834,probable,
P1023,김영삼,Yung Sam Kim,UNIST,BIO,"Atomic and Molecular Physics, and Optics",A5062040441,https://www.unist.ac.kr/chemistry/people/faculty.do?mode=view&profSeq=369,0000-0001-6306-7438,probable,
P1024,민두영,Duyoung Min,UNIST,BIO,Molecular Biology,A5005548374,https://www.unist.ac.kr/chemistry/people/faculty.do?mode=view&profSeq=370,0000-0002-2856-8082,probable,
P1025,이근식,Geunsik Lee,UNIST,BIO,"Renewable Energy, Sustainability and the Environment",A5137259355,https://www.unist.ac.kr/chemistry/people/faculty.do?mode=view&profSeq=374,,probable,
P1026,,Hosuk Sean Lee,Sogang University,생명과학,Neurology,A5014692604,http://lifescien.sogang.ac.kr/bbs/board.php?bo_table=teacher&wr_id=5,,probable,
P1027,박현성,Hyunsung Park,University of Seoul,전임교수,Cancer Research,A5029297804,https://lifesci.uos.ac.kr/research/faculty?mode=view&profidx=71,0000-0002-6890-428X,verified,
P1028,유권열,Kwon‐Yul Ryu,University of Seoul,전임교수,Molecular Biology,A5025536093,https://lifesci.uos.ac.kr/research/faculty?mode=view&profidx=75,0000-0001-6104-8575,verified,
P1029,이정현,Jung‐Hyun Lee,University of Seoul,전임교수,Molecular Biology,A5100373417,https://lifesci.uos.ac.kr/research/faculty?mode=view&profidx=78,0000-0003-1913-0027,verified,
P1030,황홍익,Hongik Hwang,University of Seoul,전임교수,Cellular and Molecular Neuroscience,A5064910782,https://lifesci.uos.ac.kr/research/faculty?mode=view&profidx=79,0000-0002-6363-9579,probable,
P1031,박대균,Dae‐Kyoon Park,Soonchunhyang University,기초의학교실,Cellular and Molecular Neuroscience,A5004603769,https://med.sch.ac.kr/bbs/board.php?bo_table=spage_1&swr_1=4,0000-0003-0147-2424,verified,
P1032,김한규,Hankyu Kim,Soonchunhyang University,기초의학교실,Cellular and Molecular Neuroscience,A5102872674,https://med.sch.ac.kr/bbs/board.php?bo_table=spage_1&swr_1=4,0000-0002-9378-6502,verified,
P1033,송범종,Beomjong Song,Soonchunhyang University,기초의학교실,Cellular and Molecular Neuroscience,A5084257804,https://med.sch.ac.kr/bbs/board.php?bo_table=spage_1&swr_1=4,0000-0001-8820-7310,probable,
P1034,여인승,In‐Seung Yeo,Soonchunhyang University,기초의학교실,Dermatology,A5088414166,https://med.sch.ac.kr/bbs/board.php?bo_table=spage_1&swr_1=4,0000-0003-0750-9996,verified,
P1035,김현택,Hyuntaek Kim,Soonchunhyang University,기초의학교실,Molecular Biology,A5026282905,https://med.sch.ac.kr/bbs/board.php?bo_table=spage_1&swr_1=4,0000-0003-3978-9902,verified,
P1036,김용식,Yongsik Kim,Soonchunhyang University,미생물학 교실,Physiology,A5100615233,https://med.sch.ac.kr/bbs/board.php?bo_table=spage_1&swr_1=7,0000-0002-2057-8534,verified,
P1037,이윤경,Youngkyoung Lee,Soonchunhyang University,미생물학 교실,Molecular Biology,A5058154415,https://med.sch.ac.kr/bbs/board.php?bo_table=spage_1&swr_1=7,0000-0001-5426-4050,verified,
P1038,이상한,Sang-Han Lee,Soonchunhyang University,생화학교실,Molecular Biology,A5101855584;A5126331540,https://med.sch.ac.kr/bbs/board.php?bo_table=spage_1&swr_1=6,0000-0001-6407-9959,verified,
P1039,이윤진,Yoon‐Jin Lee,Soonchunhyang University,생화학교실,Molecular Biology,A5100644392;A5100644398;A5065560027;A5135509167,https://med.sch.ac.kr/bbs/board.php?bo_table=spage_1&swr_1=6,0000-0001-6364-1284,verified,
P1040,최동식,Dong-Sik Choi,Soonchunhyang University,생화학교실,"Endocrinology, Diabetes and Metabolism",A5047904425,https://med.sch.ac.kr/bbs/board.php?bo_table=spage_1&swr_1=6,0000-0003-0932-9112,probable,
P1041,최완수,Wansu Choi,Inje University,교수진소개,Rheumatology,A5110608426,https://biomls.inje.ac.kr/biomls/intro/faculty.do?mode=view&key=$cms$IzDsuBOACXqA&category=2R11,0009-0008-3495-3260,verified,
P1042,임정연,Jung-Yeon Lim,Inje University,교수진소개,Genetics,A5026114981,https://biomls.inje.ac.kr/biomls/intro/faculty.do?mode=view&key=$cms$IwFgrAHMBMAE+yA&category=2R11,0000-0001-5903-8810,verified,
P1043,김선희,Seon-Hee Kim,Inje University,교수진소개,Oncology,A5100777876,https://biomls.inje.ac.kr/biomls/intro/faculty.do?mode=view&key=$cms$GwBgjATAHA7ABAuQ&category=2R11,0000-0001-9349-4318,verified,
P1044,김한솔,Hansol Kim,Inje University,혁신신약ㆍ제약공학부,Molecular Biology,A5071679546,https://ipse.inje.ac.kr/ipse/intro/faculty.do?mode=view&key=$cms$IwFgbAzA7AnABAuQ&category=2B03,0000-0001-8960-6874,verified,
P1045,강동진,,Inje University,혁신신약ㆍ제약공학부,,,https://ipse.inje.ac.kr/ipse/intro/faculty.do?mode=view&key=$cms$IwFmHYE4FYAJ9kA&category=2B03,0000-0001-8204-2391,verified,
P1046,김성태,Sung Tae Kim,Inje University,혁신신약ㆍ제약공학부,Neurology,A5100669687,https://ipse.inje.ac.kr/ipse/intro/faculty.do?mode=view&key=$cms$IwZgHAnMDsAE+yA&category=2B03,0000-0002-3737-3850,probable,
P1047,이사원,Sa-Won Lee,Inje University,혁신신약ㆍ제약공학부,Pharmaceutical Science,A5034512443,https://ipse.inje.ac.kr/ipse/intro/faculty.do?mode=view&key=$cms$IwFg7GAMIARzQ&category=2B03,0009-0002-8069-5422,probable,
P1048,김정애,,Inje University,혁신신약ㆍ제약공학부,,,https://ipse.inje.ac.kr/ipse/intro/faculty.do?mode=view&key=$cms$IwFgHArAbFAE+yA&category=2B03,0009-0000-0815-6630,verified,
P1049,김만수,Man-Su Kim,Inje University,약학과,Cellular and Molecular Neuroscience,A5109813203,http://pharm.inje.ac.kr/pharm/intro/faculty01.do?mode=view&key=$cms$IzAcFYAZwAjmg&category=2B01,,probable,
P1050,김성옥,,Inje University,약학과,,,http://pharm.inje.ac.kr/pharm/intro/faculty01.do?mode=view&key=$cms$IwZgTCIOwARzQ&category=2B01,0000-0001-8162-8999,verified,
P1051,박유미,Yumi Park,Inje University,약학과,Infectious Diseases,A5057770186,http://pharm.inje.ac.kr/pharm/intro/faculty01.do?mode=view&key=$cms$IzBsA4GYE4AJ9kA&category=2B01,0000-0003-2237-0195,verified,
P1052,조관형,,Inje University,약학과,,,http://pharm.inje.ac.kr/pharm/intro/faculty01.do?mode=view&key=$cms$IwJgzA7ArAHABAuQ&category=2B01,0000-0003-1667-7625,verified,
P1053,천부순,Pusoon Chun,Inje University,약학과,Cell Biology,A5048529563;A5069283814;A5121036138,http://pharm.inje.ac.kr/pharm/intro/faculty01.do?mode=view&key=$cms$IzCcHZwBgAjmg&category=2B01,0000-0002-7349-9880,verified,
P1054,이희영,Heeyoung Lee,Inje University,약학과,Nephrology,A5100709320,http://pharm.inje.ac.kr/pharm/intro/faculty01.do?mode=view&key=$cms$IwFg7GAMDMAE+yA&category=2B01,0000-0001-8099-5025,verified,
P1055,허준성,Joonseong Hur,Inje University,약학과,Molecular Biology,A5055288036,http://pharm.inje.ac.kr/pharm/intro/faculty01.do?mode=view&key=$cms$IwFgHMBMwARzQ&category=2B01,0009-0005-6442-5790,verified,
P1056,이백락,Baek Rak Lee,Inje University,의생명보건계열,Genetics,A5076113901,https://bio.inje.ac.kr/bio/intro/faculty.do?mode=view&key=$cms$JwZgjADGwARzQ&category=2R10,,probable,
P1057,한승진,Seung Jin Han,Inje University,의생명보건계열,"Public Health, Environmental and Occupational Health",A5101878332,https://bio.inje.ac.kr/bio/intro/faculty.do?mode=view&key=$cms$IwBmDYFZgAjmg&category=2R10,0000-0003-3574-7668,verified,
P1058,박건택,Kun Taek Park,Inje University,의생명보건계열,Epidemiology,A5009656613,https://bio.inje.ac.kr/bio/intro/faculty.do?mode=view&key=$cms$IwFgzATCAMAE+yA&category=2R10,0000-0001-6177-0373,verified,
P1059,윤상억,Sanguk Yun,Inje University,의생명보건계열,Immunology and Allergy,A5056681968,https://bio.inje.ac.kr/bio/intro/faculty.do?mode=view&key=$cms$IwFhA4CYDYAJ9kA&category=2R10,0000-0002-3926-1473,verified,
P1060,박광수,Kwang‐Su Park,Keimyung University,약학대학; 약학과,Molecular Biology,A5070474347;A5130623419,https://www.kmu.ac.kr/programs/common/com_KmuUserList.jsp?ucd=10862&parm_gb=1&parm_cd=11034,0000-0002-1910-3937,verified,
P1061,윤재우,Jaewoo Yoon,Keimyung University,약학대학; 약학과,Molecular Biology,A5026501748,https://www.kmu.ac.kr/programs/common/com_KmuUserList.jsp?ucd=10862&parm_gb=1&parm_cd=11034,0000-0001-8699-8112,verified,
P1062,천경수,Kyung‐Soo Chun,Keimyung University,약학대학; 약학과,Pharmacology,A5017508382,https://www.kmu.ac.kr/programs/common/com_KmuUserList.jsp?ucd=10862&parm_gb=1&parm_cd=11034,0000-0001-9933-2897,verified,
P1063,박현진,Hyun Jin Park,Keimyung University,약학대학,Pulmonary and Respiratory Medicine,A5028651692,https://www.kmu.ac.kr/programs/common/com_KmuUserList.jsp?ucd=10862&parm_gb=1&parm_cd=11035,0000-0002-1177-2140,verified,
P1064,배정우,Jung‐Woo Bae,Keimyung University,약학대학,Pharmacology,A5081080530,https://www.kmu.ac.kr/programs/common/com_KmuUserList.jsp?ucd=10862&parm_gb=1&parm_cd=11035,0000-0002-6324-0664,verified,
P1065,서영호,Young Ho Seo,Keimyung University,약학대학; 제약학과,Molecular Biology,A5101658890,https://www.kmu.ac.kr/programs/common/com_KmuUserList.jsp?ucd=10862&parm_gb=1&parm_cd=11035,0000-0002-2268-8761,verified,
P1066,정철호,Chul-Ho Jung,Keimyung University,약학대학,General Health Professions,A5053067071,https://www.kmu.ac.kr/programs/common/com_KmuUserList.jsp?ucd=10862&parm_gb=1&parm_cd=11035,0000-0002-6451-5658,verified,
P1067,,Duhyeong Hwang,Keimyung University,제약학과,Biomaterials,A5055208021,https://pharmaceutics.kmu.ac.kr/pharmaceutics/8105/subview.do,0000-0002-5650-1643,probable,
P1068,,Young Sook Lee,Keimyung University,약학과,Infectious Diseases,A5103059877,https://pharmarcy.kmu.ac.kr/pharmarcy/8027/subview.do,0000-0003-0079-8043,verified,
P1069,김영수,Youngsoo Kim,Yeungnam University,의생명공학과,Spectroscopy,A5100395859,https://www.yu.ac.kr/main/life/activity.do?mode=view&articleNo=223386360,0000-0001-8881-0662,probable,
P1070,김근중,Geun Joong Kim,Chonnam National University,전임교수,Plant Science,A5108319850,https://biology.jnu.ac.kr/biology/16859/subview.do#none,0009-0006-5699-9679,verified,
P1071,성하철,Ha Cheol Sung,Chonnam National University,전임교수,Ecology,A5128824125,https://biology.jnu.ac.kr/biology/16859/subview.do#none,0000-0002-7494-7446,probable,
P1072,김응삼,Eung-Sam Kim,Chonnam National University,전임교수,Cellular and Molecular Neuroscience,A5058668744,https://biology.jnu.ac.kr/biology/16859/subview.do#none,0000-0001-7028-8001,verified,
P1073,박희진,Hee Jin Park,Chonnam National University,전임교수,Plant Science,A5100442164,https://plantstresslab.com/,0000-0002-5173-0500,verified,
P1074,이지훈,Ji Hoon Lee,Chonnam National University,전임교수,Molecular Biology,A5065867383,https://biology.jnu.ac.kr/biology/16859/subview.do#none,0000-0001-7387-935X,probable,
P1075,윤정준,Jeong‐Jun Yoon,Chung-Ang University,시스템생명공학과,Biomedical Engineering,A5068964684,https://scholar.google.co.kr/citations?hl=ko&user=NgsGrvYAAAAJ&view_op=list_works&sortby=pubdate,0000-0001-7400-8775,probable,
P1076,윤혜선,Hye Sun Yoon,Eulji University,의예과,Pulmonary and Respiratory Medicine,A5028617205,https://medicine.eulji.ac.kr/?menuno=3441&id=31278&type=F&gubun=view,0000-0002-7038-9037,verified,
P1077,고현준,Hyunjun Ko,Kangwon National University,산림바이오소재공학과,Nutrition and Dietetics,A5030764042,https://wood.kangwon.ac.kr/wood/professor/professor.do?mode=view&key=$cms$IwBgHALFQ&,0000-0002-2616-3284,verified,
P1078,박세영,Se‐Yeong Park,Kangwon National University,산림바이오소재공학과,Biomedical Engineering,A5018289420,https://wood.kangwon.ac.kr/wood/professor/professor.do?mode=view&key=$cms$IwBg7AbGxA&,0000-0001-5090-6167,verified,
P1079,정상용,,CHA University,생명과학대학,,,https://fsb.cha.ac.kr/professor/%ec%a0%95%ec%83%81%ec%9a%a9/,0009-0006-0070-6849,verified,
P1080,이수진,Soojin Lee,Eulji University,의예과,Nephrology,A5100330855,https://medicine.eulji.ac.kr/?menuno=3441&id=31278&type=F&gubun=view,0000-0001-5633-3961,probable,
P1081,이동주,Dongjoo Lee,Ajou University,글로벌제약임상대학원,Organic Chemistry,A5101481499,tel:031-219-3455,0000-0002-6337-2229,probable,
P1082,정이숙,Yi‐Sook Jung,Ajou University,글로벌제약임상대학원,Cellular and Molecular Neuroscience,A5043855440;A5135716015;A5136738510,tel:031-219-3444,0000-0001-7078-2077,verified,
P1083,윤태종,Tae‐Jong Yoon,Ajou University,글로벌제약임상대학원,Biomaterials,A5035314152,tel:031-219-3458,0000-0002-1605-2193,probable,
P1084,심규찬,Kyu-Chan Shim,Chungnam National University,농업생명과학대학,Genetics,A5088730480,https://cals.cnu.ac.kr/cals/intro/professor/sungwoolee@cnu.ac.kr,0000-0002-3020-7104,probable,
P1085,김준엽,Joonyup Kim,Chungnam National University,농업생명과학대학,Plant Science,A5003590274;A5127805824,https://cals.cnu.ac.kr/cals/intro/professor/jykim12@cnu.ac.kr,0000-0002-9950-6663,verified,
P1086,김동필,,Chungnam National University,농업생명과학대학,,,https://cals.cnu.ac.kr/cals/intro/professor/sungwoolee@cnu.ac.kr,0000-0001-6458-2642,verified,
P1087,박범진,Bum–Jin Park,Chungnam National University,농업생명과학대학,"Health, Toxicology and Mutagenesis",A5074533436;A5110359270,https://cals.cnu.ac.kr/cals/intro/professor/bjpark@cnu.ac.kr,0000-0002-5214-5688,verified,
P1088,박병배,Byung Bae Park,Chungnam National University,농업생명과학대학,Nature and Landscape Conservation,A5003678887;A5129395505;A5125554026,https://cals.cnu.ac.kr/cals/intro/professor/bbpark@cnu.ac.kr,0000-0002-0620-7374,verified,
P1089,이동현,Donghyeon Lee,Chungnam National University,농업생명과학대학,Cell Biology,A5100724478,https://cals.cnu.ac.kr/cals/intro/professor/professor.do,0000-0002-6400-6132,probable,
P1090,한정수,Jeongsu Han,Chungnam National University,농업생명과학대학,Nutrition and Dietetics,A5074028619,https://cals.cnu.ac.kr/cals/intro/professor/professor.do,0000-0001-6524-9841,verified,
P1091,용해인,Haein Yong,Chungnam National University,농업생명과학대학,Animal Science and Zoology,A5054567472,https://cals.cnu.ac.kr/cals/intro/professor/professor.do,0000-0003-0970-4496,verified,
P1092,함지연,Jiyeon Ham,Chungnam National University,농업생명과학대학,Plant Science,A5014061311;A5113854139,https://cals.cnu.ac.kr/cals/intro/professor/professor.do,0000-0002-3145-2726,verified,
P1093,임다정,Dajeong Lim,Chungnam National University,농업생명과학대학,Genetics,A5021858665;A5108762721,https://cals.cnu.ac.kr/cals/intro/professor/professor.do,0000-0003-3966-9150,verified,
P1094,정성훈,Sunghoon Jung,Chungnam National University,농업생명과학대학,"Ecology, Evolution, Behavior and Systematics",A5010188705;A5123886916;A5123996155,https://cals.cnu.ac.kr/cals/intro/professor/jung@cnu.ac.kr,0000-0001-6086-0326,verified,
P1095,유준명,Jun Myoung Yu,Chungnam National University,농업생명과학대학,Plant Science,A5049225890;A5126913906,https://cals.cnu.ac.kr/cals/intro/professor/junyu@cnu.ac.kr,0000-0003-1654-3053,verified,
P1096,위준,June Wee,Chungnam National University,농업생명과학대학,"Ecology, Evolution, Behavior and Systematics",A5023361259,https://cals.cnu.ac.kr/cals/intro/professor/professor.do,0000-0001-9813-1380,probable,
P1097,이기범,Gibum Yi,Chungnam National University,농업생명과학대학,Plant Science,A5042964483,https://cals.cnu.ac.kr/cals/intro/professor/professor.do,0000-0002-7630-1892,verified,
P1098,이상민,Sang Min Lee,Chungnam National University,농업생명과학대학,Physiology,A5100342118,https://cals.cnu.ac.kr/cals/intro/professor/professor.do,0000-0002-9568-2096,probable,
P1099,황정인,Jeong‐In Hwang,Chungnam National University,농업생명과학대학,Food Science,A5103063088,https://cals.cnu.ac.kr/cals/intro/professor/professor.do,0000-0002-3929-0688,verified,
P1100,박종태,Jong-Tae Park,Chungnam National University,농업생명과학대학,Oral Surgery,A5100769971,https://cals.cnu.ac.kr/cals/intro/professor/jtpark@cnu.ac.kr,0000-0003-1870-2740,probable,
P1101,구옥경,Ok Kyung Koo,Chungnam National University,농업생명과학대학,Biotechnology,A5069928595,https://cals.cnu.ac.kr/cals/intro/professor/professor.do,0000-0002-9328-8626,verified,
P1102,김희택,Hee Taek Kim,Chungnam National University,농업생명과학대학,Molecular Biology,A5081101871,https://cals.cnu.ac.kr/cals/intro/professor/professor.do,0000-0002-3941-031X,verified,
P1103,하태환,Taehwan Ha,Chungnam National University,농업생명과학대학,Animal Science and Zoology,A5103240493;A5085297658,https://cals.cnu.ac.kr/cals/intro/professor/professor.do,0000-0002-3508-1897,verified,
P1104,송정헌,Jung Hun Song,Chungnam National University,농업생명과학대학,"Endocrinology, Diabetes and Metabolism",A5048035282,https://cals.cnu.ac.kr/cals/intro/professor/professor.do,,probable,
P1105,이왕희,Wang-Hui Lee,Chungnam National University,농업생명과학대학,Dermatology,A5025970216,https://cals.cnu.ac.kr/cals/intro/professor/wanghee@cnu.ac.kr,,probable,
P1106,이대현,Dae-Hyeon Lee,Chungnam National University,농업생명과학대학,Plant Science,A5123487240,https://cals.cnu.ac.kr/cals/intro/professor/leedh7@cnu.ac.kr,,probable,
P1107,한석호,Suk-Ho Han,Chungnam National University,농업생명과학대학,"Ecology, Evolution, Behavior and Systematics",A5027332652,https://cals.cnu.ac.kr/cals/intro/professor/shohan@cnu.ac.kr,,probable,
P1108,김준범,June‐Bum Kim,Eulji University,의예과,Rehabilitation,A5089253265;A5014232514,https://medicine.eulji.ac.kr/?menuno=3441&id=31278&type=F&gubun=view,0000-0003-4769-505X,verified,
P1109,최윤식,Yun-Sik Choi,Kyungsung University,약학대학,Aquatic Science,A5055134788,http://kscms.ks.ac.kr/pharmacy/CMS/ProfessorMgr/list.do?mCode=MN023,0000-0002-9614-0395,probable,
P1110,이현지,Hyunji Lee,Kyungsung University,약학대학,Molecular Biology,A5100336461,http://kscms.ks.ac.kr/pharmacy/CMS/ProfessorMgr/list.do?mCode=MN023,0000-0001-8463-5078,verified,
P1111,서지영,Ji Young Seo,Eulji University,의예과,Hematology,A5075441931,https://medicine.eulji.ac.kr/?menuno=3441&id=31278&type=F&gubun=view,0000-0003-3471-7803,verified,
P1112,이은혜,Eun Hye Lee,Eulji University,의예과,Epidemiology,A5046946008,https://medicine.eulji.ac.kr/?menuno=3441&id=31278&type=F&gubun=view,0000-0002-9270-9783,probable,
P1113,,Min‐Jung Kang,Korea Institute of Science and Technology,,Plant Science,A5029825934,https://openalex.org/A5029825934,0000-0002-1398-2037,openalex_institution,
P1114,,Cheolmin Park,Korea Institute of Science and Technology,,Biomedical Engineering,A5103219498,https://openalex.org/A5103219498,0000-0002-6832-0284,openalex_institution,
P1115,,Chang Soo Kim,Korea Institute of Science and Technology,,Biomedical Engineering,A5100728870,https://openalex.org/A5100728870,0000-0002-1125-2831,openalex_institution,
P1116,,Seok Chung,Korea Institute of Science and Technology,,Biomedical Engineering,A5028371173,https://openalex.org/A5028371173,0000-0002-1735-8338,openalex_institution,
P1117,,Youngsoon Um,Korea Institute of Science and Technology,,Molecular Biology,A5071392810,https://openalex.org/A5071392810,0000-0003-1695-1874,openalex_institution,
P1118,,In‐San Kim,Korea Institute of Science and Technology,,Immunology and Allergy,A5009476522,https://openalex.org/A5009476522,0000-0003-1714-4521,openalex_institution,
P1119,,Hoon Ryu,Korea Institute of Science and Technology,,Molecular Biology,A5055870378,https://openalex.org/A5055870378,0000-0001-6544-3732,openalex_institution,
P1120,,Sehoon Kim,Korea Institute of Science and Technology,,Biomedical Engineering,A5090175489,https://openalex.org/A5090175489,0000-0002-8074-1006,openalex_institution,
P1121,,Sun Hwa Kim,Korea Institute of Science and Technology,,Molecular Biology,A5056431102,https://openalex.org/A5056431102,0000-0002-2076-111X,openalex_institution,
P1122,,Chansoo Kim,Korea Institute of Science and Technology,,Plant Science,A5041130636,https://openalex.org/A5041130636,0000-0002-7594-9072,openalex_institution,
P1123,,Kwang Ho Kim,Korea Institute of Science and Technology,,Biomedical Engineering,A5100708415,https://openalex.org/A5100708415,0000-0003-3943-1927,openalex_institution,
P1124,,Hong Nam Kim,Korea Institute of Science and Technology,,Biomedical Engineering,A5037602360,https://openalex.org/A5037602360,0000-0002-0329-0029,openalex_institution,
P1125,,Jong Hyuk Park,Korea Institute of Science and Technology,,Biomedical Engineering,A5091852609,https://openalex.org/A5091852609,0000-0002-9554-4523,openalex_institution,
P1126,,Ji Yoon Kang,Korea Institute of Science and Technology,,Biomedical Engineering,A5001822994,https://openalex.org/A5001822994,0000-0003-4595-0512,openalex_institution,
P1127,,Ki Duk Park,Korea Institute of Science and Technology,,Cellular and Molecular Neuroscience,A5051553362,https://openalex.org/A5051553362,0000-0002-7753-214X,openalex_institution,
P1128,,Jungyeob Ham,Korea Institute of Science and Technology,,Molecular Biology,A5026961122,https://openalex.org/A5026961122,0000-0003-3046-9267,openalex_institution,
P1129,,Sang-Kuk Kim,Korea Institute of Science and Technology,,"Ecology, Evolution, Behavior and Systematics",A5109813172,https://openalex.org/A5109813172,,openalex_institution,
P1130,,Hak Cheol Kwon,Korea Institute of Science and Technology,,Pharmacology,A5051583822,https://openalex.org/A5051583822,0000-0002-4071-2331,openalex_institution,
P1131,,Hyunah Choo,Korea Institute of Science and Technology,,Molecular Biology,A5025724304,https://openalex.org/A5025724304,0000-0002-3545-2678,openalex_institution,
P1132,,Myungsuk Kim,Korea Institute of Science and Technology,,Cancer Research,A5056819360,https://openalex.org/A5056819360,0000-0002-5618-3040,openalex_institution,
P1133,,Hyun Seok Song,Korea Institute of Science and Technology,,Biomedical Engineering,A5003924479,https://openalex.org/A5003924479,0000-0002-5104-4033,openalex_institution,
P1134,,Laehyun Kim,Korea Institute of Science and Technology,,Cognitive Neuroscience,A5027143700,https://openalex.org/A5027143700,0000-0002-5769-1039,openalex_institution,
P1135,,Hyojin Lee,Korea Institute of Science and Technology,,Molecular Biology,A5100622067,https://openalex.org/A5100622067,0000-0001-6367-9485,openalex_institution,
P1136,,Deukhee Lee,Korea Institute of Science and Technology,,Biomedical Engineering,A5030942625,https://openalex.org/A5030942625,0000-0001-7340-897X,openalex_institution,
P1137,,Uhtaek Oh,Korea Institute of Science and Technology,,Sensory Systems,A5090480816,https://openalex.org/A5090480816,0000-0002-8935-8863,openalex_institution,
P1138,,Chun Gwon Park,Korea Institute of Science and Technology,,Biomedical Engineering,A5014715024,https://openalex.org/A5014715024,0000-0002-8926-3418,openalex_institution,
P1139,,Ki Jun Yu,Korea Institute of Science and Technology,,Biomedical Engineering,A5006572968,https://openalex.org/A5006572968,0000-0002-2922-2702,openalex_institution,
P1140,,Soo Hyun Park,Korea Institute of Science and Technology,,Plant Science,A5111918277,https://openalex.org/A5111918277,,openalex_institution,
P1141,,Eun Mi Hwang,Korea Institute of Science and Technology,,Molecular Biology,A5000694666,https://openalex.org/A5000694666,0000-0002-3130-8572,openalex_institution,
P1142,,Hyeon Jeong Kim,Korea Institute of Science and Technology,,Molecular Biology,A5107834243,https://openalex.org/A5107834243,,openalex_institution,
P1143,,Yun Kyung Kim,Korea Institute of Science and Technology,,Physiology,A5101699639,https://openalex.org/A5101699639,0000-0002-8682-120X,openalex_institution,
P1144,,Jee Hyun Choi,Korea Institute of Science and Technology,,Cognitive Neuroscience,A5008551271,https://openalex.org/A5008551271,0000-0003-1901-6144,openalex_institution,
P1145,,Byung Hwa Jung,Korea Institute of Science and Technology,,Molecular Biology,A5042364551,https://openalex.org/A5042364551,0000-0002-7504-7132,openalex_institution,
P1146,,Jinseok Kim,Korea Institute of Science and Technology,,Cellular and Molecular Neuroscience,A5100757436,https://openalex.org/A5100757436,0000-0002-4778-8144,openalex_institution,
P1147,,Inchan Youn,Korea Institute of Science and Technology,,Cellular and Molecular Neuroscience,A5065524047,https://openalex.org/A5065524047,0000-0002-0977-0808,openalex_institution,
P1148,,Hojeong Jeon,Korea Institute of Science and Technology,,Biomedical Engineering,A5035292004,https://openalex.org/A5035292004,0000-0002-8277-7926,openalex_institution,
P1149,,Dong‐Kwon Lim,Korea Institute of Science and Technology,,Molecular Biology,A5025699075,https://openalex.org/A5025699075,0000-0001-6755-7477,openalex_institution,
P1150,,Suk‐Won Hwang,Korea Institute of Science and Technology,,Biomedical Engineering,A5089561110,https://openalex.org/A5089561110,0000-0002-6883-201X,openalex_institution,
P1151,,Maesoon Im,Korea Institute of Science and Technology,,Cellular and Molecular Neuroscience,A5032961004,https://openalex.org/A5032961004,0000-0003-1152-4398,openalex_institution,
P1152,,Dae‐Hee Lee,Korea Research Institute of Bioscience and Biotechnology,,Molecular Biology,A5107971751,https://openalex.org/A5107971751,0000-0002-0423-9057,openalex_institution,
P1153,,Hyun Seung Kim,Korea Research Institute of Bioscience and Biotechnology,,"Public Health, Environmental and Occupational Health",A5083644755,https://openalex.org/A5083644755,0000-0001-6825-8612,openalex_institution,
P1154,,Eun‐Woo Lee,Korea Research Institute of Bioscience and Biotechnology,,Cancer Research,A5052271257,https://openalex.org/A5052271257,0000-0002-5156-0003,openalex_institution,
P1155,,Sei‐Ryang Oh,Korea Research Institute of Bioscience and Biotechnology,,Molecular Biology,A5003821248,https://openalex.org/A5003821248,0000-0002-9769-4779,openalex_institution,
P1156,,Jae‐Won Lee,Korea Research Institute of Bioscience and Biotechnology,,Molecular Biology,A5100330928,https://openalex.org/A5100330928,0000-0003-0438-6732,openalex_institution,
P1157,,Younghoon Lee,Korea Research Institute of Bioscience and Biotechnology,,Molecular Biology,A5100628483,https://openalex.org/A5100628483,0000-0002-3841-719X,openalex_institution,
P1158,,Jung‐Sook Lee,Korea Research Institute of Bioscience and Biotechnology,,Molecular Biology,A5064442584,https://openalex.org/A5064442584,0000-0003-0300-8836,openalex_institution,
P1159,,Choong‐Min Ryu,Korea Research Institute of Bioscience and Biotechnology,,Plant Science,A5051257404,https://openalex.org/A5051257404,0000-0002-7276-1189,openalex_institution,
P1160,,Jong Soon Kang,Korea Research Institute of Bioscience and Biotechnology,,Molecular Biology,A5046876658,https://openalex.org/A5046876658,0000-0001-7698-0162,openalex_institution,
P1161,,Sang‐Soo Kwak,Korea Research Institute of Bioscience and Biotechnology,,Plant Science,A5038366615,https://openalex.org/A5038366615,0000-0002-8523-4388,openalex_institution,
P1162,,Taeho Kim,Korea Research Institute of Bioscience and Biotechnology,,Biomedical Engineering,A5100452198,https://openalex.org/A5100452198,0000-0002-7500-8918,openalex_institution,
P1163,,Jae‐Hyuk Jang,Korea Research Institute of Bioscience and Biotechnology,,Pharmacology,A5033861220,https://openalex.org/A5033861220,0000-0002-4363-4252,openalex_institution,
P1164,,Seung‐Goo Lee,Korea Research Institute of Bioscience and Biotechnology,,Molecular Biology,A5013047009,https://openalex.org/A5013047009,0000-0003-4539-9812,openalex_institution,
P1165,,Suk‐Yoon Kwon,Korea Research Institute of Bioscience and Biotechnology,,Molecular Biology,A5076752465,https://openalex.org/A5076752465,0000-0002-5787-4898,openalex_institution,
P1166,,Hyung Won Ryu,Korea Research Institute of Bioscience and Biotechnology,,Molecular Biology,A5003301259,https://openalex.org/A5003301259,0000-0001-5291-3942,openalex_institution,
P1167,,Taejoon Kang,Korea Research Institute of Bioscience and Biotechnology,,Molecular Biology,A5086075861,https://openalex.org/A5086075861,0000-0002-5387-6458,openalex_institution,
P1168,,Ji Sun Park,Korea Research Institute of Bioscience and Biotechnology,,Molecular Biology,A5100743550,https://openalex.org/A5100743550,0000-0003-4064-6407,openalex_institution,
P1169,,Kyung‐Sook Chung,Korea Research Institute of Bioscience and Biotechnology,,Molecular Biology,A5028958052,https://openalex.org/A5028958052,0000-0002-0862-0779,openalex_institution,
P1170,,Seung‐Hwan Park,Korea Research Institute of Bioscience and Biotechnology,,Molecular Biology,A5100643048,https://openalex.org/A5100643048,0000-0003-4613-4680,openalex_institution,
P1171,,Young‐Soo Hong,Korea Research Institute of Bioscience and Biotechnology,,Pharmacology,A5036045593,https://openalex.org/A5036045593,0000-0001-7768-2239,openalex_institution,
P1172,,Taeho Kwon,Korea Research Institute of Bioscience and Biotechnology,,Biotechnology,A5036832276,https://openalex.org/A5036832276,0000-0001-9489-0283,openalex_institution,
P1173,,Juyeon Jung,Korea Research Institute of Bioscience and Biotechnology,,Molecular Biology,A5021576734,https://openalex.org/A5021576734,0000-0002-1969-321X,openalex_institution,
P1174,,Jae Wha Kim,Korea Research Institute of Bioscience and Biotechnology,,Molecular Biology,A5063022953,https://openalex.org/A5063022953,0000-0002-1507-2731,openalex_institution,
P1175,,Sujin Park,Korea Research Institute of Bioscience and Biotechnology,,Molecular Biology,A5100733404,https://openalex.org/A5100733404,0000-0003-1893-2714,openalex_institution,
P1176,,Hee Gu Lee,Korea Research Institute of Bioscience and Biotechnology,,Molecular Biology,A5013811024,https://openalex.org/A5013811024,0000-0002-4198-2149,openalex_institution,
P1177,,Kwang‐Hee Bae,Korea Research Institute of Bioscience and Biotechnology,,Physiology,A5054998515,https://openalex.org/A5054998515,0000-0002-5868-2556,openalex_institution,
P1178,,Eun‐Kyung Lim,Korea Research Institute of Bioscience and Biotechnology,,Molecular Biology,A5013795414,https://openalex.org/A5013795414,0000-0003-2793-3700,openalex_institution,
P1179,,Jae Sun Moon,Korea Research Institute of Bioscience and Biotechnology,,Plant Science,A5011767818,https://openalex.org/A5011767818,0000-0003-0934-1533,openalex_institution,
P1180,,Jae‐Won Huh,Korea Research Institute of Bioscience and Biotechnology,,Plant Science,A5062834373,https://openalex.org/A5062834373,0000-0001-5845-939X,openalex_institution,
P1181,,Su‐Yeon Lee,Korea Research Institute of Bioscience and Biotechnology,,"Ecology, Evolution, Behavior and Systematics",A5100649778,https://openalex.org/A5100649778,0009-0002-1471-2204,openalex_institution,
P1182,,Chang Yeol Lee,Korea Research Institute of Bioscience and Biotechnology,,Molecular Biology,A5008956986,https://openalex.org/A5008956986,0000-0001-5382-8635,openalex_institution,
P1183,,Dae‐Soo Kim,Korea Research Institute of Bioscience and Biotechnology,,Molecular Biology,A5042062960,https://openalex.org/A5042062960,0000-0002-4999-1613,openalex_institution,
P1184,,Sun‐Uk Kim,Korea Research Institute of Bioscience and Biotechnology,,"Public Health, Environmental and Occupational Health",A5009834992,https://openalex.org/A5009834992,0000-0002-5168-6976,openalex_institution,
P1185,,Bora Kim,Korea Research Institute of Bioscience and Biotechnology,,Molecular Biology,A5100735686,https://openalex.org/A5100735686,0009-0000-3381-6450,openalex_institution,
P1186,,Doo‐Sang Park,Korea Research Institute of Bioscience and Biotechnology,,Plant Science,A5074924741,https://openalex.org/A5074924741,,openalex_institution,
P1187,,Kyung‐Seop Ahn,Korea Research Institute of Bioscience and Biotechnology,,Molecular Biology,A5103035862,https://openalex.org/A5103035862,0000-0002-5507-6331,openalex_institution,
P1188,,Dae Gwin Jeong,Korea Research Institute of Bioscience and Biotechnology,,Molecular Biology,A5005934892,https://openalex.org/A5005934892,0000-0002-0764-1404,openalex_institution,
P1189,,Su Hyun Park,Korea Research Institute of Bioscience and Biotechnology,,Plant Science,A5046379497,https://openalex.org/A5046379497,0000-0002-9237-7600,openalex_institution,
P1190,,Seung Jun Kim,Korea Research Institute of Bioscience and Biotechnology,,Molecular Biology,A5111624621,https://openalex.org/A5111624621,0000-0003-0293-6972,openalex_institution,
P1191,,Hyun‐Soon Kim,Korea Research Institute of Bioscience and Biotechnology,,Molecular Biology,A5052080260,https://openalex.org/A5052080260,0000-0002-9054-0689,openalex_institution,
P1192,,Bong Hyun Sung,Korea Research Institute of Bioscience and Biotechnology,,Molecular Biology,A5038059436,https://openalex.org/A5038059436,0000-0002-8992-1118,openalex_institution,
P1193,,Hyun‐Soo Cho,Korea Research Institute of Bioscience and Biotechnology,,Molecular Biology,A5051901421,https://openalex.org/A5051901421,0000-0002-8242-9390,openalex_institution,
P1194,,Cha Young Kim,Korea Research Institute of Bioscience and Biotechnology,,Plant Science,A5013625913,https://openalex.org/A5013625913,0000-0001-7372-186X,openalex_institution,
P1195,,Haeyoung Jeong,Korea Research Institute of Bioscience and Biotechnology,,Molecular Biology,A5009077587,https://openalex.org/A5009077587,0000-0002-4479-4573,openalex_institution,
P1196,,Hye Sun Cho,Korea Research Institute of Bioscience and Biotechnology,,Plant Science,A5015919770,https://openalex.org/A5015919770,0000-0003-0469-7186,openalex_institution,
P1197,,Se Won Kang,Korea Research Institute of Bioscience and Biotechnology,,Molecular Biology,A5108373280,https://openalex.org/A5108373280,0000-0002-4034-7450,openalex_institution,
P1198,,Mi‐Young Son,Korea Research Institute of Bioscience and Biotechnology,,Molecular Biology,A5042009416,https://openalex.org/A5042009416,0000-0001-7590-8812,openalex_institution,
P1199,,Suk Ran Yoon,Korea Research Institute of Bioscience and Biotechnology,,Immunology,A5021758819,https://openalex.org/A5021758819,0000-0003-3419-1709,openalex_institution,
P1200,,Eui‐Jeon Woo,Korea Research Institute of Bioscience and Biotechnology,,Biotechnology,A5089432012,https://openalex.org/A5089432012,0000-0001-6983-0270,openalex_institution,
P1201,,Seung Woong Lee,Korea Research Institute of Bioscience and Biotechnology,,Molecular Biology,A5032591267,https://openalex.org/A5032591267,0000-0003-1025-7363,openalex_institution,
P1202,,Hyun Seung Ban,Korea Research Institute of Bioscience and Biotechnology,,Cancer Research,A5029428931,https://openalex.org/A5029428931,0000-0002-2698-6037,openalex_institution,
P1203,,Jong Hyun Choi,Korea Research Institute of Bioscience and Biotechnology,,Molecular Biology,A5007435746,https://openalex.org/A5007435746,0000-0001-9760-9514,openalex_institution,
P1204,,Doo‐Byoung Oh,Korea Research Institute of Bioscience and Biotechnology,,Molecular Biology,A5030649647,https://openalex.org/A5030649647,0000-0002-4432-0941,openalex_institution,
P1205,,Ki‐Hoan Nam,Korea Research Institute of Bioscience and Biotechnology,,Immunology,A5053636101,https://openalex.org/A5053636101,0000-0002-0989-4456,openalex_institution,
P1206,,Jung Joo Hong,Korea Research Institute of Bioscience and Biotechnology,,Infectious Diseases,A5087742106,https://openalex.org/A5087742106,0000-0002-9795-6513,openalex_institution,
P1207,,Suk Weon Kim,Korea Research Institute of Bioscience and Biotechnology,,Molecular Biology,A5016913337,https://openalex.org/A5016913337,0000-0002-0350-0022,openalex_institution,
P1208,,Doo-Young Kim,Korea Research Institute of Bioscience and Biotechnology,,Plant Science,A5103246622,https://openalex.org/A5103246622,0000-0003-1327-5348,openalex_institution,
P1209,,Jung Sun Park,Korea Research Institute of Bioscience and Biotechnology,,Pathology and Forensic Medicine,A5006682374,https://openalex.org/A5006682374,0000-0002-7562-039X,openalex_institution,
P1210,,Namshin Kim,Korea Research Institute of Bioscience and Biotechnology,,Molecular Biology,A5021012929,https://openalex.org/A5021012929,0000-0001-6361-274X,openalex_institution,
P1211,,Kweon Yu,Korea Research Institute of Bioscience and Biotechnology,,Cellular and Molecular Neuroscience,A5037454970,https://openalex.org/A5037454970,0000-0002-4942-2576,openalex_institution,
P1212,,Gyung Ja Choi,Korea Research Institute of Chemical Technology,,Cell Biology,A5102705507,https://openalex.org/A5102705507,0000-0003-1564-1487,openalex_institution,
P1213,,Sang Un Choi,Korea Research Institute of Chemical Technology,,Molecular Biology,A5109239504,https://openalex.org/A5109239504,,openalex_institution,
P1214,,Ki Young Kim,Korea Research Institute of Chemical Technology,,Food Science,A5102712850,https://openalex.org/A5102712850,0000-0001-7868-2345,openalex_institution,
P1215,,Myung Ae Bae,Korea Research Institute of Chemical Technology,,Cell Biology,A5080792622,https://openalex.org/A5080792622,0000-0002-2997-5018,openalex_institution,
P1216,,Yu Jin Jung,Korea Research Institute of Chemical Technology,,Molecular Biology,A5044202281,https://openalex.org/A5044202281,0000-0002-2134-8335,openalex_institution,
P1217,,Hun Kim,Korea Research Institute of Chemical Technology,,Cell Biology,A5100752482,https://openalex.org/A5100752482,0000-0001-6727-4469,openalex_institution,
P1218,,Hong Gi Kim,Korea Research Institute of Chemical Technology,,Cell Biology,A5062243563,https://openalex.org/A5062243563,0000-0003-4380-3551,openalex_institution,
P1219,,Chul Min Park,Korea Research Institute of Chemical Technology,,Infectious Diseases,A5034606513,https://openalex.org/A5034606513,0000-0002-3877-1818,openalex_institution,
P1220,,Seong Hwan Kim,Korea Research Institute of Chemical Technology,,Molecular Biology,A5034175543,https://openalex.org/A5034175543,0000-0002-3540-0448,openalex_institution,
P1221,,Joon Ho Lee,Korea Research Institute of Chemical Technology,,Epidemiology,A5100712838,https://openalex.org/A5100712838,0009-0007-0906-1888,openalex_institution,
P1222,,Meehyein Kim,Korea Research Institute of Chemical Technology,,Epidemiology,A5022042072,https://openalex.org/A5022042072,0000-0002-2851-5298,openalex_institution,
P1223,,Dohoon Lee,Korea Research Institute of Chemical Technology,,Molecular Biology,A5118899054,https://openalex.org/A5118899054,0000-0003-1676-5385,openalex_institution,
P1224,,Young‐Sik Jung,Korea Research Institute of Chemical Technology,,Pharmacology,A5090020238,https://openalex.org/A5090020238,0000-0001-9492-6848,openalex_institution,
P1225,,Jung‐Sup Choi,Korea Research Institute of Chemical Technology,,Plant Science,A5058042529,https://openalex.org/A5058042529,0000-0001-7978-8985,openalex_institution,
P1226,,Seong Soon Kim,Korea Research Institute of Chemical Technology,,Cell Biology,A5014502286,https://openalex.org/A5014502286,0000-0002-4762-8693,openalex_institution,
P1227,,Tae Yeong Kim,Korea Research Institute of Chemical Technology,,Molecular Medicine,A5101610531,https://openalex.org/A5101610531,0000-0003-0127-4663,openalex_institution,
P1228,,Jong Yeon Hwang,Korea Research Institute of Chemical Technology,,Molecular Biology,A5039621912,https://openalex.org/A5039621912,0000-0001-5926-4877,openalex_institution,
P1229,,Yejin Jang,Korea Research Institute of Chemical Technology,,Epidemiology,A5038369580,https://openalex.org/A5038369580,0000-0002-2440-7839,openalex_institution,
P1230,,Ji Hyun Choi,Korea Research Institute of Chemical Technology,,Cell Biology,A5102845577,https://openalex.org/A5102845577,0000-0001-7538-6129,openalex_institution,
P1231,,Young-Sook Kim,Korea Research Institute of Chemical Technology,,Pharmacology,A5101967042,https://openalex.org/A5101967042,0000-0002-7233-4806,openalex_institution,
P1232,,Hoyong Kim,Korea Research Institute of Chemical Technology,,Biomedical Engineering,A5003933259,https://openalex.org/A5003933259,0000-0001-7788-9483,openalex_institution,
P1233,,Chi Hoon Park,Korea Research Institute of Chemical Technology,,Molecular Biology,A5102790469,https://openalex.org/A5102790469,0000-0001-5471-0903,openalex_institution,
P1234,,Keun Bon Ku,Korea Research Institute of Chemical Technology,,Infectious Diseases,A5030136624,https://openalex.org/A5030136624,0000-0003-0870-0995,openalex_institution,
P1235,,Sung Hwan Park,Korea Research Institute of Chemical Technology,,Cancer Research,A5101727319,https://openalex.org/A5101727319,0000-0001-5619-2206,openalex_institution,
P1236,,Dae‐Seop Shin,Korea Research Institute of Chemical Technology,,Cell Biology,A5055352784,https://openalex.org/A5055352784,0000-0002-6641-5028,openalex_institution,
P1237,,Bomin Kim,Korea Research Institute of Chemical Technology,,Plant Science,A5101861762,https://openalex.org/A5101861762,0000-0003-1403-1177,openalex_institution,
P1238,,Kyoung Hee Kang,Korea Research Institute of Chemical Technology,,Molecular Biology,A5080325866,https://openalex.org/A5080325866,0009-0007-8422-1642,openalex_institution,
P1239,,Won Hoon Jung,Korea Research Institute of Chemical Technology,,Physiology,A5102085300,https://openalex.org/A5102085300,0009-0008-4711-6453,openalex_institution,
P1240,,Byumseok Koh,Korea Research Institute of Chemical Technology,,Biomedical Engineering,A5016643626,https://openalex.org/A5016643626,0000-0002-1106-1891,openalex_institution,
P1241,,June-Ho Choi,Korea Research Institute of Chemical Technology,,Biomedical Engineering,A5069888669,https://openalex.org/A5069888669,0009-0006-0076-8396,openalex_institution,
P1242,,Chonsaeng Kim,Korea Research Institute of Chemical Technology,,Infectious Diseases,A5010985744,https://openalex.org/A5010985744,,openalex_institution,
P1243,,Inseong Jo,Korea Research Institute of Chemical Technology,,Genetics,A5079916648,https://openalex.org/A5079916648,0000-0002-7964-4751,openalex_institution,
P1244,,Jae Woo Han,Korea Research Institute of Chemical Technology,,Plant Science,A5103154144,https://openalex.org/A5103154144,0000-0003-1165-8433,openalex_institution,
P1245,,Da Yeon Lee,Korea Research Institute of Chemical Technology,,Molecular Biology,A5108136425,https://openalex.org/A5108136425,0009-0005-2180-7115,openalex_institution,
P1246,,Minsuk Choi,Korea Research Institute of Chemical Technology,,Molecular Biology,A5023333354,https://openalex.org/A5023333354,0000-0002-6181-3051,openalex_institution,
P1247,,Yonghyo Kim,Korea Research Institute of Chemical Technology,,Cancer Research,A5050095542,https://openalex.org/A5050095542,0000-0002-4447-9864,openalex_institution,
P1248,,Myung Hyun Noh,Korea Research Institute of Chemical Technology,,Molecular Biology,A5000328867,https://openalex.org/A5000328867,0000-0001-9045-7968,openalex_institution,
P1249,,Jin Soo Shin,Korea Research Institute of Chemical Technology,,Epidemiology,A5084973795,https://openalex.org/A5084973795,0009-0007-0742-4032,openalex_institution,
P1250,,Chunkyu Ko,Korea Research Institute of Chemical Technology,,Epidemiology,A5084389391,https://openalex.org/A5084389391,0000-0001-6512-1602,openalex_institution,
P1251,,Hyunjin Park,Institute for Basic Science,,Cognitive Neuroscience,A5100328513,https://openalex.org/A5100328513,0000-0001-5681-8918,openalex_institution,
P1252,,Gou Young Koh,Institute for Basic Science,,Molecular Biology,A5061682089,https://openalex.org/A5061682089,0000-0002-1231-1485,openalex_institution,
P1253,,Changjoon Justin Lee,Institute for Basic Science,,Cellular and Molecular Neuroscience,A5047012149,https://openalex.org/A5047012149,0000-0002-3555-0980,openalex_institution,
P1254,,Jong Won Yun,Institute for Basic Science,,Physiology,A5079655788,https://openalex.org/A5079655788,0000-0003-2453-2282,openalex_institution,
P1255,,Seung‐Hee Lee,Institute for Basic Science,,Cellular and Molecular Neuroscience,A5100424985,https://openalex.org/A5100424985,0000-0002-9486-5771,openalex_institution,
P1256,,Euisik Yoon,Institute for Basic Science,,Cellular and Molecular Neuroscience,A5104111210,https://openalex.org/A5104111210,0000-0002-2127-1200,openalex_institution,
P1257,,Seung‐Woo Cho,Institute for Basic Science,,Biomedical Engineering,A5031068192,https://openalex.org/A5031068192,0000-0001-8058-332X,openalex_institution,
P1258,,Young Ki Choi,Institute for Basic Science,,Epidemiology,A5059886221,https://openalex.org/A5059886221,0000-0002-0872-0147,openalex_institution,
P1259,,Wonshik Choi,Institute for Basic Science,,Biomedical Engineering,A5016969455,https://openalex.org/A5016969455,0000-0002-9445-7081,openalex_institution,
P1260,,Seokjoong Kim,Institute for Basic Science,,Molecular Biology,A5019048819,https://openalex.org/A5019048819,0000-0002-4693-738X,openalex_institution,
P1261,,Kyungjae Myung,Institute for Basic Science,,Molecular Biology,A5045299545,https://openalex.org/A5045299545,0000-0001-7975-6190,openalex_institution,
P1262,,Jang‐Ung Park,Institute for Basic Science,,Biomedical Engineering,A5009610739,https://openalex.org/A5009610739,0000-0003-1522-4958,openalex_institution,
P1263,,Jae Kyoung Kim,Institute for Basic Science,,Molecular Biology,A5067034493,https://openalex.org/A5067034493,0000-0001-7842-2172,openalex_institution,
P1264,,Hee‐Sup Shin,Institute for Basic Science,,Cellular and Molecular Neuroscience,A5058745492,https://openalex.org/A5058745492,0000-0003-4260-3718,openalex_institution,
P1265,,Min Whan Jung,Institute for Basic Science,,Cellular and Molecular Neuroscience,A5083929538,https://openalex.org/A5083929538,0000-0002-4145-600X,openalex_institution,
P1266,,Bon‐Kyoung Koo,Institute for Basic Science,,Oncology,A5005310722,https://openalex.org/A5005310722,0000-0002-4134-8033,openalex_institution,
P1267,,Seok‐Jun Hong,Institute for Basic Science,,Cognitive Neuroscience,A5018674074,https://openalex.org/A5018674074,0000-0002-1847-578X,openalex_institution,
P1268,,Bo‐yong Park,Institute for Basic Science,,Cognitive Neuroscience,A5025571555,https://openalex.org/A5025571555,0000-0001-7096-337X,openalex_institution,
P1269,,Ho Min Kim,Institute for Basic Science,,Molecular Biology,A5023660115,https://openalex.org/A5023660115,0000-0003-0029-3643,openalex_institution,
P1270,,Donghee Son,Institute for Basic Science,,Biomedical Engineering,A5025968238,https://openalex.org/A5025968238,0000-0002-3772-8009,openalex_institution,
P1271,,Taejoon Kwon,Institute for Basic Science,,Molecular Biology,A5075058925,https://openalex.org/A5075058925,0000-0002-9794-6112,openalex_institution,
P1272,,Choong‐Wan Woo,Institute for Basic Science,,Cognitive Neuroscience,A5004122059,https://openalex.org/A5004122059,0000-0002-7423-5422,openalex_institution,
P1273,,Hyun-Ju Cho,Institute for Basic Science,,"Public Health, Environmental and Occupational Health",A5084425441,https://openalex.org/A5084425441,0000-0001-7393-657X,openalex_institution,
P1274,,Jinmyoung Joo,Institute for Basic Science,,Molecular Biology,A5063847168,https://openalex.org/A5063847168,0000-0003-1574-9842,openalex_institution,
P1275,,Donghwan Shim,Institute for Basic Science,,Plant Science,A5074302162,https://openalex.org/A5074302162,0000-0002-0223-595X,openalex_institution,
P1276,,Mikyung Shin,Institute for Basic Science,,Biomedical Engineering,A5064644351,https://openalex.org/A5064644351,0000-0002-7990-5210,openalex_institution,
P1277,,M. Justin Kim,Institute for Basic Science,,Cognitive Neuroscience,A5013244429,https://openalex.org/A5013244429,0000-0002-5886-8545,openalex_institution,
P1278,,Seok‐Cheol Hong,Institute for Basic Science,,Molecular Biology,A5017143532,https://openalex.org/A5017143532,0000-0001-5134-5912,openalex_institution,
P1279,,Won Mok Shim,Institute for Basic Science,,Cognitive Neuroscience,A5035238721,https://openalex.org/A5035238721,0000-0002-9107-0471,openalex_institution,
P1280,,Jin Hee Hong,Institute for Basic Science,,Biophysics,A5050476892,https://openalex.org/A5050476892,0000-0001-6356-8857,openalex_institution,
P1281,,Eun-Ha Kim,Institute for Basic Science,,Epidemiology,A5100644148,https://openalex.org/A5100644148,0000-0003-1443-3416,openalex_institution,
P1282,,Byung‐Gyu Kim,Institute for Basic Science,,Cancer Research,A5102918037,https://openalex.org/A5102918037,0000-0002-1152-4542,openalex_institution,
P1283,,Sang‐In Kim,Institute for Basic Science,,Genetics,A5101827404,https://openalex.org/A5101827404,0000-0003-3961-6083,openalex_institution,
P1284,,Suho Lee,Institute for Basic Science,,Cellular and Molecular Neuroscience,A5030586134,https://openalex.org/A5030586134,0000-0002-5956-9985,openalex_institution,
P1285,,Yong‐Jun Choi,Institute for Basic Science,,Molecular Biology,A5066440687,https://openalex.org/A5066440687,0000-0002-3814-3643,openalex_institution,
P1286,,Min-Suk Kang,Institute for Basic Science,,Cognitive Neuroscience,A5101429667,https://openalex.org/A5101429667,0000-0002-7865-371X,openalex_institution,
P1287,,Sungho Hong,Institute for Basic Science,,Cognitive Neuroscience,A5084974365,https://openalex.org/A5084974365,0000-0002-6905-7932,openalex_institution,
P1288,,Yoojin Shin,Institute for Basic Science,,Biomedical Engineering,A5101499358,https://openalex.org/A5101499358,0009-0000-0253-1196,openalex_institution,
P1289,,Sungsam Kang,Institute for Basic Science,,Biomedical Engineering,A5010269464,https://openalex.org/A5010269464,0000-0002-5146-4716,openalex_institution,
P1290,,Ji-Hye Yun,Institute for Basic Science,,Molecular Biology,A5012324089,https://openalex.org/A5012324089,0000-0001-7570-369X,openalex_institution,
P1291,,Sukhyun Kang,Institute for Basic Science,,Molecular Biology,A5032365993,https://openalex.org/A5032365993,0000-0002-7567-0231,openalex_institution,
P1292,,Boyoung Lee,Institute for Basic Science,,Cellular and Molecular Neuroscience,A5101930081,https://openalex.org/A5101930081,0000-0001-9445-510X,openalex_institution,
P1293,,Pann‐Ghill Suh,Korea Brain Research Institute,,Molecular Biology,A5063560544,https://openalex.org/A5063560544,0000-0002-9811-756X,openalex_institution,
P1294,,Juhyun Kim,Korea Brain Research Institute,,Cellular and Molecular Neuroscience,A5100770739,https://openalex.org/A5100770739,0000-0002-3098-5010,openalex_institution,
P1295,,Ji Young Mun,Korea Brain Research Institute,,Epidemiology,A5001441680,https://openalex.org/A5001441680,0000-0003-0820-6233,openalex_institution,
P1296,,Youngshik Choe,Korea Brain Research Institute,,Developmental Neuroscience,A5035227436,https://openalex.org/A5035227436,0000-0002-2132-4771,openalex_institution,
P1297,,Jeongyeon Kim,Korea Brain Research Institute,,Cellular and Molecular Neuroscience,A5101470587,https://openalex.org/A5101470587,0000-0002-7106-2773,openalex_institution,
P1298,,Hyungju Park,Korea Brain Research Institute,,Cellular and Molecular Neuroscience,A5023177363,https://openalex.org/A5023177363,0000-0002-9010-9434,openalex_institution,
P1299,,Sehyun Chae,Korea Brain Research Institute,,Physiology,A5064378252,https://openalex.org/A5064378252,0000-0001-6904-0623,openalex_institution,
P1300,,Ja Wook Koo,Korea Brain Research Institute,,Cellular and Molecular Neuroscience,A5032336228,https://openalex.org/A5032336228,0000-0001-6233-1583,openalex_institution,
P1301,,Kea Joo Lee,Korea Brain Research Institute,,Cellular and Molecular Neuroscience,A5038250203,https://openalex.org/A5038250203,0000-0002-1366-4709,openalex_institution,
P1302,,Jaekwang Kim,Korea Brain Research Institute,,Physiology,A5100652684,https://openalex.org/A5100652684,0000-0002-7312-4077,openalex_institution,
P1303,,Jeong Ho Han,Korea Brain Research Institute,,Cellular and Molecular Neuroscience,A5101743061,https://openalex.org/A5101743061,0000-0003-3197-4898,openalex_institution,
P1304,,KyeongJin Kang,Korea Brain Research Institute,,Cellular and Molecular Neuroscience,A5100360954,https://openalex.org/A5100360954,0000-0003-0446-469X,openalex_institution,
P1305,,Hyun–Ho Lim,Korea Brain Research Institute,,Molecular Biology,A5022167070,https://openalex.org/A5022167070,0000-0002-5477-5640,openalex_institution,
P1306,,Jong Hyuk Yoon,Korea Brain Research Institute,,Physiology,A5077562182,https://openalex.org/A5077562182,0000-0002-4090-3832,openalex_institution,
P1307,,Chang Man Ha,Korea Brain Research Institute,,Aging,A5049737479,https://openalex.org/A5049737479,0000-0002-6734-6597,openalex_institution,
P1308,,Joon Ho Choi,Korea Brain Research Institute,,Cognitive Neuroscience,A5074609712,https://openalex.org/A5074609712,0000-0002-2090-8724,openalex_institution,
P1309,,Chany Lee,Korea Brain Research Institute,,Cognitive Neuroscience,A5035060535,https://openalex.org/A5035060535,0000-0003-3195-1960,openalex_institution,
P1310,,Min Kyo Jung,Korea Brain Research Institute,,Physiology,A5109188608,https://openalex.org/A5109188608,0000-0002-3288-3288,openalex_institution,
P1311,,Mookyung Cheon,Korea Brain Research Institute,,Molecular Biology,A5045004906,https://openalex.org/A5045004906,0000-0001-6777-6725,openalex_institution,
P1312,,Minyoung Jung,Korea Brain Research Institute,,Cognitive Neuroscience,A5075258722,https://openalex.org/A5075258722,0000-0001-9188-0549,openalex_institution,
P1313,,Byoung‐Cheol Lee,Korea Brain Research Institute,,Molecular Biology,A5059820155,https://openalex.org/A5059820155,0009-0002-1635-9627,openalex_institution,
P1314,,Dongha Lee,Korea Brain Research Institute,,Cognitive Neuroscience,A5040206322,https://openalex.org/A5040206322,0000-0001-8316-2141,openalex_institution,
P1315,,Yong-Jin Kim,Korea Brain Research Institute,,Molecular Biology,A5100719352,https://openalex.org/A5100719352,0000-0002-9866-2648,openalex_institution,
P1316,,Taekwon Son,Korea Brain Research Institute,,Molecular Biology,A5033320671,https://openalex.org/A5033320671,0000-0002-6096-2231,openalex_institution,
P1317,,Won‐Jong Oh,Korea Brain Research Institute,,Cellular and Molecular Neuroscience,A5046718389,https://openalex.org/A5046718389,0000-0001-8867-7814,openalex_institution,
P1318,,Young Rae Ji,Korea Brain Research Institute,,Sensory Systems,A5034212964,https://openalex.org/A5034212964,0000-0002-8825-9783,openalex_institution,
P1319,,J. S. Kim,Korea Brain Research Institute,,Cellular and Molecular Neuroscience,A5102924592,https://openalex.org/A5102924592,0000-0003-2272-9137,openalex_institution,
P1320,,Min‐Tae Jeon,Korea Brain Research Institute,,Physiology,A5003255603,https://openalex.org/A5003255603,,openalex_institution,
P1321,,Seungeun Yeo,Korea Brain Research Institute,,Molecular Biology,A5025151921,https://openalex.org/A5025151921,0000-0003-2431-8921,openalex_institution,
P1322,,Myeong Soo Lee,Korea Institute of Oriental Medicine,,Complementary and alternative medicine,A5100379084,https://openalex.org/A5100379084,0000-0001-6651-7641,openalex_institution,
P1323,,Hye Won Lee,Korea Institute of Oriental Medicine,,Epidemiology,A5100766111,https://openalex.org/A5100766111,0000-0002-3552-3560,openalex_institution,
P1324,,Chang‐Seob Seo,Korea Institute of Oriental Medicine,,Complementary and alternative medicine,A5076606638,https://openalex.org/A5076606638,0000-0002-8156-446X,openalex_institution,
P1325,,Hyeun‐Kyoo Shin,Korea Institute of Oriental Medicine,,Pharmacology,A5072379969,https://openalex.org/A5072379969,0000-0003-2319-6678,openalex_institution,
P1326,,Jae Young Jang,Korea Institute of Oriental Medicine,,Epidemiology,A5036816797,https://openalex.org/A5036816797,0000-0001-5335-752X,openalex_institution,
P1327,,Sun‐Mi Choi,Korea Institute of Oriental Medicine,,Complementary and alternative medicine,A5086495577,https://openalex.org/A5086495577,0000-0001-5192-4391,openalex_institution,
P1328,,Boram Lee,Korea Institute of Oriental Medicine,,Complementary and alternative medicine,A5100385566,https://openalex.org/A5100385566,0000-0003-1679-0644,openalex_institution,
P1329,,Yun Mi Lee,Korea Institute of Oriental Medicine,,Clinical Biochemistry,A5087810531,https://openalex.org/A5087810531,0000-0002-3860-0365,openalex_institution,
P1330,,Jun Hyung Lee,Korea Institute of Oriental Medicine,,Molecular Biology,A5100442887,https://openalex.org/A5100442887,0000-0002-5756-5470,openalex_institution,
P1331,,Byeong Cheol Moon,Korea Institute of Oriental Medicine,,Food Science,A5020989793,https://openalex.org/A5020989793,0000-0002-5374-6274,openalex_institution,
P1332,,Young Sook Kim,Korea Institute of Oriental Medicine,,Clinical Biochemistry,A5087371439,https://openalex.org/A5087371439,0000-0002-5584-402X,openalex_institution,
P1333,,Sanghun Lee,Korea Institute of Oriental Medicine,,Complementary and alternative medicine,A5100434233,https://openalex.org/A5100434233,0000-0001-7124-6874,openalex_institution,
P1334,,Bu‐Yeo Kim,Korea Institute of Oriental Medicine,,Plant Science,A5006719553,https://openalex.org/A5006719553,0000-0001-5949-2407,openalex_institution,
P1335,,Mee-Young Lee,Korea Institute of Oriental Medicine,,Pharmacology,A5110449638,https://openalex.org/A5110449638,0000-0001-7337-2460,openalex_institution,
P1336,,Jun‐Hwan Lee,Korea Institute of Oriental Medicine,,Complementary and alternative medicine,A5053628298,https://openalex.org/A5053628298,0000-0001-5730-6869,openalex_institution,
P1337,,Young Soo Kim,Korea Institute of Oriental Medicine,,Epidemiology,A5100713156,https://openalex.org/A5100713156,0000-0003-0605-1231,openalex_institution,
P1338,,Soo‐Jin Jeong,Korea Institute of Oriental Medicine,,Pharmacology,A5085421753,https://openalex.org/A5085421753,0000-0001-6529-1767,openalex_institution,
P1339,,Yeonhee Ryu,Korea Institute of Oriental Medicine,,Complementary and alternative medicine,A5009886562,https://openalex.org/A5009886562,0000-0001-7953-7094,openalex_institution,
P1340,,Ae‐Ran Kim,Korea Institute of Oriental Medicine,,Complementary and alternative medicine,A5111781043,https://openalex.org/A5111781043,0000-0003-3600-0806,openalex_institution,
P1341,,Hyekyung Ha,Korea Institute of Oriental Medicine,,Pharmacology,A5040834500,https://openalex.org/A5040834500,0000-0002-7326-6366,openalex_institution,
P1342,,Ji‐Eun Park,Korea Institute of Oriental Medicine,,Complementary and alternative medicine,A5100710880,https://openalex.org/A5100710880,0000-0002-2932-5373,openalex_institution,
P1343,,Dong-Seon Kim,Korea Institute of Oriental Medicine,,Pharmacology,A5102748003,https://openalex.org/A5102748003,0000-0002-1711-0906,openalex_institution,
P1344,,Changsop Yang,Korea Institute of Oriental Medicine,,Complementary and alternative medicine,A5028888186,https://openalex.org/A5028888186,0000-0003-1277-3329,openalex_institution,
P1345,,Youn‐Hwan Hwang,Korea Institute of Oriental Medicine,,Molecular Biology,A5016137020,https://openalex.org/A5016137020,0000-0002-4959-2436,openalex_institution,
P1346,,Bong‐Kyun Park,Korea Institute of Oriental Medicine,,Animal Science and Zoology,A5008490306,https://openalex.org/A5008490306,0000-0002-4301-8740,openalex_institution,
P1347,,Chang-Hyun Han,Korea Institute of Oriental Medicine,,Pharmacology,A5071205421,https://openalex.org/A5071205421,0000-0003-4285-3063,openalex_institution,
P1348,,Sungchul Kim,Korea Institute of Oriental Medicine,,Pharmacology,A5100718928,https://openalex.org/A5100718928,0000-0001-9274-9243,openalex_institution,
P1349,,Tae‐Young Choi,Korea Institute of Oriental Medicine,,Complementary and alternative medicine,A5045992953,https://openalex.org/A5045992953,0000-0003-0638-2153,openalex_institution,
P1350,,Goya Choi,Korea Institute of Oriental Medicine,,Plant Science,A5004882130,https://openalex.org/A5004882130,0000-0003-0530-0793,openalex_institution,
P1351,,Ojin Kwon,Korea Institute of Oriental Medicine,,Complementary and alternative medicine,A5065009693,https://openalex.org/A5065009693,0000-0002-7349-4596,openalex_institution,
P1352,,Younghwa Baek,Korea Institute of Oriental Medicine,,Complementary and alternative medicine,A5051249162,https://openalex.org/A5051249162,0000-0002-1827-1701,openalex_institution,
P1353,,Yujin Choi,Korea Institute of Oriental Medicine,,Complementary and alternative medicine,A5065209987,https://openalex.org/A5065209987,0000-0001-5257-2340,openalex_institution,
P1354,,Sungyu Yang,Korea Institute of Oriental Medicine,,Plant Science,A5009137026,https://openalex.org/A5009137026,0000-0001-5081-0296,openalex_institution,
P1355,,Jeeyoun Jung,Korea Institute of Oriental Medicine,,Complementary and alternative medicine,A5030075020,https://openalex.org/A5030075020,0000-0002-9213-4748,openalex_institution,
P1356,,Hee‐Jung Choi,Korea Institute of Oriental Medicine,,Molecular Biology,A5091015282,https://openalex.org/A5091015282,0000-0002-1167-1526,openalex_institution,
P1357,,Kwang‐Ho Choi,Korea Institute of Oriental Medicine,,Complementary and alternative medicine,A5101654154,https://openalex.org/A5101654154,0000-0002-8594-1189,openalex_institution,
P1358,,Won‐Kyung Cho,Korea Institute of Oriental Medicine,,Epidemiology,A5102887329,https://openalex.org/A5102887329,0000-0001-6425-5748,openalex_institution,
P1359,,Young-Hee Jin,Korea Institute of Oriental Medicine,,Animal Science and Zoology,A5014643807,https://openalex.org/A5014643807,0000-0001-9916-1418,openalex_institution,
P1360,,Hyunil Ha,Korea Institute of Oriental Medicine,,Molecular Biology,A5025382550,https://openalex.org/A5025382550,0000-0001-5947-9982,openalex_institution,
P1361,,Chan‐Sik Kim,Korea Institute of Oriental Medicine,,Clinical Biochemistry,A5061737220,https://openalex.org/A5061737220,0000-0001-7610-9887,openalex_institution,
P1362,,Ik Soo Lee,Korea Institute of Oriental Medicine,,Clinical Biochemistry,A5009660847,https://openalex.org/A5009660847,0000-0003-4867-7646,openalex_institution,
P1363,,Anna Kim,Korea Institute of Oriental Medicine,,Complementary and alternative medicine,A5101594222,https://openalex.org/A5101594222,0000-0002-4607-1328,openalex_institution,
P1364,,Youngmin Kang,Korea Institute of Oriental Medicine,,Molecular Biology,A5054810278,https://openalex.org/A5054810278,0000-0003-0184-6115,openalex_institution,
P1365,,Jang‐Gi Choi,Korea Institute of Oriental Medicine,,Food Science,A5045870288,https://openalex.org/A5045870288,0000-0003-0934-7521,openalex_institution,
P1366,,So‐Young Jung,Korea Institute of Oriental Medicine,,Complementary and alternative medicine,A5070230072,https://openalex.org/A5070230072,0000-0002-9589-2624,openalex_institution,
P1367,,Ki-Hyun Park,Korea Institute of Oriental Medicine,,Complementary and alternative medicine,A5054921310,https://openalex.org/A5054921310,0000-0003-4010-9193,openalex_institution,
P1368,,Hwan‐Suck Chung,Korea Institute of Oriental Medicine,,Pharmacology,A5056367866,https://openalex.org/A5056367866,0000-0002-5901-0217,openalex_institution,
P1369,,Youngseop Lee,Korea Institute of Oriental Medicine,,Complementary and alternative medicine,A5073406304,https://openalex.org/A5073406304,0000-0002-8879-142X,openalex_institution,
P1370,,Heung Joo Yuk,Korea Institute of Oriental Medicine,,Molecular Biology,A5079982482,https://openalex.org/A5079982482,0000-0002-4705-4538,openalex_institution,
P1371,,Boncho Uk Ku,Korea Institute of Oriental Medicine,,Complementary and alternative medicine,A5075335954,https://openalex.org/A5075335954,0000-0001-5520-9782,openalex_institution,
P1372,,Mi Mi Ko,Korea Institute of Oriental Medicine,,Complementary and alternative medicine,A5010125473,https://openalex.org/A5010125473,0000-0002-5758-4655,openalex_institution,
P1373,,Jin Mi Chun,Korea Institute of Oriental Medicine,,Food Science,A5043401794,https://openalex.org/A5043401794,0000-0002-2265-3833,openalex_institution,
P1374,,Hyungjun Kim,Korea Institute of Oriental Medicine,,Complementary and alternative medicine,A5100388374,https://openalex.org/A5100388374,0000-0001-7997-7663,openalex_institution,
P1375,,Ji Hee Jun,Korea Institute of Oriental Medicine,,Complementary and alternative medicine,A5090877776,https://openalex.org/A5090877776,0000-0001-9084-903X,openalex_institution,
P1376,,A Yeong Lee,Korea Institute of Oriental Medicine,,Plant Science,A5022660633,https://openalex.org/A5022660633,0000-0003-1670-8911,openalex_institution,
P1377,,Byoung-Kab Kang,Korea Institute of Oriental Medicine,,Complementary and alternative medicine,A5067581140,https://openalex.org/A5067581140,0000-0002-3016-2428,openalex_institution,
P1378,,Aeyung Kim,Korea Institute of Oriental Medicine,,Pharmacology,A5008031606,https://openalex.org/A5008031606,0000-0002-3176-3671,openalex_institution,
P1379,,So Min Lee,Korea Institute of Oriental Medicine,,Molecular Biology,A5047601551,https://openalex.org/A5047601551,0000-0003-3833-6792,openalex_institution,
P1380,,Eunjin Sohn,Korea Institute of Oriental Medicine,,Clinical Biochemistry,A5077164000,https://openalex.org/A5077164000,0000-0002-9410-4788,openalex_institution,
P1381,,Yun‐Soo Seo,Korea Institute of Oriental Medicine,,Pharmacology,A5076186951,https://openalex.org/A5076186951,0000-0003-4414-3495,openalex_institution,
P1382,,Hyungmin Kim,Korea Institute of Toxicology,,Biomedical Engineering,A5100695852,https://openalex.org/A5100695852,0000-0001-9527-0609,openalex_institution,
P1383,,Sun‐Woong Kang,Korea Institute of Toxicology,,Biomedical Engineering,A5055104158,https://openalex.org/A5055104158,0000-0001-8862-2151,openalex_institution,
P1384,,Sung‐Hwan Kim,Korea Institute of Toxicology,,Oncology,A5100430154,https://openalex.org/A5100430154,0000-0002-1927-9617,openalex_institution,
P1385,,Seung‐Jin Lee,Korea Institute of Toxicology,,Pharmacology,A5101690593,https://openalex.org/A5101690593,0000-0001-7109-6423,openalex_institution,
P1386,,Jeong‐Doo Heo,Korea Institute of Toxicology,,Molecular Biology,A5080838079,https://openalex.org/A5080838079,0000-0001-9584-1352,openalex_institution,
P1387,,Jung‐Hwa Oh,Korea Institute of Toxicology,,Pharmacology,A5109102389,https://openalex.org/A5109102389,0000-0002-3348-3120,openalex_institution,
P1388,,Yong‐Bum Kim,Korea Institute of Toxicology,,Cancer Research,A5047961867,https://openalex.org/A5047961867,0000-0003-3890-2678,openalex_institution,
P1389,,Han‐Jin Park,Korea Institute of Toxicology,,Molecular Biology,A5068552056,https://openalex.org/A5068552056,0000-0002-0113-4145,openalex_institution,
P1390,,Ho Jeong Lee,Korea Institute of Toxicology,,Molecular Biology,A5022371355,https://openalex.org/A5022371355,0000-0001-9646-195X,openalex_institution,
P1391,,Yeong-Jin Kim,Korea Institute of Toxicology,,Food Science,A5020555683,https://openalex.org/A5020555683,0000-0002-3926-9387,openalex_institution,
P1392,,Dong Ho Woo,Korea Institute of Toxicology,,Cellular and Molecular Neuroscience,A5027050513,https://openalex.org/A5027050513,0000-0003-3366-3831,openalex_institution,
P1393,,Kyoung‐Sik Moon,Korea Institute of Toxicology,,Insect Science,A5052162552,https://openalex.org/A5052162552,0000-0003-3443-8230,openalex_institution,
P1394,,Han Na Suh,Korea Institute of Toxicology,,Molecular Biology,A5067887857,https://openalex.org/A5067887857,0000-0002-7647-7249,openalex_institution,
P1395,,Yu Bin Lee,Korea Institute of Toxicology,,Biomedical Engineering,A5017387288,https://openalex.org/A5017387288,0000-0002-1470-6499,openalex_institution,
P1396,,Sung Hwan Kim,Korea Institute of Toxicology,,Food Science,A5100606109,https://openalex.org/A5100606109,0000-0003-3681-800X,openalex_institution,
P1397,,Joung‐Wook Seo,Korea Institute of Toxicology,,Cellular and Molecular Neuroscience,A5108132361,https://openalex.org/A5108132361,0000-0002-7942-4070,openalex_institution,
P1398,,Onju Ham,Korea Institute of Toxicology,,Cancer Research,A5102939508,https://openalex.org/A5102939508,0000-0003-3910-7211,openalex_institution,
P1399,,Young Sang Kwon,Korea Institute of Toxicology,,Plant Science,A5026698763,https://openalex.org/A5026698763,0000-0002-9429-4227,openalex_institution,
P1400,,Eun Young Jang,Korea Institute of Toxicology,,Cellular and Molecular Neuroscience,A5009369823,https://openalex.org/A5009369823,0000-0002-6628-0127,openalex_institution,
P1401,,Mi‐Sun Choi,Korea Institute of Toxicology,,Pharmacology,A5112543640,https://openalex.org/A5112543640,,openalex_institution,
P1402,,Dong Im Kim,Korea Institute of Toxicology,,Physiology,A5077611971,https://openalex.org/A5077611971,0000-0002-0816-2587,openalex_institution,
P1403,,Min Seong Jang,Korea Institute of Toxicology,,Infectious Diseases,A5027787988,https://openalex.org/A5027787988,0000-0002-0453-8866,openalex_institution,
P1404,,Moonjung Hyun,Korea Institute of Toxicology,,Aging,A5007804430,https://openalex.org/A5007804430,0000-0003-3320-9815,openalex_institution,
P1405,,Myeongjin Choi,Korea Institute of Toxicology,,Molecular Medicine,A5013629650,https://openalex.org/A5013629650,0000-0001-8891-8286,openalex_institution,
P1406,,Sung‐Ae Hyun,Korea Institute of Toxicology,,Molecular Biology,A5005397988,https://openalex.org/A5005397988,0000-0003-4442-2398,openalex_institution,
P1407,,Hang‐Suk Chun,Korea Institute of Toxicology,,Cell Biology,A5042089672,https://openalex.org/A5042089672,0000-0002-3624-9129,openalex_institution,
P1408,,Sang Eun Ha,Korea Institute of Toxicology,,Plant Science,A5049725431,https://openalex.org/A5049725431,0000-0002-4964-8700,openalex_institution,
P1409,,Sang‐Jin Park,Korea Institute of Toxicology,,Infectious Diseases,A5101611875,https://openalex.org/A5101611875,0000-0003-1712-1848,openalex_institution,
P1410,,Ha‐Na Oh,Korea Institute of Toxicology,,Pharmacology,A5056510525,https://openalex.org/A5056510525,0000-0003-0380-7275,openalex_institution,
P1411,,Geum‐Sook Hwang,Korea Basic Science Institute,,Molecular Biology,A5058857350,https://openalex.org/A5058857350,0000-0002-1600-1556,openalex_institution,
P1412,,Kyung‐Bok Lee,Korea Basic Science Institute,,Molecular Biology,A5106083359,https://openalex.org/A5106083359,0000-0003-1495-3462,openalex_institution,
P1413,,Hye Sun Park,Korea Basic Science Institute,,Biomedical Engineering,A5100706535,https://openalex.org/A5100706535,0000-0002-3275-1437,openalex_institution,
P1414,,Young‐Ho Lee,Korea Basic Science Institute,,Physiology,A5100647024,https://openalex.org/A5100647024,0000-0002-8441-5814,openalex_institution,
P1415,,Kil‐Nam Kim,Korea Basic Science Institute,,Aquatic Science,A5053946593,https://openalex.org/A5053946593,0000-0002-7712-7697,openalex_institution,
P1416,,Hyun-Tae Kim,Korea Basic Science Institute,,Plant Science,A5100737774,https://openalex.org/A5100737774,0000-0001-5124-7976,openalex_institution,
P1417,,Seong‐Jun Kim,Korea Basic Science Institute,,Infectious Diseases,A5077700350,https://openalex.org/A5077700350,0000-0001-8504-2872,openalex_institution,
P1418,,Seung Il Kim,Korea Basic Science Institute,,Molecular Medicine,A5100682101,https://openalex.org/A5100682101,0000-0001-6681-4486,openalex_institution,
P1419,,Young‐Ho Lee,Korea Basic Science Institute,,Cell Biology,A5100647015,https://openalex.org/A5100647015,0000-0001-8238-2345,openalex_institution,
P1420,,Kwan Soo Hong,Korea Basic Science Institute,,Biomedical Engineering,A5015752428,https://openalex.org/A5015752428,0000-0003-4342-5183,openalex_institution,
P1421,,Eun Hee Han,Korea Basic Science Institute,,Molecular Biology,A5046054350,https://openalex.org/A5046054350,0000-0002-0137-0156,openalex_institution,
P1422,,SeonJu Park,Korea Basic Science Institute,,Molecular Biology,A5059462165,https://openalex.org/A5059462165,0000-0002-0532-5977,openalex_institution,
P1423,,Yang Hoon Huh,Korea Basic Science Institute,,Cell Biology,A5074424556,https://openalex.org/A5074424556,0000-0003-3157-304X,openalex_institution,
P1424,,Seung‐Hae Kwon,Korea Basic Science Institute,,Biomedical Engineering,A5032282317,https://openalex.org/A5032282317,0000-0001-5554-9015,openalex_institution,
P1425,,Jin-Yong Park,Korea Basic Science Institute,,Molecular Biology,A5061212390,https://openalex.org/A5061212390,0000-0002-7611-7737,openalex_institution,
P1426,,Sang-Yeop Lee,Korea Basic Science Institute,,Molecular Biology,A5100600363,https://openalex.org/A5100600363,0000-0002-8257-6112,openalex_institution,
P1427,,Kyoung‐Seok Ryu,Korea Basic Science Institute,,Molecular Biology,A5078652028,https://openalex.org/A5078652028,0000-0002-8422-6669,openalex_institution,
P1428,,Mi Young Cho,Korea Basic Science Institute,,Immunology,A5027539286,https://openalex.org/A5027539286,0009-0006-5933-0516,openalex_institution,
P1429,,Min Sung Kim,Korea Basic Science Institute,,Oncology,A5100737571,https://openalex.org/A5100737571,0000-0001-6370-7239,openalex_institution,
P1430,,Jeong Kyu Bang,Korea Basic Science Institute,,Cell Biology,A5041197835,https://openalex.org/A5041197835,0000-0001-5916-0912,openalex_institution,
P1431,,Hea‐Jong Chung,Korea Basic Science Institute,,Molecular Biology,A5040436508,https://openalex.org/A5040436508,0000-0002-1185-7654,openalex_institution,
P1432,,Eui Jeong Han,Korea Basic Science Institute,,Aquatic Science,A5044852768,https://openalex.org/A5044852768,0009-0000-7267-2154,openalex_institution,
P1433,,Hae‐Kap Cheong,Korea Basic Science Institute,,Molecular Biology,A5002680325,https://openalex.org/A5002680325,0000-0002-4637-6666,openalex_institution,
P1434,,Kye‐Sung Lee,Korea Basic Science Institute,,Biomedical Engineering,A5015870275,https://openalex.org/A5015870275,0000-0001-8669-627X,openalex_institution,
P1435,,Kyung‐Ran Park,Korea Basic Science Institute,,Molecular Biology,A5013821211,https://openalex.org/A5013821211,0000-0003-3829-9039,openalex_institution,
P1436,,Hyun-Seung Lee,Korea Basic Science Institute,,Biomedical Engineering,A5101787678,https://openalex.org/A5101787678,0000-0002-5603-538X,openalex_institution,
P1437,,Jae-Il Park,Korea Basic Science Institute,,Molecular Biology,A5101602632,https://openalex.org/A5101602632,0000-0001-8148-290X,openalex_institution,
P1438,,Youngae Jung,Korea Basic Science Institute,,Molecular Biology,A5101425530,https://openalex.org/A5101425530,0000-0002-0332-9130,openalex_institution,
P1439,,Donghan Lee,Korea Basic Science Institute,,Molecular Biology,A5007020226,https://openalex.org/A5007020226,0000-0002-3971-986X,openalex_institution,
P1440,,Gun‐Hwa Kim,Korea Basic Science Institute,,Molecular Biology,A5041689755,https://openalex.org/A5041689755,0000-0003-0360-4435,openalex_institution,
P1441,,Sangmi Jun,Korea Basic Science Institute,,Structural Biology,A5110185694,https://openalex.org/A5110185694,,openalex_institution,
P1442,,Myeong Seon Jeong,Korea Basic Science Institute,,Microbiology,A5112645951,https://openalex.org/A5112645951,0000-0002-4116-3397,openalex_institution,
P1443,,Sung Ho Yun,Korea Basic Science Institute,,Molecular Biology,A5108610172,https://openalex.org/A5108610172,0009-0002-6775-7182,openalex_institution,
P1444,,Heeyoun Hwang,Korea Basic Science Institute,,Molecular Biology,A5018072045,https://openalex.org/A5018072045,0000-0002-0124-2533,openalex_institution,
P1445,,Cheol‐Jung Lee,Korea Basic Science Institute,,Molecular Biology,A5080180259,https://openalex.org/A5080180259,0000-0002-0322-2018,openalex_institution,
P1446,,Myung Hee Nam,Korea Basic Science Institute,,Molecular Biology,A5081082193,https://openalex.org/A5081082193,0000-0002-2474-7518,openalex_institution,
P1447,,Eunha Hwang,Korea Basic Science Institute,,Microbiology,A5030232851,https://openalex.org/A5030232851,0009-0007-3487-2332,openalex_institution,
P1448,,Hye‐Mi Kim,Korea Basic Science Institute,,Biomedical Engineering,A5103187813,https://openalex.org/A5103187813,0000-0003-0337-9223,openalex_institution,
P1449,,Ji‐Seon Ahn,Korea Basic Science Institute,,Molecular Biology,A5073166307,https://openalex.org/A5073166307,0000-0001-9465-2517,openalex_institution,
P1450,,Hyeongseop Jeong,Korea Basic Science Institute,,Structural Biology,A5003753354,https://openalex.org/A5003753354,0000-0003-0095-3402,openalex_institution,
P1451,,Jong-Soon Choi,Korea Basic Science Institute,,Molecular Biology,A5113783159,https://openalex.org/A5113783159,,openalex_institution,
P1452,,Song‐Rae Kim,Korea Basic Science Institute,,Biomedical Engineering,A5006642782,https://openalex.org/A5006642782,0000-0002-2736-5187,openalex_institution,
P1453,,Kyeong Eun Yang,Korea Basic Science Institute,,Cancer Research,A5110663655,https://openalex.org/A5110663655,,openalex_institution,
P1454,,Su-Hyeon Cho,Korea Basic Science Institute,,Molecular Biology,A5047344233,https://openalex.org/A5047344233,,openalex_institution,
P1455,,Hyeran Kim,Korea Basic Science Institute,,Molecular Biology,A5101997139,https://openalex.org/A5101997139,0000-0002-4636-9167,openalex_institution,
P1456,,Tae Youl Ha,Korea Food Research Institute,,Physiology,A5058850458,https://openalex.org/A5058850458,0000-0001-7583-9490,openalex_institution,
P1457,,Young‐Do Nam,Korea Food Research Institute,,Molecular Biology,A5062221234,https://openalex.org/A5062221234,0000-0002-2660-3569,openalex_institution,
P1458,,Jong-Dae Park,Korea Food Research Institute,,Food Science,A5057494641,https://openalex.org/A5057494641,0000-0003-1797-6045,openalex_institution,
P1459,,Hyun Jung Kim,Korea Food Research Institute,,Biotechnology,A5100439525,https://openalex.org/A5100439525,0000-0002-0504-4665,openalex_institution,
P1460,,Jiyun Ahn,Korea Food Research Institute,,Physiology,A5025316158,https://openalex.org/A5025316158,0000-0002-5930-2957,openalex_institution,
P1461,,Sang Keun Ha,Korea Food Research Institute,,"Ecology, Evolution, Behavior and Systematics",A5033383706,https://openalex.org/A5033383706,0000-0002-3329-2279,openalex_institution,
P1462,,Tae‐Kyung Kim,Korea Food Research Institute,,Animal Science and Zoology,A5100657829,https://openalex.org/A5100657829,0000-0002-6349-4314,openalex_institution,
P1463,,Hye Jeong Yang,Korea Food Research Institute,,Pathology and Forensic Medicine,A5103046263,https://openalex.org/A5103046263,0000-0001-7489-3508,openalex_institution,
P1464,,Hee‐Do Hong,Korea Food Research Institute,,Molecular Biology,A5113727255,https://openalex.org/A5113727255,,openalex_institution,
P1465,,Heeyoung Lee,Korea Food Research Institute,,Biotechnology,A5100709318,https://openalex.org/A5100709318,0000-0001-6115-9179,openalex_institution,
P1466,,Ho‐Young Park,Korea Food Research Institute,,Molecular Biology,A5061767669,https://openalex.org/A5061767669,0000-0002-9966-9059,openalex_institution,
P1467,,Sang Yoon Choi,Korea Food Research Institute,,Molecular Biology,A5091151217,https://openalex.org/A5091151217,0000-0001-8712-6877,openalex_institution,
P1468,,Min‐Cheol Kang,Korea Food Research Institute,,Aquatic Science,A5101882979,https://openalex.org/A5101882979,0000-0002-9658-9045,openalex_institution,
P1469,,Chang Hwa Jung,Korea Food Research Institute,,Molecular Biology,A5009496552,https://openalex.org/A5009496552,0000-0002-1076-750X,openalex_institution,
P1470,,Juhee Park,Korea Food Research Institute,,Molecular Biology,A5076503259,https://openalex.org/A5076503259,0000-0002-8109-6387,openalex_institution,
P1471,,Myung‐Sunny Kim,Korea Food Research Institute,,Physiology,A5021423992,https://openalex.org/A5021423992,0000-0002-5020-3397,openalex_institution,
P1472,,Chang-Ho Lee,Korea Food Research Institute,,Food Science,A5100723876,https://openalex.org/A5100723876,0000-0002-1039-1434,openalex_institution,
P1473,,Jin‐Taek Hwang,Korea Food Research Institute,,Molecular Biology,A5060835270,https://openalex.org/A5060835270,0000-0002-6650-7934,openalex_institution,
P1474,,Bum‐Keun Kim,Korea Food Research Institute,,Food Science,A5065162048,https://openalex.org/A5065162048,0000-0002-9752-741X,openalex_institution,
P1475,,Chang‐Won Cho,Korea Food Research Institute,,Molecular Biology,A5035731229,https://openalex.org/A5035731229,0000-0003-0496-8046,openalex_institution,
P1476,,Yoonsook Kim,Korea Food Research Institute,,Clinical Biochemistry,A5102762569,https://openalex.org/A5102762569,0000-0002-9060-7134,openalex_institution,
P1477,,Han Sub Kwak,Korea Food Research Institute,,Food Science,A5065428721,https://openalex.org/A5065428721,0000-0003-4270-6821,openalex_institution,
P1478,,Yiseul Kim,Korea Food Research Institute,,Molecular Biology,A5081134743,https://openalex.org/A5081134743,0000-0002-1749-230X,openalex_institution,
P1479,,Jung-Min Sung,Korea Food Research Institute,,Food Science,A5051761955,https://openalex.org/A5051761955,0000-0003-1464-2648,openalex_institution,
P1480,,Donghwan Kim,Korea Food Research Institute,,Molecular Biology,A5100370729,https://openalex.org/A5100370729,0000-0002-0139-2494,openalex_institution,
P1481,,Hyo‐Kyoung Choi,Korea Food Research Institute,,Molecular Biology,A5021435467,https://openalex.org/A5021435467,0000-0001-9424-0432,openalex_institution,
P1482,,Mi Jeong Sung,Korea Food Research Institute,,Physiology,A5041149103,https://openalex.org/A5041149103,0000-0001-6278-0151,openalex_institution,
P1483,,Jae Woong Choi,Korea Food Research Institute,,Molecular Biology,A5057619310,https://openalex.org/A5057619310,0000-0001-9436-6369,openalex_institution,
P1484,,Hee‐Don Choi,Korea Food Research Institute,,Nutrition and Dietetics,A5102737532,https://openalex.org/A5102737532,0000-0001-8973-0330,openalex_institution,
P1485,,Hee Soon Shin,Korea Food Research Institute,,Immunology and Allergy,A5006899756,https://openalex.org/A5006899756,0000-0002-0942-7161,openalex_institution,
P1486,,Sang‐Hoon Lee,Korea Food Research Institute,,Aquatic Science,A5100320189,https://openalex.org/A5100320189,0000-0002-2920-4213,openalex_institution,
P1487,,Kee‐Jai Park,Korea Food Research Institute,,Food Science,A5008535612,https://openalex.org/A5008535612,0000-0003-3589-6575,openalex_institution,
P1488,,Min Young Um,Korea Food Research Institute,,Cognitive Neuroscience,A5050161108,https://openalex.org/A5050161108,0000-0002-8448-8837,openalex_institution,
P1489,,Jaekwang Lee,Korea Food Research Institute,,Cellular and Molecular Neuroscience,A5034083187,https://openalex.org/A5034083187,0000-0002-4427-5212,openalex_institution,
P1490,,Sang Sook Kim,Korea Food Research Institute,,Food Science,A5043400122,https://openalex.org/A5043400122,0000-0001-9547-9875,openalex_institution,
P1491,,In‐Wook Choi,Korea Food Research Institute,,Food Science,A5083050578,https://openalex.org/A5083050578,0000-0003-1461-2887,openalex_institution,
P1492,,Ji‐Hye Song,Korea Food Research Institute,,Food Science,A5101769783,https://openalex.org/A5101769783,0000-0002-5969-7637,openalex_institution,
P1493,,Miri Park,Korea Food Research Institute,,Molecular Biology,A5102981853,https://openalex.org/A5102981853,0000-0002-0149-743X,openalex_institution,
P1494,,Yun Tai Kim,Korea Food Research Institute,,Physiology,A5049592227,https://openalex.org/A5049592227,0000-0002-3404-6977,openalex_institution,
P1495,,Seong‐Il Lim,Korea Food Research Institute,,Food Science,A5110041969,https://openalex.org/A5110041969,0000-0002-0940-2335,openalex_institution,
P1496,,Haeng Jeon Hur,Korea Food Research Institute,,Physiology,A5009160946,https://openalex.org/A5009160946,0000-0001-9469-010X,openalex_institution,
P1497,,Min Jung Kim,Korea Food Research Institute,,Pathology and Forensic Medicine,A5100360875,https://openalex.org/A5100360875,0000-0002-8894-8538,openalex_institution,
P1498,,Jeong Hee Choi,Korea Food Research Institute,,Plant Science,A5087487988,https://openalex.org/A5087487988,0000-0003-1265-2308,openalex_institution,
P1499,,Min‐Cheol Lim,Korea Food Research Institute,,Biomedical Engineering,A5101590695,https://openalex.org/A5101590695,0000-0002-1009-0316,openalex_institution,
P1500,,Dan‐Bi Kim,Korea Food Research Institute,,Food Science,A5043359988,https://openalex.org/A5043359988,0000-0001-6139-0768,openalex_institution,
P1501,,Yu Geon Lee,Korea Food Research Institute,,Biochemistry,A5044064412,https://openalex.org/A5044064412,0009-0006-0501-8930,openalex_institution,
P1502,,Hyun‐Jun Jang,Korea Food Research Institute,,Genetics,A5028092000,https://openalex.org/A5028092000,0000-0003-2906-7543,openalex_institution,
P1503,,Guijae Yoo,Korea Food Research Institute,,Molecular Biology,A5009899355,https://openalex.org/A5009899355,0000-0003-1939-0187,openalex_institution,
P1504,,Min Kyung Park,Korea Food Research Institute,,Animal Science and Zoology,A5101413045,https://openalex.org/A5101413045,0000-0002-3619-9491,openalex_institution,
P1505,,So‐Young Lee,Korea Food Research Institute,,Immunology and Allergy,A5100372711,https://openalex.org/A5100372711,0000-0002-5020-5982,openalex_institution,
P1506,,Jangho Lee,Korea Food Research Institute,,Biochemistry,A5100618697,https://openalex.org/A5100618697,0000-0002-5604-821X,openalex_institution,
P1507,,Minseok Yoon,Korea Food Research Institute,,Cognitive Neuroscience,A5004590021,https://openalex.org/A5004590021,0000-0003-0744-2779,openalex_institution,
P1508,,Young Kyoung Rhee,Korea Food Research Institute,,Molecular Biology,A5110253226,https://openalex.org/A5110253226,0000-0002-5544-5299,openalex_institution,
P1509,,Jiwoong Park,Korea Food Research Institute,,Nutrition and Dietetics,A5075989552,https://openalex.org/A5075989552,0000-0002-5421-8799,openalex_institution,
P1510,,Ah‐Na Kim,Korea Food Research Institute,,Biochemistry,A5065879809,https://openalex.org/A5065879809,0000-0002-8390-0041,openalex_institution,
P1511,,Min Jung Kim,Korea Food Research Institute,,Nutrition and Dietetics,A5100360881,https://openalex.org/A5100360881,0000-0003-0205-016X,openalex_institution,
P1512,,Yea‐Ji Kim,Korea Food Research Institute,,Animal Science and Zoology,A5028307625,https://openalex.org/A5028307625,0000-0003-0937-5100,openalex_institution,
P1513,,Eun‐Ji Song,Korea Food Research Institute,,Molecular Biology,A5029855951,https://openalex.org/A5029855951,0000-0002-7448-5026,openalex_institution,
P1514,,Hyun‐Jun Jang,Korea Food Research Institute,,Physiology,A5041772972,https://openalex.org/A5041772972,0000-0002-2261-0067,openalex_institution,
P1515,,Jae Hoon Lee,Korea Food Research Institute,,Molecular Biology,A5100387467,https://openalex.org/A5100387467,0000-0002-7440-6842,openalex_institution,
P1516,,Jong-Ho Lee,National Cancer Center,,Oral Surgery,A5100726125,https://openalex.org/A5100726125,0000-0002-8843-545X,openalex_institution,
P1517,,Young‐Woo Kim,National Cancer Center,,Pulmonary and Respiratory Medicine,A5100754761,https://openalex.org/A5100754761,0000-0002-1559-9672,openalex_institution,
P1518,,Tae Hyun Kim,National Cancer Center,,Hepatology,A5100438974,https://openalex.org/A5100438974,0000-0001-8413-3385,openalex_institution,
P1519,,Ji‐Youn Han,National Cancer Center,,Pulmonary and Respiratory Medicine,A5023055777,https://openalex.org/A5023055777,0000-0001-5033-0006,openalex_institution,
P1520,,Myong Cheol Lim,National Cancer Center,,Reproductive Medicine,A5023387547,https://openalex.org/A5023387547,0000-0001-8964-7158,openalex_institution,
P1521,,Jeongseon Kim,National Cancer Center,,"Public Health, Environmental and Occupational Health",A5048339488,https://openalex.org/A5048339488,0000-0002-0889-2686,openalex_institution,
P1522,,Kyu‐Chang Wang,National Cancer Center,,Genetics,A5031856641,https://openalex.org/A5031856641,0000-0001-7440-6650,openalex_institution,
P1523,,Eun Kyung Lee,National Cancer Center,,"Endocrinology, Diabetes and Metabolism",A5100744790,https://openalex.org/A5100744790,0000-0003-0098-0873,openalex_institution,
P1524,,Young‐Il Kim,National Cancer Center,,Pulmonary and Respiratory Medicine,A5100761904,https://openalex.org/A5100761904,0000-0002-2614-3419,openalex_institution,
P1525,,Il Ju Choi,National Cancer Center,,Pulmonary and Respiratory Medicine,A5052122266,https://openalex.org/A5052122266,0000-0002-8339-9824,openalex_institution,
P1526,,Hyeon‐Seok Eom,National Cancer Center,,Pathology and Forensic Medicine,A5076088179,https://openalex.org/A5076088179,0000-0002-0484-2067,openalex_institution,
P1527,,Sun‐Young Kong,National Cancer Center,,Cancer Research,A5090141367,https://openalex.org/A5090141367,0000-0003-0620-4058,openalex_institution,
P1528,,Keun Won Ryu,National Cancer Center,,Pulmonary and Respiratory Medicine,A5079140720,https://openalex.org/A5079140720,0000-0002-5935-9777,openalex_institution,
P1529,,Jae Hwan Oh,National Cancer Center,,Oncology,A5044237346,https://openalex.org/A5044237346,0000-0002-5883-5815,openalex_institution,
P1530,,Sung Hun Kim,National Cancer Center,,"Radiology, Nuclear Medicine and Imaging",A5066599821,https://openalex.org/A5066599821,0000-0003-4478-9720,openalex_institution,
P1531,,Keun Seok Lee,National Cancer Center,,Oncology,A5038366277,https://openalex.org/A5038366277,0000-0001-5575-836X,openalex_institution,
P1532,,Joong‐Won Park,National Cancer Center,,Hepatology,A5011174725,https://openalex.org/A5011174725,0000-0001-9972-0494,openalex_institution,
P1533,,Sung‐Sik Han,National Cancer Center,,Oncology,A5076832811,https://openalex.org/A5076832811,0000-0001-7047-7961,openalex_institution,
P1534,,Young-Wook Kim,National Cancer Center,,Pulmonary and Respiratory Medicine,A5100679300,https://openalex.org/A5100679300,0000-0002-1106-3037,openalex_institution,
P1535,,Sang‐Jae Park,National Cancer Center,,Oncology,A5002240113,https://openalex.org/A5002240113,0000-0001-5582-9420,openalex_institution,
P1536,,Ji Hyun Kim,National Cancer Center,,Pulmonary and Respiratory Medicine,A5100443862,https://openalex.org/A5100443862,0000-0003-0861-2792,openalex_institution,
P1537,,Sokbom Kang,National Cancer Center,,Reproductive Medicine,A5054806149,https://openalex.org/A5054806149,0000-0002-8428-9555,openalex_institution,
P1538,,Ho Jin Kim,National Cancer Center,,Pathology and Forensic Medicine,A5100657376,https://openalex.org/A5100657376,0000-0002-8672-8419,openalex_institution,
P1539,,Seong Hoon Kim,National Cancer Center,,Hepatology,A5100769337,https://openalex.org/A5100769337,0000-0001-7921-1801,openalex_institution,
P1540,,Dae Kyung Sohn,National Cancer Center,,Oncology,A5083641032,https://openalex.org/A5083641032,0000-0003-3296-6646,openalex_institution,
P1541,,Hee Jin Chang,National Cancer Center,,Oncology,A5013169133,https://openalex.org/A5013169133,0000-0003-2263-2247,openalex_institution,
P1542,,Sohyun Park,National Cancer Center,,"Public Health, Environmental and Occupational Health",A5024759396,https://openalex.org/A5024759396,0000-0002-8192-7048,openalex_institution,
P1543,,Jae Young Joung,National Cancer Center,,Pulmonary and Respiratory Medicine,A5047156672,https://openalex.org/A5047156672,0000-0002-7971-211X,openalex_institution,
P1544,,Dae Yong Kim,National Cancer Center,,Oncology,A5101605285,https://openalex.org/A5101605285,0000-0002-7585-599X,openalex_institution,
P1545,,Byung‐Ho Nam,National Cancer Center,,Pulmonary and Respiratory Medicine,A5108388975,https://openalex.org/A5108388975,,openalex_institution,
P1546,,Kui Son Choi,National Cancer Center,,Oncology,A5000198357,https://openalex.org/A5000198357,0000-0001-5336-3874,openalex_institution,
P1547,,Sang Myung Woo,National Cancer Center,,Oncology,A5023470798,https://openalex.org/A5023470798,0000-0003-3786-4403,openalex_institution,
P1548,,Ho Lee,National Cancer Center,,Infectious Diseases,A5100715877,https://openalex.org/A5100715877,0000-0001-5573-742X,openalex_institution,
P1549,,Ho Sup Lee,National Cancer Center,,Pathology and Forensic Medicine,A5045264210,https://openalex.org/A5045264210,0000-0001-5974-6884,openalex_institution,
P1550,,Kyu‐Won Jung,National Cancer Center,,Oncology,A5082453124,https://openalex.org/A5082453124,0000-0002-4389-9701,openalex_institution,
P1551,,Myeong‐Cherl Kook,National Cancer Center,,Pulmonary and Respiratory Medicine,A5020020643,https://openalex.org/A5020020643,0000-0002-3435-3301,openalex_institution,
P1552,,Jin‐Kyoung Oh,National Cancer Center,,Physiology,A5034576814,https://openalex.org/A5034576814,0000-0001-9331-3054,openalex_institution,
P1553,,So‐Youn Jung,National Cancer Center,,Cancer Research,A5049160212,https://openalex.org/A5049160212,0000-0002-4508-4522,openalex_institution,
P1554,,Ho Kyung Seo,National Cancer Center,,Surgery,A5065817845,https://openalex.org/A5065817845,0000-0003-2601-1093,openalex_institution,
P1555,,Woo Jin Lee,National Cancer Center,,Oncology,A5100410784,https://openalex.org/A5100410784,0000-0003-2115-6701,openalex_institution,
P1556,,Jeonghee Lee,National Cancer Center,,"Public Health, Environmental and Occupational Health",A5001897784,https://openalex.org/A5001897784,0000-0001-9072-6507,openalex_institution,
P1557,,Seong‐Sik Park,National Cancer Center,,Complementary and alternative medicine,A5101796431,https://openalex.org/A5101796431,0000-0002-7789-2823,openalex_institution,
P1558,,Jae Kwan Jun,National Cancer Center,,Oncology,A5046578120,https://openalex.org/A5046578120,0000-0003-1647-0675,openalex_institution,
P1559,,Moran Ki,National Cancer Center,,Hepatology,A5054120715,https://openalex.org/A5054120715,0000-0002-8892-7104,openalex_institution,
P1560,,Jinsoo Chung,National Cancer Center,,Pulmonary and Respiratory Medicine,A5089873628,https://openalex.org/A5089873628,0000-0003-2251-5331,openalex_institution,
P1561,,Chan Gyoo Kim,National Cancer Center,,Pulmonary and Respiratory Medicine,A5044411316,https://openalex.org/A5044411316,0000-0002-1651-2559,openalex_institution,
P1562,,Geon Kook Lee,National Cancer Center,,Pulmonary and Respiratory Medicine,A5019571637,https://openalex.org/A5019571637,0000-0003-3138-3908,openalex_institution,
P1563,,Bang Wool Eom,National Cancer Center,,Pulmonary and Respiratory Medicine,A5024768100,https://openalex.org/A5024768100,0000-0002-0332-2051,openalex_institution,
P1564,,Mee Joo Kang,National Cancer Center,,Oncology,A5008731225,https://openalex.org/A5008731225,0000-0002-9289-3808,openalex_institution,
P1565,,Sun‐Young Kim,National Cancer Center,,Pathology and Forensic Medicine,A5100333107,https://openalex.org/A5100333107,0000-0003-1333-6147,openalex_institution,
P1566,,Su‐Hyun Kim,National Cancer Center,,Pathology and Forensic Medicine,A5100385538,https://openalex.org/A5100385538,0000-0002-0679-0918,openalex_institution,
P1567,,Young Ae Kim,National Cancer Center,,Oncology,A5061053245,https://openalex.org/A5061053245,0000-0002-3819-0028,openalex_institution,
P1568,,Weon Seo Park,National Cancer Center,,Surgery,A5091900101,https://openalex.org/A5091900101,0000-0002-0035-1455,openalex_institution,
P1569,,Sang‐Soo Seo,National Cancer Center,,Obstetrics and Gynecology,A5033108441,https://openalex.org/A5033108441,0000-0003-2381-0965,openalex_institution,
P1570,,Moon Ki Choi,National Cancer Center,,"Physical Therapy, Sports Therapy and Rehabilitation",A5078664468,https://openalex.org/A5078664468,0000-0001-8002-0113,openalex_institution,
P1571,,Hong Man Yoon,National Cancer Center,,Pulmonary and Respiratory Medicine,A5024761792,https://openalex.org/A5024761792,0000-0002-6218-7080,openalex_institution,
P1572,,Soo‐Youl Kim,National Cancer Center,,Pulmonary and Respiratory Medicine,A5014464546,https://openalex.org/A5014464546,0000-0002-4021-2206,openalex_institution,
P1573,,Hyung Ho Lee,National Cancer Center,,Surgery,A5083251665,https://openalex.org/A5083251665,0000-0003-4160-0216,openalex_institution,
P1574,,Yong Sun Lee,National Cancer Center,,Immunology,A5018058696,https://openalex.org/A5018058696,0000-0001-9689-3410,openalex_institution,
P1575,,Hyeon Jin Park,National Cancer Center,,"Pediatrics, Perinatology and Child Health",A5009699134,https://openalex.org/A5009699134,0000-0002-9557-3412,openalex_institution,
P1576,,Young Jin Kim,Korea National Institute of Health,,Genetics,A5100387373,https://openalex.org/A5100387373,0000-0002-4132-4437,openalex_institution,
P1577,,Kyoungho Lee,Korea National Institute of Health,,Physiology,A5100763494,https://openalex.org/A5100763494,0000-0003-2353-2547,openalex_institution,
P1578,,Hee‐Chang Jang,Korea National Institute of Health,,Infectious Diseases,A5053292388,https://openalex.org/A5053292388,0000-0002-3407-8493,openalex_institution,
P1579,,Seung Hyun Kim,Korea National Institute of Health,,Molecular Biology,A5100454607,https://openalex.org/A5100454607,0000-0001-5527-6846,openalex_institution,
P1580,,Bong-Jo Kim,Korea National Institute of Health,,Genetics,A5101967719,https://openalex.org/A5101967719,0000-0003-3562-2654,openalex_institution,
P1581,,Kyung-Chang Kim,Korea National Institute of Health,,Infectious Diseases,A5073093926,https://openalex.org/A5073093926,0000-0002-1075-0804,openalex_institution,
P1582,,Gi‐eun Rhie,Korea National Institute of Health,,Molecular Biology,A5050109994,https://openalex.org/A5050109994,0000-0002-4212-5501,openalex_institution,
P1583,,Joo-Yeon Lee,Korea National Institute of Health,,Infectious Diseases,A5100639190,https://openalex.org/A5100639190,0000-0002-0993-9626,openalex_institution,
P1584,,Suji Kim,Korea National Institute of Health,,Epidemiology,A5100767245,https://openalex.org/A5100767245,0000-0001-8901-0085,openalex_institution,
P1585,,Young Ho Koh,Korea National Institute of Health,,Physiology,A5084979571,https://openalex.org/A5084979571,0000-0001-9934-5321,openalex_institution,
P1586,,Jeong‐Sun Yang,Korea National Institute of Health,,Infectious Diseases,A5011963651,https://openalex.org/A5011963651,0000-0001-5005-9738,openalex_institution,
P1587,,Jae Ho Park,Korea National Institute of Health,,Epidemiology,A5100620275,https://openalex.org/A5100620275,0000-0001-8513-4734,openalex_institution,
P1588,,Min Jin Go,Korea National Institute of Health,,Genetics,A5111948926,https://openalex.org/A5111948926,,openalex_institution,
P1589,,Jung Wook Kim,Korea National Institute of Health,,Biomedical Engineering,A5101501244,https://openalex.org/A5101501244,0000-0002-4230-5991,openalex_institution,
P1590,,Eun-Jeong Yoon,Korea National Institute of Health,,Molecular Medicine,A5000952015,https://openalex.org/A5000952015,0000-0001-5312-2843,openalex_institution,
P1591,,Jung Yeon Hong,Korea National Institute of Health,,Physiology,A5029737982,https://openalex.org/A5029737982,0000-0003-0406-9956,openalex_institution,
P1592,,Dae Sub Song,Korea National Institute of Health,,Physiology,A5023287528,https://openalex.org/A5023287528,0000-0002-4859-5790,openalex_institution,
P1593,,June-Woo Lee,Korea National Institute of Health,,Infectious Diseases,A5086750469,https://openalex.org/A5086750469,0000-0002-2923-5597,openalex_institution,
P1594,,Sanghoon Moon,Korea National Institute of Health,,Genetics,A5087673453,https://openalex.org/A5087673453,0000-0001-5987-9505,openalex_institution,
P1595,,Hae Dong Woo,Korea National Institute of Health,,"Public Health, Environmental and Occupational Health",A5040753730,https://openalex.org/A5040753730,0000-0002-5871-6293,openalex_institution,
P1596,,Han Byul Jang,Korea National Institute of Health,,"Public Health, Environmental and Occupational Health",A5087520494,https://openalex.org/A5087520494,0000-0002-5826-1698,openalex_institution,
P1597,,Young Jae Lee,Korea National Institute of Health,,Infectious Diseases,A5101964611,https://openalex.org/A5101964611,0000-0002-4902-2281,openalex_institution,
P1598,,Jae‐Pil Jeon,Korea National Institute of Health,,Genetics,A5112909602,https://openalex.org/A5112909602,,openalex_institution,
P1599,,Sehee Park,Korea National Institute of Health,,Epidemiology,A5023766436,https://openalex.org/A5023766436,0000-0002-4799-2241,openalex_institution,
P1600,,Hae Ji Kang,Korea National Institute of Health,,Infectious Diseases,A5069340444,https://openalex.org/A5069340444,0000-0002-0842-5439,openalex_institution,
P1601,,Jung Sik Yoo,Korea National Institute of Health,,Molecular Medicine,A5002355419,https://openalex.org/A5002355419,0000-0002-3758-3604,openalex_institution,
P1602,,Sihan Song,Korea National Institute of Health,,"Public Health, Environmental and Occupational Health",A5069907111,https://openalex.org/A5069907111,0000-0003-1634-8004,openalex_institution,
P1603,,Hye-Mi Jang,Korea National Institute of Health,,Molecular Biology,A5085602424,https://openalex.org/A5085602424,0000-0001-8744-0487,openalex_institution,
P1604,,Ju‐Yeon Choi,Korea National Institute of Health,,Infectious Diseases,A5068311527,https://openalex.org/A5068311527,0000-0003-3477-8569,openalex_institution,
P1605,,Kyungheon Yoon,Korea National Institute of Health,,Molecular Biology,A5075674971,https://openalex.org/A5075674971,0000-0001-6727-2789,openalex_institution,
P1606,,Bong-Jo Kim,Korea National Institute of Health,,Genetics,A5107934909,https://openalex.org/A5107934909,0000-0003-2419-7306,openalex_institution,
P1607,,Kwang Jun Lee,Korea National Institute of Health,,Molecular Medicine,A5089074825,https://openalex.org/A5089074825,0000-0002-7831-5905,openalex_institution,
P1608,,Songmee Bae,Korea National Institute of Health,,Epidemiology,A5073115926,https://openalex.org/A5073115926,0000-0001-9045-1275,openalex_institution,
P1609,,Chulman Jo,Korea National Institute of Health,,Physiology,A5005658693,https://openalex.org/A5005658693,0009-0003-6203-3844,openalex_institution,
P1610,,Cheol‐Hee Yoon,Korea National Institute of Health,,Virology,A5101948944,https://openalex.org/A5101948944,0000-0002-5696-0567,openalex_institution,
P1611,,Byoung Kwon Park,Korea National Institute of Health,,Infectious Diseases,A5113971888,https://openalex.org/A5113971888,0000-0003-2445-3162,openalex_institution,
P1612,,Dankyu Yoon,Korea National Institute of Health,,Physiology,A5054310571,https://openalex.org/A5054310571,0000-0003-3409-2399,openalex_institution,
P1613,,Byoungguk Kim,Korea National Institute of Health,,Infectious Diseases,A5046742509,https://openalex.org/A5046742509,0000-0001-9084-4490,openalex_institution,
P1614,,Taeyoung Lee,Korea National Institute of Health,,Plant Science,A5108506960,https://openalex.org/A5108506960,,openalex_institution,
P1615,,Bong‐Jo Kim,Korea National Institute of Health,,Molecular Biology,A5101967717,https://openalex.org/A5101967717,0000-0002-3722-2032,openalex_institution,
P1616,,Yong‐Ou Kim,Korea National Institute of Health,,Molecular Biology,A5033110284,https://openalex.org/A5033110284,0000-0002-2040-2002,openalex_institution,
P1617,,Hyun‐Joo Kim,Korea National Institute of Health,,"Ecology, Evolution, Behavior and Systematics",A5100753440,https://openalex.org/A5100753440,0000-0002-2316-2163,openalex_institution,
P1618,,Hee-Soo Han,Korea National Institute of Health,,Cancer Research,A5015881907,https://openalex.org/A5015881907,0000-0002-2377-0847,openalex_institution,
P1619,,Young-Eui Kim,Korea National Institute of Health,,Epidemiology,A5076122301,https://openalex.org/A5076122301,,openalex_institution,
P1620,,Joo Hyun Lim,Korea National Institute of Health,,Molecular Biology,A5102884324,https://openalex.org/A5102884324,0000-0002-5107-3774,openalex_institution,
P1621,,Joong Won Lee,Korea National Institute of Health,,Cancer Research,A5111782705,https://openalex.org/A5111782705,,openalex_institution,
P1622,,Ji-Young Choi,Korea National Institute of Health,,Physiology,A5101730329,https://openalex.org/A5101730329,0000-0002-3863-4442,openalex_institution,
P1623,,Seungtaek Kim,Institut Pasteur Korea,,Infectious Diseases,A5039249227,https://openalex.org/A5039249227,0000-0003-3954-5908,openalex_institution,
P1624,,Soojin Jang,Institut Pasteur Korea,,Molecular Medicine,A5027044660,https://openalex.org/A5027044660,0000-0002-2921-7196,openalex_institution,
P1625,,Kyunghwa Baek,Institut Pasteur Korea,,Physiology,A5003130042,https://openalex.org/A5003130042,0000-0002-6290-0392,openalex_institution,
P1626,,Joo Hwan No,Institut Pasteur Korea,,"Public Health, Environmental and Occupational Health",A5033959758,https://openalex.org/A5033959758,0000-0002-3896-9808,openalex_institution,
P1627,,Eui Ho Kim,Institut Pasteur Korea,,Immunology,A5071157110,https://openalex.org/A5071157110,0000-0002-4235-5622,openalex_institution,
P1628,,Sun Min Lee,Institut Pasteur Korea,,Molecular Biology,A5101790784,https://openalex.org/A5101790784,0000-0002-8438-3365,openalex_institution,
P1629,,Junghwa Lee,Institut Pasteur Korea,,Immunology,A5102889365,https://openalex.org/A5102889365,0009-0003-7776-982X,openalex_institution,
P1630,,Siyeon Yang,Institut Pasteur Korea,,Animal Science and Zoology,A5013362407,https://openalex.org/A5013362407,0000-0001-5252-3266,openalex_institution,
P1631,,Sangeun Jeon,Institut Pasteur Korea,,Infectious Diseases,A5017529568,https://openalex.org/A5017529568,0000-0003-3695-6357,openalex_institution,
P1632,,Haeng Ran Seo,Institut Pasteur Korea,,Oncology,A5113825721,https://openalex.org/A5113825721,0000-0003-1207-0471,openalex_institution,
P1633,,Yeonhwa Song,Institut Pasteur Korea,,Oncology,A5077566625,https://openalex.org/A5077566625,0000-0002-9616-8726,openalex_institution,
