openalex_id,display_name,shared_paper_count,seed_connection_count,connected_seed_professor_ids,institutions,country_codes,korea_affiliated,review_priority,example_work,review_status,current_affiliation,affiliation_source,scholar_affiliation,scholar_profile_url,scholar_email,scholar_cited_by,openalex_last_known_affiliation,current_country_codes,academic_affiliation_signal,pi_title_signal,bio_relevance_signal,affiliation_conflict_warning,triage_score,triage_tier,triage_reason,human_decision,web_title,web_snippet,web_url,official_domain_signal,professor_title_signal,trainee_title_signal,auto_decision,auto_confidence,auto_reason,suggested_decision
A5100335103,Young Ho Kim,207,112,P0028; P0038; P0040; P0042; P0050; P0055; P0090; P0114; P0145; P0205; P0214; P0278; P0306; P0312; P0346; P0349; P0358; P0371; P0384; P0445; P0447; P0471; P0484; P0597; P0625; P0682; P0684; P0702; P0703; P0707; P0740; P0801; P0804; P0824; P0835; P0907; P0930; P0962; P1000; P1001; P1035; P1038; P1062; P1082; P1089; P1095; P1113; P1118; P1125; P1134; P1136; P1162; P1167; P1173; P1176; P1177; P1187; P1193; P1194; P1195; P1205; P1213; P1214; P1218; P1223; P1229; P1236; P1237; P1240; P1242; P1255; P1256; P1267; P1269; P1314; P1326; P1328; P1342; P1354; P1356; P1398; P1402; P1409; P1415; P1443; P1450; P1453; P1456; P1459; P1520; P1522; P1542; P1566; P1579; P1582; P1583; P1593; P1600; P1602; P1608; P1626; P1628; P1629; P1630; P1632; P1633; P1641; P1643; P1648; P1669; P1687; P1747,Ajou University; American College of Gastroenterology; Asan Foundation; Asan Medical Center; Casa Sollievo della Sofferenza; Catholic University of Korea; Center for Cancer Research; Chonnam National University; Chungbuk National University; Chungnam National University; Chungnam National University Hospital; Daegu Haany University; Daejeon University; Ewha Womans University; Gyeongguk National University; Hanyang University; Inje University; Inje University Busan Paik Hospital; Kangbuk Samsung Hospital; Kangwon National University; Keimyung University; Konkuk University; Konyang University; Konyang University Hospital; Korea Advanced Institute of Science and Technology; Korea Basic Science Institute; Korea Food Research Institute; Korea Institute of Oriental Medicine; Korea Institute of Science and Technology; Korea Research Institute of Bioscience and Biotechnology; Korea Research Institute of Chemical Technology; Korea University; Korea University Medical Center; Kosin University; Kwangju Christian Hospital; Kyung Hee University; Kyungpook National University; Medifron (South Korea); National Cancer Center; National Cancer Center Hospital; National Cancer Institute; National Institutes of Health; Pusan National University; Rural Development Administration; SNUH SMG-SNU Boramae Medical Center; Samsung (South Korea); Samsung Electronics (South Korea); Samsung Medical Center; Seoul Metropolitan Government; Seoul National University; Seoul National University Hospital; Severance Hospital; Sookmyung Women's University; Sungkyunkwan University; University of Pittsburgh; University of Suwon; University of Ulsan; Yeungnam University; Yonsei University; Yonsei University Health System; Youngdong University,IT; KR; US,yes,540,Allelic imbalance of somatic mutations in cancer genomes and transcriptomes,needs_review,Chungnam National University,openalex_last_known,,,,,Chungnam National University,KR,yes,no,yes,no,570,A_review_first,strong collaboration signal + academic affiliation + bio relevance,,,,,no,no,no,,0.82,"strong network signal, but no explicit professor title evidence",review
A5100429324,Sung‐Hoon Kim,353,100,P0020; P0028; P0031; P0040; P0057; P0083; P0090; P0093; P0098; P0100; P0102; P0107; P0201; P0203; P0211; P0216; P0236; P0252; P0253; P0254; P0255; P0284; P0285; P0291; P0337; P0364; P0481; P0486; P0540; P0589; P0698; P0707; P0713; P0722; P0751; P0830; P0907; P0991; P0996; P0999; P1000; P1125; P1133; P1138; P1141; P1157; P1162; P1164; P1174; P1185; P1191; P1194; P1202; P1231; P1237; P1247; P1266; P1294; P1308; P1310; P1330; P1343; P1353; P1357; P1363; P1366; P1397; P1416; P1417; P1420; P1456; P1465; P1482; P1502; P1506; P1523; P1532; P1534; P1541; P1543; P1544; P1565; P1574; P1583; P1610; P1624; P1627; P1630; P1631; P1633; P1643; P1650; P1665; P1685; P1688; P1692; P1702; P1704; P1746; P1750,Advanced Institute of Convergence Technology; CHA University; Cheil General Hospital and Women's Healthcare Center; Chonnam National University; Chung-Ang University; Daegu Haany University; Daejeon University; Dankook University; Dong-A University; Ewha Womans University; Gangnam Severance Hospital; Gyeongsang National University; Hankuk University of Foreign Studies; Hanlim Pharm (South Korea); Hanyang University; Incheon National University; Keimyung University; Konkuk University; Korea Food Research Institute; Korea Institute of Science and Technology; Korea Research Institute of Bioscience and Biotechnology; Korea Research Institute of Chemical Technology; Korea University; Korea University of Science and Technology; Kyung Hee University; Kyung Hee University East-West Neo Medical Center; Kyung Hee University Korean Medicine Hospital; Kyungpook National University; Mayo Clinic; Nambu University; National Cancer Center; National Cancer Center Hospital; Sahmyook University; Samsung Biomedical Research Institute; Samsung Medical Center; Seoul National University; Seoul National University Bundang Hospital; Sungkyunkwan University; University of Minnesota; University of Nebraska–Lincoln; University of Ulsan; Wonju Severance Christian Hospital; Woosuk University; Yonsei University; Yonsei University Health System; Yonsei University Mirae Campus,KR; US,yes,650,Patient-Specific Orthotopic Glioblastoma Xenograft Models Recapitulate the Histopathology and Biology of Human Glioblastomas In Situ,needs_review,Yonsei University; Kyung Hee University; Gangnam Severance Hospital; Kyung Hee University Korean Medicine Hospital,openalex_last_known,,,,,Yonsei University; Kyung Hee University; Gangnam Severance Hospital; Kyung Hee University Korean Medicine Hospital,KR,yes,no,yes,no,510,A_review_first,strong collaboration signal + academic affiliation + bio relevance,,,,,no,no,no,,0.82,"strong network signal, but no explicit professor title evidence",review
A5100371180,Hyun Wook Kim,145,79,P0006; P0028; P0030; P0042; P0076; P0090; P0114; P0123; P0159; P0254; P0288; P0411; P0429; P0493; P0602; P0612; P0619; P0724; P0748; P0751; P0764; P0766; P0791; P0802; P0824; P0843; P0890; P0935; P0945; P1002; P1003; P1011; P1014; P1015; P1030; P1033; P1129; P1162; P1167; P1171; P1176; P1181; P1185; P1194; P1258; P1265; P1293; P1294; P1296; P1299; P1302; P1305; P1306; P1309; P1311; P1313; P1320; P1327; P1336; P1338; P1345; P1353; P1354; P1359; P1360; P1365; P1367; P1373; P1374; P1376; P1464; P1476; P1500; P1505; P1521; P1522; P1605; P1635; P1665,"Boston University; Catholic University of Korea; Chosun University; Chung-Ang University; Chungbuk National University; Chungbuk National University Hospital; Daegu Gyeongbuk Institute of Science and Technology; Daegu Haany University; Dongguk University; Gyeongsang National University; Inha University; Inje University; Institute for Basic Science; Jeonbuk National University; Jeonbuk National University Hospital; Jeonju University; Korea Advanced Institute of Science and Technology; Korea Basic Science Institute; Korea Brain Research Institute; Korea Institute of Science and Technology; Korea Institute of Toxicology; Korea Research Institute of Bioscience and Biotechnology; Korea University; Korea University Medical Center; Korean Association Of Science and Technology Studies; National Heart, Lung, and Blood Institute; National Institutes of Health; Pohang University of Science and Technology; Samsung Medical Center; Seoul National University; Seoul National University Hospital; Sungkyunkwan University; Ulsan National Institute of Science and Technology; University of Ulsan; University of Washington; Universität Hamburg; Yonsei University; Yonsei University Health System",DE; JP; KR; US,yes,379,(ADP-ribose) polymerase 1 and AMP-activated protein kinase mediate progressive dopaminergic neuronal degeneration in a mouse model of Parkinson’s disease,needs_review,Harvard University; Korea University; Korea University Medical Center; Gwangju Institute of Science and Technology; Jaseng Medical Foundation,openalex_last_known,,,,,Harvard University; Korea University; Korea University Medical Center; Gwangju Institute of Science and Technology; Jaseng Medical Foundation,KR; US,yes,no,yes,no,405,A_review_first,strong collaboration signal + academic affiliation + bio relevance,,,,,no,no,no,,0.82,"strong network signal, but no explicit professor title evidence",review
A5100614827,Jin‐Man Kim,173,78,P0028; P0034; P0040; P0060; P0083; P0088; P0104; P0205; P0251; P0265; P0281; P0334; P0493; P0536; P0550; P0574; P0622; P0631; P0670; P0673; P0696; P0700; P0751; P0753; P0786; P0802; P0909; P0968; P1000; P1003; P1014; P1090; P1104; P1129; P1174; P1180; P1184; P1185; P1191; P1193; P1194; P1202; P1203; P1206; P1208; P1211; P1213; P1217; P1222; P1224; P1231; P1248; P1257; P1263; P1294; P1315; P1345; P1373; P1392; P1409; P1443; P1515; P1517; P1521; P1529; P1536; P1537; P1543; P1566; P1571; P1589; P1627; P1638; P1649; P1657; P1665; P1689; P1715,"Asan Medical Center; Cancer Research Institute; Catholic University of Korea; Chonnam National University; Chung-Ang University; Chungbuk National University; Chungnam National University; Chungnam National University Hospital; Daejeon Eulji Medical Center, Eulji University; Dongnam Institute of Radiological & Medical Sciences; Eulji University; Gwangju Institute of Science and Technology; Hanyang University; Jeonbuk National University; Kangwon National University; Kansas State University; Keimyung University; Konkuk University; Konyang University; Konyang University Hospital; Korea Advanced Institute of Science and Technology; Korea Basic Science Institute; Korea Bioinformation Center; Korea Research Institute of Bioscience and Biotechnology; Korea Research Institute of Chemical Technology; Korea University; Korea University of Science and Technology; Kyung Hee University; Kyungpook National University; Pohang University of Science and Technology; Rockefeller University; Samsung Medical Center; Sejong University; Seoul National University; Soongsil University; Sungkyunkwan University; USC Norris Comprehensive Cancer Center; Ulsan National Institute of Science and Technology; University of California, Davis; University of Macau; University of Science and Technology; University of Southern California; University of Ulsan; Yeungnam University; Yeungnam University College; Yonsei University; Yonsei University College of Dentistry",KR; MO; US; YE,yes,404,Hippo-mediated suppression of IRS2/AKT signaling prevents hepatic steatosis and liver cancer,needs_review,Konyang University; Yonsei University; Chungnam National University; Severance Hospital; Asan Medical Center; Kyungpook National University; Konyang University Hospital; Chungnam National University Hospital,openalex_last_known,,,,,Konyang University; Yonsei University; Chungnam National University; Severance Hospital; Asan Medical Center; Kyungpook National University; Konyang University Hospital; Chungnam National University Hospital,KR,yes,no,yes,no,400,A_review_first,strong collaboration signal + academic affiliation + bio relevance,,,,,no,no,no,,0.82,"strong network signal, but no explicit professor title evidence",review
A5057807816,Je Kyung Seong,223,77,P0011; P0028; P0032; P0033; P0034; P0036; P0040; P0091; P0141; P0157; P0257; P0267; P0277; P0279; P0291; P0337; P0404; P0414; P0451; P0496; P0498; P0695; P0696; P0707; P0709; P0711; P0713; P0753; P0755; P0766; P0767; P0785; P0837; P0843; P0856; P0868; P0905; P0914; P0923; P0927; P0985; P1027; P1069; P1125; P1142; P1143; P1176; P1185; P1213; P1223; P1226; P1228; P1297; P1301; P1307; P1328; P1358; P1363; P1442; P1444; P1464; P1474; P1476; P1497; P1500; P1505; P1506; P1539; P1550; P1580; P1627; P1665; P1696; P1740; P1741; P1744; P1753,Columbia University; Gyeongsang National University; Hallym University; Konkuk University; Korea Research Institute of Bioscience and Biotechnology; Korea University of Science and Technology; Research Institute for Veterinary Science; Seoul National University; Sungkyunkwan University; University of Ulsan; Washington University in St. Louis; Yonsei University; Yonsei University Health System,KR; US,yes,451,"Hepatitis B virus X protein induces the expression of MTA1 and HDAC1, which enhances hypoxia signaling in hepatocellular carcinoma cells",needs_review,Seoul National University; Research Institute for Veterinary Science,openalex_last_known,,,,,Seoul National University; Research Institute for Veterinary Science,KR,yes,no,yes,no,395,A_review_first,strong collaboration signal + academic affiliation + bio relevance,,,,,no,no,no,,0.82,"strong network signal, but no explicit professor title evidence",review
A5027374744,Daehee Hwang,140,75,P0023; P0057; P0067; P0075; P0076; P0078; P0100; P0156; P0157; P0194; P0250; P0337; P0477; P0536; P0560; P0625; P0711; P0713; P0722; P0751; P0752; P0753; P0766; P0768; P0776; P0778; P0786; P0796; P0801; P0822; P0837; P0885; P0905; P0907; P0914; P0927; P0986; P1002; P1027; P1069; P1075; P1125; P1128; P1129; P1174; P1178; P1185; P1213; P1235; P1261; P1263; P1265; P1274; P1293; P1294; P1320; P1335; P1343; P1354; P1363; P1373; P1378; P1385; P1406; P1436; P1465; P1489; P1506; P1543; P1640; P1649; P1651; P1652; P1665; P1690,Daegu Gyeongbuk Institute of Science and Technology; Harvard University; Institute for Basic Science; Kangwon National University; Korea Basic Science Institute; Korea University; Kyungpook National University; Massachusetts Institute of Technology; Pohang University of Science and Technology; Scripps Research Institute; Seoul National University; Yonsei University; Yonsei University Health System,KR; US,yes,362,Proteogenomic landscape of human pancreatic ductal adenocarcinoma in an Asian population reveals tumor cell-enriched and immune-rich subtypes,needs_review,Seoul National University; Yonsei University; Yonsei University Health System,openalex_last_known,,,,,Seoul National University; Yonsei University; Yonsei University Health System,KR,yes,no,yes,no,385,A_review_first,strong collaboration signal + academic affiliation + bio relevance,,,,,no,no,no,,0.82,"strong network signal, but no explicit professor title evidence",review
A5100359560,Hyun‐Jin Kim,143,73,P0007; P0036; P0188; P0231; P0252; P0384; P0482; P0506; P0511; P0689; P0767; P0786; P0788; P0932; P0991; P1008; P1075; P1077; P1097; P1102; P1129; P1146; P1148; P1173; P1196; P1197; P1202; P1210; P1229; P1230; P1270; P1274; P1296; P1297; P1308; P1322; P1343; P1354; P1462; P1470; P1505; P1516; P1525; P1531; P1545; P1568; P1569; P1576; P1577; P1580; P1585; P1587; P1589; P1590; P1592; P1596; P1597; P1598; P1600; P1602; P1606; P1608; P1611; P1613; P1614; P1615; P1616; P1624; P1656; P1662; P1663; P1673; P1685,"Chungnam National University; Daejeon Eulji Medical Center, Eulji University; Daejeon Technopark; Dong-A University; Eulji Medical Center; Eulji University; Gyeongsang National University; Hallym University; Kangdong Sacred Heart Hospital; Konkuk University; Korea Advanced Institute of Science and Technology; Korea Food Research Institute; Korea Institute of Science and Technology; Korea Railroad Corporation (South Korea); Korea Research Institute of Bioscience and Biotechnology; Korea University of Science and Technology; Korean Association Of Science and Technology Studies; Kyung Hee University; National Cancer Center; National Cancer Center Hospital; SNUH SMG-SNU Boramae Medical Center; Samsung Medical Center; Seoul National University; Seoul National University Bundang Hospital; Seoul National University Hospital; Soonchunhyang University; Sungkyunkwan University; Ulsan National Institute of Science and Technology; University of Illinois Chicago",KR; US,yes,359,Changes in Methylation Patterns of Tumor Suppressor Genes during Extended Human Embryonic Stem Cell Cultures,needs_review,Gyeongsang National University; Chungnam National University; Samsung Medical Center; Chungnam National University Sejong Hospital; Sungkyunkwan University,openalex_last_known,,,,,Gyeongsang National University; Chungnam National University; Samsung Medical Center; Chungnam National University Sejong Hospital; Sungkyunkwan University,KR,yes,no,yes,no,375,A_review_first,strong collaboration signal + academic affiliation + bio relevance,,,,,no,no,no,,0.82,"strong network signal, but no explicit professor title evidence",review
A5100339681,Ji Won Park,195,66,P0057; P0083; P0114; P0137; P0211; P0350; P0354; P0367; P0394; P0409; P0444; P0491; P0492; P0560; P0564; P0594; P0601; P0643; P0696; P0702; P0711; P0714; P0964; P0991; P0997; P1021; P1092; P1113; P1131; P1184; P1247; P1315; P1337; P1339; P1403; P1404; P1423; P1568; P1628; P1629; P1630; P1633; P1636; P1639; P1642; P1643; P1644; P1646; P1648; P1650; P1652; P1655; P1656; P1657; P1659; P1660; P1661; P1662; P1665; P1667; P1672; P1674; P1676; P1683; P1684; P1687,Ajou University; Asan Medical Center; Chungnam National University; Hallym University; Hallym University Medical Center; Hallym University Sacred Heart Hospital; Kangdong Sacred Heart Hospital; Korea Advanced Institute of Science and Technology; Korea University; Kyungpook National University; Kyungpook National University Medical Center; Kyushu University; National Cancer Center; National Cancer Center Hospital; Pusan National University; Samsung Medical Center; Seoul National University; Seoul National University Bundang Hospital; Seoul National University Cancer Hospital; Seoul National University Hospital; Sungkyunkwan University; University of Pennsylvania; University of Ulsan; Yonsei University,JP; KR; US,yes,390,Multifocal Organoid Capturing of Colon Cancer Reveals Pervasive Intratumoral Heterogenous Drug Responses,needs_review,Seoul National University; Seoul National University Hospital; Seoul National University Cancer Hospital,openalex_last_known,,,,,Seoul National University; Seoul National University Hospital; Seoul National University Cancer Hospital,KR,yes,no,yes,no,340,A_review_first,strong collaboration signal + academic affiliation + bio relevance,,,,,no,no,no,,0.82,"strong network signal, but no explicit professor title evidence",review
A5100739374,Sohee Park,127,65,P0030; P0090; P0092; P0260; P0337; P0350; P0475; P0591; P0642; P1003; P1113; P1131; P1173; P1184; P1185; P1221; P1382; P1405; P1438; P1443; P1457; P1515; P1565; P1587; P1596; P1608; P1623; P1628; P1629; P1632; P1633; P1636; P1639; P1640; P1641; P1642; P1643; P1644; P1646; P1647; P1648; P1650; P1652; P1655; P1656; P1657; P1659; P1660; P1661; P1662; P1663; P1667; P1669; P1670; P1671; P1672; P1673; P1676; P1679; P1680; P1681; P1683; P1686; P1711; P1734,CHA University; Chosun University; Dongguk University Ilsan Hospital; Ewha Womans University; Hallym University; Hallym University Sacred Heart Hospital; International Atomic Energy Agency; International Ginseng & Herb Research Institute; Kangdong Sacred Heart Hospital; Keimyung University Dongsan Medical Center; Korea Advanced Institute of Science and Technology; Korea Research Institute of Bioscience and Biotechnology; Korea University; Korea University Guro Hospital; Korea University of Science and Technology; Kyung Hee University; National Cancer Center; National Cancer Center Hospital; Pusan National University; Seoul National University; Seoul National University Cancer Hospital; Seoul National University Hospital; The Catholic University of Korea Seoul St. Mary's Hospital; Yeungnam University Medical Center; Yonsei University; Yonsei University Health System,AT; KR; US,yes,319,Association between screening and the thyroid cancer “epidemic” in South Korea: evidence from a nationwide study,needs_review,Yonsei University; Inje University Ilsan Paik Hospital; Yonsei University Health System,openalex_last_known,,,,,Yonsei University; Inje University Ilsan Paik Hospital; Yonsei University Health System,KR,yes,no,yes,no,335,A_review_first,strong collaboration signal + academic affiliation + bio relevance,,,,,no,no,no,,0.82,"strong network signal, but no explicit professor title evidence",review
A5100399223,Seung‐Hoon Lee,112,60,P0022; P0028; P0050; P0067; P0079; P0114; P0205; P0307; P0337; P0379; P0416; P0486; P0532; P0535; P0665; P0729; P0746; P0766; P0989; P1008; P1116; P1117; P1120; P1141; P1162; P1174; P1175; P1180; P1185; P1194; P1202; P1223; P1236; P1238; P1270; P1278; P1297; P1301; P1302; P1307; P1320; P1345; P1400; P1401; P1423; P1508; P1514; P1582; P1629; P1632; P1633; P1637; P1644; P1652; P1654; P1660; P1661; P1667; P1698; P1701,"Catholic University of Korea; Chonnam National University Hospital; Chungnam National University; Daejeon Eulji Medical Center, Eulji University; Eulji Medical Center; Eulji University; Ewha Womans University; Gyeongguk National University; Hallym University; Hallym University Chuncheon Sacred Heart Hospital; Inje University Busan Paik Hospital; Inje University Ilsan Paik Hospital; Institute for Basic Science; KT&G (South Korea); Korea Institute of Oriental Medicine; Korea Institute of Science and Technology; Korea Research Institute of Bioscience and Biotechnology; Korea University; Korea University Medical Center; Kyung Hee University; Kyungpook National University; National Cancer Center; National Cancer Center Hospital; National Institute of Animal Science; Neurology, Inc; Rural Development Administration; Samsung (South Korea); Samsung Electronics (South Korea); Samsung Medical Center; Seoul National University; Seoul National University Hospital; Seoul National University Hospital Biomedical Research Institute; Soonchunhyang University; Sungkyunkwan University; The Catholic University of Korea Yeouido St. Mary's Hospital; The Jackson Laboratory for Genomic Medicine; UConn Health; Ulsan University Hospital; University of Connecticut; University of Ulsan; Wonkwang University; Yong In University; Yonsei University",KR; US,yes,289,Rapamycin-insensitive companion of mTOR (RICTOR) amplification defines a subset of advanced gastric cancer and is sensitive to AZD2014-mediated mTORC1/2 inhibition,needs_review,"Seoul National University; Hallym University; Asan Medical Center; Seoul National University Hospital; University of Ulsan; STCube (United States); Daejeon Eulji Medical Center, Eulji University; Hallym University Chuncheon Sacred Heart Hospital",openalex_last_known,,,,,"Seoul National University; Hallym University; Asan Medical Center; Seoul National University Hospital; University of Ulsan; STCube (United States); Daejeon Eulji Medical Center, Eulji University; Hallym University Chuncheon Sacred Heart Hospital",KR; US,yes,no,yes,no,310,A_review_first,strong collaboration signal + academic affiliation + bio relevance,,,,,no,no,no,,0.82,"strong network signal, but no explicit professor title evidence",review
A5100417168,Jin Young Kim,95,59,P0014; P0053; P0060; P0066; P0102; P0213; P0216; P0291; P0665; P0791; P0823; P0920; P1002; P1008; P1015; P1033; P1069; P1115; P1125; P1129; P1176; P1179; P1190; P1192; P1195; P1205; P1211; P1228; P1243; P1265; P1266; P1285; P1288; P1296; P1302; P1307; P1320; P1345; P1357; P1360; P1505; P1508; P1516; P1519; P1521; P1528; P1532; P1541; P1547; P1548; P1549; P1550; P1551; P1642; P1648; P1650; P1663; P1673; P1679,Chonnam National University; Chosun University; Chung-Ang University; Chungnam National University; Dong-A University; Hankyong National University; Institute for Basic Science; International University of Korea; Jeonbuk National University; Kangwon National University; Korea Advanced Institute of Science and Technology; Korea Basic Science Institute; Korea Institute of Science & Technology Information; Korea Institute of Science and Technology; Korea Research Institute of Bioscience and Biotechnology; Korea University of Science and Technology; Kyung Hee University; Kyungpook National University; Osong Medical Innovation Foundation; Seoul National University; Tech University of Korea; Yonsei University; Yonsei University Health System,KR,yes,269,Refining Classification of Cholangiocarcinoma Subtypes via Proteogenomic Integration Reveals New Therapeutic Prospects,needs_review,Korea Advanced Institute of Science and Technology; Institute for Basic Science; Korea Basic Science Institute; Chung-Ang University; Korea Research Institute of Bioscience and Biotechnology,openalex_last_known,,,,,Korea Advanced Institute of Science and Technology; Institute for Basic Science; Korea Basic Science Institute; Chung-Ang University; Korea Research Institute of Bioscience and Biotechnology,KR,yes,no,yes,no,305,A_review_first,strong collaboration signal + academic affiliation + bio relevance,,,,,no,no,no,,0.82,"strong network signal, but no explicit professor title evidence",review
A5100635535,Jae Hyung Park,177,58,P0007; P0050; P0077; P0097; P0114; P0135; P0175; P0195; P0208; P0228; P0243; P0464; P0511; P0514; P0532; P0535; P0631; P0688; P0722; P0753; P0810; P0903; P0907; P0914; P0920; P0945; P0989; P1098; P1116; P1117; P1119; P1121; P1124; P1128; P1130; P1131; P1133; P1153; P1169; P1201; P1318; P1391; P1459; P1460; P1483; P1517; P1522; P1542; P1638; P1639; P1640; P1647; P1669; P1675; P1685; P1694; P1696; P1701,Asan Foundation; Chung-Ang University; Chung-Ang University Healthcare System; Gachon University Gil Medical Center; Gwangju Institute of Science and Technology; Inha University; Inha University Hospital; Institute for Basic Science; Johns Hopkins University; Jungwon University; Korea Construction Equipment Technology Institute; Korea Institute of Science and Technology; Korea Research Institute of Chemical Technology; Korea University; Korea University Medical Center; Korean Association Of Science and Technology Studies; Kyung Hee University; Kyungpook National University; Kyungpook National University Hospital; Myongji Hospital; National Cancer Center; Purdue University West Lafayette; Samsung (South Korea); Sejong General Hospital; Seoul National University; Seoul National University Bundang Hospital; Seoul National University Hospital; Sungkyunkwan University; Tufts University; University of Ulsan; Yonsei University,KR; US,yes,348,Dysfunctional adipocytes promote tumor progression through YAP/TAZ-dependent cancer-associated adipocyte transformation,needs_review,"Argonne National Laboratory; Korea Advanced Institute of Science and Technology; Wolfspeed, Inc. (United States); Jeonbuk National University; Sungkyunkwan University; Pukyong National University",openalex_last_known,,,,,"Argonne National Laboratory; Korea Advanced Institute of Science and Technology; Wolfspeed, Inc. (United States); Jeonbuk National University; Sungkyunkwan University; Pukyong National University",KR; US,yes,no,yes,no,300,A_review_first,strong collaboration signal + academic affiliation + bio relevance,,,,,no,no,no,,0.82,"strong network signal, but no explicit professor title evidence",review
A5100360892,Min Jung Kim,85,58,P0057; P0098; P0114; P0115; P0205; P0228; P0275; P0291; P0297; P0401; P0408; P0435; P0493; P0498; P0588; P0722; P0755; P0920; P0935; P1167; P1174; P1201; P1234; P1397; P1442; P1460; P1470; P1476; P1488; P1498; P1522; P1576; P1585; P1587; P1597; P1604; P1605; P1613; P1614; P1628; P1629; P1633; P1639; P1644; P1645; P1648; P1651; P1652; P1655; P1659; P1660; P1662; P1664; P1672; P1676; P1683; P1685; P1687,Ajou University; Asan Medical Center; CHA University; Catholic University of Korea; Chosun University; Chungnam National University; Gyeongsang National University; Inha University; Inha University Hospital; Jeonbuk National University; Jeonbuk National University Hospital; Kangwon National University; Kangwon National University Hospital; Korea Food Research Institute; Korea Institute of Oriental Medicine; Korea Institute of Science and Technology; Korea Institute of Toxicology; Korea University of Science and Technology; Korean Association Of Science and Technology Studies; LG (South Korea); National Cancer Center; National Cancer Center Hospital; National Police Hospital; Presbyterian Medical Center; SNUH SMG-SNU Boramae Medical Center; Samsung Medical Center; Seoul Metropolitan Government; Seoul National University; Seoul National University Hospital; Severance Hospital; Sookmyung Women's University; Soonchunhyang University; Soonchunhyang University Hospital Seoul; Sungkyunkwan University; University of Ulsan; Wonkwang University; Yong In University; Yongin Severance Hospital; Yonsei University; Yonsei University Health System,KR,yes,256,Effect of Digital Mammography for Breast Cancer Screening: A Comparative Study of More than 8 Million Korean Women,needs_review,University of British Columbia; Pusan National University Yangsan Hospital,openalex_last_known,,,,,University of British Columbia; Pusan National University Yangsan Hospital,CA; KR,yes,no,yes,yes,297,A_review_first,strong collaboration signal + academic affiliation + bio relevance,,,,,no,no,no,,0.5,manual review needed,review
A5100419677,Eun Young Lee,73,57,P0030; P0058; P0093; P0098; P0115; P0135; P0137; P0241; P0317; P0326; P0444; P0453; P0471; P0488; P0493; P0536; P0604; P0703; P0722; P0928; P0984; P1115; P1124; P1125; P1173; P1174; P1176; P1185; P1208; P1211; P1238; P1242; P1246; P1257; P1258; P1259; P1289; P1304; P1307; P1405; P1456; P1466; P1467; P1475; P1489; P1493; P1521; P1567; P1573; P1583; P1597; P1613; P1638; P1639; P1641; P1650; P1678,Ajou University; Asan Medical Center; CHA Advanced Research Institute; CHA University; Catholic University of Korea; Dankook University; Dankook University Hospital; Dong-Eui University; Ewha Womans University; Ewha Womans University Seoul Hospital; Gwangju Institute of Science and Technology; Korea Food Research Institute; Korea Institute of Toxicology; Korea Research Institute of Bioscience and Biotechnology; Kyungpook National University; National Cancer Center; National Cancer Center Hospital; Seoul National University; Seoul National University Hospital; Severance Hospital; Soonchunhyang University; Soonchunhyang University Hospital Cheonan; The Catholic University of Korea Seoul St. Mary's Hospital; University of Ulsan; Yeungnam University; Yonsei Proteome Research Center; Yonsei University; Yonsei University Health System; Yonsei University Mirae Campus,KR,yes,241,"Design, Synthesis, and Biological Evaluation of New Peripheral 5HT2A Antagonists for Nonalcoholic Fatty Liver Disease",needs_review,Chungbuk National University; Soonchunhyang University; Soonchunhyang University Hospital Cheonan; Chungbuk National University Hospital; Dankook University,openalex_last_known,,,,,Chungbuk National University; Soonchunhyang University; Soonchunhyang University Hospital Cheonan; Chungbuk National University Hospital; Dankook University,KR,yes,no,yes,no,295,A_review_first,strong collaboration signal + academic affiliation + bio relevance,,,,,no,no,no,,0.82,"strong network signal, but no explicit professor title evidence",review
A5100348065,Nayoung Kim,134,56,P0028; P0040; P0071; P0078; P0093; P0188; P0304; P0384; P0388; P0428; P0445; P0509; P0534; P0536; P0597; P0620; P0696; P0722; P0740; P0767; P0992; P0999; P1147; P1179; P1180; P1197; P1211; P1238; P1308; P1320; P1323; P1332; P1353; P1461; P1507; P1545; P1549; P1566; P1570; P1578; P1579; P1628; P1636; P1649; P1651; P1660; P1667; P1668; P1669; P1670; P1696; P1698; P1701; P1711; P1737; P1749,Asan Medical Center; CHA University; CHA University Bundang Medical Center; Catholic University of Korea; Chungnam National University; Eulji Medical Center; Ewha Womans University; Ewha Womans University Seoul Hospital; Gwangju Institute of Science and Technology; Hallym University; Hanmi Pharmaceutical (South Korea); Jaseng Hospital of Korean Medicine; Keimyung University; Korea Advanced Institute of Science and Technology; Korea Disease Control and Prevention Agency; Korea National Institute of Health; Korea Research Institute of Bioscience and Biotechnology; Korea University; Korea University Guro Hospital; Korean College of Helicobacter and Upper Gastrointestinal Research; Samsung Medical Center; Seoul National University; Seoul National University Bundang Hospital; Seoul National University Hospital; Severance Hospital; Sookmyung Women's University; Soonchunhyang University; Soonchunhyang University Hospital Bucheon; The Catholic University of Korea Seoul St. Mary's Hospital; University of Ulsan; Wonkwang University Sanbon Hospital; Yonsei University,KR,yes,299,"10 years of biologic use patterns in patients with inflammatory bowel disease: treatment persistence, switching and dose intensification – a nationwide population-based study",needs_review,Seoul National University; University of Alabama; Seoul National University Hospital; Seoul National University Bundang Hospital; Hanmi Pharmaceutical (South Korea); Imperial College London,openalex_last_known,,,,,Seoul National University; University of Alabama; Seoul National University Hospital; Seoul National University Bundang Hospital; Hanmi Pharmaceutical (South Korea); Imperial College London,GB; KR; US,yes,no,yes,no,290,A_review_first,strong collaboration signal + academic affiliation + bio relevance,,,,,no,no,no,,0.82,"strong network signal, but no explicit professor title evidence",review
A5100713154,Young Soo Kim,138,55,P0007; P0021; P0044; P0068; P0086; P0096; P0100; P0123; P0288; P0326; P0477; P0481; P0488; P0582; P0700; P0703; P0713; P0755; P0813; P0843; P0968; P0999; P1000; P1113; P1115; P1119; P1125; P1127; P1129; P1130; P1137; P1145; P1146; P1167; P1170; P1171; P1191; P1199; P1212; P1233; P1266; P1296; P1353; P1360; P1373; P1384; P1400; P1457; P1474; P1534; P1580; P1605; P1609; P1695; P1708,Ajou University; CHA Future Medicine Research Institute; CHA University; Chosun University; Chungbuk National University; Convergence Research Center for Diagnosis Treatment and Care System of Dementia; Gyeongsang National University; Inje University; Jeonbuk National University; Korea Advanced Institute of Science and Technology; Korea Institute of Machinery & Materials; Korea Institute of Science and Technology; Korea National Institute of Health; Korea Research Institute of Bioscience and Biotechnology; Korea University of Science and Technology; Korean Association Of Science and Technology Studies; Kyung Hee University; Samsung (South Korea); Samsung Advanced Institute of Technology (South Korea); Seoul National University; Seoul National University Bundang Hospital; University of Manchester; Yonsei University,GB; KR,yes,300,Aberrant Tonic Inhibition of Dopaminergic Neuronal Activity Causes Motor Symptoms in Animal Models of Parkinson’s Disease,needs_review,Yonsei University; Korea Institute of Science and Technology,openalex_last_known,,,,,Yonsei University; Korea Institute of Science and Technology,KR,yes,no,yes,no,285,A_review_first,strong collaboration signal + academic affiliation + bio relevance,,,,,no,no,no,,0.82,"strong network signal, but no explicit professor title evidence",review
A5100689633,Kim Ys,86,52,P0006; P0007; P0023; P0028; P0034; P0071; P0075; P0153; P0200; P0266; P0317; P0346; P0347; P0444; P0489; P0605; P0639; P0673; P0674; P0813; P1058; P1124; P1136; P1142; P1157; P1170; P1207; P1209; P1226; P1251; P1270; P1293; P1296; P1304; P1320; P1340; P1397; P1527; P1587; P1621; P1631; P1645; P1685; P1686; P1690; P1691; P1698; P1701; P1707; P1728; P1744; P1753,Asia Pacific Foundation for Infectious Diseases; Catholic University of Korea; Cheongju University; Chonnam National University Hwasun Hospital; Chungbuk National University; Chungnam National University; Chungnam National University Hospital; Daewoong Pharmaceutical (South Korea); Dankook University; Ewha Womans University; Ewha Womans University Seoul Hospital; Guangzhou Medical University; Inje University Ilsan Paik Hospital; Institut Pasteur Korea; Institute for Basic Science; Konkuk University; Konkuk University Medical Center; Korea Advanced Institute of Science and Technology; Korea Center for Disease Control and Prevention; Korea Disease Control and Prevention Agency; Korea Institute of Science and Technology; Korea National Institute of Health; Korea Research Institute of Bioscience and Biotechnology; Kyung Hee University; Kyungpook National University; National Health Insurance Service Ilsan Hospital; National Medical Center; SK Group (South Korea); Seoul Medical Center; Seoul National University; Seoul National University Bundang Hospital; Soonchunhyang University Hospital Cheonan; The Catholic University of Korea Uijeongbu St. Mary's Hospital; University of Seoul; Wonju Severance Christian Hospital; Wonkwang University Hospital; Yeungnam University; Yeungnam University Medical Center; Yonsei University; Yonsei University Mirae Campus,CN; KR,yes,239,Establishment of the large-scale longitudinal multi-omics dataset in COVID-19 patients: data profile and biospecimen,needs_review,Seoul National University; Chungnam National University; Soonchunhyang University Hospital Cheonan,openalex_last_known,,,,,Seoul National University; Chungnam National University; Soonchunhyang University Hospital Cheonan,KR,yes,no,yes,no,270,A_review_first,strong collaboration signal + academic affiliation + bio relevance,,,,,no,no,no,,0.82,"strong network signal, but no explicit professor title evidence",review
A5022857079,Eun‐Kyung Kim,101,52,P0056; P0098; P0141; P0182; P0263; P0291; P0364; P0401; P0409; P0464; P0493; P0523; P0591; P0680; P0713; P0744; P0774; P0914; P0925; P0999; P1113; P1114; P1119; P1120; P1131; P1179; P1184; P1190; P1202; P1215; P1241; P1248; P1307; P1310; P1356; P1409; P1471; P1492; P1549; P1565; P1627; P1631; P1636; P1645; P1654; P1659; P1662; P1671; P1672; P1679; P1685; P1686,Ajou University; CHA University; CHA University Bundang Medical Center; Catholic University of Korea; Dong-A University; Eulji Medical Center; Eulji University; Eulji University Nowon Eulji Medical Center; Hanmi Pharmaceutical (South Korea); Inje University; Konyang University; Korea Advanced Institute of Science and Technology; Korea National Institute of Health; Korea University Guro Hospital; Kyung Hee University; Kyungpook National University; LG Chem (South Korea); National Cancer Center; Seoul National University; Severance Hospital; The Catholic University of Korea Seoul St. Mary's Hospital; Yeungnam University; Yongin Severance Hospital; Yonsei University; Yonsei University Health System,KR,yes,254,"PD-L1 expression on immune cells, but not on tumor cells, is a favorable prognostic factor for head and neck cancer patients",needs_review,Yonsei University; Yongin Severance Hospital,openalex_last_known,,,,,Yonsei University; Yongin Severance Hospital,KR,yes,no,yes,no,270,A_review_first,strong collaboration signal + academic affiliation + bio relevance,,,,,no,no,no,,0.82,"strong network signal, but no explicit professor title evidence",review
A5100363762,Ho Kim,84,51,P0007; P0028; P0030; P0034; P0036; P0053; P0057; P0153; P0317; P0334; P0337; P0365; P0407; P0438; P0446; P0573; P0669; P0689; P0696; P0702; P0707; P0714; P0755; P0786; P0832; P0986; P0999; P1076; P1091; P1104; P1146; P1149; P1151; P1182; P1184; P1185; P1186; P1263; P1387; P1408; P1424; P1506; P1539; P1636; P1642; P1665; P1677; P1678; P1689; P1710; P1711,Chonnam National University Hwasun Hospital; Chungbuk National University; Chungnam National University; Ewha Womans University; Gwangju Institute of Science and Technology; Hanyang University; Korea Advanced Institute of Science and Technology; Korea Atomic Energy Research Institute; Korea Institute of Oriental Medicine; Korea Research Institute of Chemical Technology; Korea University Ansan Hospital; Kyungpook National University; Kyungpook National University Hospital; Macrogen (South Korea); National Cancer Center; Pusan National University; Seoul National University; Seoul National University Hospital; Sungkyunkwan University; Ulsan University Hospital; Yonsei University; Yonsei University Health System,KR,yes,234,Identification of radiation-specific responses from gene expression profile,needs_review,Seoul National University; Asan Medical Center; University of Ulsan; National Cancer Center; Pusan National University,openalex_last_known,,,,,Seoul National University; Asan Medical Center; University of Ulsan; National Cancer Center; Pusan National University,KR,yes,no,yes,no,265,A_review_first,strong collaboration signal + academic affiliation + bio relevance,,,,,no,no,no,,0.82,"strong network signal, but no explicit professor title evidence",review
A5061203886,Woong Sun,58,51,P0028; P0056; P0076; P0159; P0198; P0203; P0477; P0505; P0536; P0754; P0766; P0791; P0822; P0843; P0855; P0925; P0945; P1002; P1014; P1015; P1033; P1035; P1129; P1167; P1210; P1263; P1296; P1301; P1305; P1306; P1308; P1313; P1314; P1337; P1343; P1345; P1353; P1357; P1359; P1360; P1364; P1365; P1372; P1398; P1444; P1522; P1551; P1593; P1638; P1665; P1713,Institute for Basic Science; Korea University; Korea University Medical Center; Seoul National University,JP; KR,yes,208,Autophagic death of neural stem cells mediates chronic stress-induced decline of adult hippocampal neurogenesis and cognitive deficits,needs_review,Korea University; Korea University Medical Center,openalex_last_known,,,,,Korea University; Korea University Medical Center,KR,yes,no,yes,no,265,A_review_first,strong collaboration signal + academic affiliation + bio relevance,,,,,no,no,no,,0.82,"strong network signal, but no explicit professor title evidence",review
A5100694945,Seong‐Eun Kim,223,51,P0007; P0257; P0319; P0330; P0355; P0356; P0359; P0379; P0384; P0388; P0393; P0409; P0424; P0428; P0442; P0444; P0445; P0446; P0453; P0482; P0532; P0535; P0597; P0620; P0753; P0822; P0829; P0945; P0998; P1115; P1128; P1142; P1200; P1215; P1238; P1264; P1267; P1301; P1459; P1467; P1483; P1492; P1501; P1627; P1635; P1645; P1648; P1651; P1661; P1687; P1691,"Asan Medical Center; CHA University Gangnam Medical Center; Catholic University of Korea; Chonnam National University; Chonnam National University Hospital; Chung-Ang University; Chung-Ang University Healthcare System; Chung-Ang University Hospital; Chungbuk National University; Chungnam National University Sejong Hospital; Daejeon Eulji Medical Center, Eulji University; Dong-A University; Dong-A University Hospital; Dongguk University Ilsan Hospital; Eulji Medical Center; Eulji University; Ewha Womans University; Ewha Womans University Medical Center; Ewha Womans University Mokdong Hospital; Ewha Womans University Seoul Hospital; Gyeongsang National University; Hallym University Sacred Heart Hospital; Helsinki University Hospital; Inje University Ilsan Paik Hospital; Jeju National University; Jeju National University Hospital; Jeonbuk National University; Jeonbuk National University Hospital; Kangwon National University; Kangwon National University Hospital; Keimyung University Dongsan Hospital; Keimyung University Dongsan Medical Center; Kookmin University; Korea Advanced Institute of Science and Technology; Korea Electronics Technology Institute; Korea University; Kosin University; Kosin University Gospel Hospital; Kwangwoon University; Kyungpook National University; Northwestern University; Purdue University Institute for Cancer Research; Purdue University West Lafayette; Seoul Medical Center; Seoul National University; Seoul National University Bundang Hospital; Seoul National University Hospital; Seoul Women's University; Soonchunhyang University; Soonchunhyang University Hospital Seoul; Sungkyunkwan University; Ulsan University Hospital; University of Ulsan; Yeungnam University; Yeungnam University Medical Center; Yonsei University",FI; KR; US,yes,373,Suppressive effect of α-mangostin for cancer stem cells in colorectal cancer via the Notch pathway,needs_review,Ewha Womans University; Seoul National University; Chosun University; Seoul National University Bundang Hospital; Ewha Womans University Medical Center; Ewha Womans University Mokdong Hospital; Ewha Womans University Seoul Hospital,openalex_last_known,,,,,Ewha Womans University; Seoul National University; Chosun University; Seoul National University Bundang Hospital; Ewha Womans University Medical Center; Ewha Womans University Mokdong Hospital; Ewha Womans University Seoul Hospital,KR,yes,no,yes,no,265,A_review_first,strong collaboration signal + academic affiliation + bio relevance,,,,,no,no,no,,0.82,"strong network signal, but no explicit professor title evidence",review
A5014171582,Eui‐Cheol Shin,96,50,P0023; P0027; P0028; P0075; P0079; P0115; P0145; P0400; P0444; P0587; P0605; P0679; P0689; P0713; P0782; P0878; P0914; P0920; P1008; P1010; P1014; P1018; P1120; P1124; P1169; P1182; P1186; P1226; P1286; P1294; P1304; P1306; P1311; P1320; P1330; P1331; P1337; P1341; P1345; P1351; P1460; P1462; P1480; P1514; P1634; P1646; P1691; P1698; P1701; P1744,Asan Medical Center; Institute for Basic Science; Korea Advanced Institute of Science and Technology; National Institutes of Health; SNUH SMG-SNU Boramae Medical Center; Seoul National University; Severance Hospital; University of Ulsan; Yonsei Cancer Hospital; Yonsei University,KR; US,yes,243,A virtual memory CD8+ T cell-originated subset causes alopecia areata through innate-like cytotoxicity,needs_review,Korea Advanced Institute of Science and Technology,openalex_last_known,,,,,Korea Advanced Institute of Science and Technology,KR,yes,no,yes,no,260,A_review_first,strong collaboration signal + academic affiliation + bio relevance,,,,,no,no,no,,0.82,"strong network signal, but no explicit professor title evidence",review
A5079679300,Tae Sung Kim,80,50,P0006; P0014; P0050; P0053; P0057; P0100; P0272; P0295; P0412; P0433; P0492; P0493; P0560; P0564; P0700; P0928; P0990; P1055; P1121; P1228; P1243; P1244; P1269; P1398; P1458; P1469; P1528; P1569; P1629; P1631; P1633; P1638; P1639; P1641; P1644; P1646; P1647; P1648; P1652; P1655; P1657; P1658; P1659; P1660; P1671; P1672; P1679; P1683; P1692; P1697,Center for Cancer Research; Chonnam National University; Chonnam National University Hospital; Chungnam National University; Ewha Womans University; Korea National Open University; Korea University; Ministry of Food and Drug Safety; National Cancer Center; National Cancer Center Hospital; National Cancer Institute; National Institutes of Health; Samsung Medical Center; Sungkyunkwan University; The Ohio State University; Yonsei University,JP; KR; US,yes,227,Rationally designed redirection of natural killer cells anchoring a cytotoxic ligand for pancreatic cancer treatment,needs_review,Korea University; Pusan National University,openalex_last_known,,,,,Korea University; Pusan National University,KR,yes,no,yes,no,260,A_review_first,strong collaboration signal + academic affiliation + bio relevance,,,,,no,no,no,,0.82,"strong network signal, but no explicit professor title evidence",review
A5106557026,Young Tae Kim,121,50,P0007; P0014; P0057; P0075; P0079; P0114; P0219; P0326; P0337; P0354; P0355; P0394; P0526; P0594; P0707; P0786; P0905; P1014; P1113; P1128; P1146; P1204; P1212; P1216; P1245; P1247; P1255; P1294; P1320; P1384; P1398; P1404; P1436; P1516; P1519; P1628; P1630; P1638; P1643; P1644; P1648; P1663; P1664; P1682; P1684; P1685; P1694; P1696; P1698; P1701,Ajou University; Cancer Research Institute; Chungnam National University; Hanyang University Seoul Hospital; Innovative Research Institute for Cell Therapy; Jeju National University; Jeju National University Hospital; Korea Advanced Institute of Science and Technology; Korea Disease Control and Prevention Agency; Korea Institute of Science & Technology Information; Korea National Institute of Health; Korea Research Institute of Bioscience and Biotechnology; Lung Institute; National Cancer Center; National Cancer Center Hospital; Pukyong National University; Pusan National University; SNUH SMG-SNU Boramae Medical Center; Samsung (South Korea); Samsung Biomedical Research Institute; Samsung Medical Center; Seoul National University; Seoul National University Bundang Hospital; Seoul National University Hospital; Seoul National University Hospital Biomedical Research Institute; Soonchunhyang University; Sungkyunkwan University; Yonsei University; Yonsei University Health System,KR; US,yes,268,Clonal History and Genetic Predictors of Transformation Into Small-Cell Carcinomas From Lung Adenocarcinomas,needs_review,Seoul National University; Seoul National University Hospital,openalex_last_known,,,,,Seoul National University; Seoul National University Hospital,KR,yes,no,yes,no,260,A_review_first,strong collaboration signal + academic affiliation + bio relevance,,,,,no,no,no,,0.82,"strong network signal, but no explicit professor title evidence",review
A5033050173,Aesun Shin,220,49,P0354; P0394; P0428; P0438; P0445; P0526; P0606; P0696; P0997; P1054; P1113; P1405; P1438; P1515; P1628; P1630; P1633; P1636; P1638; P1640; P1642; P1643; P1644; P1646; P1647; P1650; P1652; P1653; P1656; P1657; P1659; P1660; P1661; P1662; P1667; P1669; P1670; P1672; P1674; P1676; P1678; P1679; P1680; P1683; P1689; P1706; P1711; P1714; P1742,Fudan University; General Department of Preventive Medicine; Hallym University; Konkuk University; Korea Disease Control and Prevention Agency; Korea University; National Cancer Center; National Cancer Center Hospital; National Cancer Institute; Seoul National University; Vanderbilt University; Vanderbilt University Medical Center; World Health Organization - Philippines; World Health Organization Regional Office for the Western Pacific,CN; KR; PH; US; VN,yes,364,"Genetic Risk Score, Combined Lifestyle Factors and Risk of Colorectal Cancer",needs_review,Seoul National University,openalex_last_known,,,,,Seoul National University,KR,yes,no,yes,no,255,A_review_first,strong collaboration signal + academic affiliation + bio relevance,,,,,no,no,no,,0.82,"strong network signal, but no explicit professor title evidence",review
A5100390285,Jin‐Soo Kim,135,49,P0002; P0040; P0056; P0066; P0067; P0083; P0114; P0199; P0230; P0243; P0256; P0306; P0442; P0473; P0707; P0709; P0711; P0718; P0764; P0792; P0795; P0796; P0829; P0914; P0965; P1000; P1012; P1123; P1137; P1168; P1180; P1181; P1185; P1186; P1188; P1213; P1251; P1282; P1283; P1306; P1322; P1327; P1386; P1514; P1627; P1634; P1661; P1668; P1730,"Agency for Science, Technology and Research; CHA University; CHA University Bundang Medical Center; Chung-Ang University; Chung-Ang University Healthcare System; Chungbuk National University; Gyeongsang National University; Hallym University; Hanmi Pharmaceutical (South Korea); Institute for Basic Science; Korea Institute of Science and Technology; Korea Research Institute of Bioscience and Biotechnology; Korea University; Korea University of Science and Technology; Korean Association Of Science and Technology Studies; Kyung Hee University; National University of Singapore; SNUH SMG-SNU Boramae Medical Center; Seoul Metropolitan Government; Seoul National University; Seoul National University Bundang Hospital; Seoul National University Hospital; Seoul National University Hospital Biomedical Research Institute; Seoul National University of Science and Technology; Singapore Bioimaging Consortium; The University of Texas MD Anderson Cancer Center; ToolGen (South Korea); University of Otago; Yonsei University; Yonsei University Health System",KR; NZ; SG; US,yes,279,An Immune–Magnetophoretic Device for the Selective and Precise Enrichment of Circulating Tumor Cells from Whole Blood,needs_review,Seoul National University; Chungnam National University Sejong Hospital,openalex_last_known,,,,,Seoul National University; Chungnam National University Sejong Hospital,KR,yes,no,yes,no,255,A_review_first,strong collaboration signal + academic affiliation + bio relevance,,,,,no,no,no,,0.82,"strong network signal, but no explicit professor title evidence",review
A5100734442,Se Hoon Kim,85,48,P0095; P0098; P0100; P0137; P0153; P0205; P0291; P0337; P0422; P0439; P0631; P0642; P0696; P0752; P0820; P0914; P0920; P0926; P0986; P1011; P1014; P1027; P1034; P1125; P1129; P1146; P1160; P1182; P1184; P1227; P1235; P1289; P1296; P1299; P1306; P1320; P1357; P1379; P1385; P1419; P1463; P1466; P1506; P1627; P1637; P1648; P1680; P1685,CHA University; Dankook University; Hallym University; Hanyang University; Kangbuk Samsung Hospital; Kongju National University; Konyang University; Korea Advanced Institute of Science and Technology; Korea Institute of Science and Technology; Korea University; National Cancer Center; Semyung University; Severance Hospital; Sungkyunkwan University; Yonsei Cancer Hospital; Yonsei University; Yonsei University Health System; Yonsei University Mirae Campus,KR,yes,226,Fibroblast Growth Factor Receptor 1 Gene Amplification Is Associated With Poor Survival and Cigarette Smoking Dosage in Patients With Resected Squamous Cell Lung Cancer,needs_review,Korea Advanced Institute of Science and Technology; Yonsei University; Korea University; Severance Hospital; Yonsei University Health System; Sungkyunkwan University,openalex_last_known,,,,,Korea Advanced Institute of Science and Technology; Yonsei University; Korea University; Severance Hospital; Yonsei University Health System; Sungkyunkwan University,KR,yes,no,yes,no,250,A_review_first,strong collaboration signal + academic affiliation + bio relevance,,,,,no,no,no,,0.82,"strong network signal, but no explicit professor title evidence",review
A5100370205,Dong Hun Lee,85,48,P0075; P0078; P0079; P0086; P0135; P0219; P0255; P0257; P0277; P0376; P0439; P0493; P0540; P0542; P0547; P0582; P0657; P0691; P0695; P0935; P0968; P0995; P0996; P0999; P1000; P1021; P1069; P1123; P1177; P1178; P1206; P1210; P1211; P1225; P1233; P1234; P1294; P1302; P1353; P1411; P1458; P1469; P1534; P1559; P1600; P1636; P1646; P1685,Chonnam National University; Chung-Ang University; Chungbuk National University; Cosmax Inc. (South Korea); Emory University; Ewha Womans University; Gachon University Gil Medical Center; Hallym University; Hanyang University; Inha University; Inha University Hospital; Kangdong Sacred Heart Hospital; Konkuk University; Korea Advanced Institute of Science and Technology; Korea Institute of Toxicology; Korea Research Institute of Bioscience and Biotechnology; Korea University; Korea University Medical Center; National Cancer Center; Seoul National University; Seoul National University Children's Hospital; Seoul National University Hospital; Seoul National University Hospital Biomedical Research Institute; Yonsei University,KR; US,yes,226,Luteolin Induces Cell Cycle Arrest and Apoptosis Through Extrinsic and Intrinsic Signaling Pathways in MCF-7 Breast Cancer Cells,needs_review,Seoul National University; Samsung Medical Center; Seoul National University Hospital; Seoul National University Hospital Biomedical Research Institute; Pusan National University; Sungkyunkwan University; Catholic University of Korea,openalex_last_known,,,,,Seoul National University; Samsung Medical Center; Seoul National University Hospital; Seoul National University Hospital Biomedical Research Institute; Pusan National University; Sungkyunkwan University; Catholic University of Korea,KR,yes,no,yes,no,250,A_review_first,strong collaboration signal + academic affiliation + bio relevance,,,,,no,no,no,,0.82,"strong network signal, but no explicit professor title evidence",review
A5090254873,Kwang Pyo Kim,77,48,P0007; P0022; P0023; P0060; P0067; P0068; P0163; P0205; P0245; P0253; P0260; P0291; P0475; P0514; P0625; P0752; P0754; P0829; P0837; P0878; P0920; P0989; P1028; P1069; P1082; P1101; P1125; P1138; P1145; P1170; P1175; P1178; P1228; P1235; P1278; P1296; P1302; P1346; P1487; P1560; P1634; P1644; P1650; P1652; P1671; P1679; P1681; P1728,Asan Medical Center; Chung-Ang University; Inha University; Inha University Hospital; Institute of Natural Sciences; Jeju National University; Jeonbuk National University; Keimyung University; Konkuk University; Kyung Hee University; National Cancer Center; Purdue University West Lafayette; Seoul National University; University of Ulsan; Yonsei University; Yonsei University Health System,BE; KR; US,yes,218,Surface‐Functionalizable Plant‐Derived Extracellular Vesicles for Targeted Drug Delivery Carrier Using Grapefruit,needs_review,Kangwon National University; Kyung Hee University; Sungkyunkwan University,openalex_last_known,,,,,Kangwon National University; Kyung Hee University; Sungkyunkwan University,KR,yes,no,yes,no,250,A_review_first,strong collaboration signal + academic affiliation + bio relevance,,,,,no,no,no,,0.82,"strong network signal, but no explicit professor title evidence",review
A5005022842,Wonshik Han,133,48,P0028; P0057; P0067; P0079; P0093; P0114; P0329; P0345; P0354; P0394; P0414; P0454; P0464; P0484; P0486; P0588; P0594; P0606; P0689; P0707; P0986; P0990; P0997; P1010; P1069; P1113; P1125; P1238; P1329; P1457; P1578; P1626; P1628; P1629; P1630; P1642; P1643; P1644; P1645; P1646; P1661; P1671; P1673; P1682; P1684; P1702; P1708; P1714,Asan Medical Center; Korea Institute of Science and Technology; Korean Association Of Science and Technology Studies; Kyung Hee University; National Cancer Center; Samsung Medical Center; Seoul National University; Seoul National University Hospital; Seoul National University Hospital Biomedical Research Institute; Sungkyunkwan University; University of Ulsan,KR,yes,274,Single-cell RNA-seq enables comprehensive tumour and immune cell profiling in primary breast cancer,needs_review,Seoul National University; Seoul National University Hospital; Seoul National University Hospital Biomedical Research Institute,openalex_last_known,,,,,Seoul National University; Seoul National University Hospital; Seoul National University Hospital Biomedical Research Institute,KR,yes,no,yes,no,250,A_review_first,strong collaboration signal + academic affiliation + bio relevance,,,,,no,no,no,,0.82,"strong network signal, but no explicit professor title evidence",review
A5100652259,Dong‐Eun Kim,81,47,P0050; P0060; P0090; P0209; P0211; P0257; P0272; P0284; P0296; P0333; P0464; P0466; P0489; P0492; P0673; P0704; P0807; P0991; P1000; P1027; P1028; P1038; P1060; P1062; P1152; P1155; P1170; P1177; P1179; P1196; P1199; P1244; P1245; P1247; P1251; P1282; P1292; P1310; P1514; P1524; P1534; P1560; P1653; P1685; P1696; P1726; P1728,Asan Medical Center; Chungbuk National University; Dong-Eui University; Inje University; Keimyung University; Konkuk University; Kookmin University; Korea National Institute of Health; Korea Research Institute of Bioscience and Biotechnology; Korea Research Institute of Chemical Technology; Korea University; Pusan National University; Sungkyunkwan University; University of Kentucky; University of Pittsburgh; University of Ulsan,KR; US,yes,219,Advances in covalent organic frameworks for cancer phototherapy,needs_review,Yonsei University; Konkuk University,openalex_last_known,,,,,Yonsei University; Konkuk University,KR,yes,no,yes,no,245,A_review_first,strong collaboration signal + academic affiliation + bio relevance,,,,,no,no,no,,0.82,"strong network signal, but no explicit professor title evidence",review
A5026821055,Dong‐Gyu Jo,68,47,P0007; P0028; P0032; P0066; P0086; P0135; P0168; P0195; P0208; P0289; P0488; P0492; P0536; P0564; P0673; P0685; P0688; P0699; P0713; P0890; P0923; P0964; P0990; P1002; P1030; P1055; P1116; P1117; P1129; P1131; P1133; P1143; P1170; P1174; P1185; P1193; P1210; P1245; P1296; P1354; P1461; P1482; P1557; P1694; P1696; P1701; P1730,Asan Foundation; CHA University; Dankook University; Gangneung–Wonju National University; Gwangju Institute of Science and Technology; Korea Construction Equipment Technology Institute; Korea Institute of Science and Technology; Kyung Hee University; Kyung Hee University East-West Neo Medical Center; Kyungpook National University; National Institute of Biomedical Imaging and Bioengineering; Pusan National University; Seoul National University; Seoul National University Hospital; Seoul National University Hospital Biomedical Research Institute; Sungkyunkwan University,KR; US,yes,206,ACE inhibition increases Alzheimer’s disease risk by promoting tau phosphorylation,needs_review,National Institute on Aging; Sungkyunkwan University,openalex_last_known,,,,,National Institute on Aging; Sungkyunkwan University,KR; US,yes,no,yes,no,245,A_review_first,strong collaboration signal + academic affiliation + bio relevance,,,,,no,no,no,,0.82,"strong network signal, but no explicit professor title evidence",review
A5047165960,Seung‐Yong Jeong,173,47,P0028; P0057; P0077; P0079; P0350; P0354; P0367; P0394; P0484; P0643; P0997; P1021; P1054; P1069; P1113; P1180; P1250; P1315; P1568; P1628; P1629; P1630; P1633; P1639; P1640; P1643; P1644; P1646; P1648; P1652; P1653; P1655; P1656; P1657; P1659; P1660; P1661; P1662; P1667; P1669; P1672; P1673; P1676; P1679; P1680; P1681; P1683,Korea Research Institute of Bioscience and Biotechnology; Korea University; National Cancer Center; National Cancer Center Hospital; SNUH SMG-SNU Boramae Medical Center; Seoul National University; Seoul National University Bundang Hospital; Seoul National University Cancer Hospital; Seoul National University Hospital,KR,yes,311,Microsatellite instability testing in Korean patients with colorectal cancer,needs_review,Seoul National University; Seoul National University Hospital; Seoul National University Cancer Hospital,openalex_last_known,,,,,Seoul National University; Seoul National University Hospital; Seoul National University Cancer Hospital,KR,yes,no,yes,no,245,A_review_first,strong collaboration signal + academic affiliation + bio relevance,,,,,no,no,no,,0.82,"strong network signal, but no explicit professor title evidence",review
A5080001926,Yung Hyun Choi,147,47,P0056; P0090; P0137; P0209; P0219; P0236; P0241; P0527; P0542; P0544; P0547; P0696; P0842; P0968; P0969; P0978; P1038; P1062; P1080; P1174; P1176; P1177; P1188; P1193; P1195; P1199; P1211; P1231; P1240; P1304; P1398; P1405; P1425; P1433; P1437; P1486; P1516; P1524; P1526; P1547; P1601; P1604; P1626; P1653; P1654; P1659; P1713,Ajou University; Busan TechnoPark; Chung-Ang University; Chungbuk National University; Dong-Eui University; Hanyang University; Inje University; Kosin University; Pusan National University; Silla University; Yonsei University; Yonsei University Health System,KR,yes,285,Inhibition of α-melanocyte-stimulating hormone-induced melanogenesis and molecular mechanisms by polyphenol-enriched fraction of Tagetes erecta L. flower,needs_review,Dong-Eui University,openalex_last_known,,,,,Dong-Eui University,KR,yes,no,yes,no,245,A_review_first,strong collaboration signal + academic affiliation + bio relevance,,,,,no,no,no,,0.82,"strong network signal, but no explicit professor title evidence",review
A5025329995,Jin Woo Lee,91,46,P0007; P0030; P0036; P0088; P0198; P0200; P0211; P0246; P0366; P0373; P0412; P0455; P0497; P0551; P0699; P0707; P0755; P0766; P0767; P0795; P1039; P1046; P1069; P1113; P1136; P1145; P1147; P1150; P1151; P1168; P1176; P1178; P1182; P1184; P1201; P1236; P1246; P1256; P1274; P1284; P1388; P1398; P1403; P1415; P1631; P1639,Chung-Ang University; Chung-Ang University Healthcare System; Duksung Women's University; Gangneung–Wonju National University; Inha University; Inha University Hospital; Inje University; Inje University Busan Paik Hospital; Korea Institute of Science and Technology; Korea Racing Authority; Korea Research Institute of Chemical Technology; Korea University; Korea University of Science and Technology; Kyung Hee University; Kyung Hee University Medical Center; Seoul National University; Seoul National University Hospital; Severance Hospital; Yonsei University; Yonsei University Health System,KR,yes,226,Enzyme-catalyzed in situ forming gelatin hydrogels as bioactive wound dressings: effects of fibroblast delivery on wound healing efficacy,needs_review,Seoul National University of Science and Technology; Yonsei University; Korea University; Severance Hospital; Yonsei University Health System,openalex_last_known,,,,,Seoul National University of Science and Technology; Yonsei University; Korea University; Severance Hospital; Yonsei University Health System,KR,yes,no,yes,no,240,A_review_first,strong collaboration signal + academic affiliation + bio relevance,,,,,no,no,no,,0.82,"strong network signal, but no explicit professor title evidence",review
A5049364024,Young Seok Ju,90,46,P0006; P0028; P0034; P0057; P0079; P0359; P0370; P0484; P0594; P0764; P0837; P0999; P1002; P1008; P1010; P1011; P1014; P1174; P1189; P1193; P1231; P1294; P1297; P1304; P1315; P1320; P1345; P1398; P1630; P1633; P1634; P1638; P1642; P1644; P1645; P1648; P1649; P1657; P1668; P1681; P1682; P1694; P1696; P1698; P1701; P1744,"Asan Medical Center; Chungbuk National University; Dmitry Rogachev National Research Center of Pediatric Hematology, Oncology and Immunology; Ewha Womans University; Genome Insight (South Korea); German Cancer Research Center; Institute for Information Transmission Problems; Korea Advanced Institute of Science and Technology; Korea Institute of Science & Technology Information; Macrogen (South Korea); National Cancer Center; National Cancer Center Hospital; National Institute of Environmental Health Sciences; Seoul National University; Seoul National University Hospital; Skolkovo Institute of Science and Technology; University of Ulsan; Wellcome Sanger Institute",DE; GB; KR; RU; US,yes,225,Clonal History and Genetic Predictors of Transformation Into Small-Cell Carcinomas From Lung Adenocarcinomas,needs_review,Broad Institute; Korea Advanced Institute of Science and Technology,openalex_last_known,,,,,Broad Institute; Korea Advanced Institute of Science and Technology,KR; US,yes,no,yes,no,240,A_review_first,strong collaboration signal + academic affiliation + bio relevance,,,,,no,no,no,,0.82,"strong network signal, but no explicit professor title evidence",review
A5084081275,Young Ju Lee,80,46,P0028; P0038; P0057; P0083; P0142; P0200; P0201; P0349; P0364; P0390; P0407; P0409; P0415; P0498; P0541; P0560; P0562; P0604; P0674; P0689; P0702; P0707; P0737; P0738; P0836; P0909; P0914; P0991; P1117; P1172; P1190; P1240; P1353; P1421; P1475; P1483; P1486; P1488; P1498; P1505; P1629; P1632; P1645; P1661; P1681; P1686,Ajou University; Asan Medical Center; Chung-Ang University; Ewha Womans University; Ewha Womans University Mokdong Hospital; Kangbuk Samsung Hospital; Korea Basic Science Institute; Korea Institute of Science and Technology; Korea Institute of Toxicology; Korea University; Korean Association Of Science and Technology Studies; Kyung Hee University; Kyung Hee University Medical Center; Kyungpook National University; National Cancer Center; National Cancer Center Hospital; Pusan National University; Sejong University; Seoul National University; Sungkyunkwan University; University of Ulsan; Yeungnam University,KR,yes,215,Distinct clinical features and outcomes in never‐smokers with nonsmall cell lung cancer who harbor EGFR or KRAS mutations or ALK rearrangement,needs_review,Kyung Hee University; Kyung Hee University Medical Center,openalex_last_known,,,,,Kyung Hee University; Kyung Hee University Medical Center,KR,yes,no,yes,no,240,A_review_first,strong collaboration signal + academic affiliation + bio relevance,,,,,no,no,no,,0.82,"strong network signal, but no explicit professor title evidence",review
A5001348492,Murim Choi,78,46,P0013; P0014; P0020; P0028; P0056; P0057; P0060; P0064; P0066; P0067; P0068; P0075; P0079; P0114; P0439; P0477; P0625; P0689; P0695; P0764; P0766; P0769; P0890; P0985; P0986; P0988; P0999; P1069; P1080; P1141; P1176; P1182; P1185; P1213; P1231; P1306; P1308; P1337; P1364; P1444; P1506; P1539; P1628; P1665; P1686; P1690,Eulji Medical Center; Gwangju Institute of Science and Technology; Korea Disease Control and Prevention Agency; Korea National Institute of Health; Samsung (South Korea); Samsung Electronics (South Korea); Seoul National University; Seoul National University Children's Hospital; Seoul National University Hospital; Sungkyunkwan University; Ulsan University Hospital; University of Ulsan,KR,yes,213,Korean Variant Archive (KOVA): a reference database of genetic variations in the Korean population,needs_review,Seoul National University,openalex_last_known,,,,,Seoul National University,KR,yes,no,yes,no,240,A_review_first,strong collaboration signal + academic affiliation + bio relevance,,,,,no,no,no,,0.82,"strong network signal, but no explicit professor title evidence",review
A5100438953,Hyun Soo Kim,73,46,P0028; P0030; P0057; P0075; P0079; P0123; P0246; P0249; P0250; P0275; P0306; P0326; P0337; P0384; P0403; P0484; P0498; P0518; P0531; P0550; P0597; P0868; P1054; P1102; P1113; P1119; P1124; P1174; P1210; P1223; P1249; P1304; P1373; P1398; P1478; P1522; P1531; P1626; P1628; P1631; P1633; P1644; P1656; P1657; P1665; P1685,Amorepacific (South Korea); Catholic Kwandong University; Chungnam National University; Dankook University; Ewha Womans University; Hongik University; Jeju National University; Jungwon University; Korea University; Kyung Hee University; Marine Biodiversity Institute of Korea; Pharmicell (South Korea); Samsung Biomedical Research Institute; Samsung Medical Center; Seoul National University; Severance Hospital; Soonchunhyang University; Sungkyunkwan University; University of Calgary; Wonju Severance Christian Hospital; Yonsei University; Yonsei University Health System; Yonsei University Mirae Campus,CA; KR,yes,208,Tissue engineered regeneration of completely transected spinal cord using human mesenchymal stem cells,needs_review,Kyung Hee University; Korea University Ansan Hospital,openalex_last_known,,,,,Kyung Hee University; Korea University Ansan Hospital,KR,yes,no,yes,no,240,A_review_first,strong collaboration signal + academic affiliation + bio relevance,,,,,no,no,no,,0.82,"strong network signal, but no explicit professor title evidence",review
A5100773895,So Yeon Park,70,46,P0021; P0040; P0057; P0064; P0075; P0079; P0091; P0123; P0162; P0337; P0405; P0409; P0414; P0623; P0631; P0691; P0707; P0754; P0903; P0907; P0991; P1000; P1141; P1142; P1177; P1178; P1182; P1189; P1199; P1225; P1346; P1360; P1406; P1510; P1634; P1638; P1642; P1652; P1657; P1661; P1681; P1682; P1685; P1687; P1689; P1691,CHA University; Catholic University of Korea; Cheil General Hospital and Women's Healthcare Center; Chungbuk National University; Dong-A University; Ewha Womans University; Ewha Womans University Medical Center; Hanyang University; Hanyang University Hospital for Rheumatic Disease; Hanyang University Seoul Hospital; Konkuk University; Konkuk University Medical Center; Korea Institute of Radiological and Medical Sciences; Korea Institute of Science and Technology; Korea Research Institute of Bioscience and Biotechnology; Korea University; Kyungpook National University; Kyungpook National University Hospital; LG (South Korea); National Cancer Center; SNUH SMG-SNU Boramae Medical Center; Samsung Medical Center; Seoul National University; Seoul National University Bundang Hospital; Seoul National University Hospital; Sungkyunkwan University; University of Ulsan; Wonju Severance Christian Hospital; Yonsei University; Yonsei University Health System; Yonsei University Mirae Campus,KR,yes,205,Decreased pyruvate kinase M2 activity linked to cisplatin resistance in human gastric carcinoma cell lines,needs_review,Seoul National University; Seoul National University Bundang Hospital,openalex_last_known,,,,,Seoul National University; Seoul National University Bundang Hospital,KR,yes,no,yes,no,240,A_review_first,strong collaboration signal + academic affiliation + bio relevance,,,,,no,no,no,,0.82,"strong network signal, but no explicit professor title evidence",review
A5100442175,Hyojin Park,68,46,P0027; P0201; P0258; P0315; P0326; P0330; P0346; P0364; P0365; P0384; P0428; P0464; P0482; P0521; P0802; P0914; P0920; P0995; P1027; P1059; P1110; P1175; P1180; P1181; P1184; P1214; P1238; P1247; P1294; P1346; P1406; P1433; P1436; P1439; P1459; P1467; P1475; P1481; P1493; P1575; P1617; P1627; P1640; P1643; P1669; P1703,CHA University; CHA University Gangnam Medical Center; CJ CheilJedang (South Korea); Center of Advanced European Studies and Research; Chosun University; Daegu Gyeongbuk Institute of Science and Technology; Ewha Womans University; Gangnam Severance Hospital; Green Cross (South Korea); Jeonbuk National University; Kangwon National University; Konkuk University; Konkuk University Medical Center; Korea Institute of Toxicology; Korea University; Korea University Guro Hospital; Kyungnam College of Information and Technology; Kyungpook National University; Kyungpook National University Hospital; Michigan State University; Pohang University of Science and Technology; Seoul National University; Yale University; Yeungnam University; Yonsei University; Yonsei University Health System,DE; KR; US,yes,203,Tumor-infiltrating regulatory T cells delineated by upregulation of PD-1 and inhibitory receptors,needs_review,Yonsei University; Kyungpook National University; Gangnam Severance Hospital; Gibbeum General Hospital,openalex_last_known,,,,,Yonsei University; Kyungpook National University; Gangnam Severance Hospital; Gibbeum General Hospital,KR,yes,no,yes,no,240,A_review_first,strong collaboration signal + academic affiliation + bio relevance,,,,,no,no,no,,0.82,"strong network signal, but no explicit professor title evidence",review
A5066161983,Se‐Hoon Lee,194,46,P0028; P0040; P0057; P0079; P0134; P0135; P0163; P0205; P0250; P0326; P0350; P0484; P0485; P0534; P0594; P0603; P0623; P0696; P0703; P0914; P0920; P0961; P1022; P1029; P1088; P1123; P1182; P1293; P1318; P1384; P1405; P1506; P1548; P1550; P1584; P1628; P1630; P1632; P1637; P1638; P1661; P1662; P1663; P1682; P1686; P1690,Dong-A University; Eulji Medical Center; Eulji University; Ewha Womans University; Gachon University; Genome and Company (South Korea); Inje University Haeundae Paik Hospital; Konkuk University; Konkuk University Medical Center; Korea Advanced Institute of Science and Technology; Korea Institute of Science & Technology Information; Korea Research Institute of Bioscience and Biotechnology; Korea University; Korea University Anam Hospital; Korea University Ansan Hospital; Samsung Medical Center; Seoul National University; Seoul National University Bundang Hospital; Seoul National University Hospital; Sunchon National University; Sungkyunkwan University; Ulsan National Institute of Science and Technology,KR,yes,329,Single-cell RNA sequencing demonstrates the molecular and cellular reprogramming of metastatic lung adenocarcinoma,needs_review,Samsung Medical Center; Sungkyunkwan University,openalex_last_known,,,,,Samsung Medical Center; Sungkyunkwan University,KR,yes,no,yes,no,240,A_review_first,strong collaboration signal + academic affiliation + bio relevance,,,,,no,no,no,,0.82,"strong network signal, but no explicit professor title evidence",review
A5101781254,Jin Soo Lee,120,46,P0012; P0030; P0075; P0099; P0205; P0370; P0379; P0444; P0532; P0560; P0639; P1201; P1244; P1248; P1253; P1256; P1265; P1273; P1417; P1463; P1464; P1466; P1469; P1475; P1507; P1515; P1628; P1632; P1636; P1638; P1640; P1642; P1653; P1657; P1661; P1662; P1666; P1667; P1676; P1678; P1681; P1698; P1716; P1721; P1724; P1726,Ajou University; Chungbuk National University; Chungbuk National University Hospital; DNA Link (South Korea); Dongwha Pharm (South Korea); Ewha Womans University; Genome Research Foundation; Gyeonggi Research Institute; Hallym University; Hanyang University; Harvard University; Inha University; Inha University Hospital; Insilicogen (South Korea); Korea Advanced Institute of Science and Technology; Korea Environment Corporation; Korea Institute of Toxicology; Korea National Institute of Health; Korea Research Institute of Chemical Technology; Korea University; Korea University Medical Center; Korea University of Science and Technology; Kosin University; Kyung Hee University; National Cancer Center; National Cancer Center Hospital; National Health Insurance Service; Seoul National University; The Catholic University of Korea Seoul St. Mary's Hospital; University of Ulsan; Yale University; Yonsei University,KR; US,yes,255,Association between screening and the thyroid cancer “epidemic” in South Korea: evidence from a nationwide study,needs_review,Hallym University; Inha University; Korea University; Korea University Medical Center; Hallym University Kangnam Sacred Heart Hospital; Inha University Hospital; Ajou University,openalex_last_known,,,,,Hallym University; Inha University; Korea University; Korea University Medical Center; Hallym University Kangnam Sacred Heart Hospital; Inha University Hospital; Ajou University,KR,yes,no,yes,no,240,A_review_first,strong collaboration signal + academic affiliation + bio relevance,,,,,no,no,no,,0.82,"strong network signal, but no explicit professor title evidence",review
A5074131405,Minho Shong,98,45,P0028; P0030; P0034; P0054; P0076; P0079; P0201; P0265; P0334; P0574; P0631; P0751; P0786; P0837; P0996; P1000; P1008; P1014; P1090; P1104; P1129; P1174; P1178; P1180; P1185; P1193; P1203; P1213; P1222; P1231; P1263; P1294; P1315; P1320; P1337; P1515; P1517; P1521; P1543; P1559; P1566; P1571; P1582; P1631; P1638,Albert Einstein College of Medicine; Catholic University of Korea; Chungnam National University; Chungnam National University Hospital; Friedrich Miescher Institute; Keimyung University; Korea Advanced Institute of Science and Technology; Korea Research Institute of Bioscience and Biotechnology; Korea Research Institute of Standards and Science; Korea University of Science and Technology; Kyungpook National University; Kyungpook National University Medical Center; Long Island Jewish Medical Center; National Institutes of Health; Saitama Medical University; Stanford Diabetes Research Center; Stanford Medicine; Stanford University; University of Science and Technology; University of Ulsan,CH; JP; KR; US; YE,yes,230,Single Cell Analysis of Human Thyroid Reveals the Transcriptional Signatures of Aging,needs_review,Korea Advanced Institute of Science and Technology; Chungnam National University,openalex_last_known,,,,,Korea Advanced Institute of Science and Technology; Chungnam National University,KR,yes,no,yes,no,235,A_review_first,strong collaboration signal + academic affiliation + bio relevance,,,,,no,no,no,,0.82,"strong network signal, but no explicit professor title evidence",review
A5024676627,Sun Young Rha,194,45,P0007; P0028; P0040; P0058; P0104; P0250; P0253; P0350; P0378; P0453; P0503; P0594; P0603; P0722; P0738; P0740; P0914; P0922; P0998; P1113; P1153; P1184; P1223; P1231; P1398; P1461; P1568; P1625; P1628; P1630; P1631; P1633; P1634; P1638; P1639; P1643; P1646; P1661; P1664; P1669; P1671; P1672; P1679; P1685; P1690,Ajou University; Catholic University of Korea; Eulji University; Korean Cancer Study Group; National Cancer Center; Severance Hospital; Yonsei Cancer Hospital; Yonsei University; Yonsei University Health System,KR,yes,326,Fibroblast Growth Factor Receptor 1 Gene Amplification Is Associated With Poor Survival and Cigarette Smoking Dosage in Patients With Resected Squamous Cell Lung Cancer,needs_review,Yonsei University; Severance Hospital; Yonsei University Health System; Yonsei Cancer Hospital,openalex_last_known,,,,,Yonsei University; Severance Hospital; Yonsei University Health System; Yonsei Cancer Hospital,KR,yes,no,yes,no,235,A_review_first,strong collaboration signal + academic affiliation + bio relevance,,,,,no,no,no,,0.82,"strong network signal, but no explicit professor title evidence",review
A5069050806,Seock‐Ah Im,257,44,P0028; P0040; P0057; P0075; P0079; P0114; P0115; P0253; P0337; P0350; P0354; P0355; P0384; P0393; P0414; P0428; P0449; P0456; P0498; P0588; P0594; P0605; P0696; P0774; P0998; P1123; P1174; P1182; P1423; P1459; P1625; P1629; P1630; P1633; P1634; P1646; P1655; P1657; P1660; P1661; P1663; P1671; P1673; P1682,"Ajou University; Asan Medical Center; Chung-Ang University; Chung-Ang University Healthcare System; Ewha Womans University; Fudan University Shanghai Cancer Center; Hospital Clínic de Barcelona; Inserm; Institut Curie; Japanese Foundation For Cancer Research; Kanagawa Cancer Center; Korean Cancer Study Group; Kyungpook National University; Kyungpook National University Chilgok Hospital; Massachusetts General Hospital; Memorial Sloan Kettering Cancer Center; National Cancer Center; National Cancer Centre Singapore; SHOWA Medical University; SNUH SMG-SNU Boramae Medical Center; Samsung Medical Center; Seoul National University; Seoul National University Bundang Hospital; Seoul National University Cancer Hospital; Seoul National University Hospital; Seoul National University Hospital Biomedical Research Institute; Shanghai Medical College of Fudan University; Soonchunhyang University; Sungkyunkwan University; The Cancer Institute Hospital; Third Affiliated Hospital of Harbin Medical University; UCLA Jonsson Comprehensive Cancer Center; University of California, Los Angeles; University of Ulsan; Université Paris Cité; Université de Montpellier; Vall d'Hebron Institute of Oncology; Yonsei University; Yonsei University Health System",CN; ES; FR; JP; KR; SG; US,yes,386,"Palbociclib plus exemestane with gonadotropin-releasing hormone agonist versus capecitabine in premenopausal women with hormone receptor-positive, HER2-negative metastatic breast cancer (KCSG-BR15-10): a multicentre, open-label, randomised, phase 2 trial",needs_review,Seoul National University; Seoul National University Hospital,openalex_last_known,,,,,Seoul National University; Seoul National University Hospital,KR,yes,no,yes,no,230,A_review_first,strong collaboration signal + academic affiliation + bio relevance,,,,,no,no,no,,0.82,"strong network signal, but no explicit professor title evidence",review
A5076096527,Sang‐Yoon Park,179,44,P0329; P0337; P0342; P0484; P0492; P0802; P1167; P1181; P1185; P1202; P1208; P1211; P1405; P1444; P1515; P1534; P1571; P1625; P1626; P1628; P1629; P1633; P1639; P1641; P1642; P1643; P1644; P1648; P1650; P1651; P1652; P1655; P1657; P1659; P1660; P1661; P1662; P1667; P1671; P1672; P1676; P1679; P1683; P1742,Arcagy Gineco; Asan Medical Center; BC Cancer Agency; CHA University; CHA University Gangnam Medical Center; Cabrini Hospital; Cancer Hospital of Chinese Academy of Medical Sciences; Centre Léon Bérard; Chinese Academy of Medical Sciences & Peking Union Medical College; Chungbuk National University; Creighton University; Dongguk University Ilsan Hospital; Fondation Gustave Roussy; Hallym University; Hallym University Sacred Heart Hospital; Inje University Busan Paik Hospital; Institut Gustave Roussy; Institute of Cancer Research; International Atomic Energy Agency; Istituto Oncologico della Svizzera Italiana; Jikei University School of Medicine; Kangdong Sacred Heart Hospital; Korea Research Institute of Bioscience and Biotechnology; Korea University Anam Hospital; Korea University Guro Hospital; Kyung Hee University; Kyung Hee University Korean Medicine Hospital; Lyon 1 Université; National Cancer Center; National Cancer Center Hospital; National Cancer Centre Japan; Ospedale San Giovanni Bellinzona; Pfizer (United States); Poznan University of Medical Sciences; Princess Margaret Cancer Centre; Royal Marsden NHS Foundation Trust; Saitama International Medical Center; Saitama Medical University; Samsung Medical Center; Seoul National University; Seoul National University Dental Hospital; Severance Hospital; Sungkyunkwan University; The US Oncology Network; University College London; University of Arizona; University of Ulsan; Willamette Valley Cancer Institute and Research Center; Yonsei University; Yonsei University Health System,AT; AU; CA; CH; CN; FR; GB; JP; KR; PL; US,yes,308,Trends in cervical cancer mortality in korea 1993–2002: Corrected mortality using national death certification data and national cancer incidence data,needs_review,Hallym University; National Cancer Center; Hallym University Sacred Heart Hospital; Hallym University Medical Center,openalex_last_known,,,,,Hallym University; National Cancer Center; Hallym University Sacred Heart Hospital; Hallym University Medical Center,KR; US,yes,no,yes,no,230,A_review_first,strong collaboration signal + academic affiliation + bio relevance,,,,,no,no,no,,0.82,"strong network signal, but no explicit professor title evidence",review
A5044181109,Eun Hye Lee,78,44,P0021; P0102; P0230; P0325; P0346; P0364; P0409; P0464; P0878; P0907; P0927; P0985; P1010; P1128; P1141; P1163; P1174; P1189; P1242; P1247; P1257; P1304; P1307; P1312; P1378; P1402; P1418; P1444; P1473; P1515; P1522; P1525; P1528; P1532; P1551; P1566; P1584; P1645; P1662; P1664; P1665; P1670; P1676; P1749,AnyGen (South Korea); CHA University; Catholic University of Korea; Center for Cancer Research; Chonnam National University; Chungnam National University; Gwangju Institute of Science and Technology; Hanyang University; Kangwon National University; Keele University; Konkuk University; Korea Basic Science Institute; Korea University; Kyungpook National University; Kyungpook National University Hospital; Kyungpook National University Medical Center; National Cancer Center; National Cancer Center Hospital; National Cancer Institute; National Fisheries Research and Development Institute; National Institute of Fisheries Science; National Institutes of Health; Samsung Medical Center; Seoul National University; Seoul National University Bundang Hospital; Severance Hospital; Soonchunhyang University; Soonchunhyang University Hospital Bucheon; Sungkyunkwan University; Yonsei University; Yonsei University Health System,GB; KR; PH; US,yes,207,Effect of Digital Mammography for Breast Cancer Screening: A Comparative Study of More than 8 Million Korean Women,needs_review,Sahmyook University,openalex_last_known,,,,,Sahmyook University,KR,yes,no,yes,yes,227,A_review_first,strong collaboration signal + academic affiliation + bio relevance,,,,,no,no,no,,0.5,manual review needed,review
A5086899824,Sung Ho Ryu,233,43,P0011; P0023; P0030; P0040; P0041; P0042; P0090; P0100; P0153; P0213; P0252; P0272; P0560; P0562; P0711; P0751; P0837; P0843; P1002; P1014; P1059; P1178; P1181; P1184; P1213; P1215; P1243; P1260; P1294; P1296; P1308; P1313; P1335; P1343; P1354; P1356; P1363; P1367; P1373; P1492; P1510; P1517; P1665,"Chungnam National University; Dankook University; Dong-A University; Duksung Women's University; Frederick National Laboratory for Cancer Research; Konkuk University; Korea Basic Science Institute; Korea Research Institute of Bioscience and Biotechnology; National Cancer Institute; National Heart, Lung, and Blood Institute; National Heart, Lung, and Blood Institute Division of Intramural Research; National Institutes of Health; Pohang University of Science and Technology; Seoul National University; Sungkyunkwan University; University of Nottingham",GB; KR; US,yes,359,Intestinal Epithelial Cell-Specific Deletion of PLD2 Alleviates DSS-Induced Colitis by Regulating Occludin,needs_review,Pohang University of Science and Technology,openalex_last_known,,,,,Pohang University of Science and Technology,KR,yes,no,yes,no,225,A_review_first,strong collaboration signal + academic affiliation + bio relevance,,,,,no,no,no,,0.82,"strong network signal, but no explicit professor title evidence",review
A5079274190,Jungnam Joo,151,43,P0205; P1174; P1231; P1398; P1413; P1628; P1629; P1632; P1633; P1636; P1637; P1638; P1639; P1640; P1641; P1642; P1643; P1644; P1646; P1647; P1648; P1650; P1652; P1654; P1655; P1656; P1657; P1659; P1660; P1661; P1663; P1669; P1671; P1672; P1673; P1676; P1678; P1679; P1680; P1681; P1683; P1690; P1711,"European Society of Gastrointestinal Endoscopy; National Cancer Center; National Cancer Center Hospital; National Heart, Lung, and Blood Institute; National Institutes of Health",DE; KR; US,yes,277,Prognostic Implications of Multiplex Detection of KRAS Mutations in Cell-Free DNA from Patients with Pancreatic Ductal Adenocarcinoma,needs_review,"National Institutes of Health; National Heart, Lung, and Blood Institute; National Cancer Center",openalex_last_known,,,,,"National Institutes of Health; National Heart, Lung, and Blood Institute; National Cancer Center",KR; US,yes,no,yes,no,225,A_review_first,strong collaboration signal + academic affiliation + bio relevance,,,,,no,no,no,,0.82,"strong network signal, but no explicit professor title evidence",review
A5100643662,Taesung Park,124,43,P0028; P0040; P0043; P0057; P0078; P0100; P0105; P0201; P0205; P0231; P0240; P0249; P0337; P0463; P0484; P0493; P0503; P0560; P0766; P0792; P0795; P1069; P1159; P1293; P1366; P1506; P1522; P1536; P1539; P1628; P1638; P1648; P1650; P1669; P1673; P1684; P1688; P1690; P1695; P1702; P1708; P1710; P1731,Ewha Womans University; Ewha Womans University Medical Center; Ewha Womans University Seoul Hospital; Iowa State University; Korean Institute of Footwear and Leather Technology; National Institute of Horticultural and Herbal Science; Seoul National University; Sookmyung Women's University; Soongsil University; The University of Texas MD Anderson Cancer Center; Yonsei University; Yonsei University Health System,KR; US,yes,250,Identification of Novel Reference Genes Using Multiplatform Expression Data and Their Validation for Quantitative Gene Expression Analysis,needs_review,Seoul National University,openalex_last_known,,,,,Seoul National University,KR,yes,no,yes,no,225,A_review_first,strong collaboration signal + academic affiliation + bio relevance,,,,,no,no,no,,0.82,"strong network signal, but no explicit professor title evidence",review
A5100697610,In‐Kyu Lee,107,43,P0028; P0030; P0042; P0083; P0086; P0138; P0201; P0265; P0286; P0317; P0361; P0492; P0511; P0669; P0753; P0786; P0837; P0958; P1128; P1138; P1180; P1185; P1242; P1257; P1258; P1294; P1324; P1343; P1357; P1379; P1387; P1392; P1405; P1423; P1436; P1507; P1515; P1518; P1519; P1521; P1570; P1571; P1650,Chonnam National University; Chonnam National University Hospital; Chungnam National University; Cincinnati Children's Hospital Medical Center; Daegu Catholic University; Gunma University; Indiana University School of Medicine; Inha University; Keimyung University; Korea Research Institute of Bioscience and Biotechnology; Korea Research Institute of Standards and Science; Korea University; Kyungpook National University; Kyungpook National University Hospital; Kyungpook National University Medical Center; Pohang University of Science and Technology; Richard L. Roudebush VA Medical Center; Saitama Medical University; Seoul National University; The University of Osaka; Tokushima University; Ulsan College; United Arab Emirates University; University of Ulsan; Yeungnam University,AE; JP; KR; US,yes,233,Noncanonical PDK4 action alters mitochondrial dynamics to affect the cellular respiratory status,needs_review,Kyungpook National University Hospital; Kyungpook National University; The Catholic University of Korea Seoul St. Mary's Hospital; Catholic University of Korea,openalex_last_known,,,,,Kyungpook National University Hospital; Kyungpook National University; The Catholic University of Korea Seoul St. Mary's Hospital; Catholic University of Korea,KR,yes,no,yes,no,225,A_review_first,strong collaboration signal + academic affiliation + bio relevance,,,,,no,no,no,,0.82,"strong network signal, but no explicit professor title evidence",review
A5009151086,Boram Park,96,42,P0187; P0342; P0445; P0484; P0722; P0991; P1425; P1628; P1629; P1633; P1636; P1638; P1639; P1640; P1641; P1642; P1643; P1644; P1646; P1647; P1648; P1650; P1652; P1654; P1655; P1656; P1657; P1659; P1660; P1661; P1662; P1663; P1667; P1669; P1671; P1672; P1673; P1676; P1679; P1680; P1681; P1683,Chungnam National University; Inha University; Kyungwoon University; National Cancer Center; National Cancer Center Hospital; Research Institute for Future Medicine; Samsung Medical Center; Severance Hospital; Sungkyunkwan University,KR,yes,219,Effect of endoscopy screening on stage at gastric cancer diagnosis: results of the National Cancer Screening Programme in Korea,needs_review,Inha University; Samsung Medical Center,openalex_last_known,,,,,Inha University; Samsung Medical Center,KR,yes,no,yes,no,220,A_review_first,strong collaboration signal + academic affiliation + bio relevance,,,,,no,no,no,,0.82,"strong network signal, but no explicit professor title evidence",review
A5100757543,Soo Hyun Lee,96,42,P0006; P0013; P0016; P0028; P0040; P0058; P0079; P0086; P0250; P0253; P0349; P0389; P0394; P0456; P0482; P0487; P0601; P0603; P0631; P0707; P0998; P1130; P1131; P1149; P1172; P1331; P1632; P1634; P1636; P1642; P1646; P1649; P1661; P1662; P1667; P1671; P1676; P1677; P1681; P1682; P1685; P1690,Asan Medical Center; CHA University; Chonnam National University; Chonnam National University Hwasun Hospital; Chung-Ang University; Chungbuk National University; Chungbuk National University Hospital; Chungnam National University; Daegu Fatima Hospital; Dankook University; Dankook University Hospital; Dong-A University; Dong-A University Hospital; ETH Zurich; Ewha Womans University; Institute of Pharmaceutical Sciences; Kongju National University; Korea Advanced Institute of Science and Technology; Korea Institute of Science and Technology; Korea University; Korea University Anam Hospital; Korea University Medical Center; Kyung Hee University; National Cancer Center; National Cancer Center Hospital; Pfizer (South Korea); Samsung Medical Center; Seoul National University; Seoul National University Bundang Hospital; Seoul National University Hospital; Severance Hospital; Soonchunhyang University; Stanford University; Sungkyunkwan University; The University of Texas MD Anderson Cancer Center; University of Ulsan; University of Utah; Yonsei Cancer Hospital; Yonsei University; Yonsei University Health System,CH; JP; KR; US,yes,219,Multi-omics profiling of younger Asian breast cancers reveals distinctive molecular signatures,needs_review,Korea University; Korea University Medical Center; Kyung Hee University; Union Hospital; Korea University Anam Hospital; Dong-A University; Stanford University,openalex_last_known,,,,,Korea University; Korea University Medical Center; Kyung Hee University; Union Hospital; Korea University Anam Hospital; Dong-A University; Stanford University,KR; US,yes,no,yes,no,220,A_review_first,strong collaboration signal + academic affiliation + bio relevance,,,,,no,no,no,,0.82,"strong network signal, but no explicit professor title evidence",review
A5012791367,Inpyo Choi,90,42,P0011; P0102; P0135; P0355; P0489; P0493; P0539; P0568; P0670; P0707; P0914; P1000; P1002; P1125; P1174; P1177; P1178; P1179; P1185; P1187; P1190; P1191; P1196; P1202; P1203; P1208; P1211; P1222; P1225; P1248; P1251; P1354; P1492; P1507; P1510; P1517; P1518; P1519; P1524; P1526; P1551; P1574,Chungnam National University; Korea Advanced Institute of Science and Technology; Korea Institute of Science and Technology; Korea Research Institute of Bioscience and Biotechnology; Korea University of Science and Technology; Sookmyung Women's University,KR,yes,213,MicroRNA-150 modulates intracellular Ca 2+ levels in naïve CD8+ T cells by targeting TMEM20,needs_review,Chungnam National University; Korea Advanced Institute of Science and Technology; Korea Institute of Science and Technology; Korea Research Institute of Bioscience and Biotechnology; Korea University of Science and Technology; Sookmyung Women's University,authorship_history,,,,,,,yes,no,yes,no,220,A_review_first,strong collaboration signal + academic affiliation + bio relevance,,,,,no,no,no,,0.82,"strong network signal, but no explicit professor title evidence",review
A5100700083,Joo Young Lee,87,42,P0142; P0209; P0238; P0404; P0560; P0562; P0576; P0669; P0689; P0691; P0987; P1000; P1133; P1143; P1153; P1157; P1176; P1177; P1205; P1210; P1253; P1301; P1307; P1335; P1385; P1400; P1408; P1412; P1425; P1427; P1508; P1515; P1549; P1563; P1566; P1572; P1584; P1621; P1626; P1631; P1667; P1752,Anyang University; Catholic University of Korea; Chungnam National University; Ewha Womans University; Gangneung–Wonju National University; Gwangju Institute of Science and Technology; Korea Food Research Institute; Korea Institute of Oriental Medicine; Korea Institute of Science and Technology; Korean Association Of Science and Technology Studies; National Medical Center; Seoul National University; Sungkyunkwan University; Ulsan National Institute of Science and Technology,CN; KR,yes,210,Fargesin Inhibits EGF-Induced Cell Transformation and Colon Cancer Cell Growth by Suppression of CDK2/Cyclin E Signaling Pathway,needs_review,Pusan National University Yangsan Hospital; Pusan National University Children's Hospital; Pusan National University; Catholic University of Korea,openalex_last_known,,,,,Pusan National University Yangsan Hospital; Pusan National University Children's Hospital; Pusan National University; Catholic University of Korea,KR,yes,no,yes,no,220,A_review_first,strong collaboration signal + academic affiliation + bio relevance,,,,,no,no,no,,0.82,"strong network signal, but no explicit professor title evidence",review
A5007610160,Jin Tae Hong,417,42,P0060; P0107; P0254; P0284; P0331; P0409; P0486; P0488; P0493; P0506; P0540; P0704; P0830; P0880; P0968; P0970; P0977; P0995; P0996; P0997; P0999; P1000; P1069; P1098; P1122; P1170; P1178; P1181; P1191; P1206; P1208; P1211; P1228; P1263; P1407; P1409; P1527; P1534; P1537; P1567; P1631; P1665,CJ CheilJedang (South Korea); Catholic University of Korea; Chonnam National University; Chungbuk National University; Dongguk University; Konkuk University; Korea Research Institute of Bioscience and Biotechnology; Ministry of Food and Drug Safety; Seoul Medical Center; Soonchunhyang University; The Catholic University of Korea Daejeon St. Mary's Hospital; University of Kentucky,KR; US,yes,540,Dissolving Candlelit Microneedle for Chronic Inflammatory Skin Diseases,needs_review,CJ CheilJedang (South Korea); Chungbuk National University,openalex_last_known,,,,,CJ CheilJedang (South Korea); Chungbuk National University,KR,yes,no,yes,no,220,A_review_first,strong collaboration signal + academic affiliation + bio relevance,,,,,no,no,no,,0.82,"strong network signal, but no explicit professor title evidence",review
A5008942832,Yangsoo Jang,407,42,P0007; P0030; P0100; P0107; P0214; P0319; P0333; P0361; P0434; P0446; P0447; P0462; P0471; P0481; P0527; P0541; P0580; P0641; P0722; P0920; P0926; P1114; P1119; P1131; P1136; P1140; P1175; P1184; P1301; P1484; P1515; P1538; P1626; P1628; P1635; P1685; P1686; P1695; P1702; P1708; P1731; P1739,Asan Medical Center; CHA University; CHA University Bundang Medical Center; CHA University Gangnam Medical Center; Cardiovascular Institute Hospital; Cardiovascular Research Foundation; Catholic Kwandong University; Chung-Ang University; Chung-Ang University Healthcare System; Columbia University Irving Medical Center; Ewha Womans University; Ewha Womans University Medical Center; Ewha Womans University Mokdong Hospital; Gachon University Gil Medical Center; Gangnam Severance Hospital; IRCCS Ospedale San Raffaele; Keimyung University; Kokura Memorial Hospital; Korea University; Korea University Guro Hospital; Korea University Medical Center; Korean Society of Cardiology; Kyungpook National University Hospital; Kyungpook National University Medical Center; National Health Insurance Service Ilsan Hospital; NewYork–Presbyterian Hospital; Samsung Biomedical Research Institute; Samsung Medical Center; Sejong General Hospital; Sejong University; Seoul National University; Seoul National University Hospital; Severance Hospital; Soonchunhyang University; Soonchunhyang University Hospital Cheonan; Sungkyunkwan University; The Catholic University of Korea Bucheon St. Mary's Hospital; University Hospital of Bern; University of Bologna; University of Ulsan; Wonkwang University; Wonkwang University Sanbon Hospital; Yonsei University; Yonsei University Health System,CH; IT; JP; KR; US,yes,530,Genetic variation at the perilipin locus is associated with changes in serum free fatty acids and abdominal fat following mild weight loss,needs_review,Yonsei University; Severance Hospital; CHA University Bundang Medical Center; CHA University; Yonsei University Health System; CHA University Gangnam Medical Center,openalex_last_known,,,,,Yonsei University; Severance Hospital; CHA University Bundang Medical Center; CHA University; Yonsei University Health System; CHA University Gangnam Medical Center,KR,yes,no,yes,no,220,A_review_first,strong collaboration signal + academic affiliation + bio relevance,,,,,no,no,no,,0.82,"strong network signal, but no explicit professor title evidence",review
A5101652402,Eun Sook Lee,141,42,P0205; P0288; P0354; P0394; P0453; P0588; P0698; P0711; P0764; P1113; P1124; P1169; P1184; P1215; P1223; P1628; P1629; P1632; P1633; P1636; P1638; P1642; P1643; P1644; P1646; P1650; P1652; P1657; P1659; P1660; P1661; P1662; P1663; P1665; P1667; P1671; P1676; P1679; P1681; P1684; P1719; P1754,Asan Medical Center; Dongguk University; Inha University; Inje University Ilsan Paik Hospital; Korea Research Institute of Bioscience and Biotechnology; Korea University; Korea University Anam Hospital; National Cancer Center; National Cancer Center Hospital; Samsung Medical Center; Seoul National University; Seoul National University Bundang Hospital; Seoul National University Cancer Hospital; Seoul National University Hospital; Sungkyunkwan University; University of Ulsan; Yonsei University; Yonsei University Health System,KR; US,yes,264,Incidence of Diabetes After Cancer Development,needs_review,Korea National University of Transportation,openalex_last_known,,,,,Korea National University of Transportation,KR,yes,no,yes,no,220,A_review_first,strong collaboration signal + academic affiliation + bio relevance,,,,,no,no,no,,0.82,"strong network signal, but no explicit professor title evidence",review
A5100704613,Yong‐Jae Kim,131,42,P0040; P0240; P0267; P0281; P0297; P0325; P0379; P0413; P0416; P0428; P0447; P0471; P0532; P0544; P0587; P0619; P0636; P0959; P1123; P1137; P1146; P1152; P1173; P1177; P1208; P1225; P1247; P1296; P1403; P1461; P1497; P1502; P1506; P1507; P1555; P1575; P1576; P1596; P1608; P1615; P1645; P1710,Asan Medical Center; Catholic University of Korea; Daiichi-Sankyo (South Korea); Dankook University; Enzychem Lifesciences Corporation (South Korea); Eunpyeong Hospital; Ewha Womans University; Ewha Womans University Medical Center; Ewha Womans University Mokdong Hospital; Ewha Womans University Seoul Hospital; Hallym University; Hallym University Sacred Heart Hospital; Kaya University; Konkuk University; Korea Institute of Science and Technology; Korea Institute of Toxicology; Korea Research Institute of Bioscience and Biotechnology; Korea University; Korea University Ansan Hospital; Samsung Biomedical Research Institute; Samsung Display (South Korea); Samsung Medical Center; Seoul National University; Soonchunhyang University; Soonchunhyang University Hospital Seoul; Sungkyunkwan University; The Catholic University of Korea Eunpyeong St. Mary's Hospital; University of Ulsan; Yonsei University; Yonsei University Health System,KR,yes,254,Clinical significance of CD151 overexpression in subtypes of invasive breast cancer,needs_review,Hallym University; Kangdong Sacred Heart Hospital; Catholic University of Korea; Dankook University,openalex_last_known,,,,,Hallym University; Kangdong Sacred Heart Hospital; Catholic University of Korea; Dankook University,KR,yes,no,yes,no,220,A_review_first,strong collaboration signal + academic affiliation + bio relevance,,,,,no,no,no,,0.82,"strong network signal, but no explicit professor title evidence",review
A5100387017,Tae‐Hun Kim,165,41,P0030; P0069; P0334; P0384; P0409; P0428; P0445; P0542; P0574; P0612; P0632; P0978; P1022; P1098; P1115; P1129; P1146; P1170; P1397; P1398; P1404; P1405; P1411; P1414; P1415; P1420; P1421; P1423; P1426; P1432; P1435; P1437; P1439; P1442; P1443; P1447; P1454; P1585; P1621; P1647; P1652,CHA University; CHA University Bundang Medical Center; Catholic University of Korea; Convergence Research Center for Diagnosis Treatment and Care System of Dementia; Dankook University; Ewha Womans University; Ewha Womans University Medical Center; Ewha Womans University Mokdong Hospital; Ewha Womans University Seoul Hospital; Gachon University; Korea Institute of Oriental Medicine; Korea Institute of Radiological and Medical Sciences; Korea Institute of Science and Technology; Korea University of Science and Technology; Kyung Hee University; Kyung Hee University Korean Medicine Hospital; Kyung Hee University Medical Center; Mokhuri Oriental Medicine Hospital; National Institute of Animal Science; Rural Development Administration; Semyung University; Yonsei University,KR,yes,285,Synchronous Double Primary Cancers of Lung and Liver,needs_review,Kyung Hee University; Kyung Hee University Korean Medicine Hospital,openalex_last_known,,,,,Kyung Hee University; Kyung Hee University Korean Medicine Hospital,KR,yes,no,yes,no,215,A_review_first,strong collaboration signal + academic affiliation + bio relevance,,,,,no,no,no,,0.82,"strong network signal, but no explicit professor title evidence",review
A5052433739,Hyung Sik Kim,143,41,P0031; P0042; P0090; P0137; P0142; P0174; P0204; P0260; P0286; P0536; P0560; P0563; P0685; P0689; P0702; P0703; P0763; P0807; P0999; P1053; P1064; P1115; P1169; P1172; P1181; P1261; P1289; P1293; P1307; P1321; P1358; P1363; P1377; P1390; P1397; P1410; P1506; P1519; P1530; P1628; P1665,Assiut University; Changwon National University; Chungbuk National University; Daegu Catholic University; Dankook University; Gachon University; Gachon University Gil Medical Center; Huons (South Korea); Inha University; Korea Brain Research Institute; Kyung Hee University; Ministry of Food and Drug Safety; Nagasaki University; Prince of Songkla University; Pusan National University; Sunchon National University; Sungkyunkwan University; University of Warsaw; Yonsei University; Yonsei University Health System,EG; JP; KR; PL; TH,yes,263,"Amurensin G, a Potent Natural SIRT1 Inhibitor, Rescues Doxorubicin Responsiveness via Down-Regulation of Multidrug Resistance 1",needs_review,Sungkyunkwan University,openalex_last_known,,,,,Sungkyunkwan University,KR,yes,no,yes,no,215,A_review_first,strong collaboration signal + academic affiliation + bio relevance,,,,,no,no,no,,0.82,"strong network signal, but no explicit professor title evidence",review
A5038114229,Dae‐Sik Lim,84,40,P0007; P0028; P0033; P0063; P0102; P0471; P0536; P0631; P0751; P0753; P0774; P0786; P0907; P1003; P1014; P1125; P1129; P1174; P1176; P1185; P1190; P1213; P1221; P1263; P1294; P1299; P1308; P1315; P1320; P1337; P1357; P1515; P1522; P1525; P1532; P1551; P1571; P1642; P1663; P1665,Brandeis University; Department of Biological Sciences; Emory University; Korea Advanced Institute of Science and Technology; Korea Basic Science Institute; National Human Genome Research Institute; National Institutes of Health; RIKEN BioResource Research Center; Seoul National University; Sungkyunkwan University; University of Illinois Chicago; Washington University in St. Louis,JP; KR; RU; US,yes,201,Hippo-mediated suppression of IRS2/AKT signaling prevents hepatic steatosis and liver cancer,needs_review,Korea Advanced Institute of Science and Technology,openalex_last_known,,,,,Korea Advanced Institute of Science and Technology,KR,yes,no,yes,no,210,A_review_first,strong collaboration signal + academic affiliation + bio relevance,,,,,no,no,no,,0.82,"strong network signal, but no explicit professor title evidence",review
A5100616675,Sang Yup Lee,236,40,P0115; P0140; P0205; P0228; P0234; P0245; P0338; P0431; P0469; P0475; P0548; P0550; P0726; P0808; P0829; P0830; P0831; P0836; P1102; P1117; P1126; P1137; P1173; P1184; P1185; P1200; P1212; P1275; P1298; P1348; P1507; P1516; P1517; P1518; P1554; P1555; P1598; P1627; P1744; P1753,Chung-Ang University; Gwangju Institute of Science and Technology; Hanyang University; Intelligent Synthetic Biology Center; Korea Advanced Institute of Science and Technology; Korea Basic Science Institute; Korea Institute of Science and Technology; Korea Research Institute of Bioscience and Biotechnology; Korea Research Institute of Chemical Technology; Korea University; Korean Association Of Science and Technology Studies; Kwangwoon University; Kyung Hee University; Myongji University; National NanoFab Center; Novo Nordisk Foundation; Sogang University; Technical University of Denmark; Ulsan National Institute of Science and Technology; Yonsei University,DK; KR,yes,353,Parameter estimation and dynamic control analysis of central carbon metabolism in Escherichia coli,needs_review,Korea Advanced Institute of Science and Technology; Technical University of Denmark,openalex_last_known,,,,,Korea Advanced Institute of Science and Technology; Technical University of Denmark,DK; KR,yes,no,yes,no,210,A_review_first,strong collaboration signal + academic affiliation + bio relevance,,,,,no,no,no,,0.82,"strong network signal, but no explicit professor title evidence",review
A5100318692,Juneyoung Lee,221,40,P0007; P0028; P0030; P0114; P0281; P0354; P0379; P0380; P0511; P0532; P0535; P0883; P0977; P1000; P1069; P1087; P1110; P1115; P1116; P1117; P1179; P1198; P1238; P1272; P1302; P1305; P1507; P1550; P1565; P1588; P1594; P1635; P1641; P1645; P1651; P1679; P1686; P1687; P1691; P1714,"Ajou University; Asan Medical Center; Catholic University of Korea; Chonnam National University; Chonnam National University Hospital; Chungbuk National University; Chungbuk National University Hospital; Daejeon Eulji Medical Center, Eulji University; Dong-A University Hospital; Dongguk University; Dongguk University Ilsan Hospital; Eulji Medical Center; Eulji University; Eulji University Nowon Eulji Medical Center; Hallym University; Hallym University Dongtan Sacred Heart Hospital; Hallym University Sacred Heart Hospital; Health Insurance Review and Assessment Service; Inje University; Inje University Ilsan Paik Hospital; Institute for Basic Science; Kangdong Sacred Heart Hospital; Konkuk University; Konyang University; Korea Food Research Institute; Korea Institute of Toxicology; Korea University; Korea University Anam Hospital; Korea University Ansan Hospital; Korea University Medical Center; Korean Diabetes Association; Kyungpook National University; Kyungpook National University Hospital; Kyungpook National University Medical Center; National Cancer Center; National Health Insurance Service Ilsan Hospital; Pfizer (South Korea); Pohang University of Science and Technology; SNUH SMG-SNU Boramae Medical Center; Samsung (South Korea); Samsung Electronics (South Korea); Samsung Medical Center; Seoul Medical Center; Seoul National University; Seoul National University Bundang Hospital; Seoul National University Hospital; Soonchunhyang University; Soonchunhyang University Hospital Seoul; Soonchunhyang University Medical Center; St. Michael's Hospital; Sungkyunkwan University; The Catholic University of Korea Seoul St. Mary's Hospital; The University of Texas MD Anderson Cancer Center; Ulsan University Hospital; University of Calgary; University of California, Los Angeles; University of Toronto; University of Ulsan; University of Wisconsin–Madison; Yeungnam University; Yeungnam University College; Yeungnam University Medical Center",CA; JP; KR; US,yes,338,Fully Automated Circulating Tumor Cell Isolation Platform with Large-Volume Capacity Based on Lab-on-a-Disc,needs_review,Korea University; Soonchunhyang University; Soonchunhyang University Hospital Seoul; Asan Medical Center; University of Ulsan; National Health Insurance Service Ilsan Hospital; Yeungnam University Medical Center; Yeungnam University,openalex_last_known,,,,,Korea University; Soonchunhyang University; Soonchunhyang University Hospital Seoul; Asan Medical Center; University of Ulsan; National Health Insurance Service Ilsan Hospital; Yeungnam University Medical Center; Yeungnam University,KR,yes,no,yes,no,210,A_review_first,strong collaboration signal + academic affiliation + bio relevance,,,,,no,no,no,,0.82,"strong network signal, but no explicit professor title evidence",review
A5100360863,Min Jung Kim,118,40,P0028; P0040; P0057; P0064; P0100; P0115; P0253; P0350; P0404; P0514; P0631; P0643; P0698; P0811; P0858; P0997; P1021; P1101; P1233; P1315; P1477; P1567; P1568; P1573; P1574; P1576; P1583; P1585; P1587; P1591; P1597; P1614; P1624; P1630; P1644; P1656; P1657; P1659; P1660; P1661,Catholic University of Korea; European Society of Gastrointestinal Endoscopy; Gangnam Severance Hospital; Gwangju Institute of Science and Technology; Hallym University; Handong Global University; International Vaccine Institute; Korea Food Research Institute; Korea University; Korea University Medical Center; Korea University of Science and Technology; Kyungpook National University; Kyungpook National University Medical Center; National Cancer Center; National Cancer Center Hospital; SNUH SMG-SNU Boramae Medical Center; Seoul Metropolitan Government; Seoul National University; Seoul National University Bundang Hospital; Seoul National University Cancer Hospital; Seoul National University Children's Hospital; Seoul National University Hospital; Severance Hospital; The Catholic University of Korea Incheon St. Mary's Hospital; Yeungnam University Medical Center; Yongin Severance Hospital; Yonsei University; Yonsei University Health System,DE; JP; KR,yes,235,Multifocal Organoid Capturing of Colon Cancer Reveals Pervasive Intratumoral Heterogenous Drug Responses,needs_review,Seoul National University; Korea University; Dongguk University; Seoul National University Hospital,openalex_last_known,,,,,Seoul National University; Korea University; Dongguk University; Seoul National University Hospital,KR,yes,no,yes,no,210,A_review_first,strong collaboration signal + academic affiliation + bio relevance,,,,,no,no,no,,0.82,"strong network signal, but no explicit professor title evidence",review
A5034557143,Nam Doo Kim,94,39,P0013; P0060; P0090; P0098; P0100; P0145; P0209; P0275; P0486; P0488; P0753; P0855; P0920; P0985; P0988; P0999; P1000; P1069; P1114; P1133; P1138; P1143; P1154; P1174; P1195; P1253; P1307; P1405; P1410; P1461; P1507; P1508; P1519; P1525; P1534; P1539; P1542; P1663; P1750,Catholic University of Korea; Chungbuk National University; Daegu-Gyeongbuk Medical Innovation Foundation; Dana-Farber Cancer Institute; Incheon International Airport Corporation (South Korea); Korea Institute of Science and Technology; Korea University; Kyung Hee University; Soongsil University; Yeungnam University; Yonsei University; Yonsei University Health System,KR; US,yes,208,Discovery of a selective cytochrome P450 4A inhibitor for the treatment of metabolic dysfunction‐associated fatty liver disease,needs_review,Catholic University of Korea; Chungbuk National University; Daegu-Gyeongbuk Medical Innovation Foundation; Dana-Farber Cancer Institute; Incheon International Airport Corporation (South Korea); Korea Institute of Science and Technology; Korea University; Kyung Hee University; Soongsil University; Yeungnam University; Yonsei University; Yonsei University Health System,authorship_history,,,,,,,yes,no,yes,no,205,A_review_first,strong collaboration signal + academic affiliation + bio relevance,,,,,no,no,no,,0.82,"strong network signal, but no explicit professor title evidence",review
A5029374567,Inhee Mook‐Jung,91,39,P0038; P0042; P0058; P0060; P0076; P0114; P0174; P0337; P0393; P0422; P0477; P0685; P0707; P0746; P0791; P0890; P0920; P1015; P1069; P1124; P1125; P1129; P1141; P1146; P1152; P1167; P1228; P1229; P1314; P1360; P1363; P1379; P1386; P1465; P1489; P1514; P1637; P1638; P1687,Ajou University; Seoul National University; University of Ulsan,KR,yes,205,Circulating beta amyloid protein is elevated in patients with acute ischemic stroke,needs_review,Seoul National University,openalex_last_known,,,,,Seoul National University,KR,yes,no,yes,no,205,A_review_first,strong collaboration signal + academic affiliation + bio relevance,,,,,no,no,no,,0.82,"strong network signal, but no explicit professor title evidence",review
A5008363538,Inho Jo,87,39,P0090; P0192; P0277; P0317; P0325; P0337; P0349; P0358; P0361; P0364; P0379; P0383; P0384; P0393; P0403; P0416; P0422; P0428; P0445; P0447; P0456; P0604; P0786; P0848; P0958; P0986; P1201; P1203; P1306; P1463; P1515; P1637; P1654; P1686; P1700; P1727; P1734; P1736; P1743,Ewha Womans University; Ewha Womans University Medical Center; Ewha Womans University Mokdong Hospital; Ewha Womans University Seoul Hospital; Inha University; Konkuk University; Korea National Institute of Health; Korea University; Seoul National University,KR,yes,201,Basic fibroblast growth factor-induced cholinergic neuronal differentiation of tonsil-derived mesenchymal stem cells,needs_review,Ewha Womans University,openalex_last_known,,,,,Ewha Womans University,KR,yes,no,yes,no,205,A_review_first,strong collaboration signal + academic affiliation + bio relevance,,,,,no,no,no,,0.82,"strong network signal, but no explicit professor title evidence",review
A5039708869,Lak Shin Jeong,173,39,P0036; P0038; P0050; P0056; P0065; P0216; P0222; P0284; P0333; P0409; P0493; P0625; P0685; P0689; P0691; P0696; P0703; P0711; P0713; P0714; P0722; P0753; P0754; P0795; P0928; P1000; P1053; P1060; P1081; P1151; P1247; P1251; P1262; P1283; P1346; P1492; P1744; P1751; P1753,Ajou University; Ewha Womans University; National Institute of Diabetes and Digestive and Kidney Diseases; National Institutes of Health; Pusan National University; Sahmyook University; Seoul National University; Sungkyunkwan University; University of Suwon,KR; US,yes,287,A3AR antagonism mitigates metabolic dysfunction-associated steatotic liver disease by exploiting monocyte-derived Kupffer cell necroptosis and inflammation resolution,needs_review,Seoul National University,openalex_last_known,,,,,Seoul National University,KR,yes,no,yes,no,205,A_review_first,strong collaboration signal + academic affiliation + bio relevance,,,,,no,no,no,,0.82,"strong network signal, but no explicit professor title evidence",review
A5078895940,Dae‐Duk Kim,126,39,P0032; P0034; P0036; P0038; P0040; P0044; P0050; P0053; P0056; P0090; P0097; P0108; P0149; P0208; P0285; P0295; P0302; P0367; P0464; P0564; P0689; P0691; P0700; P0704; P0706; P0711; P0716; P0868; P0964; P0969; P0972; P1039; P1116; P1117; P1142; P1162; P1188; P1265; P1299,Chungnam National University; Kangwon National University; Pusan National University; Seoul National University; Yeungnam University; Yeungnam University Medical Center; Yonsei University,KR,yes,240,Glycoengineering of Interferon-β 1a Improves Its Biophysical and Pharmacokinetic Properties,needs_review,Seoul National University,openalex_last_known,,,,,Seoul National University,KR,yes,no,yes,no,205,A_review_first,strong collaboration signal + academic affiliation + bio relevance,,,,,no,no,no,,0.82,"strong network signal, but no explicit professor title evidence",review
A5047490140,Hye Ryun Kim,227,38,P0040; P0068; P0104; P0157; P0221; P0250; P0253; P0260; P0265; P0438; P0475; P0488; P0722; P0878; P0905; P0914; P0920; P0925; P0991; P1193; P1215; P1235; P1306; P1363; P1414; P1568; P1570; P1632; P1646; P1659; P1661; P1662; P1671; P1681; P1685; P1686; P1714; P1745,Asan Medical Center; CHA University; Chung-Ang University; Chungbuk National University Hospital; Fondazione IRCCS Istituto Nazionale dei Tumori; Foundation for Biomedical Research and Innovation; Guangdong Academy of Medical Sciences; Guangdong General Hospital; Gyeongsang National University; Konkuk University; Konkuk University Medical Center; Korea Disease Control and Prevention Agency; Korea Food Research Institute; Korea Institute for Health and Social Affairs; Korea National Institute of Health; Korea University; National Cancer Center; National Cancer Center Hospital; Samsung Medical Center; Seoul National University; Seoul National University Bundang Hospital; Seoul National University Hospital; Severance Hospital; Sungkyunkwan University; University of Colorado Cancer Center; University of Ulsan; Yonsei Cancer Hospital; Yonsei University; Yonsei University Health System,CN; IT; JP; KR; US,yes,338,Genome-wide identification of differentially methylated promoters and enhancers associated with response to anti-PD-1 therapy in non-small cell lung cancer,needs_review,Yonsei University; Severance Hospital; Seoul National University Bundang Hospital; Yonsei University Health System; Yonsei Cancer Hospital; Seoul Women's University,openalex_last_known,,,,,Yonsei University; Severance Hospital; Seoul National University Bundang Hospital; Yonsei University Health System; Yonsei Cancer Hospital; Seoul Women's University,KR,yes,no,yes,no,200,A_review_first,strong collaboration signal + academic affiliation + bio relevance,,,,,no,no,no,,0.82,"strong network signal, but no explicit professor title evidence",review
A5046657476,Jae‐Weon Kim,214,38,P0006; P0028; P0057; P0064; P0068; P0318; P0329; P0337; P0342; P0484; P0503; P0511; P0526; P0587; P0594; P0631; P0691; P0696; P0707; P1062; P1092; P1113; P1167; P1405; P1625; P1632; P1633; P1638; P1651; P1652; P1659; P1661; P1662; P1667; P1678; P1683; P1707; P1732,Asan Medical Center; CHA University; CHA University Bundang Medical Center; CHA University Fertility Center; Cancer Research Institute; Catholic Kwandong University; Catholic Kwandong University International St. Mary's Hospital; Catholic University of Korea; Chonnam National University; Chosun University; Ewha Womans University Medical Center; Gangnam Severance Hospital; Gyeongsang National University; Inje University; Inje University Busan Paik Hospital; Institut de Cancérologie Strasbourg; Korea University; Korean Gynecologic Oncology Group; Kyung Hee University; Kyung Hee University Hospital at Gangdong; Ministry of Health; National Cancer Center; National Cancer Center Hospital; National Medical Center; Samsung Medical Center; Seoul National University; Seoul National University Bundang Hospital; Seoul National University Hospital; Severance Hospital; Sri Ramachandra Medical Centre; Sungkyunkwan University; University of Ulsan; Velindre Cancer Centre; Yonsei University; Yonsei University Health System,FR; GB; IN; JP; KR; TR; US,yes,325,RhoGDI2 Expression Is Associated with Tumor Growth and Malignant Progression of Gastric Cancer,needs_review,Seoul National University; Seoul National University Hospital,openalex_last_known,,,,,Seoul National University; Seoul National University Hospital,KR,yes,no,yes,no,200,A_review_first,strong collaboration signal + academic affiliation + bio relevance,,,,,no,no,no,,0.82,"strong network signal, but no explicit professor title evidence",review
A5091726021,Sue K. Park,153,38,P0028; P0064; P0115; P0322; P0329; P0358; P0384; P0606; P0624; P0722; P0986; P0997; P1021; P1297; P1405; P1410; P1438; P1538; P1565; P1630; P1636; P1638; P1640; P1642; P1649; P1651; P1652; P1667; P1670; P1672; P1676; P1678; P1691; P1702; P1711; P1714; P1731; P1742,Asan Medical Center; Cancer Research Institute; Centre hospitalier universitaire de Québec; Chungnam National University; Chungnam National University Hospital; Dankook University; Division of Cancer Epidemiology and Genetics; Dongguk University Ilsan Hospital; Kangwon National University; Konkuk University; Korea Disease Control and Prevention Agency; Korea National Open University; Korea University; Korean College of Helicobacter and Upper Gastrointestinal Research; Kyungpook National University; Kyungpook National University Hospital; National Cancer Center; National Cancer Institute; SNUH SMG-SNU Boramae Medical Center; Seoul Metropolitan Government; Seoul National University; Seoul National University Hospital; Shanghai Cancer Institute; State Key Laboratory of Oncogene and Related Genes; University of Ulsan; Université Laval; Yonsei University,CA; CN; KR; US,yes,264,A genome-wide association study identifies a breast cancer risk variant in ERBB4 at 2q34: results from the Seoul Breast Cancer Study,needs_review,Seoul National University; Seoul Metropolitan Government; SNUH SMG-SNU Boramae Medical Center,openalex_last_known,,,,,Seoul National University; Seoul Metropolitan Government; SNUH SMG-SNU Boramae Medical Center,KR,yes,no,yes,no,200,A_review_first,strong collaboration signal + academic affiliation + bio relevance,,,,,no,no,no,,0.82,"strong network signal, but no explicit professor title evidence",review
A5066828733,Boyoung Park,127,38,P0042; P0329; P0354; P0438; P0444; P0517; P0588; P0606; P0764; P1021; P1177; P1225; P1413; P1628; P1633; P1636; P1638; P1639; P1640; P1641; P1642; P1643; P1644; P1646; P1652; P1653; P1661; P1662; P1667; P1670; P1671; P1674; P1676; P1678; P1686; P1702; P1711; P1734,Catholic University of Korea; Hanyang University; Konkuk University; Korea Disease Control and Prevention Agency; Korea Research Institute of Bioscience and Biotechnology; National Cancer Center; National Cancer Center Hospital; Seoul National University; Severance Hospital; Yonsei University,KR; US,yes,238,Effectiveness of the Korean National Cancer Screening Program in Reducing Gastric Cancer Mortality,needs_review,Hanyang University,openalex_last_known,,,,,Hanyang University,KR,yes,no,yes,no,200,A_review_first,strong collaboration signal + academic affiliation + bio relevance,,,,,no,no,no,,0.82,"strong network signal, but no explicit professor title evidence",review
A5100623844,Jee Hyun Kim,102,38,P0028; P0040; P0079; P0091; P0123; P0250; P0253; P0329; P0342; P0405; P0485; P0498; P0594; P0635; P0643; P0691; P0707; P0823; P0998; P1174; P1178; P1625; P1629; P1632; P1633; P1634; P1642; P1644; P1646; P1647; P1652; P1656; P1657; P1660; P1661; P1662; P1682; P1685,Ajou University; Ajou University Hospital; Asan Medical Center; Eisai (South Korea); Ewha Womans University; Ewha Womans University Medical Center; Ewha Womans University Seoul Hospital; Gachon University Gil Medical Center; Gangnam Severance Hospital; Genexine (South Korea); Keimyung University; Keimyung University Dongsan Hospital; Keimyung University Dongsan Medical Center; Korea University; Korea University Anam Hospital; Korea University Guro Hospital; Korea University Medical Center; SNUH SMG-SNU Boramae Medical Center; Samsung Medical Center; Seoul National University; Seoul National University Bundang Hospital; Seoul National University Hospital; Severance Hospital; Soonchunhyang University; Sungkyunkwan University; University of Ulsan; Yonsei Cancer Hospital; Yonsei University; Yonsei University Health System,JP; KR,yes,213,"Palbociclib plus exemestane with gonadotropin-releasing hormone agonist versus capecitabine in premenopausal women with hormone receptor-positive, HER2-negative metastatic breast cancer (KCSG-BR15-10): a multicentre, open-label, randomised, phase 2 trial",needs_review,Seoul National University; Seoul Metropolitan Government; Asan Medical Center; Seoul National University Hospital; Seoul National University Bundang Hospital; University of Ulsan; SNUH SMG-SNU Boramae Medical Center; Korea University Anam Hospital,openalex_last_known,,,,,Seoul National University; Seoul Metropolitan Government; Asan Medical Center; Seoul National University Hospital; Seoul National University Bundang Hospital; University of Ulsan; SNUH SMG-SNU Boramae Medical Center; Korea University Anam Hospital,KR,yes,no,yes,no,200,A_review_first,strong collaboration signal + academic affiliation + bio relevance,,,,,no,no,no,,0.82,"strong network signal, but no explicit professor title evidence",review
A5089673584,Sung-Ae Jung,220,37,P0201; P0317; P0319; P0330; P0351; P0355; P0356; P0359; P0361; P0384; P0388; P0393; P0408; P0424; P0428; P0444; P0445; P0446; P0453; P0482; P0509; P0562; P0596; P0597; P0620; P0753; P0958; P1115; P1128; P1228; P1264; P1579; P1628; P1640; P1649; P1652; P1687,"Asan Medical Center; Daejeon Eulji Medical Center, Eulji University; Dankook University; Ewha Womans University; Ewha Womans University Medical Center; Ewha Womans University Mokdong Hospital; Ewha Womans University Seoul Hospital; Jeju National University; Jeju National University Hospital; Seoul National University; Seoul Women's University; University of Ulsan",KR,yes,328,Suppressive effect of α-mangostin for cancer stem cells in colorectal cancer via the Notch pathway,needs_review,Ewha Womans University; Ewha Womans University Medical Center; Ewha Womans University Seoul Hospital,openalex_last_known,,,,,Ewha Womans University; Ewha Womans University Medical Center; Ewha Womans University Seoul Hospital,KR,yes,no,yes,no,195,A_review_first,strong collaboration signal + academic affiliation + bio relevance,,,,,no,no,no,,0.82,"strong network signal, but no explicit professor title evidence",review
A5054492574,Hae Young Chung,112,37,P0007; P0036; P0090; P0107; P0174; P0700; P0711; P0801; P1010; P1053; P1151; P1154; P1155; P1178; P1189; P1205; P1307; P1357; P1363; P1390; P1402; P1410; P1415; P1446; P1453; P1456; P1459; P1471; P1478; P1576; P1585; P1587; P1595; P1597; P1606; P1614; P1703,Gachon University; Hallym University Hangang Sacred Heart Hospital; Hallym University Medical Center; Korea Institute of Oriental Medicine; Kyungpook National University; Pukyong National University; Pusan National University; Sungkyunkwan University; Université du Québec à Trois-Rivières,CA; KR,yes,220,MHY2233 Attenuates Replicative Cellular Senescence in Human Endothelial Progenitor Cells via SIRT1 Signaling,needs_review,Pusan National University,openalex_last_known,,,,,Pusan National University,KR,yes,no,yes,no,195,A_review_first,strong collaboration signal + academic affiliation + bio relevance,,,,,no,no,no,,0.82,"strong network signal, but no explicit professor title evidence",review
A5105873384,Seung‐Jae Myung,111,37,P0022; P0032; P0205; P0384; P0428; P0522; P0524; P0562; P0585; P0597; P0619; P0620; P0699; P0755; P0989; P1018; P1020; P1022; P1116; P1117; P1127; P1128; P1210; P1221; P1238; P1308; P1322; P1325; P1335; P1343; P1379; P1481; P1613; P1617; P1685; P1754; P1755,"Asan Medical Center; Ewha Womans University; Korea Institute of Science and Technology; National Institute of Biomedical Imaging and Bioengineering; Sanford Burnham Prebys Medical Discovery Institute; Seoul National University; University of California, Santa Barbara; University of Ulsan",KR; US,yes,219,Impact of Sarcopenia on Clinical Course of Inflammatory Bowel Disease in Korea,needs_review,Asan Medical Center; University of Ulsan,openalex_last_known,,,,,Asan Medical Center; University of Ulsan,KR,yes,no,yes,no,195,A_review_first,strong collaboration signal + academic affiliation + bio relevance,,,,,no,no,no,,0.82,"strong network signal, but no explicit professor title evidence",review
A5100617947,Dong Joon Kim,99,36,P0028; P0040; P0285; P0596; P0684; P0968; P1113; P1177; P1190; P1193; P1208; P1211; P1318; P1398; P1403; P1447; P1492; P1565; P1631; P1641; P1647; P1650; P1655; P1660; P1678; P1685; P1686; P1688; P1693; P1695; P1702; P1708; P1712; P1714; P1731; P1744,"Catholic University of Korea; Chung-Ang University; Chungnam National University; Hallym University; Hallym University Chuncheon Sacred Heart Hospital; Hallym University Medical Center; Hanyang University; Hormel (United States); Istituto Superiore di Sanità; Jeonbuk National University; Korea Center for Disease Control and Prevention; Korea Disease Control and Prevention Agency; Korea Institute of Oriental Medicine; Korea National Institute of Health; Korea Research Institute of Bioscience and Biotechnology; Korea Research Institute of Chemical Technology; Kosin University; Kyungpook National University; National Taiwan University; Pusan National University; Rutgers, The State University of New Jersey; Soonchunhyang University; Sungkyunkwan University; TNB Research (Malaysia); University of Minnesota; University of Ulsan; Yonsei University",IT; KR; MY; TW; US,yes,204,"Natural Bis-Benzylisoquinoline Alkaloids-Tetrandrine, Fangchinoline, and Cepharanthine, Inhibit Human Coronavirus OC43 Infection of MRC-5 Human Lung Cells",needs_review,Hallym University; Hallym University Chuncheon Sacred Heart Hospital,openalex_last_known,,,,,Hallym University; Hallym University Chuncheon Sacred Heart Hospital,KR,yes,no,yes,no,190,A_review_first,strong collaboration signal + academic affiliation + bio relevance,,,,,no,no,no,,0.82,"strong network signal, but no explicit professor title evidence",review
A5070098382,Yoon Kyung Jeon,213,36,P0007; P0028; P0057; P0060; P0064; P0075; P0076; P0079; P0114; P0115; P0209; P0306; P0493; P0605; P0631; P0689; P0696; P0707; P0713; P0927; P1116; P1209; P1304; P1320; P1471; P1628; P1630; P1663; P1665; P1681; P1686; P1690; P1698; P1701; P1710; P1744,Chungnam National University; Korea Advanced Institute of Science and Technology; Korea Institute of Science & Technology Information; National Cancer Center; Samsung Medical Center; Seoul National University; Seoul National University Hospital; Sookmyung Women's University; Sungkyunkwan University,KR,yes,318,Clonal History and Genetic Predictors of Transformation Into Small-Cell Carcinomas From Lung Adenocarcinomas,needs_review,Seoul National University; Seoul National University Hospital,openalex_last_known,,,,,Seoul National University; Seoul National University Hospital,KR,yes,no,yes,no,190,A_review_first,strong collaboration signal + academic affiliation + bio relevance,,,,,no,no,no,,0.82,"strong network signal, but no explicit professor title evidence",review
A5034739279,Myung‐Ju Ahn,200,36,P0013; P0028; P0040; P0079; P0134; P0135; P0156; P0163; P0200; P0253; P0337; P0355; P0484; P0511; P0603; P0622; P0691; P0722; P0914; P0920; P1178; P1182; P1293; P1301; P1385; P1405; P1461; P1489; P1632; P1646; P1649; P1661; P1678; P1682; P1685; P1690,Ajou University Hospital; Asan Medical Center; Chung-Ang University; Chungbuk National University Hospital; Fondazione IRCCS Istituto Nazionale dei Tumori; Foundation for Biomedical Research and Innovation; Guangdong Academy of Medical Sciences; Guangdong General Hospital; Gyeongsang National University; Hanyang University; Hanyang University Medical Center; Hanyang University Seoul Hospital; Korea University; Korea University Medical Center; National Cancer Center; New Generation University College; Samsung Biomedical Research Institute; Samsung Medical Center; Seoul National University; Seoul National University Bundang Hospital; Seoul National University Hospital; Sungkyunkwan University; University of Colorado Cancer Center; University of Ulsan; Yonsei Cancer Hospital; Yonsei University,CN; ET; IT; JP; KR; US,yes,305,Single-cell RNA sequencing demonstrates the molecular and cellular reprogramming of metastatic lung adenocarcinoma,needs_review,Samsung Medical Center; Hanyang University Seoul Hospital; Hanyang University Medical Center; Hanyang University; Sungkyunkwan University,openalex_last_known,,,,,Samsung Medical Center; Hanyang University Seoul Hospital; Hanyang University Medical Center; Hanyang University; Sungkyunkwan University,KR,yes,no,yes,no,190,A_review_first,strong collaboration signal + academic affiliation + bio relevance,,,,,no,no,no,,0.82,"strong network signal, but no explicit professor title evidence",review
A5082025437,Jin Seok Ahn,181,36,P0007; P0014; P0028; P0040; P0079; P0134; P0135; P0156; P0163; P0350; P0355; P0484; P0603; P0622; P0703; P0722; P0914; P0998; P1182; P1302; P1405; P1440; P1489; P1632; P1638; P1642; P1644; P1646; P1649; P1661; P1662; P1663; P1667; P1671; P1682; P1690,"Asan Medical Center; Chonnam National University Hwasun Hospital; Hallym University; Hallym University Hangang Sacred Heart Hospital; Hallym University Medical Center; Kyung Hee University Hospital at Gangdong; Samsung Biomedical Research Institute; Samsung Medical Center; Seoul National University; Seoul National University Hospital; Soonchunhyang University; Sungkyunkwan University; The Korean Society of Hematology; University of California, Irvine Medical Center; University of Ulsan; Yonsei University",KR; US,yes,286,Single-cell RNA sequencing demonstrates the molecular and cellular reprogramming of metastatic lung adenocarcinoma,needs_review,Samsung Medical Center; Sungkyunkwan University,openalex_last_known,,,,,Samsung Medical Center; Sungkyunkwan University,KR,yes,no,yes,no,190,A_review_first,strong collaboration signal + academic affiliation + bio relevance,,,,,no,no,no,,0.82,"strong network signal, but no explicit professor title evidence",review
A5039821208,Eun‐Hee Ha,163,36,P0079; P0317; P0319; P0327; P0334; P0335; P0337; P0347; P0349; P0351; P0354; P0364; P0365; P0391; P0393; P0407; P0408; P0409; P0422; P0424; P0430; P0434; P0438; P0444; P0446; P0453; P0517; P0573; P1008; P1186; P1410; P1649; P1677; P1685; P1689; P1710,Asan Medical Center; British Library; Dankook University; Eulji University; Ewha Womans University; Ewha Womans University Medical Center; Ewha Womans University Mokdong Hospital; Ewha Womans University Seoul Hospital; General Department of Preventive Medicine; Hanyang University; Inha University; Inje University Ilsan Paik Hospital; Korea Advanced Institute of Science and Technology; Kyung Hee University; National Cancer Center; National Research Foundation of Korea; Rosalind Franklin University of Medicine and Science; Seoul Metropolitan Government; Seoul National University; The University of Tokyo; Ulsan University Hospital; University of Ulsan,GB; JP; KR; US; VN,yes,268,Inhaled corticosteroids in COPD and the risk of lung cancer,needs_review,Ewha Womans University,openalex_last_known,,,,,Ewha Womans University,KR,yes,no,yes,no,190,A_review_first,strong collaboration signal + academic affiliation + bio relevance,,,,,no,no,no,,0.82,"strong network signal, but no explicit professor title evidence",review
A5100719069,Tae Min Kim,148,36,P0007; P0028; P0043; P0057; P0064; P0067; P0076; P0077; P0079; P0083; P0115; P0134; P0205; P0209; P0355; P0498; P0603; P0622; P0635; P0696; P0722; P1014; P1153; P1294; P1330; P1423; P1523; P1630; P1632; P1633; P1634; P1637; P1641; P1659; P1661; P1683,Korea University; National Taiwan University Hospital; Seoul National University; Seoul National University Hospital; University Hospital Cologne; University Hospital Heidelberg; University of Cologne; University of Göttingen; Universitätsmedizin Göttingen,DE; KR; TW,yes,253,Heterogeneity of Genetic Changes Associated with Acquired Crizotinib Resistance in ALK-Rearranged Lung Cancer,needs_review,Seoul National University; Seoul National University Hospital,openalex_last_known,,,,,Seoul National University; Seoul National University Hospital,KR,yes,no,yes,no,190,A_review_first,strong collaboration signal + academic affiliation + bio relevance,,,,,no,no,no,,0.82,"strong network signal, but no explicit professor title evidence",review
A5012503420,Sun Yeou Kim,197,35,P0038; P0168; P0173; P0174; P0179; P0187; P0239; P0285; P0691; P0700; P0804; P0999; P1027; P1113; P1137; P1147; P1149; P1151; P1172; P1173; P1237; P1353; P1356; P1358; P1439; P1515; P1520; P1565; P1574; P1581; P1607; P1622; P1624; P1636; P1692,Gachon University; Gachon University Gil Medical Center; Gyeongsang National University; Konkuk University; Korea Food Research Institute; Korea Institute of Science and Technology; Korea Research Institute of Chemical Technology; Korean Association Of Science and Technology Studies; Kyung Hee University; Kyung Hee University East-West Neo Medical Center; National Institute of Agricultural Science and Technology; Seoul National University; Sungkyunkwan University; Yonsei University,KR,yes,299,Anti-Neurodegenerative Biflavonoid Glycosides from Impatiens balsamina,needs_review,Gachon University; Chungbuk National University; Konkuk University; Sejong University,openalex_last_known,,,,,Gachon University; Chungbuk National University; Konkuk University; Sejong University,KR,yes,no,yes,no,185,A_review_first,strong collaboration signal + academic affiliation + bio relevance,,,,,no,no,no,,0.82,"strong network signal, but no explicit professor title evidence",review
A5105838834,Eun Kyung Hong,104,35,P0609; P1113; P1174; P1231; P1628; P1629; P1632; P1633; P1635; P1638; P1639; P1640; P1642; P1643; P1647; P1648; P1650; P1652; P1655; P1657; P1659; P1660; P1661; P1662; P1663; P1665; P1667; P1669; P1672; P1673; P1674; P1678; P1679; P1680; P1681,Chosun University; National Cancer Center; National Cancer Center Hospital,KR; US,yes,206,Dose–volumetric parameters predicting radiation-induced hepatic toxicity in unresectable hepatocellular carcinoma patients treated with three-dimensional conformal radiotherapy,needs_review,National Cancer Center; National Cancer Center Hospital,openalex_last_known,,,,,National Cancer Center; National Cancer Center Hospital,KR,yes,no,yes,no,185,A_review_first,strong collaboration signal + academic affiliation + bio relevance,,,,,,,,,0.82,"strong network signal, but no explicit professor title evidence",review
A5100679438,Jong‐Young Lee,104,35,P0014; P0028; P0083; P0090; P0162; P0219; P0408; P0422; P0481; P0589; P0722; P0907; P1080; P1113; P1143; P1175; P1354; P1534; P1613; P1628; P1640; P1643; P1646; P1685; P1686; P1688; P1693; P1695; P1702; P1708; P1712; P1714; P1725; P1731; P1735,"Agency for Science, Technology and Research; Asan Medical Center; Catholic University of Korea; Chung-Ang University; DNA Link (South Korea); Ewha Womans University; Ewha Womans University Medical Center; Genome Institute of Singapore; Inha University; Institute for Social Research; Istituto Superiore di Sanità; Kangbuk Samsung Hospital; Korea Bioinformation Center; Korea Center for Disease Control and Prevention; Korea Disease Control and Prevention Agency; Korea National Institute of Health; Korea Research Institute of Bioscience and Biotechnology; Kyoto University; Ministry of Health and Welfare; National Center for Global Health and Medicine; National Institute of Health; National Institutes of Health; National University Health System; National University of Singapore; Seoul National University; Sungkyunkwan University; The Catholic University of Korea St. Vincent's Hospital; Tulane University; University of Michigan; University of Ulsan; Vanderbilt University; Wonju Severance Christian Hospital; Yonsei University; Yonsei University Health System",IT; JP; KR; PK; SG; US,yes,206,A genome-wide association study identifies a breast cancer risk variant in ERBB4 at 2q34: results from the Seoul Breast Cancer Study,needs_review,Samsung Medical Center; Daegu Catholic University Medical Center; Hallym University Sacred Heart Hospital; Sungkyunkwan University,openalex_last_known,,,,,Samsung Medical Center; Daegu Catholic University Medical Center; Hallym University Sacred Heart Hospital; Sungkyunkwan University,KR,yes,no,yes,no,185,A_review_first,strong collaboration signal + academic affiliation + bio relevance,,,,,,,,,0.82,"strong network signal, but no explicit professor title evidence",review
A5051591744,Daehee Kang,150,34,P0028; P0083; P0104; P0322; P0329; P0331; P0358; P0384; P0573; P0606; P0635; P0696; P0986; P0997; P1021; P1185; P1538; P1565; P1630; P1636; P1642; P1652; P1676; P1677; P1688; P1689; P1695; P1702; P1706; P1708; P1714; P1731; P1735; P1742,Asan Medical Center; Cancer Care Ontario; Division of Cancer Epidemiology and Genetics; General Department of Preventive Medicine; Kangwon National University; Konkuk University; Korea Disease Control and Prevention Agency; Korea National Open University; National Cancer Center; National Cancer Institute; National Institutes of Health; Occupational Cancer Research Centre; Seoul National University; Shanghai Cancer Institute; State Key Laboratory of Oncogene and Related Genes; Sunchon National University; University of Ulsan; Vanderbilt University; Veterans Health Service Medical Center,CA; CN; KR; US; VN,yes,249,A genome-wide association study identifies a breast cancer risk variant in ERBB4 at 2q34: results from the Seoul Breast Cancer Study,needs_review,Seoul National University; Ulsan National Institute of Science and Technology,openalex_last_known,,,,,Seoul National University; Ulsan National Institute of Science and Technology,KR,yes,no,yes,no,180,A_review_first,strong collaboration signal + academic affiliation + bio relevance,,,,,,,,,0.82,"strong network signal, but no explicit professor title evidence",review
A5009075091,Woo Ho Kim,203,33,P0007; P0057; P0068; P0079; P0285; P0326; P0359; P0594; P0707; P0752; P0766; P0903; P0914; P1174; P1181; P1184; P1190; P1193; P1208; P1210; P1211; P1231; P1398; P1628; P1630; P1637; P1648; P1657; P1661; P1669; P1673; P1681; P1683,Ajou University; Asan Medical Center; Cancer Research Institute; Gwangju Institute of Science and Technology; Korea Research Institute of Bioscience and Biotechnology; National Cancer Center; National Medical Center; Samsung Medical Center; Seoul National University; Seoul National University Hospital; The Cancer Institute Hospital; University of Ulsan,JP; KR; US,yes,299,"Establishment and characterization of six human gastric carcinoma cell lines, including one naturally infected with Epstein-Barr virus",needs_review,Seoul National University,openalex_last_known,,,,,Seoul National University,KR,yes,no,yes,no,175,A_review_first,strong collaboration signal + academic affiliation + bio relevance,,,,,,,,,0.82,"strong network signal, but no explicit professor title evidence",review
A5102881408,Sung‐Soo Yoon,201,33,P0007; P0013; P0014; P0020; P0028; P0043; P0079; P0105; P0115; P0306; P0337; P0355; P0362; P0393; P0449; P0484; P0616; P0752; P0764; P0958; P1098; P1182; P1218; P1252; P1297; P1330; P1398; P1641; P1642; P1646; P1666; P1678; P1685,Asan Medical Center; Catholic University of Korea; Chonnam National University; Chonnam National University Hwasun Hospital; Chungbuk National University Hospital; Gachon University Gil Medical Center; Janssen Korea (South Korea); Kosin University; Kyung Hee University; National Cancer Center; New Generation University College; Pusan National University Hospital; Samsung Medical Center; Seoul National University; Seoul National University Bundang Hospital; Seoul National University Hospital; Seoul National University Hospital Biomedical Research Institute; Soonchunhyang University Hospital Bucheon; Sungkyunkwan University; The Korean Society of Hematology; Ulsan University Hospital; University of Ulsan; Veterans Health Service Medical Center; Yonsei University; Yonsei University Health System,ET; KR,yes,297,A database of 5305 healthy Korean individuals reveals genetic and clinical implications for an East Asian population,needs_review,Seoul National University; Soonchunhyang University; Soonchunhyang University Hospital Seoul; Samsung Medical Center; Seoul National University Hospital; Kyung Hee University; Sungkyunkwan University,openalex_last_known,,,,,Seoul National University; Soonchunhyang University; Soonchunhyang University Hospital Seoul; Samsung Medical Center; Seoul National University Hospital; Kyung Hee University; Sungkyunkwan University,KR,yes,no,yes,no,175,A_review_first,strong collaboration signal + academic affiliation + bio relevance,,,,,no,no,no,,0.82,"strong network signal, but no explicit professor title evidence",review
A5006050449,Ki Won Lee,167,33,P0002; P0034; P0050; P0060; P0182; P0231; P0233; P0245; P0277; P0461; P0684; P0961; P1062; P1074; P1143; P1162; P1195; P1199; P1219; P1228; P1240; P1298; P1306; P1357; P1480; P1507; P1522; P1528; P1536; P1565; P1583; P1610; P1614,Advanced Institute of Convergence Technology; Central South University; Cornell University; Daegu University; Gyeongsang National University; Hallym University; Harvard University; Keimyung University; Konkuk University; Konyang University; Korea Food Research Institute; Korea Research Institute of Bioscience and Biotechnology; Kyung Hee University; Kyungpook National University; National Cancer Institute; National Institutes of Health; Ottawa Hospital Research Institute; Research Institute for Veterinary Science; Second Xiangya Hospital of Central South University; Seoul National University; University of Massachusetts Chan Medical School; University of Minnesota; University of Ottawa; Zhengzhou University,CA; CN; KR; US,yes,263,Depigmentation of α‐melanocyte‐stimulating hormone‐treated melanoma cells by β‐mangostin is mediated by selective autophagy,needs_review,Seoul National University; Korea University; Advanced Institute of Convergence Technology,openalex_last_known,,,,,Seoul National University; Korea University; Advanced Institute of Convergence Technology,KR,yes,no,yes,no,175,A_review_first,strong collaboration signal + academic affiliation + bio relevance,,,,,no,no,no,,0.82,"strong network signal, but no explicit professor title evidence",review
A5080295544,Bhumsuk Keam,154,33,P0023; P0028; P0057; P0064; P0067; P0079; P0200; P0209; P0250; P0253; P0350; P0696; P0722; P0998; P1113; P1153; P1632; P1633; P1634; P1646; P1659; P1660; P1661; P1671; P1672; P1679; P1682; P1683; P1686; P1688; P1695; P1708; P1744,Korea Advanced Institute of Science and Technology; Korea Institute of Science & Technology Information; Korea National Institute of Health; National Institute of Health; National Institutes of Health; Samsung Medical Center; Seoul National University; Seoul National University Hospital; Sungkyunkwan University,KR; PK; US,yes,250,Clonal History and Genetic Predictors of Transformation Into Small-Cell Carcinomas From Lung Adenocarcinomas,needs_review,Seoul National University; Seoul National University Hospital; Seoul National University Cancer Hospital,openalex_last_known,,,,,Seoul National University; Seoul National University Hospital; Seoul National University Cancer Hospital,KR,yes,no,yes,no,175,A_review_first,strong collaboration signal + academic affiliation + bio relevance,,,,,no,no,no,,0.82,"strong network signal, but no explicit professor title evidence",review
A5075143500,Young‐Ger Suh,151,33,P0038; P0040; P0053; P0055; P0056; P0102; P0114; P0486; P0488; P0489; P0492; P0533; P0564; P0698; P0700; P0703; P0707; P0711; P0804; P0914; P0961; P0964; P0990; P1027; P1055; P1121; P1162; P1196; P1247; P1265; P1266; P1294; P1355,Asan Medical Center; CHA University; Center for Cancer Research; Chung-Ang University; Chungbuk National University; Dankook University; Dongguk University; Ewha Womans University; Gangnam Severance Hospital; Gwangju Institute of Science and Technology; Korea Research Institute of Chemical Technology; Korea University of Science and Technology; Medifron (South Korea); National Cancer Institute; National Institutes of Health; Seoul National University; Seoul National University Hospital; Seoul National University Hospital Biomedical Research Institute; Sookmyung Women's University; Sungkyunkwan University; Sungshin Women's University; The University of Texas MD Anderson Cancer Center; University of Ulsan; Woosuk University; Yonsei University,KR; US,yes,247,Direct endothelial junction restoration results in significant tumor vascular normalization and metastasis inhibition in mice,needs_review,Asan Medical Center; CHA University; Center for Cancer Research; Chung-Ang University; Chungbuk National University; Dankook University; Dongguk University; Ewha Womans University; Gangnam Severance Hospital; Gwangju Institute of Science and Technology; Korea Research Institute of Chemical Technology; Korea University of Science and Technology; Medifron (South Korea); National Cancer Institute; National Institutes of Health; Seoul National University; Seoul National University Hospital; Seoul National University Hospital Biomedical Research Institute; Sookmyung Women's University; Sungkyunkwan University; Sungshin Women's University; The University of Texas MD Anderson Cancer Center; University of Ulsan; Woosuk University; Yonsei University,authorship_history,,,,,,,yes,no,yes,no,175,A_review_first,strong collaboration signal + academic affiliation + bio relevance,,,,,no,no,no,,0.82,"strong network signal, but no explicit professor title evidence",review
A5027936126,Young‐Joo Won,149,33,P0428; P1223; P1398; P1405; P1628; P1629; P1632; P1633; P1636; P1638; P1640; P1641; P1642; P1644; P1648; P1650; P1652; P1653; P1659; P1660; P1661; P1662; P1663; P1667; P1670; P1671; P1672; P1673; P1676; P1678; P1679; P1683; P1684,National Cancer Center; National Cancer Center Hospital; Yonsei University; Yonsei University Mirae Campus,KR,yes,245,Association between screening and the thyroid cancer “epidemic” in South Korea: evidence from a nationwide study,needs_review,Yonsei University,openalex_last_known,,,,,Yonsei University,KR,yes,no,yes,no,175,A_review_first,strong collaboration signal + academic affiliation + bio relevance,,,,,,,,,0.82,"strong network signal, but no explicit professor title evidence",review
A5044669272,Youngil Koh,127,33,P0002; P0006; P0007; P0008; P0013; P0014; P0020; P0028; P0043; P0079; P0306; P0350; P0355; P0393; P0484; P0603; P0693; P0764; P0774; P1094; P1155; P1182; P1218; P1252; P1297; P1311; P1330; P1384; P1398; P1457; P1641; P1666; P1673,Broad Institute; European Bioinformatics Institute; European Molecular Biology Laboratory; Korea Advanced Institute of Science and Technology; Seoul National University; Seoul National University Hospital; Seoul National University Hospital Biomedical Research Institute; The Korean Society of Hematology,DE; GB; KR; US,yes,223,A database of 5305 healthy Korean individuals reveals genetic and clinical implications for an East Asian population,needs_review,Seoul National University; Seoul National University Hospital; Seoul National University Hospital Biomedical Research Institute,openalex_last_known,,,,,Seoul National University; Seoul National University Hospital; Seoul National University Hospital Biomedical Research Institute,KR,yes,no,yes,no,175,A_review_first,strong collaboration signal + academic affiliation + bio relevance,,,,,no,no,no,,0.82,"strong network signal, but no explicit professor title evidence",review
A5086063389,Nakwon Choi,110,33,P0069; P0096; P0302; P0648; P0726; P0811; P0813; P0820; P0829; P0872; P0957; P1124; P1125; P1131; P1136; P1137; P1142; P1145; P1155; P1161; P1170; P1212; P1296; P1300; P1301; P1313; P1340; P1352; P1360; P1457; P1519; P1574; P1607,Institute for Basic Science; Korea Institute of Science & Technology Information; Korea Institute of Science and Technology; Korea University; Korea University Guro Hospital; Korea University Medical Center; Korea University of Science and Technology; Korean Association Of Science and Technology Studies; Seoul National University; Yonsei University,KR,yes,206,Cancer-derived exosomes trigger endothelial to mesenchymal transition followed by the induction of cancer-associated fibroblasts,needs_review,Korea University; Korea University Guro Hospital,openalex_last_known,,,,,Korea University; Korea University Guro Hospital,KR,yes,no,yes,no,175,A_review_first,strong collaboration signal + academic affiliation + bio relevance,,,,,,,,,0.82,"strong network signal, but no explicit professor title evidence",review
A5100764546,Jung‐Sun Kim,238,32,P0007; P0030; P0032; P0034; P0050; P0319; P0379; P0416; P0434; P0485; P0491; P0562; P0580; P0641; P0722; P0907; P1157; P1175; P1186; P1249; P1484; P1538; P1627; P1628; P1635; P1644; P1648; P1650; P1655; P1660; P1664; P1685,CHA University; CHA University Bundang Medical Center; Cardiovascular Research Foundation; Chonnam National University Hospital; Chung-Ang University; Chung-Ang University Healthcare System; Columbia University Irving Medical Center; Dongguk University Ilsan Hospital; Dongseo University; Ewha Womans University; Ewha Womans University Medical Center; Ewha Womans University Mokdong Hospital; Ewha Womans University Seoul Hospital; Gachon University Gil Medical Center; Gangnam Severance Hospital; Hanyang University; IRCCS Ospedale San Raffaele; Kangwon National University; Keimyung University; Korea University Guro Hospital; Kyung Hee University; Kyungpook National University Hospital; Kyungpook National University Medical Center; National Cancer Center; NewYork–Presbyterian Hospital; Rural Development Administration; Samsung Medical Center; Sejong General Hospital; Sejong University; Seoul National University; Seoul National University Hospital; Severance Hospital; Soonchunhyang University; Soonchunhyang University Hospital Cheonan; Sungkyunkwan University; The Catholic University of Korea Bucheon St. Mary's Hospital; University Hospital of Bern; University of Bologna; University of Ulsan; Wonkwang University; Wonkwang University Sanbon Hospital; Yonsei University; Yonsei University Health System,CH; IT; KR; US,yes,331,The outcome of preoperative chemotherapy followed by surgery and upfront surgery for liver metastases from colorectal cancer.,needs_review,Yonsei University; Severance Hospital; Samsung Medical Center; Dongguk University Ilsan Hospital; Hallym University Sacred Heart Hospital; Yonsei University Health System; Korea University Guro Hospital; Sungkyunkwan University,openalex_last_known,,,,,Yonsei University; Severance Hospital; Samsung Medical Center; Dongguk University Ilsan Hospital; Hallym University Sacred Heart Hospital; Yonsei University Health System; Korea University Guro Hospital; Sungkyunkwan University,KR,yes,no,yes,no,170,A_review_first,strong collaboration signal + academic affiliation + bio relevance,,,,,,,,,0.82,"strong network signal, but no explicit professor title evidence",review
A5064697305,Byoung Chul Cho,201,32,P0068; P0104; P0179; P0205; P0250; P0631; P0774; P0878; P0905; P0914; P0920; P0922; P0925; P1124; P1174; P1190; P1193; P1235; P1250; P1279; P1363; P1398; P1460; P1520; P1627; P1632; P1634; P1655; P1661; P1681; P1685; P1690,"Asan Medical Center; Boehringer Ingelheim (Austria); Cancer Science Institute of Singapore; Centre Hospitalier Universitaire de Bordeaux; Centre Hospitalier Universitaire de Lille; Centre National de la Recherche Scientifique; Daegu Catholic University Medical Center; Inserm; Institut Pasteur; Jeuk (South Korea); Memorial Sloan Kettering Cancer Center; National Cancer Center; National University Cancer Institute, Singapore; National University Health System; National University of Singapore; Pfizer (United States); Severance Hospital; University of Ulsan; Université de Lille; Vall d'Hebron Hospital Universitari; Vall d'Hebron Institute of Oncology; Yonsei Cancer Hospital; Yonsei University; Yonsei University College of Dentistry; Yonsei University Health System",AT; ES; FR; KR; SG; US,yes,294,Genome-wide identification of differentially methylated promoters and enhancers associated with response to anti-PD-1 therapy in non-small cell lung cancer,needs_review,Yonsei University; Severance Hospital; Yonsei University Health System; Yonsei Cancer Hospital,openalex_last_known,,,,,Yonsei University; Severance Hospital; Yonsei University Health System; Yonsei Cancer Hospital,KR,yes,no,yes,no,170,A_review_first,strong collaboration signal + academic affiliation + bio relevance,,,,,,,,,0.82,"strong network signal, but no explicit professor title evidence",review
A5005178090,Hae‐Young Lee,176,32,P0007; P0028; P0030; P0043; P0067; P0092; P0383; P0434; P0446; P0477; P0532; P0580; P0722; P1000; P1093; P1113; P1114; P1233; P1248; P1297; P1324; P1410; P1459; P1466; P1506; P1513; P1539; P1629; P1635; P1638; P1686; P1725,"Boston University; Catholic University of Korea; Chonnam National University Hospital; Chungbuk National University; Chungbuk National University Hospital; Dongguk University Ilsan Hospital; Ewha Womans University; Ewha Womans University Mokdong Hospital; Gyeongsang National University; Innovative Research Institute for Cell Therapy; Korea Research Institute of Bioscience and Biotechnology; Korean Society of Hypertension; Rural Development Administration; Seoul National University; Seoul National University Hospital; Severance Hospital; The Catholic University of Korea Seoul St. Mary's Hospital; The Catholic University of Korea Yeouido St. Mary's Hospital; University of California, San Francisco; Yonsei University; Yonsei University Health System",KR; US,yes,269,FOXO3a Turns the Tumor Necrosis Factor Receptor Signaling Towards Apoptosis Through Reciprocal Regulation of c-Jun N-Terminal Kinase and NF-κB,needs_review,Seoul National University; Yonsei University; Seoul National University Hospital; Yonsei University Health System,openalex_last_known,,,,,Seoul National University; Yonsei University; Seoul National University Hospital; Yonsei University Health System,KR,yes,no,yes,no,170,A_review_first,strong collaboration signal + academic affiliation + bio relevance,,,,,no,no,no,,0.82,"strong network signal, but no explicit professor title evidence",review
A5101629084,Jeong Eon Lee,154,32,P0014; P0028; P0040; P0275; P0297; P0350; P0354; P0394; P0414; P0444; P0454; P0484; P0495; P0588; P0616; P0622; P0703; P0774; P1113; P1293; P1302; P1315; P1628; P1633; P1642; P1644; P1652; P1661; P1671; P1682; P1690; P1719,"Ajou University Hospital; Asan Medical Center; Catholic University of Korea; Cleveland Clinic; Johns Hopkins Medicine; Johns Hopkins University; Korea Advanced Institute of Science and Technology; Kyungpook National University; Kyungpook National University Chilgok Hospital; Macrogen (South Korea); Merck & Co., Inc., Rahway, NJ, USA (United States); National Cancer Center; National Cancer Center Hospital; Novartis (Switzerland); Research Institute for Future Medicine; Samsung Biomedical Research Institute; Samsung Changwon Hospital; Samsung Medical Center; Seoul National University; Soonchunhyang University; Soonchunhyang University Hospital Seoul; Sungkyunkwan University; Takeda (Japan); The Catholic University of Korea Seoul St. Mary's Hospital; University of Ulsan",CH; JP; KR; US,yes,247,Single-cell RNA-seq enables comprehensive tumour and immune cell profiling in primary breast cancer,needs_review,Seoul National University; Soonchunhyang University; Soonchunhyang University Hospital Seoul; Samsung Medical Center; Sungkyunkwan University,openalex_last_known,,,,,Seoul National University; Soonchunhyang University; Soonchunhyang University Hospital Seoul; Samsung Medical Center; Sungkyunkwan University,KR,yes,no,yes,no,170,A_review_first,strong collaboration signal + academic affiliation + bio relevance,,,,,no,no,no,,0.82,"strong network signal, but no explicit professor title evidence",review
A5018929039,Do‐Hyun Nam,118,32,P0007; P0028; P0031; P0078; P0205; P0213; P0250; P0361; P0389; P0443; P0484; P0589; P0602; P0746; P0753; P0802; P1113; P1124; P1125; P1263; P1293; P1294; P1304; P1318; P1367; P1398; P1465; P1555; P1632; P1637; P1649; P1660,Korea University; Research Institute for Future Medicine; Samsung (South Korea); Samsung Biomedical Research Institute; Samsung Electronics (South Korea); Samsung Medical Center; Seoul National University; Seoul National University Children's Hospital; Seoul National University Hospital; Sungkyunkwan University; Yonsei University; Yonsei University Health System,KR,yes,211,Pharmacogenomic landscape of patient-derived tumor cells informs precision oncology therapy,needs_review,Samsung Medical Center; Sungkyunkwan University,openalex_last_known,,,,,Samsung Medical Center; Sungkyunkwan University,KR,yes,no,yes,no,170,A_review_first,strong collaboration signal + academic affiliation + bio relevance,,,,,no,no,no,,0.82,"strong network signal, but no explicit professor title evidence",review
A5100370231,Eun Young Kim,117,32,P0100; P0208; P0327; P0364; P0414; P0422; P0454; P0517; P0625; P0635; P0703; P0836; P0905; P1098; P1113; P1119; P1183; P1195; P1205; P1208; P1213; P1358; P1511; P1528; P1530; P1551; P1637; P1646; P1664; P1665; P1673; P1678,"Chosun University; Chungbuk National University; Chungnam National University Sejong Hospital; Dankook University; Enzychem Lifesciences Corporation (South Korea); Gachon University Gil Medical Center; Hanyang University; International University of Korea; Kangbuk Samsung Hospital; Konkuk University; Konyang University; Korea Advanced Institute of Science and Technology; Korea Basic Science Institute; Korea National Institute of Health; Korea Research Institute of Bioscience and Biotechnology; Korea University of Science and Technology; Maria Fertility Hospital; Rutgers, The State University of New Jersey; Seoul National University Bundang Hospital; Severance Hospital; Sungkyunkwan University; Yonsei University; Yonsei University Health System",KR; US,yes,210,Cis -Combination of the Classic per S and per L Mutations Results in Arrhythmic Drosophila with Ectopic Accumulation of Hyperphosphorylated PERIOD Protein,needs_review,Yonsei University; Severance Hospital,openalex_last_known,,,,,Yonsei University; Severance Hospital,KR,yes,no,yes,no,170,A_review_first,strong collaboration signal + academic affiliation + bio relevance,,,,,,,,,0.82,"strong network signal, but no explicit professor title evidence",review
A5100353399,Kihyun Kım,238,31,P0006; P0007; P0013; P0014; P0020; P0028; P0044; P0135; P0350; P0355; P0359; P0446; P0449; P0451; P0484; P0603; P0665; P0920; P1088; P1094; P1098; P1125; P1178; P1182; P1235; P1626; P1633; P1641; P1642; P1666; P1687,Asan Medical Center; Catholic University of Korea; Chonnam National University Hwasun Hospital; Dana-Farber Cancer Institute; Dana-Farber/Harvard Cancer Center; Dankook University; Hallym University Sacred Heart Hospital; Harvard University; Kangwon National University; Kangwon National University Hospital; Konkuk University; Konkuk University Medical Center; Korea University; Kyung Hee University; National Cancer Center; SNUH SMG-SNU Boramae Medical Center; Samsung (South Korea); Samsung Biomedical Research Institute; Samsung Electronics (South Korea); Samsung Medical Center; Samsung Seoul Hospital; Seoul National University; Seoul National University Bundang Hospital; Seoul National University Hospital; Severance Hospital; Soonchunhyang University; Soonchunhyang University Hospital Seoul; Sungkyunkwan University; The Catholic University of Korea Seoul St. Mary's Hospital; The Korean Society of Hematology; Ulsan University Hospital; University of Ulsan; Yonsei University,KR; US,yes,328,Impact of genomic alterations on lapatinib treatment outcome and cell-free genomic landscape during HER2 therapy in HER2+ gastric cancer patients,needs_review,Seoul National University; Samsung Medical Center; Kyung Hee University; Jeonbuk National University; Sungkyunkwan University,openalex_last_known,,,,,Seoul National University; Samsung Medical Center; Kyung Hee University; Jeonbuk National University; Sungkyunkwan University,KR,yes,no,yes,no,165,A_review_first,strong collaboration signal + academic affiliation + bio relevance,,Kihyun Kim - PhD Student at MIT EECS,"View Kihyun Kim's profile on LinkedIn, a professional community of 1 billion members ... 서울대학교 (Seoul National University). Bachelor's degree Electrical and ...",https://www.linkedin.com/in/kihyun-kim-88010a200,no,no,yes,no,0.95,trainee/postdoc title signal,no
A5100397347,Jun Yong Park,208,31,P0098; P0145; P0342; P0366; P0629; P0912; P0923; P0926; P0977; P0991; P0998; P1113; P1189; P1231; P1398; P1403; P1411; P1436; P1514; P1541; P1547; P1627; P1631; P1635; P1667; P1685; P1687; P1702; P1705; P1744; P1754,American College of Gastroenterology; Asan Medical Center; Chung-Ang University; Chungbuk National University; Chungnam National University; Gangnam Severance Hospital; Hallym University; Hanyang University; Jeonbuk National University; Korea Advanced Institute of Science and Technology; Korea Research Institute of Bioscience and Biotechnology; Kyungpook National University; Pusan National University; Samsung Medical Center; Severance Hospital; Soonchunhyang University; Sungkyunkwan University; University of Ulsan; Yonsei Cancer Hospital; Yonsei University; Yonsei University Health System; Yonsei University Mirae Campus,KR; US,yes,298,Co-administration of ursodeoxycholic acid with rosuvastatin/ezetimibe in a non-alcoholic fatty liver disease model,needs_review,Ministry of Health and Welfare; Yonsei University; Soonchunhyang University; Severance Hospital; Soonchunhyang University Hospital Cheonan; Yonsei University Health System; Korea Research Institute of Bioscience and Biotechnology,openalex_last_known,,,,,Ministry of Health and Welfare; Yonsei University; Soonchunhyang University; Severance Hospital; Soonchunhyang University Hospital Cheonan; Yonsei University Health System; Korea Research Institute of Bioscience and Biotechnology,KR,yes,no,yes,no,165,A_review_first,strong collaboration signal + academic affiliation + bio relevance,,,,,,,,,0.82,"strong network signal, but no explicit professor title evidence",review
A5077530265,Jong‐Seok Lim,144,31,P0042; P0204; P0288; P0463; P0493; P0568; P0766; P0836; P0958; P0968; P0984; P1000; P1002; P1176; P1181; P1185; P1189; P1190; P1191; P1199; P1202; P1208; P1211; P1213; P1265; P1285; P1459; P1517; P1518; P1526; P1668,Chung-Ang University; Daejeon University; Department of Biological Sciences; Kangwon National University; Korea Institute of Science and Technology; Korea Research Institute of Bioscience and Biotechnology; Korea Research Institute of Chemical Technology; Korea University of Science and Technology; Sookmyung Women's University,KR; RU,yes,234,Inhibitory effect of jaceosidin isolated from Artemisia argyi on the function of E6 and E7 oncoproteins of HPV 16,needs_review,Sookmyung Women's University; Sungkyunkwan University,openalex_last_known,,,,,Sookmyung Women's University; Sungkyunkwan University,KR,yes,no,yes,no,165,A_review_first,strong collaboration signal + academic affiliation + bio relevance,,,,,no,no,no,,0.82,"strong network signal, but no explicit professor title evidence",review
A5006412769,Sang Hoon Ahn,238,30,P0098; P0342; P0405; P0409; P0745; P0912; P0920; P0923; P1113; P1159; P1189; P1353; P1398; P1403; P1436; P1510; P1547; P1565; P1627; P1628; P1630; P1631; P1635; P1636; P1643; P1644; P1647; P1683; P1685; P1744,American College of Gastroenterology; Asan Medical Center; CHA University Bundang Medical Center; Chung-Ang University; Chungnam National University; Gangnam Severance Hospital; Hallym University; Hanyang University; Jeonbuk National University; Konkuk University; Kyungpook National University; Pusan National University; Seoul National University; Seoul National University Bundang Hospital; Severance Hospital; Soonchunhyang University; Soonchunhyang University Hospital Bucheon; Sungkyunkwan University; USC Norris Comprehensive Cancer Center; University of Southern California; University of Ulsan; Yonsei Cancer Hospital; Yonsei University; Yonsei University Health System; Yonsei University Mirae Campus,KR; US,yes,325,Correlation between quantitative serum HBsAg and HBV DNA test in Korean patients who showed high level of HBsAg,needs_review,Yonsei University; Severance Hospital; Yonsei University Health System,openalex_last_known,,,,,Yonsei University; Severance Hospital; Yonsei University Health System,KR,yes,no,yes,no,160,A_review_first,strong collaboration signal + academic affiliation + bio relevance,,,,,no,no,no,,0.82,"strong network signal, but no explicit professor title evidence",review
A5019406140,Jeeyun Lee,161,30,P0028; P0250; P0350; P0484; P0603; P0647; P0811; P0920; P0922; P0986; P0998; P1113; P1119; P1124; P1125; P1131; P1142; P1145; P1155; P1178; P1182; P1186; P1628; P1630; P1632; P1634; P1644; P1649; P1669; P1690,Asan Medical Center; CHA University; Chung-Ang University; Chungnam National University; Cleveland Clinic; Dankook University; Dankook University Hospital; Dong-A University; Dong-A University Hospital; Ewha Womans University; Gyeongsang National University; Gyeongsang National University Hospital; Korea University; Research Institute for Future Medicine; Samsung Medical Center; Soonchunhyang University; Sungkyunkwan University; The University of Texas MD Anderson Cancer Center; University of Ulsan; Yonsei University,KR; US,yes,248,Pharmacogenomic landscape of patient-derived tumor cells informs precision oncology therapy,needs_review,Samsung Medical Center; Sungkyunkwan University,openalex_last_known,,,,,Samsung Medical Center; Sungkyunkwan University,KR,yes,no,yes,no,160,A_review_first,strong collaboration signal + academic affiliation + bio relevance,,,,,,,,,0.82,"strong network signal, but no explicit professor title evidence",review
A5101615430,Dae Won Kim,153,30,P0168; P0211; P0267; P0275; P0429; P0550; P0619; P0684; P0984; P1031; P1093; P1111; P1115; P1145; P1153; P1157; P1221; P1285; P1302; P1328; P1410; P1505; P1522; P1536; P1566; P1572; P1660; P1701; P1716; P1746,Chungnam National University; Dankook University; Gangneung–Wonju National University; Hallym University; Kangwon National University; Konkuk University; Korea National Institute of Health; Korea University; National Institute of Animal Science; Research Institute for Veterinary Science; Rural Development Administration; Samsung Biomedical Research Institute; Samsung Medical Center; Seoul National University; Seoul National University of Science and Technology; Soonchunhyang University; Sungkyunkwan University,KR,yes,240,Lack of Additional Benefit of Intracoronary Transplantation of Autologous Peripheral Blood Stem Cell in Patients With Acute Myocardial Infarction,needs_review,Gangneung–Wonju National University; Kangwon National University; Korea University; Cornell University; Moffitt Cancer Center; The Catholic University of Korea St. Vincent's Hospital; Sungkyunkwan University; Catholic University of Korea; Dankook University,openalex_last_known,,,,,Gangneung–Wonju National University; Kangwon National University; Korea University; Cornell University; Moffitt Cancer Center; The Catholic University of Korea St. Vincent's Hospital; Sungkyunkwan University; Catholic University of Korea; Dankook University,KR; US,yes,no,yes,no,160,A_review_first,strong collaboration signal + academic affiliation + bio relevance,,,,,,,,,0.82,"strong network signal, but no explicit professor title evidence",review
A5057636290,Seok Jin Nam,151,30,P0028; P0040; P0350; P0354; P0394; P0414; P0588; P0606; P0622; P0703; P0774; P1113; P1141; P1172; P1180; P1272; P1302; P1489; P1603; P1628; P1629; P1643; P1644; P1645; P1646; P1661; P1667; P1671; P1682; P1719,"Fox Chase Cancer Center; Merck & Co., Inc., Rahway, NJ, USA (United States); Novartis (Switzerland); Samsung (South Korea); Samsung Biomedical Research Institute; Samsung Medical Center; Seoul National University; Stanford Medicine; Stanford University; Sungkyunkwan University; Takeda (Japan)",CH; JP; KR; US,yes,238,Multi-omics profiling of younger Asian breast cancers reveals distinctive molecular signatures,needs_review,Samsung Medical Center; Sungkyunkwan University,openalex_last_known,,,,,Samsung Medical Center; Sungkyunkwan University,KR,yes,no,yes,no,160,A_review_first,strong collaboration signal + academic affiliation + bio relevance,,,,,no,no,no,,0.82,"strong network signal, but no explicit professor title evidence",review
A5049348377,Kyung Hae Jung,180,29,P0028; P0337; P0350; P0354; P0394; P0435; P0594; P0603; P0858; P0998; P1113; P1259; P1570; P1625; P1628; P1629; P1634; P1642; P1643; P1644; P1646; P1650; P1655; P1656; P1657; P1660; P1661; P1662; P1682,Arcagy Gineco; Asan Medical Center; BC Cancer Agency; Cabrini Hospital; Centre Léon Bérard; Creighton University; Fondation Gustave Roussy; Institut Gustave Roussy; Institute of Cancer Research; Istituto Oncologico della Svizzera Italiana; Lyon 1 Université; National Cancer Center; National Cancer Center Hospital; National Cancer Centre Japan; Ospedale San Giovanni Bellinzona; Pfizer (United States); Poznan University of Medical Sciences; Princess Margaret Cancer Centre; Royal Marsden NHS Foundation Trust; Saitama International Medical Center; Saitama Medical University; Samsung Medical Center; Seoul National University; Seoul National University Hospital; Soonchunhyang University; Sungkyunkwan University; The US Oncology Network; University College London; University of Arizona; University of Ulsan; Willamette Valley Cancer Institute and Research Center; Yonsei University,AU; CA; CH; FR; GB; JP; KR; PL; US,yes,264,"Palbociclib plus exemestane with gonadotropin-releasing hormone agonist versus capecitabine in premenopausal women with hormone receptor-positive, HER2-negative metastatic breast cancer (KCSG-BR15-10): a multicentre, open-label, randomised, phase 2 trial",needs_review,Asan Medical Center; University of Ulsan,openalex_last_known,,,,,Asan Medical Center; University of Ulsan,KR,yes,no,yes,no,155,A_review_first,strong collaboration signal + academic affiliation + bio relevance,,,,,,,,,0.82,"strong network signal, but no explicit professor title evidence",review
A5045827347,Jongheon Shin,141,29,P0035; P0036; P0038; P0042; P0044; P0050; P0086; P0295; P0486; P0691; P0696; P0700; P0703; P0716; P1055; P1149; P1162; P1167; P1170; P1180; P1189; P1191; P1195; P1223; P1237; P1383; P1461; P1503; P1530,Kongju National University; Korea Institute of Science and Technology; Korea Maritime and Ocean University; National Academy of Agricultural Science; Seoul National University; Yonsei University,KR,yes,225,Ohmyungsamycins A and B: Cytotoxic and Antimicrobial Cyclic Peptides Produced by Streptomyces sp. from a Volcanic Island,needs_review,Seoul National University,openalex_last_known,,,,,Seoul National University,KR,yes,no,yes,no,155,A_review_first,strong collaboration signal + academic affiliation + bio relevance,,,,,no,no,no,,0.82,"strong network signal, but no explicit professor title evidence",review
A5022350068,Duk Lyul Na,123,29,P0007; P0123; P0132; P0208; P0325; P0425; P0439; P0532; P0722; P0753; P0890; P1046; P1080; P1125; P1171; P1233; P1293; P1314; P1370; P1393; P1457; P1465; P1552; P1655; P1700; P1710; P1739; P1743; P1749,"Asan Medical Center; Ewha Womans University; Ewha Womans University Mokdong Hospital; Gachon University Gil Medical Center; Gachon University Medical Center Dong Incheon Gil Hospital; Gangnam Severance Hospital; Hanyang University; Inha University; Inha University Hospital; Inje University Ilsan Paik Hospital; MSD (South Korea); North Florida/South Georgia Veterans Health System; Research Institute for Future Medicine; Samsung (South Korea); Samsung Biomedical Research Institute; Samsung Medical Center; Sungkyunkwan University; University of California, San Francisco; University of Florida; University of Florida Health; University of Ulsan; Yonsei University; Yonsei University Health System",KR; US,yes,207,A Comprehensive Evaluation of the Process of Copying a Complex Figure in Early- and Late-Onset Alzheimer Disease: A Quantitative Analysis of Digital Pen Data,needs_review,Samsung Medical Center; Research Institute for Future Medicine; Sungkyunkwan University,openalex_last_known,,,,,Samsung Medical Center; Research Institute for Future Medicine; Sungkyunkwan University,KR,yes,no,yes,no,155,A_review_first,strong collaboration signal + academic affiliation + bio relevance,,,,,no,no,no,,0.82,"strong network signal, but no explicit professor title evidence",review
A5059766169,Do‐Youn Oh,122,29,P0078; P0079; P0108; P0219; P0253; P0350; P0498; P0526; P0588; P0594; P0722; P0998; P1069; P1123; P1153; P1423; P1628; P1629; P1630; P1632; P1634; P1646; P1650; P1655; P1661; P1662; P1663; P1671; P1673,SNUH SMG-SNU Boramae Medical Center; Seoul National University; Seoul National University Bundang Hospital; Seoul National University Hospital; Seoul National University Hospital Biomedical Research Institute,KR,yes,206,Oncological Benefits of Neoadjuvant Chemoradiation With Gemcitabine Versus Upfront Surgery in Patients With Borderline Resectable Pancreatic Cancer,needs_review,Seoul National University; Seoul National University Hospital,openalex_last_known,,,,,Seoul National University; Seoul National University Hospital,KR,yes,no,yes,no,155,A_review_first,strong collaboration signal + academic affiliation + bio relevance,,,,,,,,,0.82,"strong network signal, but no explicit professor title evidence",review
A5004166441,Seok Jin Kim,236,28,P0006; P0007; P0013; P0014; P0020; P0028; P0050; P0201; P0355; P0359; P0393; P0456; P0484; P0542; P0603; P0693; P1001; P1098; P1114; P1125; P1182; P1398; P1406; P1634; P1641; P1666; P1687; P1690,Akita University Hospital; Asan Medical Center; Chonnam National University Hwasun Hospital; Chungnam National University; Dong-A University; Dong-A University Hospital; Ewha Womans University; Hanyang University; Konkuk University; Konkuk University Medical Center; Korea Advanced Institute of Science and Technology; Korea University; Korea University Anam Hospital; Korea University Medical Center; National Cancer Center; National Cancer Center Hospital; National Health Insurance Service Ilsan Hospital; National Hospital Organization Kyushu Cancer Center; Pusan National University Hospital; Research Institute for Future Medicine; Saitama International Medical Center; Samsung (South Korea); Samsung Biomedical Research Institute; Samsung Changwon Hospital; Samsung Medical Center; Samsung Seoul Hospital; Seoul National University Hospital; Severance Hospital; Soonchunhyang University Hospital Bucheon; Sungkyunkwan University; Tokai University; Ulsan University Hospital; University of Ulsan; Yokohama City University Hospital; Yonsei University; Yonsei University Health System,JP; KR,yes,317,Alterations in the Transcriptional Programs of Myeloma Cells and the Microenvironment during Extramedullary Progression Affect Proliferation and Immune Evasion,needs_review,Seoul National University; Samsung Medical Center; Seoul National University Bundang Hospital; Sungkyunkwan University,openalex_last_known,,,,,Seoul National University; Samsung Medical Center; Seoul National University Bundang Hospital; Sungkyunkwan University,KR,yes,no,yes,no,150,A_review_first,strong collaboration signal + academic affiliation + bio relevance,,,,,no,no,no,,0.82,"strong network signal, but no explicit professor title evidence",review
A5101626383,Yon Su Kim,119,28,P0028; P0030; P0034; P0040; P0043; P0056; P0064; P0068; P0076; P0079; P0083; P0115; P0317; P0403; P0691; P0696; P0986; P0991; P1080; P1198; P1223; P1297; P1465; P1492; P1506; P1539; P1648; P1715,Armed Forces Capital Hospital; Eulji University Uijeongbu Eulji Medical Center; Keimyung University; Kyungpook National University; Kyungpook National University Hospital; Kyungpook National University Medical Center; SNUH SMG-SNU Boramae Medical Center; Samsung Medical Center; Seoul National University; Seoul National University Hospital; Seoul National University Hospital Biomedical Research Institute; Yonsei University; Yonsei University Health System,KR,yes,200,Identification of radiation-specific responses from gene expression profile,needs_review,Seoul National University; Seoul National University Hospital; Keimyung University,openalex_last_known,,,,,Seoul National University; Seoul National University Hospital; Keimyung University,KR,yes,no,yes,no,150,A_review_first,strong collaboration signal + academic affiliation + bio relevance,,,,,no,no,no,,0.82,"strong network signal, but no explicit professor title evidence",review
A5066303894,Bang Yeon Hwang,267,27,P0028; P0036; P0055; P0277; P0486; P0488; P0700; P0738; P0804; P0962; P0996; P0999; P1000; P1069; P1177; P1191; P1195; P1199; P1205; P1218; P1225; P1400; P1403; P1407; P1424; P1534; P1565,Chungbuk National University; Chungnam National University; Dongguk University; Konkuk University; Korea Institute of Science and Technology; Korea Research Institute of Bioscience and Biotechnology; Korea University; Korea University of Science and Technology; National Forensic Institute; Pusan National University; University of Kentucky; Wonkwang University,KR; US,yes,345,Anti-inflammatory flavonoids from root bark of Broussonetia papyrifera in LPS-stimulated RAW264.7 cells,needs_review,Chungbuk National University,openalex_last_known,,,,,Chungbuk National University,KR,yes,no,yes,no,145,A_review_first,strong collaboration signal + academic affiliation + bio relevance,,,,,no,no,no,,0.82,"strong network signal, but no explicit professor title evidence",review
A5086377751,Youngkeun Ahn,198,27,P0007; P0030; P0042; P0201; P0446; P0580; P0600; P0722; P0740; P0920; P0965; P1010; P1114; P1176; P1185; P1198; P1209; P1213; P1222; P1316; P1353; P1411; P1469; P1472; P1505; P1685; P1686,Chonnam National University; Chonnam National University Hospital; Konyang University; Konyang University Hospital; Korea Research Institute of Bioscience and Biotechnology; Korean Society of Cardiology; Kyungpook National University; Ministry of Health and Welfare; Seoul National University Hospital; Soonchunhyang University Hospital Seoul; Wonkwang University Hospital; Yeungnam University,KR,yes,276,Screening ginseng saponins in progenitor cells identifies 20(R)-ginsenoside Rh2 as an enhancer of skeletal and cardiac muscle regeneration,needs_review,Chonnam National University; Chonnam National University Hospital; Chung-Ang University Gwangmyeong Hospital; Chung-Ang University Healthcare System; Chung-Ang University,openalex_last_known,,,,,Chonnam National University; Chonnam National University Hospital; Chung-Ang University Gwangmyeong Hospital; Chung-Ang University Healthcare System; Chung-Ang University,KR,yes,no,yes,no,145,A_review_first,strong collaboration signal + academic affiliation + bio relevance,,,,,no,no,no,,0.82,"strong network signal, but no explicit professor title evidence",review
A5100404804,Do Young Kim,161,27,P0092; P0144; P0342; P0355; P0557; P0582; P0596; P0912; P0920; P0923; P0926; P1027; P1113; P1182; P1398; P1403; P1436; P1547; P1631; P1634; P1635; P1641; P1647; P1662; P1678; P1744; P1754,CHA University Bundang Medical Center; Chonnam National University; Gachon University; Gangnam Severance Hospital; Health Insurance Review and Assessment Service; Korea Basic Science Institute; Korea Research Institute of Bioscience and Biotechnology; Korea University; Korea University Anam Hospital; Korea University Medical Center; Kyung Hee University; National Cancer Center; Pusan National University; Seoul National University; Seoul National University Hospital; Severance Hospital; Soonchunhyang University; Soonchunhyang University Hospital Bucheon; Soonchunhyang University Hospital Cheonan; Yonsei Cancer Hospital; Yonsei University; Yonsei University Health System; Yonsei University Mirae Campus,KR,yes,239,The Korean guideline for hepatocellular carcinoma surveillance,needs_review,Yonsei University; Severance Hospital; Yonsei University Health System,openalex_last_known,,,,,Yonsei University; Severance Hospital; Yonsei University Health System,KR,yes,no,yes,no,145,A_review_first,strong collaboration signal + academic affiliation + bio relevance,,,,,,,,,0.82,"strong network signal, but no explicit professor title evidence",review
A5115587920,Dong Soo Lee,155,27,P0021; P0067; P0075; P0079; P0114; P0123; P0205; P0228; P0337; P0486; P0526; P0534; P0689; P0711; P0734; P0746; P0802; P0823; P1069; P1121; P1128; P1137; P1170; P1297; P1306; P1637; P1645,Chungnam National University; Ewha Womans University; Kangwon National University; Korea Research Institute of Chemical Technology; Korea University; Pohang University of Science and Technology; Seoul National University; Seoul National University Bundang Hospital; Seoul National University Children's Hospital; Seoul National University Hospital,JP; KR,yes,233,Nanoparticles Modified by Encapsulation of Ligands with a Long Alkyl Chain to Affect Multispecific and Multimodal Imaging,needs_review,Pohang University of Science and Technology; Seoul National University; National Institute of Horticultural and Herbal Science,openalex_last_known,,,,,Pohang University of Science and Technology; Seoul National University; National Institute of Horticultural and Herbal Science,KR,yes,no,yes,no,145,A_review_first,strong collaboration signal + academic affiliation + bio relevance,,,,,no,no,no,,0.82,"strong network signal, but no explicit professor title evidence",review
A5030107272,Keunchil Park,139,27,P0007; P0028; P0040; P0057; P0079; P0134; P0135; P0156; P0163; P0350; P0484; P0603; P0622; P0914; P1088; P1178; P1182; P1293; P1385; P1405; P1632; P1649; P1660; P1661; P1681; P1682; P1690,Aarhus University; Aarhus University Hospital; Ajou University Hospital; Asan Medical Center; Chung-Ang University; Dankook University; Dankook University Hospital; Gyeongsang National University; Hanyang University; Korea Advanced Institute of Science and Technology; Korea Institute of Science & Technology Information; Korea University; Korea University Medical Center; National Cancer Center; Samsung (South Korea); Samsung Advanced Institute of Technology (South Korea); Samsung Biomedical Research Institute; Samsung Medical Center; Sangmyung University; Seoul National University; Seoul National University Hospital; Sungkyunkwan University; The University of Texas MD Anderson Cancer Center; University of Ulsan,DK; KR; US,yes,217,Single-cell RNA sequencing demonstrates the molecular and cellular reprogramming of metastatic lung adenocarcinoma,needs_review,The University of Texas MD Anderson Cancer Center; Samsung Medical Center; Sungkyunkwan University,openalex_last_known,,,,,The University of Texas MD Anderson Cancer Center; Samsung Medical Center; Sungkyunkwan University,KR; US,yes,no,yes,no,145,A_review_first,strong collaboration signal + academic affiliation + bio relevance,,,,,no,no,no,,0.82,"strong network signal, but no explicit professor title evidence",review
A5101445353,Yeon Hee Park,199,26,P0013; P0028; P0075; P0350; P0355; P0414; P0484; P0498; P0703; P0722; P0774; P0998; P1302; P1489; P1625; P1629; P1632; P1634; P1642; P1646; P1649; P1660; P1661; P1671; P1682; P1690,"Asan Medical Center; Duksung Women's University; Hanyang University; Hospital Clínic de Barcelona; Inserm; Institut Curie; Japanese Foundation For Cancer Research; Kanagawa Cancer Center; Keimyung University Dongsan Hospital; Keimyung University Dongsan Medical Center; Kyungpook National University; Kyungpook National University Chilgok Hospital; Memorial Sloan Kettering Cancer Center; Merck & Co., Inc., Rahway, NJ, USA (United States); National Cancer Center; Novartis (Switzerland); SHOWA Medical University; Samsung (South Korea); Samsung Biomedical Research Institute; Samsung Medical Center; Samsung SDS (South Korea); Sungkyunkwan University; Takeda (Japan); The Cancer Institute Hospital; University of Ulsan; Université Paris Cité; Université de Montpellier; Vall d'Hebron Institute of Oncology; Yonsei University",CH; ES; FR; JP; KR; US,yes,274,Single-cell RNA-seq enables comprehensive tumour and immune cell profiling in primary breast cancer,needs_review,Samsung Medical Center; The Catholic University of Korea Daejeon St. Mary's Hospital; Sungkyunkwan University; Catholic University of Korea,openalex_last_known,,,,,Samsung Medical Center; The Catholic University of Korea Daejeon St. Mary's Hospital; Sungkyunkwan University; Catholic University of Korea,KR,yes,no,yes,no,140,A_review_first,strong collaboration signal + academic affiliation + bio relevance,,,,,,,,,0.82,"strong network signal, but no explicit professor title evidence",review
A5009312981,Myung‐Geun Shin,171,26,P0006; P0013; P0014; P0016; P0020; P0030; P0137; P0220; P0355; P0449; P0527; P0594; P1094; P1115; P1174; P1175; P1182; P1198; P1204; P1209; P1639; P1642; P1665; P1668; P1685; P1691,Asan Medical Center; Chonnam National University; Chonnam National University Hospital; Chonnam National University Hwasun Hospital; Chung-Ang University; Gyeongsang National University; Korea Association of Health Promotion; Korea University; Korea University Medical Center; National Cancer Center; National Health Laboratory; Samsung Medical Center; Sungkyunkwan University; Wonkwang University Hospital,KR; MM,yes,246,"Clinical Significance Of SF3B1, U2AF1 and SRSF2 Spliceosomal Gene Mutations For The Treatment Of Hypomethylating Agents In Myelodysplastic Syndrome",needs_review,Chonnam National University; Chonnam National University Hospital; Chonnam National University Hwasun Hospital,openalex_last_known,,,,,Chonnam National University; Chonnam National University Hospital; Chonnam National University Hwasun Hospital,KR,yes,no,yes,no,140,A_review_first,strong collaboration signal + academic affiliation + bio relevance,,,,,no,no,no,,0.82,"strong network signal, but no explicit professor title evidence",review
A5024891671,Dae Seog Heo,133,26,P0007; P0057; P0064; P0067; P0079; P0115; P0200; P0209; P0326; P0350; P0707; P1000; P1113; P1178; P1190; P1401; P1423; P1628; P1630; P1637; P1641; P1646; P1661; P1662; P1682; P1685,Ajou University Hospital; Asan Medical Center; Chung-Ang University; Gyeongsang National University; Hanyang University; Kangdong Sacred Heart Hospital; Keimyung University Dongsan Medical Center; Korea Advanced Institute of Science and Technology; Korea Institute of Science & Technology Information; Korea University Guro Hospital; Korea University Medical Center; Kyung Hee University; National Cancer Center; SNUH SMG-SNU Boramae Medical Center; Samsung Medical Center; Seoul National University; Seoul National University Bundang Hospital; Seoul National University Hospital; Sungkyunkwan University; The Catholic University of Korea Seoul St. Mary's Hospital; University of Ulsan; Yonsei University,KR,yes,208,Clonal History and Genetic Predictors of Transformation Into Small-Cell Carcinomas From Lung Adenocarcinomas,needs_review,Seoul National University; Seoul National University Hospital,openalex_last_known,,,,,Seoul National University; Seoul National University Hospital,KR,yes,no,yes,no,140,A_review_first,strong collaboration signal + academic affiliation + bio relevance,,,,,no,no,no,,0.82,"strong network signal, but no explicit professor title evidence",review
A5050684671,Yung‐Jue Bang,131,26,P0057; P0079; P0253; P0326; P0350; P0498; P0526; P0594; P0707; P0786; P0998; P1062; P1113; P1123; P1423; P1625; P1628; P1630; P1632; P1646; P1652; P1655; P1661; P1662; P1663; P1673,Cancer Research Institute; Chonnam National University; National Cancer Center; National Cancer Center Hospital; SNUH SMG-SNU Boramae Medical Center; Seoul National University; Seoul National University Bundang Hospital; Seoul National University Cancer Hospital; Seoul National University Hospital; Seoul National University Hospital Biomedical Research Institute; Yonsei Cancer Hospital; Yonsei University,KR; US,yes,206,Public Awareness of Gastric Cancer Risk Factors and Disease Screening in a High Risk Region: A Population-Based Study,needs_review,Seoul National University,openalex_last_known,,,,,Seoul National University,KR,yes,no,yes,no,140,A_review_first,strong collaboration signal + academic affiliation + bio relevance,,,,,no,no,no,,0.82,"strong network signal, but no explicit professor title evidence",review
A5057387325,Seung‐Ki Kim,279,25,P0028; P0057; P0060; P0114; P0250; P0364; P0442; P0484; P0601; P0606; P0695; P0696; P0986; P1173; P1176; P1227; P1318; P1365; P1373; P1376; P1438; P1521; P1637; P1649; P1665,Ajou University; Brigham and Women's Hospital; CHA University; CHA University Bundang Medical Center; Chung-Ang University; Clinical Research Institute; Gachon University Gil Medical Center; Gyeongsang National University; Gyeongsang National University Hospital; Harvard University; Konkuk University; Konkuk University Medical Center; Korea Research Institute of Bioscience and Biotechnology; Korean Neurosurgical Society; McGill University; McMaster University; National Cancer Center; Samsung (South Korea); Samsung Biomedical Research Institute; Samsung Medical Center; Seoul National University; Seoul National University Bundang Hospital; Seoul National University Cancer Hospital; Seoul National University Children's Hospital; Seoul National University Hospital; Seoul National University Hospital Biomedical Research Institute; Soonchunhyang University Hospital Bucheon; Sunchon National University; Sungkyunkwan University; The Catholic University of Korea Seoul St. Mary's Hospital; University Medical Center Hamburg-Eppendorf; University of British Columbia; University of British Columbia Hospital; University of Toronto; Wooridul Hospital,CA; DE; KR; US,yes,351,Smooth-muscle progenitor cells isolated from patients with moyamoya disease: novel experimental cell model,needs_review,Seoul National University; Seoul National University Hospital; Seoul National University Children's Hospital,openalex_last_known,,,,,Seoul National University; Seoul National University Hospital; Seoul National University Children's Hospital,KR,yes,no,yes,no,135,A_review_first,strong collaboration signal + academic affiliation + bio relevance,,,,,,,,,0.82,"strong network signal, but no explicit professor title evidence",review
A5055431215,Kyoung‐Mee Kim,153,25,P0007; P0028; P0250; P0285; P0306; P0384; P0445; P0484; P0631; P0986; P1080; P1113; P1184; P1210; P1385; P1555; P1628; P1630; P1640; P1649; P1657; P1669; P1682; P1687; P1690,Ajou University; Asan Medical Center; Samsung (South Korea); Samsung Biomedical Research Institute; Samsung Medical Center; Sungkyunkwan University,KR,yes,225,Determinants of Response and Intrinsic Resistance to PD-1 Blockade in Microsatellite Instability–High Gastric Cancer,needs_review,Samsung (South Korea); Samsung Medical Center; Sungkyunkwan University,openalex_last_known,,,,,Samsung (South Korea); Samsung Medical Center; Sungkyunkwan University,KR,yes,no,yes,no,135,A_review_first,strong collaboration signal + academic affiliation + bio relevance,,,,,no,no,no,,0.82,"strong network signal, but no explicit professor title evidence",review
A5030577122,Joohyuk Sohn,153,25,P0007; P0028; P0199; P0389; P0485; P0498; P0603; P0925; P0926; P0998; P1184; P1259; P1305; P1324; P1398; P1460; P1625; P1633; P1642; P1646; P1661; P1663; P1671; P1682; P1690,"Asan Medical Center; Daegu Catholic University Medical Center; Fudan University Shanghai Cancer Center; Hospital Clínic de Barcelona; Inserm; Institut Curie; Japanese Foundation For Cancer Research; Kanagawa Cancer Center; Kyungpook National University; Kyungpook National University Chilgok Hospital; Massachusetts General Hospital; Memorial Sloan Kettering Cancer Center; National Cancer Center; National Cancer Center Hospital; National Cancer Centre Japan; National Cancer Centre Singapore; National Taiwan University Hospital; SHOWA Medical University; Samsung Medical Center; Seoul National University; Seoul National University Hospital; Severance Hospital; Shanghai Medical College of Fudan University; Soonchunhyang University; Sungkyunkwan University; The Cancer Institute Hospital; Third Affiliated Hospital of Harbin Medical University; UCLA Jonsson Comprehensive Cancer Center; University of California, Los Angeles; University of Ulsan; Université Paris Cité; Université de Montpellier; Vall d'Hebron Institute of Oncology; Yonsei Cancer Hospital; Yonsei University; Yonsei University Health System",CN; ES; FR; JP; KR; SG; TW; US,yes,225,"Palbociclib plus exemestane with gonadotropin-releasing hormone agonist versus capecitabine in premenopausal women with hormone receptor-positive, HER2-negative metastatic breast cancer (KCSG-BR15-10): a multicentre, open-label, randomised, phase 2 trial",needs_review,Yonsei University; Yonsei University Health System; Yonsei Cancer Hospital,openalex_last_known,,,,,Yonsei University; Yonsei University Health System; Yonsei Cancer Hospital,KR,yes,no,yes,no,135,A_review_first,strong collaboration signal + academic affiliation + bio relevance,,,,,,,,,0.82,"strong network signal, but no explicit professor title evidence",review
A5007213477,Hyuk Lee,130,25,P0007; P0028; P0384; P0428; P0445; P0597; P0696; P0718; P0746; P1113; P1240; P1248; P1276; P1398; P1403; P1436; P1570; P1628; P1639; P1640; P1643; P1651; P1680; P1682; P1687,Asan Medical Center; Dong-A University; Dong-A University Hospital; Ewha Womans University; Ewha Womans University Mokdong Hospital; Ewha Womans University Seoul Hospital; Gangnam Severance Hospital; Hanyang University; Hanyang University Medical Center; Hanyang University Seoul Hospital; Inha University; Institute for Basic Science; Jeonbuk National University Hospital; Korea Research Institute of Chemical Technology; Korea University of Science and Technology; National Cancer Center; Samsung Medical Center; Seoul National University; Seoul National University Bundang Hospital; Seoul National University Hospital; Sungkyunkwan University; University of Ulsan; Yonsei University; Yonsei University Health System,KR,yes,202,Determinants of Response and Intrinsic Resistance to PD-1 Blockade in Microsatellite Instability–High Gastric Cancer,needs_review,Samsung Medical Center; Ewha Womans University Mokdong Hospital; Sungkyunkwan University,openalex_last_known,,,,,Samsung Medical Center; Ewha Womans University Mokdong Hospital; Sungkyunkwan University,KR,yes,no,yes,no,135,A_review_first,strong collaboration signal + academic affiliation + bio relevance,,,,,,,,,0.82,"strong network signal, but no explicit professor title evidence",review
A5041899046,Soo‐Mee Bang,130,25,P0007; P0013; P0014; P0020; P0043; P0075; P0123; P0347; P0350; P0355; P0428; P0603; P0704; P0707; P0722; P1141; P1182; P1235; P1398; P1641; P1642; P1644; P1646; P1666; P1685,Asan Medical Center; Chungnam National University Hospital; Dankook University; Gachon University; Gachon University Gil Medical Center; Gyeongsang National University; Gyeongsang National University Hospital; Hallym University; Hallym University Medical Center; Inje University Busan Paik Hospital; Kangdong Sacred Heart Hospital; National Cancer Center; National Cancer Center Hospital; Samsung Medical Center; Seoul National University; Seoul National University Bundang Hospital; Seoul National University Hospital; Severance Hospital; Soonchunhyang University; Sungkyunkwan University; The Korean Society of Hematology; The University of Texas MD Anderson Cancer Center; University of Ulsan; Yonsei Cancer Hospital; Yonsei University; Yonsei University Health System,KR; US,yes,202,Differences in characteristics between first and breakthrough neutropenic fever after chemotherapy in patients with hematologic disease,needs_review,Seoul National University; Seoul National University Bundang Hospital,openalex_last_known,,,,,Seoul National University; Seoul National University Bundang Hospital,KR,yes,no,yes,no,135,A_review_first,strong collaboration signal + academic affiliation + bio relevance,,,,,no,no,no,,0.82,"strong network signal, but no explicit professor title evidence",review
A5089171427,Young Sam Kim,167,24,P0327; P0333; P0409; P0568; P0586; P0589; P0591; P0603; P0673; P0703; P0711; P0722; P0920; P0923; P1098; P1182; P1311; P1423; P1572; P1627; P1635; P1651; P1664; P1705,Ajou University; Catholic University of Korea; Dong-A University Hospital; Gachon University Gil Medical Center; Gachon University Medical Center; Inha University; Inha University Hospital; Korea Center for Disease Control and Prevention; Korea Disease Control and Prevention Agency; Pusan National University; Pusan National University Yangsan Hospital; Seoul National University; Seoul National University Bundang Hospital; Severance Hospital; Yonsei University; Yonsei University Health System,KR,yes,236,Medical Utilization and Cost in Patients with Overlap Syndrome of Chronic Obstructive Pulmonary Disease and Asthma,needs_review,Inha University; Yonsei University; Chungnam National University; Severance Hospital; Inha University Hospital; Yonsei University Health System,openalex_last_known,,,,,Inha University; Yonsei University; Chungnam National University; Severance Hospital; Inha University Hospital; Yonsei University Health System,KR,yes,no,yes,no,130,A_review_first,strong collaboration signal + academic affiliation + bio relevance,,,,,,,,,0.82,"strong network signal, but no explicit professor title evidence",review
A5011107729,Do Joong Park,204,23,P0078; P0079; P0114; P0123; P0367; P0383; P0405; P0542; P0550; P0587; P0606; P0616; P1172; P1418; P1628; P1630; P1643; P1648; P1650; P1661; P1669; P1683; P1687,Catholic Kwandong University; Catholic Kwandong University International St. Mary's Hospital; Catholic University of Korea; Chung-Ang University Gwangmyeong Hospital; Gachon University; Gachon University Gil Medical Center; Gachon University Medical Center; Gyeongsang National University; Gyeongsang National University Changwon Hospital; Gyeongsang National University Hospital; Korea Institute of Science and Technology; Kyungpook National University; Kyungpook National University Chilgok Hospital; Memorial Sloan Kettering Cancer Center; National University of Singapore; Pusan National University; Pusan National University Hospital; Seoul National University; Seoul National University Bundang Hospital; Seoul National University Hospital; St. Paul's Hospital; The Catholic University of Korea Eunpyeong St. Mary's Hospital; The Catholic University of Korea Seoul St. Mary's Hospital,KR; SG; US,yes,270,The 2024 Korean Enhanced Recovery After Surgery (ERAS) guidelines for colorectal cancer: a secondary publication,needs_review,Seoul National University; Seoul National University Hospital; Seoul National University Bundang Hospital; The Catholic University of Korea Seoul St. Mary's Hospital; Catholic University of Korea,openalex_last_known,,,,,Seoul National University; Seoul National University Hospital; Seoul National University Bundang Hospital; The Catholic University of Korea Seoul St. Mary's Hospital; Catholic University of Korea,KR,yes,no,yes,no,125,A_review_first,strong collaboration signal + academic affiliation + bio relevance,,,,,,,,,0.82,"strong network signal, but no explicit professor title evidence",review
A5066708574,Hyuk‐Joon Lee,198,23,P0075; P0078; P0079; P0114; P0359; P0367; P0405; P0445; P0616; P0752; P1172; P1405; P1510; P1628; P1630; P1643; P1648; P1655; P1661; P1665; P1683; P1684; P1685,Ajou University; Catholic University of Korea; Jackson Laboratory; Korea Institute of Science and Technology; Kosin University Gospel Hospital; National Cancer Center; Plastic Surgery Hospital; Seoul National University; Seoul National University Bundang Hospital; Seoul National University Cancer Hospital; Seoul National University Hospital; The Catholic University of Korea Seoul St. Mary's Hospital,CN; KR; US,yes,264,Clinicopathologic Analysis of Gastrointestinal Stromal Tumors in Duodenum and Small Intestine,needs_review,Seoul National University; Seoul National University Hospital,openalex_last_known,,,,,Seoul National University; Seoul National University Hospital,KR,yes,no,yes,no,125,A_review_first,strong collaboration signal + academic affiliation + bio relevance,,,,,,,,,0.82,"strong network signal, but no explicit professor title evidence",review
A5011980528,Min Hee Hong,164,23,P0007; P0028; P0068; P0179; P0253; P0722; P0740; P0774; P0878; P0914; P0945; P1193; P1215; P1235; P1250; P1363; P1570; P1632; P1634; P1642; P1661; P1681; P1745,Severance Hospital; Yongin Severance Hospital; Yonsei Cancer Hospital; Yonsei University; Yonsei University Health System,KR,yes,230,Genome-wide identification of differentially methylated promoters and enhancers associated with response to anti-PD-1 therapy in non-small cell lung cancer,needs_review,Yonsei University; Severance Hospital; Yonsei University Health System; Yonsei Cancer Hospital; Yongin Severance Hospital,openalex_last_known,,,,,Yonsei University; Severance Hospital; Yonsei University Health System; Yonsei Cancer Hospital; Yongin Severance Hospital,KR,yes,no,yes,no,125,A_review_first,strong collaboration signal + academic affiliation + bio relevance,,,,,no,no,no,,0.82,"strong network signal, but no explicit professor title evidence",review
A5061084622,Soo‐Jeong Cho,159,23,P0428; P0597; P1179; P1398; P1609; P1628; P1629; P1630; P1636; P1638; P1639; P1640; P1641; P1642; P1643; P1651; P1660; P1661; P1662; P1669; P1676; P1680; P1683,Chosun University; Memorial Sloan Kettering Cancer Center; National Cancer Center; National Cancer Center Hospital; Seoul National University; Seoul National University Bundang Hospital; Seoul National University Hospital; Sungkyunkwan University,KR; US,yes,225,Association of the interval between endoscopies with gastric cancer stage at diagnosis in a region of high prevalence,needs_review,Seoul National University,openalex_last_known,,,,,Seoul National University,KR,yes,no,yes,no,125,A_review_first,strong collaboration signal + academic affiliation + bio relevance,,,,,,,,,0.82,"strong network signal, but no explicit professor title evidence",review
A5071829277,Hee‐Joon Bae,292,22,P0219; P0297; P0325; P0367; P0379; P0380; P0532; P0534; P0535; P1137; P1238; P1302; P1323; P1345; P1368; P1418; P1457; P1507; P1635; P1645; P1686; P1700,"Asan Medical Center; Chonnam National University; Chonnam National University Hospital; Chungbuk National University; Chungbuk National University Hospital; Daejeon Eulji Medical Center, Eulji University; Dong-A University Hospital; Dongguk University; Dongguk University Gyeongju Hospital; Dongguk University Ilsan Hospital; Eulji Medical Center; Eulji University; Eulji University Nowon Eulji Medical Center; Eulji University Uijeongbu Eulji Medical Center; Gachon University; Gachon University Gil Medical Center; Gyeonggi Provincal Medical Center Icheon Hospital; Hallym University Dongtan Sacred Heart Hospital; Hallym University Sacred Heart Hospital; Hospital de Sant Pau; Inje University; Inje University Busan Paik Hospital; Inje University Ilsan Paik Hospital; Institut de Recerca Sant Pau; Korea University; Kyung Hee University; Monash Health; Monash Medical Centre; Neurology, Inc; Samsung Medical Center; Seoul Medical Center; Seoul National University; Seoul National University Bundang Hospital; Seoul National University Hospital; Soonchunhyang University Hospital Seoul; St. Michael's Hospital; Sungkyunkwan University; The University of Texas MD Anderson Cancer Center; UCL Queen Square Institute of Neurology; Ulsan University Hospital; Union Hospital; University College London; University of Southern California; University of Toronto; University of Ulsan; University of Wisconsin–Madison; Yeungnam University",AU; CA; CN; ES; GB; KR; US,yes,355,Update of the Korean Clinical Practice Guidelines for Endovascular Recanalization Therapy in Patients with Acute Ischemic Stroke,needs_review,Seoul National University; Monash Medical Centre; Seoul National University Bundang Hospital; Monash Health,openalex_last_known,,,,,Seoul National University; Monash Medical Centre; Seoul National University Bundang Hospital; Monash Health,AU; KR,yes,no,yes,no,120,A_review_first,strong collaboration signal + academic affiliation + bio relevance,,,,,,,,,0.82,"strong network signal, but no explicit professor title evidence",review
A5043824226,June‐Won Cheong,225,22,P0007; P0013; P0014; P0020; P0253; P0355; P0903; P0914; P0920; P0923; P1027; P1098; P1176; P1182; P1188; P1213; P1228; P1294; P1398; P1641; P1664; P1666,Asan Medical Center; CHA University; CHA University Bundang Medical Center; Catholic University of Korea; Chungnam National University; Chungnam National University Hospital; Ewha Womans University; Gachon University Gil Medical Center; Inje University; Inje University Busan Paik Hospital; Nagasaki University; National Cancer Center; Samsung Medical Center; Severance Hospital; Sungkyunkwan University; The Korean Society of Hematology; Ulsan University Hospital; University of Ulsan; Wonju Severance Christian Hospital; Yonsei University; Yonsei University Health System; Yonsei University Mirae Campus,JP; KR,yes,288,Identification of MYC as an antinecroptotic protein that stifles RIPK1–RIPK3 complex formation,needs_review,Yonsei University; Severance Hospital; Yonsei University Health System,openalex_last_known,,,,,Yonsei University; Severance Hospital; Yonsei University Health System,KR,yes,no,yes,no,120,A_review_first,strong collaboration signal + academic affiliation + bio relevance,,,,,,,,,0.82,"strong network signal, but no explicit professor title evidence",review
A5102924577,Chang‐Ki Min,178,22,P0006; P0007; P0013; P0020; P0030; P0079; P0291; P0346; P0347; P0355; P0616; P0722; P1094; P1098; P1182; P1234; P1489; P1628; P1641; P1642; P1649; P1666,Asan Medical Center; Catholic University of Korea; Chonnam National University Hwasun Hospital; Chung-Ang University Hospital; Dong-A University; Dong-A University Hospital; Janssen Korea (South Korea); Kyungpook National University Hospital; Samsung Medical Center; Seoul National University; Seoul National University Bundang Hospital; Seoul National University Hospital; Sungkyunkwan University; The Catholic University of Korea Seoul St. Mary's Hospital; The Catholic University of Korea Yeouido St. Mary's Hospital; Yeungnam University Medical Center,KR,yes,241,Evidence-based Guidelines for Empirical Therapy of Neutropenic Fever in Korea,needs_review,The Catholic University of Korea Seoul St. Mary's Hospital; Catholic University of Korea,openalex_last_known,,,,,The Catholic University of Korea Seoul St. Mary's Hospital; Catholic University of Korea,KR,yes,no,yes,no,120,A_review_first,strong collaboration signal + academic affiliation + bio relevance,,,,,no,no,no,,0.82,"strong network signal, but no explicit professor title evidence",review
A5052064676,Byung‐Hee Oh,149,22,P0007; P0028; P0030; P0064; P0067; P0083; P0477; P0526; P0533; P0600; P0707; P0722; P1114; P1121; P1178; P1297; P1324; P1459; P1630; P1635; P1686; P1725,Boston University; Chonnam National University Hospital; Dongguk University Ilsan Hospital; Incheon Medical Center; Innovative Research Institute for Cell Therapy; Keimyung University Dongsan Hospital; Keimyung University Dongsan Medical Center; Konkuk University; Konkuk University Medical Center; Korean Society of Cardiology; Pusan National University Hospital; Samsung Medical Center; Sejong General Hospital; Seoul National University; Seoul National University Bundang Hospital; Seoul National University Hospital; Severance Hospital; Sungkyunkwan University; University of Ulsan,KR; US,yes,212,FOXO3a Turns the Tumor Necrosis Factor Receptor Signaling Towards Apoptosis Through Reciprocal Regulation of c-Jun N-Terminal Kinase and NF-κB,needs_review,Sejong General Hospital; Sungkyunkwan University,openalex_last_known,,,,,Sejong General Hospital; Sungkyunkwan University,KR,yes,no,yes,no,120,A_review_first,strong collaboration signal + academic affiliation + bio relevance,,,,,no,no,no,,0.82,"strong network signal, but no explicit professor title evidence",review
A5006618457,Eun‐Seok Jeon,148,22,P0007; P0021; P0030; P0050; P0205; P0211; P0446; P0541; P0722; P1114; P1125; P1158; P1245; P1294; P1297; P1410; P1593; P1649; P1682; P1686; P1687; P1725,Asan Medical Center; Chonnam National University Hospital; Chungbuk National University; Chungbuk National University Hospital; Chungnam National University; Chungnam National University Hospital; Konkuk University; Konkuk University Medical Center; Samsung (South Korea); Samsung Biomedical Research Institute; Samsung Medical Center; Samsung Seoul Hospital; Seoul National University Bundang Hospital; Seoul National University Hospital; Sungkyunkwan University; The Catholic University of Korea Seoul St. Mary's Hospital; University of Ulsan,KR,yes,211,Decreased Number and Impaired Angiogenic Function of Endothelial Progenitor Cells in Patients With Chronic Renal Failure,needs_review,Samsung Medical Center; Sungkyunkwan University,openalex_last_known,,,,,Samsung Medical Center; Sungkyunkwan University,KR,yes,no,yes,no,120,A_review_first,strong collaboration signal + academic affiliation + bio relevance,,,,,,,,,0.82,"strong network signal, but no explicit professor title evidence",review
A5059649335,Cheol Hun Kwak,146,22,P0007; P0076; P0114; P0326; P0689; P0696; P0707; P0752; P0753; P1080; P1223; P1294; P1506; P1539; P1586; P1626; P1633; P1659; P1661; P1672; P1679; P1682,Chungbuk National University; Chungbuk National University Hospital; Eastern Cooperative Oncology Group; Memorial Sloan Kettering Cancer Center; Military Manpower Administration; SNUH SMG-SNU Boramae Medical Center; Seoul National University; Seoul National University Bundang Hospital; Seoul National University Hospital; Soonchunhyang University,KR; US,yes,209,Establishing consensus recommendations for metastatic hormone-sensitive prostate cancer in South Korea: A modified Delphi study,needs_review,Seoul National University; Seoul National University Hospital,openalex_last_known,,,,,Seoul National University; Seoul National University Hospital,KR,yes,no,yes,no,120,A_review_first,strong collaboration signal + academic affiliation + bio relevance,,,,,,,,,0.82,"strong network signal, but no explicit professor title evidence",review
A5064174334,Seong‐Ho Kong,260,21,P0078; P0079; P0114; P0359; P0405; P0428; P0445; P0550; P0616; P0752; P1069; P1405; P1510; P1628; P1630; P1634; P1639; P1643; P1661; P1683; P1685,Institut de Chirurgie Guidée par l'Image; Korea University; Korea University Medical Center; National Cancer Center; National Cancer Center Hospital; Seoul National University; Seoul National University Bundang Hospital; Seoul National University Cancer Hospital; Seoul National University Hospital; The Cancer Institute Hospital,FR; JP; KR,yes,320,Laparoscopic vs Open Distal Gastrectomy for Locally Advanced Gastric Cancer,needs_review,Seoul National University; Seoul National University Hospital,openalex_last_known,,,,,Seoul National University; Seoul National University Hospital,KR,yes,no,yes,no,115,A_review_first,strong collaboration signal + academic affiliation + bio relevance,,,,,,,,,0.82,"strong network signal, but no explicit professor title evidence",review
A5102764867,You‐Jin Jeon,225,21,P0075; P0173; P0239; P0281; P0968; P1113; P1168; P1195; P1209; P1464; P1512; P1522; P1531; P1545; P1564; P1575; P1582; P1589; P1599; P1601; P1668,Gyeongsang National University; Jeju National University; Konkuk University; Korea Basic Science Institute; Tokyo University of Agriculture and Technology,JP; KR,yes,285,RETRACTED: Protection against Oxidative Stress-Induced Apoptosis by Fermented Sea Tangle (Laminaria japonica Aresch) in Osteoblastic MC3T3-E1 Cells through Activation of Nrf2 Signaling Pathway,needs_review,Jeju National University,openalex_last_known,,,,,Jeju National University,KR,yes,no,yes,no,115,A_review_first,strong collaboration signal + academic affiliation + bio relevance,,,,,,,,,0.82,"strong network signal, but no explicit professor title evidence",review
A5078630835,Jin‐Young Jang,184,21,P0057; P0078; P0114; P0257; P0356; P0609; P0766; P0999; P1069; P1155; P1320; P1418; P1565; P1629; P1631; P1648; P1650; P1663; P1673; P1683; P1684,Korea Institute of Science and Technology; Korea University of Science and Technology; Seoul National University; Seoul National University Hospital; Sungkyunkwan University,KR,yes,244,Oncological Benefits of Neoadjuvant Chemoradiation With Gemcitabine Versus Upfront Surgery in Patients With Borderline Resectable Pancreatic Cancer,needs_review,Seoul National University; Seoul National University Hospital,openalex_last_known,,,,,Seoul National University; Seoul National University Hospital,KR,yes,no,yes,no,115,A_review_first,strong collaboration signal + academic affiliation + bio relevance,,,,,,,,,0.82,"strong network signal, but no explicit professor title evidence",review
A5048695610,Ju Han Kim,176,21,P0021; P0028; P0030; P0173; P0319; P0349; P0434; P0446; P0580; P0702; P0836; P0920; P0978; P1080; P1158; P1465; P1472; P1635; P1645; P1686; P1731,Chonnam National University; Chonnam National University Hospital; Chungnam National University Hospital; Ewha Womans University; Hanyang University Guri Hospital; Konkuk University; Kyung Hee University; Ministry of Health and Welfare; Seoul National University; Severance Hospital; Wonju Severance Christian Hospital; Yonsei University; Yonsei University Health System,KR,yes,236,Identification of radiation-specific responses from gene expression profile,needs_review,Chonnam National University; Chonnam National University Hospital,openalex_last_known,,,,,Chonnam National University; Chonnam National University Hospital,KR,yes,no,yes,no,115,A_review_first,strong collaboration signal + academic affiliation + bio relevance,,,,,no,no,no,,0.82,"strong network signal, but no explicit professor title evidence",review
A5101549059,Jin Sook Kim,144,21,P0289; P0999; P1053; P1113; P1208; P1406; P1407; P1409; P1422; P1425; P1429; P1449; P1450; P1512; P1520; P1545; P1562; P1564; P1610; P1647; P1655,"Chungbuk National University; Chungnam National University; Daejeon Eulji Medical Center, Eulji University; Daejeon University; Dongduk Women's University; Eulji University; Gachon University; Gimcheon University; Inje University Sanggye Paik Hospital; Jeonbuk National University; Korea Basic Science Institute; Korea Institute of Oriental Medicine; Korea Research Institute of Bioscience and Biotechnology; Korea University of Science and Technology; Kyungwoon University; National Cancer Center; Viện Dược liệu; Wonkwang University; Yeungnam University",KR; VN,yes,204,Polydatin Inhibits NLRP3 Inflammasome in Dry Eye Disease by Attenuating Oxidative Stress and Inhibiting the NF-κB Pathway,needs_review,Seoul National University,openalex_last_known,,,,,Seoul National University,KR,yes,no,yes,yes,112,A_review_first,strong collaboration signal + academic affiliation + bio relevance,,,,,,,,,0.5,manual review needed,review
A5050625196,Baek‐Yeol Ryoo,234,20,P0013; P0014; P0279; P0350; P0435; P0485; P0562; P0603; P1115; P1178; P1324; P1398; P1578; P1628; P1634; P1641; P1642; P1647; P1661; P1669,"Asan Medical Center; Chi Mei Medical Center; Korea Institute of Radiological and Medical Sciences; Memorial Sloan Kettering Cancer Center; National Taiwan University Hospital; Ospedale Papa Giovanni XXIII; The Royal Free Hospital; UCSF Helen Diller Family Comprehensive Cancer Center; USC Norris Comprehensive Cancer Center; University College London; University of California, San Francisco; University of Ulsan",GB; IT; KR; TW; US,yes,291,Cabozantinib in Patients with Advanced and Progressing Hepatocellular Carcinoma,needs_review,Asan Medical Center; University of Ulsan,openalex_last_known,,,,,Asan Medical Center; University of Ulsan,KR,yes,no,yes,no,110,A_review_first,strong collaboration signal + academic affiliation + bio relevance,,,,,,,,,0.82,"strong network signal, but no explicit professor title evidence",review
A5056221486,Yeo‐Kyeoung Kim,218,20,P0006; P0007; P0013; P0014; P0016; P0020; P0220; P0350; P0355; P0449; P0601; P0616; P1094; P1098; P1182; P1209; P1595; P1641; P1666; P1691,Ajou University; Ajou University Hospital; Catholic University of Korea; Chonnam National University; Chonnam National University Hospital; Chonnam National University Hwasun Hospital; Dong-A University; Ewha Womans University; Inje University; Kosin University; Kosin University Gospel Hospital; Kyungpook National University; Kyungpook National University Hospital; National Cancer Centre Japan; Samsung Medical Center; Seonam University; Soonchunhyang University; Soonchunhyang University Hospital Seoul; Sungkyunkwan University; The Catholic University of Korea Seoul St. Mary's Hospital; Tokyo Metropolitan Komagome Hospital; Ulsan University Hospital; University of Ulsan; Yonsei University; Yonsei University Health System,JP; KR,yes,275,"Clinical Significance Of SF3B1, U2AF1 and SRSF2 Spliceosomal Gene Mutations For The Treatment Of Hypomethylating Agents In Myelodysplastic Syndrome",needs_review,Chonnam National University Hwasun Hospital; The Catholic University of Korea Seoul St. Mary's Hospital; Catholic University of Korea,openalex_last_known,,,,,Chonnam National University Hwasun Hospital; The Catholic University of Korea Seoul St. Mary's Hospital; Catholic University of Korea,KR,yes,no,yes,no,110,A_review_first,strong collaboration signal + academic affiliation + bio relevance,,Impact of Community-Onset Methicillin-Resistant ...,"Affiliations. 1 Department of Laboratory Medicine, Veterans Health Service Medical Center, Seoul, Korea. 2 Department of Internal Medicine, Veterans Health ...",https://pubmed.ncbi.nlm.nih.gov/30430778/,no,no,no,,0.82,"strong network signal, but no explicit professor title evidence",review
A5084410026,Yung‐Eun Sung,185,20,P0007; P0022; P0589; P0718; P0734; P0738; P0740; P0743; P0744; P0746; P0755; P0813; P0820; P0832; P1019; P1075; P1179; P1328; P1514; P1522,Gwangju Institute of Science and Technology; Humboldt-Universität zu Berlin; Institute for Basic Science; Korea University; Pohang Accelerator Laboratory; Pohang University of Science and Technology; Seoul National University,DE; KR,yes,242,Hybrid Cellular Nanosheets for High-Performance Lithium-Ion Battery Anodes,needs_review,Tech University of Korea; Seoul National University; Institute for Basic Science,openalex_last_known,,,,,Tech University of Korea; Seoul National University; Institute for Basic Science,KR,yes,no,yes,no,110,A_review_first,strong collaboration signal + academic affiliation + bio relevance,,,,,no,no,no,,0.82,"strong network signal, but no explicit professor title evidence",review
A5090893923,Jae Min Jeong,156,20,P0067; P0114; P0115; P0123; P0200; P0337; P0345; P0361; P0399; P0486; P0711; P0746; P1069; P1114; P1121; P1137; P1180; P1297; P1637; P1639,Cancer Research Institute; Ewha Womans University; Pohang University of Science and Technology; Seoul National University; Seoul National University Hospital; Seoul National University Hospital Biomedical Research Institute,KR; US,yes,213,Nanoparticles Modified by Encapsulation of Ligands with a Long Alkyl Chain to Affect Multispecific and Multimodal Imaging,needs_review,Cancer Research Institute; Ewha Womans University; Pohang University of Science and Technology; Seoul National University; Seoul National University Hospital; Seoul National University Hospital Biomedical Research Institute,authorship_history,,,,,,,yes,no,yes,no,110,A_review_first,strong collaboration signal + academic affiliation + bio relevance,,,,,no,no,no,,0.82,"strong network signal, but no explicit professor title evidence",review
A5071649692,Ji Hoon Phi,211,19,P0028; P0057; P0114; P0201; P0250; P0364; P0439; P0484; P0601; P0696; P0722; P0986; P1181; P1227; P1373; P1438; P1579; P1637; P1649,Armed Forces Capital Hospital; Brigham and Women's Hospital; Chung-Ang University; Ewha Womans University; Gachon University Gil Medical Center; Samsung Medical Center; Seoul National University; Seoul National University Bundang Hospital; Seoul National University Cancer Hospital; Seoul National University Children's Hospital; Seoul National University Hospital; Seoul National University Hospital Biomedical Research Institute; Sunchon National University; Sungkyunkwan University; University of British Columbia; University of British Columbia Hospital; Wooridul Hospital,CA; KR; US,yes,265,Smooth-muscle progenitor cells isolated from patients with moyamoya disease: novel experimental cell model,needs_review,Seoul National University; Seoul National University Hospital; Seoul National University Children's Hospital,openalex_last_known,,,,,Seoul National University; Seoul National University Hospital; Seoul National University Children's Hospital,KR,yes,no,yes,no,105,A_review_first,strong collaboration signal + academic affiliation + bio relevance,,,,,,,,,0.82,"strong network signal, but no explicit professor title evidence",review
A5061179490,Yun‐Suhk Suh,171,19,P0075; P0078; P0079; P0114; P0359; P0405; P0616; P0752; P1054; P1405; P1409; P1510; P1628; P1630; P1643; P1661; P1665; P1683; P1685,Asan Medical Center; Gyeongsang National University; Peking University Cancer Hospital; Seoul National University; Seoul National University Bundang Hospital; Seoul National University Cancer Hospital; Seoul National University Hospital; The Cancer Institute Hospital; The Jackson Laboratory for Genomic Medicine; University of Ulsan,CN; JP; KR; US,yes,225,"Safety and Efficacy of Reduced-Port Versus Conventional Laparoscopic Distal Gastrectomy for Early Gastric Cancer: A Multicenter, Randomized, Non-inferiority Trial (KLASS-12)",needs_review,Seoul National University; Seoul National University Hospital; Seoul National University Bundang Hospital,openalex_last_known,,,,,Seoul National University; Seoul National University Hospital; Seoul National University Bundang Hospital,KR,yes,no,yes,no,105,A_review_first,strong collaboration signal + academic affiliation + bio relevance,,,,,,,,,0.82,"strong network signal, but no explicit professor title evidence",review
A5022379369,Dok Hyun Yoon,160,19,P0013; P0020; P0355; P0362; P0427; P0435; P0603; P0722; P1094; P1098; P1178; P1181; P1182; P1188; P1398; P1634; P1641; P1642; P1666,Ajou University; Asan Medical Center; Catholic University of Korea; Kosin University Gospel Hospital; Kyungpook National University Hospital; National Cancer Center; National Cancer Center Hospital; Samsung Medical Center; Seoul National University; Seoul National University Hospital; Severance Hospital; Soonchunhyang University Hospital Seoul; Sungkyunkwan University; The Catholic University of Korea Seoul St. Mary's Hospital; University of Ulsan; Yonsei University,KR,yes,214,"P-431 Clinical characteristics, prognostic factors and treatment outcomes in patients diagnosed with primary plasma cell leukemia based on the revised criteria (KMM2204)",needs_review,Asan Medical Center; University of Ulsan,openalex_last_known,,,,,Asan Medical Center; University of Ulsan,KR,yes,no,yes,no,105,A_review_first,strong collaboration signal + academic affiliation + bio relevance,,,,,,,,,0.82,"strong network signal, but no explicit professor title evidence",review
A5100681582,Beom Kyung Kim,159,19,P0092; P0099; P0211; P0340; P0342; P0532; P0541; P0912; P0923; P0926; P1398; P1403; P1436; P1627; P1631; P1647; P1679; P1685; P1744,American College of Gastroenterology; CHA University Bundang Medical Center; Daegu Catholic University; Samsung Medical Center; Seoul National University; Seoul National University Bundang Hospital; Severance Hospital; Sungkyunkwan University; Veterans Health Service Medical Center; Yonsei Cancer Hospital; Yonsei University; Yonsei University Health System; Yonsei University Mirae Campus,KR; US,yes,213,Decreased Number and Impaired Angiogenic Function of Endothelial Progenitor Cells in Patients with Chronic Renal Failure,needs_review,Yonsei University; Severance Hospital; Yonsei University Health System,openalex_last_known,,,,,Yonsei University; Severance Hospital; Yonsei University Health System,KR,yes,no,yes,no,105,A_review_first,strong collaboration signal + academic affiliation + bio relevance,,,,,,,,,0.82,"strong network signal, but no explicit professor title evidence",review
A5010733573,Jae‐Hyun Lee,154,19,P0006; P0042; P0055; P0105; P0115; P0386; P0536; P0596; P0631; P0801; P1098; P1182; P1185; P1237; P1436; P1627; P1631; P1651; P1751,Ajou University; Asan Medical Center; Chungbuk National University; Chungnam National University; Jeju National University; Jeju National University Hospital; Korea National Institute of Health; Korea Research Institute of Chemical Technology; Seoul National University; Seoul National University Hospital; Severance Hospital; University of Ulsan; Yonsei University; Yonsei University Health System,KR,yes,208,New abietane-type diterpenoids from roots of Euonymus hamiltonianus and their cytotoxicity in human cancer cell,needs_review,Seoul National University; Sungkyunkwan University,openalex_last_known,,,,,Seoul National University; Sungkyunkwan University,KR,yes,no,yes,no,105,A_review_first,strong collaboration signal + academic affiliation + bio relevance,,,,,,,,,0.82,"strong network signal, but no explicit professor title evidence",review
A5089465499,Young‐Hyuck Im,147,19,P0028; P0040; P0253; P0350; P0484; P0498; P0594; P0603; P0703; P0998; P1088; P1293; P1302; P1489; P1634; P1646; P1661; P1682; P1690,Asan Medical Center; Samsung Biomedical Research Institute; Samsung Medical Center; Seoul National University; Seoul National University Hospital; Soonchunhyang University; Sungkyunkwan University; University of Ulsan; Yonsei University,KR,yes,201,Multi-omics profiling of younger Asian breast cancers reveals distinctive molecular signatures,needs_review,Samsung Medical Center; Sungkyunkwan University,openalex_last_known,,,,,Samsung Medical Center; Sungkyunkwan University,KR,yes,no,yes,no,105,A_review_first,strong collaboration signal + academic affiliation + bio relevance,,,,,,,,,0.82,"strong network signal, but no explicit professor title evidence",review
A5102784882,Ho‐Jin Shin,215,18,P0007; P0013; P0014; P0016; P0020; P0078; P0253; P0355; P0550; P0603; P0616; P0703; P1098; P1182; P1398; P1641; P1642; P1666,Asan Medical Center; Catholic University of Korea; Chungnam National University; Chungnam National University Hospital; Dong-A University; Dong-A University Hospital; Ewha Womans University Medical Center; Gachon University Gil Medical Center; Inje University Busan Paik Hospital; Korea University; Korea University Medical Center; Kyungpook National University; Kyungpook National University Hospital; National Cancer Center; Pusan National University; Pusan National University Hospital; Seoul National University; Seoul National University Bundang Hospital; Seoul National University Hospital; Soonchunhyang University; Soonchunhyang University Hospital Seoul; Stanford Medicine; Stanford University; The Catholic University of Korea Seoul St. Mary's Hospital; The Korean Society of Hematology; University of Ulsan,KR; US,yes,266,Proteogenomic Analysis of Human Uterine Cervical Cancer (UCC) Reveals Treatment-Resistant Subtypes of UCC,needs_review,Pusan National University Hospital; Pusan National University,openalex_last_known,,,,,Pusan National University Hospital; Pusan National University,KR,yes,no,yes,no,100,A_review_first,strong collaboration signal + academic affiliation + bio relevance,,High one-hour plasma glucose is an intermediate risk state ...,"Affiliations. 1 Division of Endocrinology and Metabolism, Department of Internal Medicine, Pusan National University Hospital, Busan, Republic of Korea; ...",https://pubmed.ncbi.nlm.nih.gov/39617334/,no,no,no,,0.82,"strong network signal, but no explicit professor title evidence",review
A5029637939,Seo Young Jeong,168,18,P0007; P0021; P0050; P0068; P0114; P0195; P0989; P1057; P1116; P1117; P1121; P1128; P1130; P1131; P1460; P1522; P1648; P1685,Chung-Ang University; Inha University; Japan Advanced Institute of Science and Technology; Konkuk University; Korea Advanced Institute of Science and Technology; Korea Institute of Science and Technology; Korea University; Korea University Ansan Hospital; Korean Association Of Science and Technology Studies; Kyung Hee University; Kyung Hee University Dental Hospital; Purdue University West Lafayette; Samsung Medical Center; Seoul National University; Sungkyunkwan University,JP; KR; US,yes,219,Self-assembled nanoparticles based on glycol chitosan bearing hydrophobic moieties as carriers for doxorubicin: In vivo biodistribution and anti-tumor activity,needs_review,Chung-Ang University; Inha University; Japan Advanced Institute of Science and Technology; Konkuk University; Korea Advanced Institute of Science and Technology; Korea Institute of Science and Technology; Korea University; Korea University Ansan Hospital; Korean Association Of Science and Technology Studies; Kyung Hee University; Kyung Hee University Dental Hospital; Purdue University West Lafayette; Samsung Medical Center; Seoul National University; Sungkyunkwan University,authorship_history,,,,,,,yes,no,yes,no,100,A_review_first,strong collaboration signal + academic affiliation + bio relevance,,,,,,,,,0.82,"strong network signal, but no explicit professor title evidence",review
A5033463484,Keun‐Sik Hong,221,17,P0030; P0297; P0379; P0380; P0532; P0535; P0569; P0702; P0722; P1137; P1198; P1238; P1302; P1507; P1637; P1645; P1654,"Asan Medical Center; Chonnam National University; Chonnam National University Hospital; Chungbuk National University; Chungbuk National University Hospital; Daejeon Eulji Medical Center, Eulji University; Dong-A University Hospital; Dongguk University; Dongguk University Ilsan Hospital; Eulji Medical Center; Eulji University; Eulji University Nowon Eulji Medical Center; Eulji University Uijeongbu Eulji Medical Center; Hallym University; Hallym University Dongtan Sacred Heart Hospital; Hallym University Sacred Heart Hospital; Inje University; Inje University Busan Paik Hospital; Inje University Ilsan Paik Hospital; Kobe University; Kyung Hee University; Samsung Medical Center; Seoul Medical Center; Seoul National University; Seoul National University Bundang Hospital; Seoul National University Hospital; Soonchunhyang University Hospital Seoul; Sungkyunkwan University; The University of Texas MD Anderson Cancer Center; Ulsan University Hospital; University of Southern California; University of Ulsan; University of Wisconsin–Madison; Yeungnam University",JP; KR; US,yes,269,Update of the Korean Clinical Practice Guidelines for Endovascular Recanalization Therapy in Patients with Acute Ischemic Stroke,needs_review,Inje University; Inje University Ilsan Paik Hospital,openalex_last_known,,,,,Inje University; Inje University Ilsan Paik Hospital,KR,yes,no,yes,no,95,A_review_first,strong collaboration signal + academic affiliation + bio relevance,,,,,,,,,0.82,"strong network signal, but no explicit professor title evidence",review
A5053575162,Myeong‐Ki Hong,420,16,P0007; P0030; P0319; P0346; P0434; P0580; P0641; P0722; P0753; P1175; P1178; P1538; P1628; P1635; P1664; P1685,Asan Medical Center; Cardiovascular Research Foundation; Cheongju St. Mary's Hospital; Chung-Ang University; Chung-Ang University Healthcare System; Columbia University Irving Medical Center; Ewha Womans University; Ewha Womans University Medical Center; Ewha Womans University Mokdong Hospital; Gachon University Gil Medical Center; Gangnam Severance Hospital; IRCCS Ospedale San Raffaele; Inje University; Keimyung University; Korea University Guro Hospital; Kyungpook National University Hospital; Kyungpook National University Medical Center; MED Institute; MedStar Washington Hospital Center; NewYork–Presbyterian Hospital; Samsung Medical Center; Sejong General Hospital; Sejong University; Seoul National University; Seoul National University Hospital; Severance Hospital; Soonchunhyang University; Soonchunhyang University Hospital Cheonan; Sungkyunkwan University; The Catholic University of Korea Bucheon St. Mary's Hospital; University Hospital of Bern; University of Bologna; University of Ulsan; Washington Hospital; West China Hospital of Sichuan University; Wonkwang University; Wonkwang University Sanbon Hospital; Yonsei University; Yonsei University Health System,CH; CN; IT; KR; US,yes,465,Frequency of and Risk Factors for Stent Thrombosis After Drug-Eluting Stent Implantation During Long-Term Follow-Up,needs_review,Yonsei University; Severance Hospital; Yonsei University Health System,openalex_last_known,,,,,Yonsei University; Severance Hospital; Yonsei University Health System,KR,yes,no,yes,no,90,A_review_first,strong collaboration signal + academic affiliation + bio relevance,,,,,,,,,0.82,"strong network signal, but no explicit professor title evidence",review
A5022535671,Kang Ro Lee,201,16,P0055; P0168; P0187; P0208; P0562; P0700; P0703; P0987; P0999; P1113; P1149; P1151; P1180; P1237; P1358; P1574,Ewha Womans University; Gachon University; Korea Institute of Science and Technology; Korea Research Institute of Chemical Technology; Kyung Hee University; National Institute of Agricultural Science and Technology; Seoul National University; Sungkyunkwan University,KR,yes,246,Anti-Neurodegenerative Biflavonoid Glycosides from Impatiens balsamina,needs_review,Sungkyunkwan University,openalex_last_known,,,,,Sungkyunkwan University,KR,yes,no,yes,no,90,A_review_first,strong collaboration signal + academic affiliation + bio relevance,,,,,,,,,0.82,"strong network signal, but no explicit professor title evidence",review
A5048617748,Sun‐Whe Kim,182,15,P0057; P0356; P0609; P0722; P1069; P1413; P1628; P1629; P1648; P1650; P1655; P1657; P1663; P1673; P1684,Asan Medical Center; Cancer Research Institute; Chung-Ang University; Chung-Ang University Gwangmyeong Hospital; Chung-Ang University Hospital; Kyungpook National University; National Cancer Center; National Cancer Center Hospital; Samsung Medical Center; Seoul National University; Seoul National University Hospital; Siemens Healthineers (Germany); Sungkyunkwan University; University of Ulsan,DE; KR; US,yes,224,Oncological Benefits of Neoadjuvant Chemoradiation With Gemcitabine Versus Upfront Surgery in Patients With Borderline Resectable Pancreatic Cancer,needs_review,Seoul National University,openalex_last_known,,,,,Seoul National University,KR,yes,no,yes,no,85,A_review_first,strong collaboration signal + academic affiliation + bio relevance,,,,,,,,,0.82,"strong network signal, but no explicit professor title evidence",review
A5083751923,Jong Oh Kim,219,13,P0012; P0142; P0149; P0179; P0188; P0204; P0255; P0352; P0706; P1067; P1127; P1128; P1545,Clinical Orthopaedics and Related Research; Dong-A Pharmaceutical (South Korea); Ewha Womans University; Ewha Womans University Medical Center; Ewha Womans University Seoul Hospital; Hanmi Pharmaceutical (South Korea); Hanyang University; Kangwon National University; Kangwon National University Hospital; Quaid-i-Azam University; Sejong University; Seoul National University; Yeungnam University; Yeungnam University College,KR; PK; US,yes,255,Tie2-mediated vascular remodeling by ferritin-based protein C nanoparticles confers antitumor and anti-metastatic activities,needs_review,Yeungnam University; Sungkyunkwan University,openalex_last_known,,,,,Yeungnam University; Sungkyunkwan University,KR,yes,no,yes,no,75,A_review_first,strong collaboration signal + academic affiliation + bio relevance,,,,,,,,,0.82,"strong network signal, but no explicit professor title evidence",review
A5039468735,Ji Yeoun Lee,177,13,P0028; P0057; P0076; P0114; P0364; P0439; P0484; P0622; P0986; P1365; P1376; P1521; P1637,Armed Forces Capital Hospital; Chong Kun Dang Bio (South Korea); Hospital for Sick Children; Incheon Medical Center; Inha University; Inha University Hospital; Samsung Medical Center; Seoul National University; Seoul National University Cancer Hospital; Seoul National University Children's Hospital; Seoul National University Hospital; Sunchon National University; Sungkyunkwan University; University of Toronto,CA; KR,yes,213,Assembly of glioblastoma tumoroids and cerebral organoids: a 3D in vitro model for tumor cell invasion,needs_review,Seoul National University; Seoul National University Hospital; Seoul National University Children's Hospital,openalex_last_known,,,,,Seoul National University; Seoul National University Hospital; Seoul National University Children's Hospital,KR,yes,no,yes,no,75,A_review_first,strong collaboration signal + academic affiliation + bio relevance,,,,,,,,,0.82,"strong network signal, but no explicit professor title evidence",review
A5076037043,Seong‐Wook Park,246,12,P0075; P0219; P0346; P0580; P0722; P0753; P0907; P1178; P1465; P1541; P1628; P1686,Ajou University; Asan Medical Center; Cardiovascular Research Foundation; Inje University; MED Institute; MedStar Washington Hospital Center; Seoul National University; University of Ulsan; Washington Hospital; West China Hospital of Sichuan University; Yonsei University,CN; KR; US,yes,279,Frequency of and Risk Factors for Stent Thrombosis After Drug-Eluting Stent Implantation During Long-Term Follow-Up,needs_review,Asan Medical Center; University of Ulsan; Ulsan University Hospital,openalex_last_known,,,,,Asan Medical Center; University of Ulsan; Ulsan University Hospital,KR,yes,no,yes,no,70,A_review_first,strong collaboration signal + academic affiliation + bio relevance,,,,,,,,,0.82,"strong network signal, but no explicit professor title evidence",review
A5008573288,Kyung‐Ho Yu,197,12,P0297; P0325; P0379; P0380; P0532; P0535; P1137; P1238; P1302; P1323; P1345; P1507,"Asan Medical Center; Chonnam National University; Chonnam National University Hospital; Chungbuk National University; Chungbuk National University Hospital; Daejeon Eulji Medical Center, Eulji University; Dong-A University Hospital; Dongguk University; Dongguk University Ilsan Hospital; Eulji Medical Center; Eulji University; Eulji University Nowon Eulji Medical Center; Eulji University Uijeongbu Eulji Medical Center; Hallym University; Hallym University Dongtan Sacred Heart Hospital; Hallym University Medical Center; Hallym University Sacred Heart Hospital; Inje University; Inje University Busan Paik Hospital; Inje University Ilsan Paik Hospital; Korea University; Kyung Hee University; Samsung Medical Center; Seoul Medical Center; Seoul National University; Seoul National University Bundang Hospital; Seoul National University Hospital; Soonchunhyang University Hospital Seoul; St. Michael's Hospital; Sungkyunkwan University; The University of Texas MD Anderson Cancer Center; Ulsan University Hospital; University of Southern California; University of Toronto; University of Ulsan; University of Wisconsin–Madison; Yeungnam University",CA; KR; US,yes,230,Update of the Korean Clinical Practice Guidelines for Endovascular Recanalization Therapy in Patients with Acute Ischemic Stroke,needs_review,Hallym University; Hallym University Sacred Heart Hospital,openalex_last_known,,,,,Hallym University; Hallym University Sacred Heart Hospital,KR,yes,no,yes,no,70,A_review_first,strong collaboration signal + academic affiliation + bio relevance,,,,,,,,,0.82,"strong network signal, but no explicit professor title evidence",review
A5072472240,Jay Chol Choi,204,11,P0050; P0297; P0379; P0380; P0416; P0532; P0535; P1238; P1507; P1645; P1686,"Asan Medical Center; Chonnam National University; Chonnam National University Hospital; Chung-Ang University; Chung-Ang University Healthcare System; Chungbuk National University; Chungbuk National University Hospital; Daejeon Eulji Medical Center, Eulji University; Daiichi-Sankyo (South Korea); Dong-A University Hospital; Dongguk University; Eulji Medical Center; Eulji University; Eulji University Nowon Eulji Medical Center; Hallym University Sacred Heart Hospital; Inje University Busan Paik Hospital; Inje University Ilsan Paik Hospital; Jeju National University; Jeju National University Hospital; Keimyung University Dongsan Hospital; Keimyung University Dongsan Medical Center; Korea University; Kyung Hee University; Samsung Medical Center; Seoul Medical Center; Seoul National University Bundang Hospital; Seoul National University Hospital; Soonchunhyang University Hospital Seoul; St. Michael's Hospital; Sungkyunkwan University; Ulsan University Hospital; University of Toronto; University of Ulsan; Yeungnam University",CA; KR,yes,234,"Comparison of clopidogrel-based antiplatelet therapy versus warfarin as a secondary prevention strategy for AntiPhospholipid Syndrome-related STROKE (APS-STROKE): Rationale and design of a prospective, randomized, open-label, blinded-endpoint trial",needs_review,Seoul Medical Center; Jeju National University Hospital; Jeju National University,openalex_last_known,,,,,Seoul Medical Center; Jeju National University Hospital; Jeju National University,KR,yes,no,yes,no,65,A_review_first,strong collaboration signal + academic affiliation + bio relevance,,,,,,,,,0.82,"strong network signal, but no explicit professor title evidence",review
A5086090575,Chul Soon Yong,230,8,P0142; P0149; P0179; P0204; P0706; P1127; P1128; P1202,Dong-A Pharmaceutical (South Korea); Hanyang University; Quaid-i-Azam University; Samil Pharm (South Korea); Sungkyunkwan University; Yeungnam University,KR; PK,yes,251,Tie2-mediated vascular remodeling by ferritin-based protein C nanoparticles confers antitumor and anti-metastatic activities,needs_review,Yeungnam University,openalex_last_known,,,,,Yeungnam University,KR,yes,no,yes,no,50,A_review_first,strong collaboration signal + academic affiliation + bio relevance,,,,,,,,,0.82,"strong network signal, but no explicit professor title evidence",review
A5048764382,Cheol Whan Lee,224,8,P0219; P0346; P0524; P0580; P0722; P0907; P1178; P1541,Asan Medical Center; Cardiovascular Research Foundation; Cheongju St. Mary's Hospital; Inje University; MED Institute; MedStar Washington Hospital Center; Seoul National University Hospital; University of Ulsan; Washington Hospital,KR; US,yes,245,Frequency of and Risk Factors for Stent Thrombosis After Drug-Eluting Stent Implantation During Long-Term Follow-Up,needs_review,Yonsei University; Severance Hospital; Asan Medical Center; University of Ulsan; Yonsei University Health System,openalex_last_known,,,,,Yonsei University; Severance Hospital; Asan Medical Center; University of Ulsan; Yonsei University Health System,KR,yes,no,yes,no,50,A_review_first,strong collaboration signal + academic affiliation + bio relevance,,,,,,,,,0.82,"strong network signal, but no explicit professor title evidence",review
A5041593880,Takafumi Koyama,322,3,P1625; P1632; P1633,Kameda Medical Center; National Cancer Center Hospital; National Cancer Centre Japan,JP; KR,yes,328,Feasibility and utility of a panel testing for 114 cancer‐associated genes in a clinical setting: A hospital‐based study,needs_review,National Cancer Centre Japan; National Cancer Center Hospital,openalex_last_known,,,,,National Cancer Centre Japan; National Cancer Center Hospital,JP; KR,yes,no,yes,no,25,A_review_first,strong collaboration signal + academic affiliation + bio relevance,,,,,,,,,0.82,"strong network signal, but no explicit professor title evidence",review
A5030587345,Noboru Yamamoto,337,2,P1625; P1634,National Cancer Center Hospital; National Cancer Centre Japan,JP; KR,yes,340,Feasibility and utility of a panel testing for 114 cancer‐associated genes in a clinical setting: A hospital‐based study,needs_review,National Cancer Centre Japan; National Cancer Center Hospital East; National Cancer Center Hospital,openalex_last_known,,,,,National Cancer Centre Japan; National Cancer Center Hospital East; National Cancer Center Hospital,JP; KR,yes,no,yes,no,20,A_review_first,strong collaboration signal + academic affiliation + bio relevance,,,,,,,,,0.82,"strong network signal, but no explicit professor title evidence",review
A5044045541,Kanhaiya L. Poddar,210,1,P1114,Korea University; Korea University Guro Hospital; Korea University Medical Center; Second Hospital of Tianjin Medical University; Tianjin Medical University,CN; KR,yes,210,Triple Versus Dual Antiplatelet Therapy in Patients With Acute ST-Segment Elevation Myocardial Infarction Undergoing Primary Percutaneous Coronary Intervention,needs_review,Korea University; Korea University Guro Hospital; Korea University Medical Center; Second Hospital of Tianjin Medical University; Tianjin Medical University,authorship_history,,,,,,,yes,no,yes,no,15,A_review_first,strong collaboration signal + academic affiliation + bio relevance,,,,,,,,,0.5,manual review needed,review
A5100647740,Young Joo Park,137,38,P0007; P0014; P0028; P0034; P0057; P0075; P0083; P0123; P0205; P0322; P0432; P0475; P0482; P0604; P0623; P0696; P0707; P0878; P0914; P0945; P0991; P1098; P1104; P1174; P1178; P1182; P1193; P1231; P1294; P1296; P1320; P1363; P1398; P1510; P1636; P1637; P1638; P1702,Chung-Ang University Gwangmyeong Hospital; Chungnam National University; Eulji Medical Center; Eulji University; Institute for Basic Science; Kangwon National University Hospital; Korea Advanced Institute of Science and Technology; Korea University; Korea University Anam Hospital; Korea University Medical Center; Samsung Medical Center; Seoul National University; Seoul National University Bundang Hospital; Seoul National University Hospital; Severance Hospital; Sungkyunkwan University; Yonsei University; Yonsei University Health System,KR,yes,248,Clinical characteristics of Peutz-Jeghers syndrome in Korean polyposis patients,needs_review,Sutro Biopharma (United States),openalex_last_known,,,,,Sutro Biopharma (United States),US,no,no,no,yes,189,C_manual,current OpenAlex affiliation is not clearly Korea-based,,,,,,,,,0.5,manual review needed,review
A5024761792,Hong Man Yoon,159,31,P0445; P1398; P1405; P1409; P1570; P1571; P1628; P1630; P1632; P1633; P1636; P1638; P1639; P1640; P1642; P1643; P1644; P1648; P1652; P1655; P1656; P1657; P1659; P1661; P1669; P1671; P1672; P1679; P1680; P1683; P1685,Assaf Harofeh Medical Center; Chosun University; Dongnam Institute of Radiological & Medical Sciences; National Cancer Center; National Cancer Center Hospital; Seoul National University; Seoul National University Hospital; TUM Klinikum; Technical University of Munich,DE; IL; KR; US,yes,249,Dual modal spectroscopic tissue scanner for colorectal cancer diagnosis,needs_review,National Cancer Center,openalex_last_known,,,,,National Cancer Center,KR,no,no,yes,no,162,C_manual,insufficient evidence for automatic PI/professor inference,,,,,,,,,0.5,manual review needed,review
A5091900101,Weon Seo Park,134,30,P0040; P0079; P0115; P0275; P0691; P0703; P0773; P1354; P1398; P1620; P1626; P1629; P1636; P1638; P1641; P1642; P1644; P1648; P1650; P1656; P1657; P1659; P1661; P1663; P1667; P1669; P1672; P1673; P1679; P1681,Chungbuk National University; Kangwon National University; Kangwon National University Hospital; National Cancer Center; National Cancer Center Hospital; Seoul National University,KR,yes,221,"Cloning, genomic organization, alternative transcripts and expression analysis of CD99L2 , a novel paralog of human CD99, and identification of evolutionary conserved motifs",needs_review,National Cancer Center,openalex_last_known,,,,,National Cancer Center,KR,no,no,yes,no,157,C_manual,insufficient evidence for automatic PI/professor inference,,,,,,,,,0.5,manual review needed,review
A5054227742,Byung‐Yong Kim,140,25,P0044; P0176; P0179; P0180; P0182; P0184; P0185; P0257; P0295; P0700; P0703; P0738; P0984; P1183; P1204; P1219; P1318; P1438; P1508; P1526; P1559; P1568; P1569; P1593; P1699,Chong Kun Dang Bio (South Korea); Konkuk University; Korea Research Institute of Bioscience and Biotechnology; Kyung Hee University; National Academy of Agricultural Science; Newcastle University; Rural Development Administration; Seoul National University,GB; KR,yes,212,Ohmyungsamycins A and B: Cytotoxic and Antimicrobial Cyclic Peptides Produced by Streptomyces sp. from a Volcanic Island,needs_review,Chong Kun Dang Bio (South Korea),openalex_last_known,,,,,Chong Kun Dang Bio (South Korea),KR,no,no,yes,no,132,C_manual,insufficient evidence for automatic PI/professor inference,,,,,,,,,0.5,manual review needed,review
A5033108441,Sang‐Soo Seo,141,21,P0329; P0342; P0722; P1506; P1629; P1633; P1639; P1642; P1644; P1648; P1650; P1651; P1652; P1655; P1657; P1659; P1661; P1672; P1676; P1679; P1683,Ajou University; Asan Medical Center; CHA University; CHA University Gangnam Medical Center; Chonnam National University; Ewha Womans University Medical Center; Korea University; Kyung Hee University; National Cancer Center; National Cancer Center Hospital; Seoul National University; Seoul National University Hospital; University of Ulsan; Yonsei University,KR; US,yes,201,The clinical significance of hepatic parenchymal metastasis in patients with primary epithelial ovarian cancer,needs_review,National Cancer Center; National Cancer Center,openalex_last_known,,,,,National Cancer Center; National Cancer Center,KR; US,no,no,yes,no,112,C_manual,insufficient evidence for automatic PI/professor inference,,,,,,,,,0.5,manual review needed,review
A5074636897,Zigang Dong,185,20,P0060; P0253; P0496; P0569; P0574; P0670; P0684; P0804; P0968; P1000; P1074; P1162; P1177; P1195; P1199; P1507; P1549; P1565; P1583; P1610,"Advanced Institute of Convergence Technology; Catholic University of Korea; Central South University; China-US (Henan) Hormel Cancer Institute; Chinese Academy of Sciences; Dankook University; Harvard University; Hormel (United States); Jeonbuk National University; Keimyung University; Konkuk University; Korea Research Institute of Bioscience and Biotechnology; Kyung Hee University; National Cancer Institute; National Institutes of Health; National Taiwan University; Ottawa Hospital Research Institute; Rutgers, The State University of New Jersey; Second Xiangya Hospital of Central South University; Seoul National University; Shanghai Institute of Materia Medica; Soonchunhyang University; University of Massachusetts Chan Medical School; University of Minnesota; University of Ottawa; Zhengzhou University",CA; CN; KR; TW; US,yes,242,Jazf1 promotes prostate cancer progression by activating JNK/Slug,needs_review,Ministry of Education of the People's Republic of China; Zhengzhou University; China-US (Henan) Hormel Cancer Institute; Henan Cancer Hospital; Henan Medical College,openalex_last_known,,,,,Ministry of Education of the People's Republic of China; Zhengzhou University; China-US (Henan) Hormel Cancer Institute; Henan Cancer Hospital; Henan Medical College,CN,yes,no,yes,no,110,C_manual,current OpenAlex affiliation is not clearly Korea-based,,,,,,,,,0.5,manual review needed,review
A5052610339,Jin‐Suck Suh,168,13,P0079; P0108; P0408; P1113; P1160; P1184; P1215; P1235; P1310; P1352; P1627; P1631; P1685,Ajou University; Gangnam Severance Hospital; Korea Institute of Science and Technology; Korea Research Institute of Bioscience and Biotechnology; Korea University; Korea University of Technology and Education; Severance Hospital; Yonsei University; Yonsei University Health System,KR,yes,204,Minimizing artifacts caused by metallic implants at MR imaging: experimental and clinical studies.,needs_review,St. Joseph’s University Medical Center,openalex_last_known,,,,,St. Joseph’s University Medical Center,US,yes,no,no,yes,67,C_manual,current OpenAlex affiliation is not clearly Korea-based,,,,,,,,,0.5,manual review needed,review
A5075849177,Yasuhiro Fujiwara,223,3,P1625; P1632; P1646,Aichi Cancer Center; Kindai University; Kurume University; Nagoya University; National Cancer Center; National Cancer Center Hospital; National Cancer Centre Japan; Pharmaceuticals and Medical Devices Agency; Shikoku Cancer Center; The University of Tokyo,JP; KR; US,yes,229,"Safety, pharmacokinetics, and antitumour activity of trastuzumab deruxtecan (DS-8201), a HER2-targeting antibody–drug conjugate, in patients with advanced breast and gastric or gastro-oesophageal tumours: a phase 1 dose-escalation study",needs_review,Yokohama City University,openalex_last_known,,,,,Yokohama City University,JP,yes,no,yes,yes,22,C_manual,current OpenAlex affiliation is not clearly Korea-based,,,,,,,,,0.5,manual review needed,review
A5046628885,Toshio Shimizu,318,2,P1625; P1632,Kansai Medical University; National Cancer Center Hospital; National Cancer Centre Japan; Wakayama Medical University,JP; KR,yes,321,Feasibility and utility of a panel testing for 114 cancer‐associated genes in a clinical setting: A hospital‐based study,needs_review,Kansai Medical University; Wakayama Medical University; National Cancer Centre Japan,openalex_last_known,,,,,Kansai Medical University; Wakayama Medical University; National Cancer Centre Japan,JP,yes,no,yes,no,20,C_manual,current OpenAlex affiliation is not clearly Korea-based,,,,,,,,,0.5,manual review needed,review
A5069272944,Kenji Tamura,197,2,P1625; P1646,Aichi Cancer Center; Daiichi Sankyo (United States); Daiichi-Sankyo (Japan); Japanese Foundation For Cancer Research; Kanagawa Cancer Center; Kindai University; Kindai University Hospital; Kumamoto University; Memorial Sloan Kettering Cancer Center; National Cancer Center; National Cancer Center Hospital; National Cancer Center Hospital East; National Cancer Centre Japan; National Defense Medical College; SHOWA Medical University; Sharp Memorial Hospital; Shikoku Cancer Center; Shimane University; Shimane University Hospital; The Cancer Institute Hospital; University of Shimane; Vall d'Hebron Institute of Oncology; Washington University in St. Louis,ES; JP; KR; US,yes,200,"Safety, pharmacokinetics, and antitumour activity of trastuzumab deruxtecan (DS-8201), a HER2-targeting antibody–drug conjugate, in patients with advanced breast and gastric or gastro-oesophageal tumours: a phase 1 dose-escalation study",needs_review,National Cancer Centre Japan; Shimane University Hospital,openalex_last_known,,,,,National Cancer Centre Japan; Shimane University Hospital,JP,yes,no,yes,no,20,C_manual,current OpenAlex affiliation is not clearly Korea-based,,,,,,,,,0.5,manual review needed,review
A5074229876,Kazuki Sudo,351,1,P1625,Canberra Hospital; Chiang Mai University; Mackay Memorial Hospital; National Cancer Center Hospital; National Cancer Center Hospital East; National Cancer Centre Japan,AU; JP; KR; TH; TW,yes,351,Clinical utility of comprehensive genomic profiling tests for advanced or metastatic solid tumor in clinical practice,needs_review,National Cancer Centre Japan; National Cancer Center Hospital East,openalex_last_known,,,,,National Cancer Centre Japan; National Cancer Center Hospital East,JP,yes,no,yes,no,15,C_manual,current OpenAlex affiliation is not clearly Korea-based,,,,,,,,,0.5,manual review needed,review
A5011357939,Hitomi Sumiyoshi Okuma,237,2,P1625; P1686,National Cancer Center Hospital; National Cancer Centre Japan,JP; KR,yes,240,"Clinical Activity and Exploratory Resistance Mechanism of Milademetan, an MDM2 Inhibitor, in Intimal Sarcoma with MDM2 Amplification: An Open-Label Phase Ib/II Study",needs_review,Harvard University; National Cancer Centre Japan; Massachusetts General Hospital,openalex_last_known,,,,,Harvard University; National Cancer Centre Japan; Massachusetts General Hospital,JP; US,yes,no,no,no,15,C_manual,current OpenAlex affiliation is not clearly Korea-based,,,,,,,,,0.5,manual review needed,review
A5042828451,Yuki Kojima,208,1,P1625,Aichi Cancer Center; Nagoya Medical Center; National Cancer Center Hospital; National Cancer Centre Japan,JP; KR,yes,208,Highly sensitive fusion detection using plasma cell‐free RNA in non‐small‐cell lung cancers,needs_review,National Cancer Centre Japan; Japanese Red Cross Nagoya Daiichi Hospital,openalex_last_known,,,,,National Cancer Centre Japan; Japanese Red Cross Nagoya Daiichi Hospital,JP,yes,no,yes,no,15,C_manual,current OpenAlex affiliation is not clearly Korea-based,,,,,,,,,0.5,manual review needed,review
A5017061681,Tatsunori Shimoi,291,1,P1625,"Canberra Hospital; Chiang Mai University; Chugai Pharmaceutical Co., Ltd. (Japan); Japanese Foundation For Cancer Research; Juntendo University; Mackay Memorial Hospital; National Cancer Center; National Cancer Center Hospital; National Cancer Centre Japan; The Cancer Institute Hospital",AU; JP; KR; TH; TW; US,yes,291,"Safety, pharmacokinetics, and antitumour activity of trastuzumab deruxtecan (DS-8201), a HER2-targeting antibody–drug conjugate, in patients with advanced breast and gastric or gastro-oesophageal tumours: a phase 1 dose-escalation study",needs_review,National Cancer Centre Japan,openalex_last_known,,,,,National Cancer Centre Japan,JP,no,no,yes,no,12,C_manual,current OpenAlex affiliation is not clearly Korea-based,,,,,,,,,0.5,manual review needed,review
A5100608883,Kyung‐Hee Kim,124,83,P0007; P0040; P0042; P0057; P0090; P0097; P0161; P0211; P0250; P0256; P0257; P0265; P0342; P0359; P0365; P0404; P0422; P0439; P0444; P0456; P0525; P0538; P0605; P0609; P0703; P0711; P0753; P0804; P0880; P0968; P0972; P0998; P0999; P1097; P1098; P1138; P1147; P1152; P1174; P1181; P1192; P1194; P1197; P1202; P1207; P1221; P1236; P1239; P1302; P1354; P1357; P1367; P1405; P1406; P1407; P1506; P1529; P1548; P1565; P1585; P1601; P1628; P1629; P1630; P1632; P1633; P1635; P1637; P1640; P1641; P1642; P1644; P1648; P1649; P1650; P1657; P1660; P1663; P1665; P1671; P1673; P1680; P1681,"Cancer Hospital of Chinese Academy of Medical Sciences; Catholic University of Korea; Chinese Academy of Medical Sciences & Peking Union Medical College; Chungnam National University; Chungnam National University Sejong Hospital; Daegu-Gyeongbuk Medical Innovation Foundation; Daejeon Eulji Medical Center, Eulji University; Dankook University; Eulji University; Ewha Womans University; Ewha Womans University Medical Center; Ewha Womans University Seoul Hospital; Gachon University Gil Medical Center; Gyeongsang National University; Incheon National University; Kaloji Narayana Rao University of Health Sciences; Konkuk University; Kookmin University; Korea Institute of Science and Technology; Korea National Institute of Health; Korea University; Kyungpook National University; Kyungpook National University Hospital; National Cancer Center; National Cancer Center Hospital; Phyzen (South Korea); Rural Development Administration; Samsung Biomedical Research Institute; Samsung Medical Center; Seoul National University; Seoul National University Hospital; Sungkyunkwan University; University of Suwon; Yonsei University",CN; IN; KR,yes,370,Antiviral Effects of Black Raspberry (Rubus coreanus) Seed and Its Gallic Acid against Influenza Virus Infection,needs_review,Florida State University; Kookmin University; Emory University; Chungnam National University; Korea Polar Research Institute; Ajou University,openalex_last_known,,,,,Florida State University; Kookmin University; Emory University; Chungnam National University; Korea Polar Research Institute; Ajou University,KR; US,yes,no,no,no,420,D_noise_check,collaboration signal exists but example work looks outside bio,,,,,no,no,no,,0.5,manual review needed,review
A5042426937,Goo Taeg Oh,129,61,P0028; P0034; P0042; P0204; P0205; P0220; P0277; P0315; P0317; P0319; P0361; P0388; P0441; P0447; P0493; P0568; P0669; P0702; P0711; P0714; P0738; P0753; P0767; P0786; P0837; P0905; P0968; P0996; P1000; P1002; P1116; P1125; P1128; P1167; P1174; P1176; P1177; P1185; P1190; P1208; P1211; P1213; P1215; P1221; P1222; P1223; P1232; P1238; P1244; P1294; P1297; P1301; P1356; P1388; P1506; P1510; P1517; P1537; P1663; P1665; P1686,Beth Israel Deaconess Medical Center; CHA University; Chungbuk National University; Ewha Womans University; Gwangju Institute of Science and Technology; Hanyang University; Harvard University; Korea Institute of Science and Technology; Korea National Institute of Health; Korea Research Institute of Bioscience and Biotechnology; Kyung Hee University; McGill University; Montreal Clinical Research Institute; National Cancer Center; Rockefeller University; Samsung Medical Center; Seoul National University; Seoul National University Hospital; Sungkyunkwan University; UNC Lineberger Comprehensive Cancer Center; University of Minnesota; University of North Carolina at Chapel Hill; University of Pennsylvania; Yonsei University,CA; KR; US,yes,309,Anti-Inflammatory Actions of Soluble Ninjurin-1 Ameliorate Atherosclerosis,needs_review,Ewha Womans University,openalex_last_known,,,,,Ewha Womans University,KR,yes,no,no,no,310,D_noise_check,collaboration signal exists but example work looks outside bio,,,,,,,,,0.5,manual review needed,review
A5008074124,Kyong Soo Park,118,61,P0023; P0030; P0042; P0058; P0060; P0075; P0079; P0083; P0123; P0201; P0211; P0481; P0511; P0589; P0623; P0696; P0746; P0753; P0837; P0868; P0920; P0922; P0990; P0991; P1021; P1069; P1119; P1120; P1125; P1143; P1153; P1162; P1301; P1318; P1324; P1336; P1353; P1354; P1363; P1373; P1404; P1440; P1510; P1582; P1630; P1636; P1638; P1651; P1665; P1685; P1688; P1693; P1695; P1702; P1708; P1712; P1714; P1720; P1722; P1723; P1735,Ajou University; Catholic University of Korea; Gachon University; Hallym University Sacred Heart Hospital; Innovative Research Institute for Cell Therapy; Korea Institute of Science and Technology; Kyung Hee University; National Taiwan University; SNUH SMG-SNU Boramae Medical Center; Seonam University; Seoul National University; Seoul National University Bundang Hospital; Seoul National University Hospital; Seoul National University Hospital Biomedical Research Institute; Siloam Eye Hospital; Sogang University; Sungkyunkwan University; Yonsei University; Yonsei University Health System,KR; TW,yes,298,"DMC (2′,4′-dihydroxy-6′-methoxy-3′,5′-dimethylchalcone) improves glucose tolerance as a potent AMPK activator",needs_review,Seoul National University; National Health Research Institutes; Konkuk University; Seoul National University Hospital; Taipei Veterans General Hospital; Taichung Veterans General Hospital; Konkuk University Medical Center; National Yang Ming University; National Defense Medical Center,openalex_last_known,,,,,Seoul National University; National Health Research Institutes; Konkuk University; Seoul National University Hospital; Taipei Veterans General Hospital; Taichung Veterans General Hospital; Konkuk University Medical Center; National Yang Ming University; National Defense Medical Center,KR; TW,yes,no,no,no,310,D_noise_check,collaboration signal exists but example work looks outside bio,,,,,no,no,no,,0.5,manual review needed,review
A5022219891,Jong‐Il Kim,130,60,P0028; P0066; P0067; P0079; P0115; P0233; P0337; P0359; P0370; P0439; P0477; P0542; P0547; P0625; P0631; P0687; P0696; P0991; P0999; P1113; P1124; P1129; P1167; P1170; P1184; P1223; P1233; P1249; P1302; P1306; P1310; P1355; P1365; P1376; P1397; P1405; P1442; P1459; P1489; P1496; P1566; P1585; P1586; P1626; P1627; P1628; P1630; P1632; P1636; P1638; P1642; P1659; P1665; P1668; P1682; P1683; P1685; P1688; P1708; P1754,Asan Medical Center; Ewha Womans University; Ewha Womans University Mokdong Hospital; Hallym University; Institute for Basic Science; Korea Bioinformation Center; Korea Institute of Oriental Medicine; Korea Institute of Radiological and Medical Sciences; Korea Kacoh (South Korea); Korea Research Institute of Bioscience and Biotechnology; Korea University; Macrogen (South Korea); Ministry of Food and Drug Safety; National Cancer Center; National Cancer Center Hospital; National Institute of Allergy and Infectious Diseases; National Institute of Food and Drug Safety Evaluation; National Institutes of Health; Samsung Medical Center; Seoul National University; Seoul National University Bundang Hospital; Seoul National University Hospital; Seoul Women's University; Sungkyunkwan University; The Jackson Laboratory for Genomic Medicine; University of Ulsan; Wonkwang University,KR; US,yes,307,A highly annotated whole-genome sequence of a Korean individual,needs_review,Seoul National University; Kangwon National University; Agency for Defense Development; Asan Medical Center; Seoul National University Hospital; Seoul National University Bundang Hospital; University of Ulsan; Korea Institute of Ceramic Engineering and Technology,openalex_last_known,,,,,Seoul National University; Kangwon National University; Agency for Defense Development; Asan Medical Center; Seoul National University Hospital; Seoul National University Bundang Hospital; University of Ulsan; Korea Institute of Ceramic Engineering and Technology,KR,yes,no,no,no,305,D_noise_check,collaboration signal exists but example work looks outside bio,,,,,,,,,0.5,manual review needed,review
A5100454659,Dong‐Hyun Kim,88,59,P0050; P0066; P0068; P0075; P0134; P0142; P0149; P0204; P0272; P0277; P0285; P0299; P0477; P0494; P0495; P0498; P0572; P0589; P0597; P0682; P0685; P0687; P0691; P0737; P0968; P1046; P1051; P1108; P1115; P1125; P1172; P1174; P1178; P1192; P1202; P1227; P1243; P1249; P1298; P1302; P1307; P1310; P1361; P1372; P1407; P1420; P1439; P1466; P1467; P1475; P1501; P1506; P1520; P1530; P1544; P1605; P1627; P1629; P1636,Ajou University; Amorepacific (South Korea); Chonnam National University; Chonnam National University Hospital; Chungnam National University; Daegu-Gyeongbuk Medical Innovation Foundation; Dongguk University; Gyeongsang National University; Gyeongsang National University Changwon Hospital; Hankyong National University; Hanyang University; Hoseo University; Inje University; Inje University Busan Paik Hospital; Inje University Paik Hospital; Konkuk University; Korea Brain Research Institute; Korea Electrotechnology Research Institute; Korea Food Research Institute; Korea Institute of Science and Technology; Korea University; Korean Association Of Science and Technology Studies; Kyung Hee University; Kyungpook National University; Leon Wiltse Memorial Hospital; Pusan National University; Seoul National University; Sungkyunkwan University; Yeungnam University,KR,yes,262,Effects of Physical Burden and Musculoskeletal Symptoms on Job Stress in Hospital Workers,needs_review,Sahmyook University,openalex_last_known,,,,,Sahmyook University,KR,yes,no,no,yes,297,D_noise_check,collaboration signal exists but example work looks outside bio,,,,,,,,,0.5,manual review needed,review
A5100337398,Sung Soo Kim,104,58,P0192; P0200; P0201; P0208; P0291; P0337; P0408; P0422; P0486; P0493; P0625; P0691; P0707; P0753; P0843; P0855; P1027; P1083; P1174; P1178; P1182; P1194; P1198; P1226; P1228; P1240; P1242; P1251; P1264; P1276; P1299; P1318; P1364; P1370; P1403; P1527; P1565; P1567; P1574; P1577; P1578; P1581; P1587; P1590; P1637; P1641; P1665; P1685; P1688; P1690; P1695; P1702; P1706; P1708; P1711; P1714; P1727; P1747,"Catholic University of Korea; Chung-Ang University; Daegu Haany University; Inje University; Kangwon National University; Korea Bioinformation Center; Korea Center for Disease Control and Prevention; Korea Disease Control and Prevention Agency; Korea Food Research Institute; Korea National Institute of Health; Korea Research Institute of Bioscience and Biotechnology; Korea Research Institute of Chemical Technology; Kyung Hee University; Kyung Hee University Medical Center; Kyungpook National University; Kyungpook National University Hospital; National Cancer Center; Samsung (South Korea); Samsung Biomedical Research Institute; Samsung Medical Center; Seoul National University; Seoul National University Bundang Hospital; Seoul National University Hospital; Soonchunhyang University Hospital Bucheon; Sungkyunkwan University; The Catholic University of Korea Bucheon St. Mary's Hospital; The University of Texas MD Anderson Cancer Center; University of California, San Francisco; University of Seoul; University of Virginia; Yonsei University; Yonsei University Health System",KR; US,yes,275,A Novel PRKAR1A Mutation in Korean Carney Complex Family,needs_review,Kyung Hee University,openalex_last_known,,,,,Kyung Hee University,KR,yes,no,no,no,295,D_noise_check,collaboration signal exists but example work looks outside bio,,,,,,,,,0.5,manual review needed,review
A5100704837,Jong Eun Lee,73,56,P0028; P0115; P0134; P0168; P0205; P0260; P0325; P0361; P0409; P0414; P0422; P0431; P0449; P0456; P0484; P0496; P0564; P0676; P0691; P0698; P0764; P0843; P0920; P1034; P1080; P1116; P1140; P1165; P1169; P1184; P1234; P1250; P1293; P1306; P1317; P1319; P1398; P1626; P1627; P1632; P1633; P1636; P1651; P1671; P1681; P1685; P1686; P1687; P1688; P1690; P1695; P1702; P1708; P1720; P1722; P1731,Asan Medical Center; Catholic University of Korea; DNA Link (South Korea); Ewha Womans University; Ewha Womans University Mokdong Hospital; Gachon University; Gyeongguk National University; Hanyang University; Institute for Basic Science; Instituto de Gastroenterología; Johns Hopkins University; Kangwon National University; Konkuk University; Korea Center for Disease Control and Prevention; Korea Disease Control and Prevention Agency; Korea National Institute of Health; Korea University; Korean Resource Center; Kyung Hee University; National Cancer Center; Samsung (South Korea); Samsung Advanced Institute of Technology (South Korea); Samsung Biomedical Research Institute; Samsung Medical Center; Semyung University; Seoul National University; Seoul National University Hospital; Severance Hospital; Soonchunhyang University; Soonchunhyang University Hospital Cheonan; Sungkyunkwan University; University of Ulsan; Yonsei University; Yonsei University Health System; Yonsei University Mirae Campus,CU; KR; US,yes,238,Evaluation and Application Effect of a Home Nasogastric Tube Feeding Simulation Module for Nursing Students: An Application of the NLN Jeffries Simulation Theory,needs_review,Ewha Womans University; Yonsei University; Soonchunhyang University; Asan Medical Center; University of Ulsan; Soonchunhyang University Hospital Cheonan; Yonsei University Health System; Ewha Womans University Mokdong Hospital,openalex_last_known,,,,,Ewha Womans University; Yonsei University; Soonchunhyang University; Asan Medical Center; University of Ulsan; Soonchunhyang University Hospital Cheonan; Yonsei University Health System; Ewha Womans University Mokdong Hospital,KR,yes,no,no,no,285,D_noise_check,collaboration signal exists but example work looks outside bio,,,,,,,,,0.5,manual review needed,review
A5101478221,Cheol‐Hee Kim,97,55,P0023; P0028; P0076; P0083; P0108; P0155; P0174; P0291; P0297; P0751; P0795; P0868; P0914; P0927; P0968; P1014; P1035; P1125; P1138; P1151; P1174; P1180; P1182; P1186; P1187; P1188; P1206; P1207; P1208; P1221; P1224; P1228; P1232; P1242; P1248; P1258; P1273; P1302; P1307; P1313; P1315; P1324; P1337; P1409; P1443; P1468; P1499; P1503; P1506; P1515; P1522; P1528; P1566; P1657; P1715,Asan Medical Center; Chosun University; Chungnam National University; Institute for Basic Science; Korea Advanced Institute of Science and Technology; Korea Research Institute of Bioscience and Biotechnology; Korea Research Institute of Chemical Technology; Kyungpook National University; Sungkyunkwan University; University of Ulsan,KR,yes,259,CCDC41 is required for ciliary vesicle docking to the mother centriole,needs_review,Chungnam National University,openalex_last_known,,,,,Chungnam National University,KR,yes,no,no,no,280,D_noise_check,collaboration signal exists but example work looks outside bio,,,,,,,,,0.5,manual review needed,review
A5100459358,Ki Hyun Kim,258,54,P0026; P0040; P0042; P0055; P0097; P0138; P0168; P0187; P0209; P0222; P0258; P0286; P0295; P0303; P0337; P0405; P0562; P0631; P0700; P0740; P0783; P0804; P0810; P0962; P0972; P0987; P0996; P1010; P1113; P1147; P1149; P1151; P1163; P1168; P1169; P1170; P1181; P1223; P1235; P1237; P1280; P1309; P1357; P1408; P1410; P1452; P1474; P1508; P1565; P1574; P1576; P1607; P1621; P1646,Busan TechnoPark; Chonnam National University; Chungbuk National University; Dongguk University; Gyeongsang National University; Harvard University; Korea Research Institute of Bioscience and Biotechnology; Korea Research Institute of Chemical Technology; Korea University; Kyung Hee University; Kyungwoon University; Marine Biodiversity Institute of Korea; Mokpo National University; National Institute of Animal Science; National Institute of Animal Sciences; Seoul National University; Seoul National University Bundang Hospital; Sungkyunkwan University; University of Hawaii at Hilo,KR; US; VN,yes,417,C-Methylated Flavonoid Glycosides from Pentarhizidium orientale Rhizomes and Their Inhibitory Effects on the H1N1 Influenza Virus,needs_review,Sungkyunkwan University,openalex_last_known,,,,,Sungkyunkwan University,KR,yes,no,no,no,275,D_noise_check,collaboration signal exists but example work looks outside bio,,,,,,,,,0.5,manual review needed,review
A5100413485,Ji‐Hyun Lee,96,52,P0013; P0020; P0030; P0056; P0090; P0093; P0100; P0200; P0205; P0230; P0236; P0256; P0342; P0354; P0355; P0356; P0374; P0384; P0393; P0409; P0414; P0428; P0445; P0454; P0603; P0795; P0837; P0914; P0920; P1053; P1069; P1080; P1098; P1113; P1180; P1181; P1184; P1210; P1235; P1245; P1343; P1454; P1457; P1484; P1494; P1544; P1571; P1602; P1627; P1641; P1666; P1667,Ajou University; Asan Medical Center; CHA University; CHA University Bundang Medical Center; Catholic Kwandong University; Chonnam National University Hwasun Hospital; Dong-A University; Dong-A University Hospital; Duksung Women's University; Ewha Womans University; Ewha Womans University Medical Center; Ewha Womans University Mokdong Hospital; Ewha Womans University Seoul Hospital; Gachon University Gil Medical Center; Inje University; Korea Basic Science Institute; Korea University; Kyung Hee University; Macrogen (South Korea); National Institute on Aging; National Institutes of Health; Pusan National University; Research Institute for Veterinary Science; Samsung Medical Center; Seoul National University; Seoul National University Bundang Hospital; Sungkyunkwan University; University of Ulsan; World Institute of Kimchi; Yonsei University; Yonsei University College of Dentistry,KR; US,yes,249,"Quantitative Assessment of Emphysema, Air Trapping, and Airway Thickening on Computed Tomography",needs_review,Brigham and Women's Hospital; Chungnam National University; University of Florida Health; University of Florida; Ajou University Hospital; Chungnam National University Hospital; Kyung Hee University Hospital at Gangdong; UF Health Cancer Center,openalex_last_known,,,,,Brigham and Women's Hospital; Chungnam National University; University of Florida Health; University of Florida; Ajou University Hospital; Chungnam National University Hospital; Kyung Hee University Hospital at Gangdong; UF Health Cancer Center,KR; US,yes,no,no,no,265,D_noise_check,collaboration signal exists but example work looks outside bio,,,,,,,,,0.5,manual review needed,review
A5100431002,Soo Hyun Kim,175,52,P0006; P0007; P0021; P0036; P0053; P0058; P0075; P0095; P0192; P0317; P0355; P0444; P0471; P0514; P0616; P0691; P0740; P0755; P0808; P0829; P0923; P0968; P1002; P1010; P1030; P1094; P1114; P1119; P1136; P1150; P1155; P1174; P1177; P1180; P1199; P1209; P1211; P1234; P1297; P1301; P1329; P1356; P1358; P1459; P1460; P1522; P1534; P1627; P1635; P1648; P1651; P1687,"Ajou University; Badan Strategi Kebijakan Hukum; Biomedical Research Institute; Chonnam National University; Chonnam National University Hwasun Hospital; Dong-A University; Dong-A University Hospital; ENCell Co., Ltd. (South Korea); Eulji University; Ewha Womans University; Ewha Womans University Medical Center; Ewha Womans University Seoul Hospital; Hanyang University; Inje University; Inje University Sanggye Paik Hospital; KIST Europe; Kangwon National University; Keimyung University; Konkuk University; Konkuk University Chungju Hospital; Korea Advanced Institute of Science and Technology; Korea Institute of Science and Technology; Korea Research Institute of Bioscience and Biotechnology; Korea University; Korea University Guro Hospital; Korea University of Science and Technology; Korean Association Of Science and Technology Studies; Kyung Hee University; Kyung Hee University Dental Hospital; National Cancer Center; National Development Institute of Korean Medicine; National Health Insurance Service Ilsan Hospital; National Jewish Health; Samsung Medical Center; Seoul National University; Severance Hospital; Sungkyunkwan University; Ulsan National Institute of Science and Technology; University of Colorado Denver; University of Colorado Health; University of Manitoba; Yongin Severance Hospital; Yonsei University; Yonsei University Health System",CA; DE; ID; KR; US,yes,328,Selective inhibition of monoamine oxidase A by hispidol,needs_review,Chonnam National University; Korea Institute of Oriental Medicine; National Development Institute of Korean Medicine; Chonnam National University Hwasun Hospital; Korea University of Science and Technology,openalex_last_known,,,,,Chonnam National University; Korea Institute of Oriental Medicine; National Development Institute of Korean Medicine; Chonnam National University Hwasun Hospital; Korea University of Science and Technology,KR,yes,no,no,no,265,D_noise_check,collaboration signal exists but example work looks outside bio,,,,,no,no,no,,0.5,manual review needed,review
A5100648374,Jong‐Won Kim,79,50,P0014; P0028; P0114; P0162; P0201; P0205; P0258; P0429; P0449; P0461; P0560; P0631; P0680; P0703; P0802; P0975; P0977; P0978; P0983; P0988; P0995; P1113; P1125; P1141; P1174; P1181; P1183; P1195; P1205; P1209; P1238; P1302; P1314; P1465; P1516; P1547; P1548; P1565; P1629; P1630; P1631; P1635; P1642; P1652; P1656; P1660; P1675; P1682; P1685; P1686,Chung-Ang University; Chung-Ang University Hospital; Dong-Eui University; Gangnam Severance Hospital; Hanyang University; Jeonbuk National University; Konkuk University; Korea Advanced Institute of Science and Technology; Korea Basic Science Institute; Korea Institute of Oriental Medicine; Korea Institute of Science and Technology; Korea Research Institute of Bioscience and Biotechnology; Korea University; Korea University of Science and Technology; Myongji Hospital; National Cancer Center; National Cancer Center Hospital; Osong Medical Innovation Foundation; Pusan National University; SNUH SMG-SNU Boramae Medical Center; Samsung Medical Center; Seoul National University; Seoul National University Bundang Hospital; Soonchunhyang University; Soonchunhyang University Hospital Seoul; Soongsil University; Sungkyunkwan University; Tech University of Korea; University of Pittsburgh; Yonsei University,KR; US,yes,226,Fukutin mutations in congenital muscular dystrophies with defective glycosylation of dystroglycan in Korea,needs_review,Samsung Medical Center; Sungkyunkwan University,openalex_last_known,,,,,Samsung Medical Center; Sungkyunkwan University,KR,yes,no,no,no,255,D_noise_check,collaboration signal exists but example work looks outside bio,,,,,,,,,0.5,manual review needed,review
A5070548379,Hye Gwang Jeong,157,50,P0011; P0182; P0204; P0205; P0536; P0560; P0684; P0689; P0965; P1113; P1177; P1178; P1191; P1225; P1237; P1240; P1250; P1261; P1265; P1269; P1276; P1307; P1324; P1355; P1363; P1400; P1401; P1422; P1427; P1475; P1487; P1492; P1507; P1510; P1516; P1518; P1519; P1521; P1524; P1526; P1538; P1542; P1547; P1548; P1549; P1574; P1591; P1629; P1650; P1679,Chonnam National University; Chosun University; Chungbuk National University; Chungnam National University; Daegu Catholic University; Korea Basic Science Institute; Korea Research Institute of Bioscience and Biotechnology; Korea University of Science and Technology; Sungkyunkwan University,KR,yes,304,Depletion-free Automated Enrichment of Serum Glycopeptides for High-Throughput Clinical Glycoproteomics,needs_review,Chungnam National University,openalex_last_known,,,,,Chungnam National University,KR,yes,no,no,no,255,D_noise_check,collaboration signal exists but example work looks outside bio,,,,,no,no,no,,0.5,manual review needed,review
A5036364665,Keon Wook Kang,114,50,P0033; P0040; P0042; P0050; P0067; P0075; P0079; P0114; P0123; P0204; P0245; P0306; P0317; P0337; P0505; P0526; P0594; P0623; P0696; P0698; P0702; P0704; P0707; P0711; P0977; P0988; P1000; P1121; P1137; P1172; P1202; P1297; P1402; P1438; P1510; P1515; P1519; P1543; P1628; P1629; P1630; P1632; P1637; P1642; P1643; P1647; P1657; P1658; P1661; P1669,Chosun University; Chungnam National University; Kyung Hee University; National Cancer Center; National Cancer Center Hospital; Seoul National University; Seoul National University Hospital; Seoul National University Hospital Biomedical Research Institute; Yeungnam University,KR,yes,261,"Protective effect of nectandrin B , a potent AMPK activator on neointima formation: inhibition of Pin1 expression through AMPK activation",needs_review,Seoul National University; Seoul National University Hospital; Seoul National University Hospital Biomedical Research Institute,openalex_last_known,,,,,Seoul National University; Seoul National University Hospital; Seoul National University Hospital Biomedical Research Institute,KR,yes,no,no,no,255,D_noise_check,collaboration signal exists but example work looks outside bio,,,,,no,no,no,,0.5,manual review needed,review
A5100384058,Jiyoung Kim,67,50,P0036; P0075; P0078; P0142; P0182; P0210; P0272; P0277; P0309; P0337; P0536; P0560; P0617; P0677; P0686; P0704; P0754; P0786; P0801; P0804; P0822; P0848; P0914; P0969; P0978; P1137; P1146; P1162; P1178; P1198; P1228; P1354; P1363; P1443; P1458; P1465; P1466; P1467; P1468; P1475; P1483; P1487; P1512; P1515; P1565; P1586; P1604; P1610; P1614; P1660,Advanced Institute of Convergence Technology; Asan Medical Center; Catholic University of Korea; Chonnam National University; Chosun University; Chung-Ang University; Dankook University; Dong-A University; Dongguk University; Dongguk University Ilsan Hospital; Gyeongsang National University; Ildong (South Korea); Inha University; Josai International University; Kangwon National University; Konkuk University; Korea Advanced Institute of Science and Technology; Korea Food Research Institute; Korea Institute of Science and Technology; Korea Institute of Toxicology; Korea University; Kyung Hee University; National Academy of Agricultural Science; Research Institute for Veterinary Science; Rural Development Administration; Seoul National University; Seoul National University Hospital Biomedical Research Institute; University of Minnesota; University of Ulsan,JP; KR; US,yes,214,Histone Methyltransferase SETD3 Regulates Muscle Differentiation,needs_review,Eulji University,openalex_last_known,,,,,Eulji University,KR,yes,no,no,yes,252,D_noise_check,collaboration signal exists but example work looks outside bio,,,,,,,,,0.5,manual review needed,review
A5026715008,Sang Kyum Kim,90,49,P0034; P0042; P0050; P0055; P0204; P0245; P0297; P0464; P0506; P0689; P0702; P0801; P0965; P0984; P0988; P1124; P1181; P1185; P1189; P1191; P1211; P1221; P1232; P1242; P1257; P1258; P1265; P1273; P1301; P1311; P1401; P1402; P1413; P1459; P1466; P1467; P1468; P1475; P1478; P1483; P1487; P1489; P1491; P1492; P1493; P1499; P1519; P1629; P1701,Catholic University of Korea; Chosun University; Chungnam National University; Dongguk University; Hoseo University; Korea Advanced Institute of Science and Technology; Korea Institute of Toxicology; Korea Research Institute of Bioscience and Biotechnology; Korea Research Institute of Chemical Technology; Korea University of Science and Technology; Seoul National University,KR,yes,234,Neurochemical and behavioral analysis by acute exposure to bisphenol A in zebrafish larvae model,needs_review,Chungnam National University; Pusan National University,openalex_last_known,,,,,Chungnam National University; Pusan National University,KR,yes,no,no,no,250,D_noise_check,collaboration signal exists but example work looks outside bio,,,,,,,,,0.5,manual review needed,review
A5100609750,Dongho Lee,128,47,P0055; P0100; P0149; P0200; P0210; P0220; P0230; P0285; P0307; P0466; P0471; P0486; P0703; P0707; P0783; P0848; P0975; P0981; P0999; P1000; P1092; P1102; P1143; P1145; P1149; P1177; P1178; P1191; P1195; P1199; P1205; P1217; P1218; P1222; P1225; P1227; P1236; P1246; P1284; P1407; P1408; P1428; P1433; P1434; P1646; P1680; P1738,Chung-Ang University; Chungbuk National University; Chungnam National University; Dankook University; Dongguk University; Ewha Womans University; Inje University; Jeonbuk National University; Kangwon National University; Konkuk University; Korea Institute of Oriental Medicine; Korea Research Institute of Bioscience and Biotechnology; Korea University; Kyung Hee University; Ministry of Food and Drug Safety; Seoul National University; Seoul National University Hospital; Sun Moon University; University of Illinois Chicago,KR; US,yes,266,"Piscroside C, a novel iridoid glycoside isolated from Pseudolysimachion rotundum var. subinegrum suppresses airway inflammation induced by cigarette smoke",needs_review,Agricultural Research Service; United States Department of Agriculture; Korea University; University of Arkansas System; Kyungpook National University; Beltsville Agricultural Research Center; University of Arkansas at Fayetteville,openalex_last_known,,,,,Agricultural Research Service; United States Department of Agriculture; Korea University; University of Arkansas System; Kyungpook National University; Beltsville Agricultural Research Center; University of Arkansas at Fayetteville,KR; US,yes,no,no,no,240,D_noise_check,collaboration signal exists but example work looks outside bio,,,,,no,no,no,,0.5,manual review needed,review
A5100695510,Eun Sun Kim,89,46,P0030; P0036; P0055; P0142; P0156; P0157; P0205; P0253; P0279; P0285; P0342; P0351; P0433; P0597; P0703; P0811; P0836; P0959; P1114; P1116; P1117; P1131; P1133; P1136; P1143; P1213; P1218; P1260; P1280; P1301; P1308; P1335; P1354; P1436; P1508; P1509; P1632; P1651; P1652; P1665; P1673; P1680; P1685; P1687; P1717; P1744,Ajou University; Catholic University of Korea; Chungbuk National University; Daegu Catholic University; Daegu Gyeongbuk Institute of Science and Technology; Dongguk University; Ewha Womans University; Ewha Womans University Seoul Hospital; Hanyang University; Inje University; Inje University Seoul Paik Hospital; Institute for Basic Science; International University of Korea; Korea Institute of Science and Technology; Korea Research Institute of Bioscience and Biotechnology; Korea University; Korea University Anam Hospital; Korea University Medical Center; Kyung Hee University; Kyungpook National University; Kyungpook National University Hospital; Kyungpook National University Medical Center; LG (South Korea); Samsung Medical Center; Sungkyunkwan University; The Catholic University of Korea Incheon St. Mary's Hospital; Ulsan National Institute of Science and Technology; University of Sheffield,GB; JP; KR,yes,224,Conditions of the Stepwise Cooling Algorithm for Stable Supercooling Preservation and Freshness of Pork Loin,needs_review,Korea University; Korea University Medical Center; Kyungpook National University Hospital; Samsung Medical Center; Kyungpook National University; Kyungpook National University Medical Center; Korea University; Korea University Anam Hospital; Sungkyunkwan University,openalex_last_known,,,,,Korea University; Korea University Medical Center; Kyungpook National University Hospital; Samsung Medical Center; Kyungpook National University; Kyungpook National University Medical Center; Korea University; Korea University Anam Hospital; Sungkyunkwan University,JP; KR,yes,no,no,no,235,D_noise_check,collaboration signal exists but example work looks outside bio,,,,,,,,,0.5,manual review needed,review
A5100609256,Hyo‐Jung Lee,114,45,P0030; P0077; P0195; P0216; P0291; P0346; P0367; P0379; P0503; P0542; P0631; P0686; P0722; P0822; P0905; P0927; P0959; P1069; P1113; P1160; P1178; P1192; P1197; P1209; P1226; P1232; P1238; P1294; P1301; P1310; P1397; P1403; P1416; P1456; P1502; P1530; P1665; P1692; P1693; P1695; P1702; P1712; P1735; P1741; P1744,Asan Medical Center; Chonnam National University; Chosun University; Chungbuk National University; Dong-A ST (South Korea); Ewha Womans University; Gyeongsang National University; Institut Pasteur Korea; Keimyung University; Korea National Institute of Health; Korea Research Institute of Bioscience and Biotechnology; Korea University; Kyung Hee University; Kyung Hee University Medical Center; National Cancer Center; Seoul National University; Seoul National University Bundang Hospital; University of Florida; University of Minnesota; University of Ulsan; Yonsei University,JP; KR; US,yes,246,Temporal proteomic characterization of SARS-CoV-2 infected mouse lungs,needs_review,Seoul National University; Seoul National University Bundang Hospital,openalex_last_known,,,,,Seoul National University; Seoul National University Bundang Hospital,KR,yes,no,no,no,230,D_noise_check,collaboration signal exists but example work looks outside bio,,,,,,,,,0.5,manual review needed,review
A5100766238,Jung Hee Kim,91,41,P0030; P0060; P0064; P0079; P0083; P0205; P0346; P0358; P0540; P0622; P0679; P0707; P0968; P0991; P0999; P1000; P1080; P1111; P1113; P1127; P1141; P1177; P1178; P1195; P1199; P1211; P1225; P1278; P1318; P1403; P1410; P1514; P1528; P1530; P1566; P1628; P1629; P1637; P1638; P1643; P1687,Ajou University; Chungbuk National University; Chungnam National University; Daegu Gyeongbuk Institute of Science and Technology; Eulji University; Eulji University Nowon Eulji Medical Center; Keimyung University; Keimyung University Dongsan Hospital; Keimyung University Dongsan Medical Center; Konkuk University; Korea Institute of Science and Technology; Korea Research Institute of Bioscience and Biotechnology; Kyung Hee University; Kyungpook National University; National Cancer Center; Pai Chai University; Seoul National University; Seoul National University Bundang Hospital; Seoul National University Hospital; Yonsei University,KR,yes,211,"3,4,5-Trihydroxycinnamic acid attenuates lipopolysaccharide (LPS)-induced acute lung injury via downregulating inflammatory molecules and upregulating HO-1/AMPK activation",needs_review,Seoul National University; Seoul National University Hospital; Hallym University Dongtan Sacred Heart Hospital; Korea Institute of Science and Technology; Korea Research Institute of Bioscience and Biotechnology,openalex_last_known,,,,,Seoul National University; Seoul National University Hospital; Hallym University Dongtan Sacred Heart Hospital; Korea Institute of Science and Technology; Korea Research Institute of Bioscience and Biotechnology,KR,yes,no,no,no,210,D_noise_check,collaboration signal exists but example work looks outside bio,,,,,,,,,0.5,manual review needed,review
A5100374569,Dae‐Hyun Kim,83,41,P0066; P0108; P0205; P0246; P0253; P0254; P0256; P0269; P0306; P0491; P0532; P0535; P0568; P0623; P0748; P0848; P0923; P0962; P1038; P1074; P1090; P1122; P1137; P1145; P1157; P1189; P1233; P1235; P1244; P1302; P1357; P1626; P1627; P1628; P1640; P1644; P1645; P1656; P1657; P1660; P1672,Chonnam National University; Chosun University; Chosun University Hospital; Chungnam National University; Dong-A University; Dong-A University Hospital; DongKook Pharmaceutical (South Korea); Dongguk University; Dongguk University Ilsan Hospital; Jeonbuk National University; Konkuk University; Konkuk University Medical Center; Korea Institute of Oriental Medicine; Korea University; Kyung Hee University East-West Neo Medical Center; LG (South Korea); National Cancer Center; National Cancer Center Hospital; Pusan National University; Research Institute for Veterinary Science; Samsung Medical Center; Seoul National University; Seoul National University Bundang Hospital; Severance Hospital; Soonchunhyang University; Soonchunhyang University Hospital Seoul; Sungkyunkwan University; Yonsei University; Yonsei University Health System,KR,yes,203,The involvement of serum exosomal miR-500-3p and miR-770-3p in aging: modulation by calorie restriction,needs_review,Yonsei University; Chungnam National University; Konkuk University; Hebrew SeniorLife; Pusan National University,openalex_last_known,,,,,Yonsei University; Chungnam National University; Konkuk University; Hebrew SeniorLife; Pusan National University,KR; US,yes,no,no,no,210,D_noise_check,collaboration signal exists but example work looks outside bio,,,,,no,no,no,,0.5,manual review needed,review
A5073243425,Kyung‐Tae Lee,150,41,P0021; P0028; P0069; P0195; P0200; P0291; P0376; P0560; P0691; P0703; P0711; P0872; P0920; P0945; P0962; P1138; P1146; P1149; P1170; P1174; P1177; P1203; P1218; P1241; P1253; P1256; P1289; P1407; P1408; P1427; P1434; P1577; P1581; P1590; P1598; P1624; P1633; P1693; P1712; P1738; P1747,Cosmax Inc. (South Korea); Korea Institute of Oriental Medicine; Korea Institute of Science and Technology; Korea National Institute of Health; Korea Research Institute of Bioscience and Biotechnology; Korea University; Kyung Hee University; Kyung Hee University Medical Center; Myongji Hospital; Sungkyunkwan University,KR,yes,270,"6,6′-Bieckol, isolated from marine alga Ecklonia cava, suppressed LPS-induced nitric oxide and PGE2 production and inflammatory cytokine expression in macrophages: The inhibition of NFκB",needs_review,Kyung Hee University; Hanyang University,openalex_last_known,,,,,Kyung Hee University; Hanyang University,KR,yes,no,no,no,210,D_noise_check,collaboration signal exists but example work looks outside bio,,,,,,,,,0.5,manual review needed,review
A5100434365,Tae‐Hwan Kim,91,40,P0086; P0115; P0162; P0408; P0514; P0515; P0542; P0557; P0560; P0625; P0754; P0928; P1003; P1039; P1125; P1152; P1166; P1167; P1174; P1185; P1192; P1197; P1244; P1304; P1346; P1356; P1358; P1384; P1402; P1412; P1446; P1465; P1515; P1521; P1532; P1627; P1688; P1695; P1722; P1723,Chonnam National University; Chonnam National University Hospital; Chungnam National University; Chungnam National University Hospital; Daegu Catholic University; Hanyang University; Hanyang University Guri Hospital; Hanyang University Hospital for Rheumatic Disease; Hanyang University Medical Center; Hanyang University Seoul Hospital; Korea Research Institute of Bioscience and Biotechnology; Kyungpook National University; Queensland University of Technology; Seoul National University; Sungkyunkwan University,AU; KR,yes,208,Dissemination of pathogenic bacteria is reinforced by a MARTX toxin effector duet,needs_review,Chonnam National University; Yonsei University; Severance Hospital; Kyungpook National University; Chonnam National University Hospital; Hanyang University Seoul Hospital; Hallym University Sacred Heart Hospital; Kyungpook National University Chilgok Hospital; Hanyang University Hospital for Rheumatic Disease; Hanyang University,openalex_last_known,,,,,Chonnam National University; Yonsei University; Severance Hospital; Kyungpook National University; Chonnam National University Hospital; Hanyang University Seoul Hospital; Hallym University Sacred Heart Hospital; Kyungpook National University Chilgok Hospital; Hanyang University Hospital for Rheumatic Disease; Hanyang University,KR,yes,no,no,no,205,D_noise_check,collaboration signal exists but example work looks outside bio,,,,,,,,,0.5,manual review needed,review
A5009261338,Kyuhong Lee,89,40,P0142; P0163; P0284; P0536; P0560; P0702; P0714; P0961; P0977; P0984; P1018; P1083; P1098; P1170; P1172; P1247; P1363; P1394; P1458; P1461; P1463; P1464; P1466; P1467; P1469; P1480; P1483; P1490; P1493; P1502; P1508; P1511; P1517; P1518; P1541; P1543; P1551; P1563; P1677; P1742,Chungbuk National University; Korea Basic Science Institute; Korea Environment Corporation; Korea Institute of Toxicology; Korea Research Institute of Chemical Technology; Korea University of Science and Technology; Seoul National University,KR,yes,206,PM2.5 impairs gliovascular coupling via endothelial AHR–mitochondrial signaling in mice,needs_review,Korea Institute of Toxicology; Korea University of Science and Technology,openalex_last_known,,,,,Korea Institute of Toxicology; Korea University of Science and Technology,KR,yes,no,no,no,205,D_noise_check,collaboration signal exists but example work looks outside bio,,,,,,,,,0.5,manual review needed,review
A5100737773,Jong Seung Kim,157,40,P0108; P0149; P0253; P0255; P0466; P0486; P0691; P0709; P0726; P0746; P0804; P0808; P0820; P0855; P0920; P0958; P0959; P1115; P1123; P1130; P1138; P1170; P1181; P1189; P1235; P1301; P1325; P1328; P1353; P1468; P1507; P1510; P1518; P1522; P1526; P1535; P1544; P1551; P1565; P1629,Advanced Institute of Convergence Technology; Chungnam National University; Dankook University; Hanyang University; Hyupsung University; Institute for Basic Science; Jeonbuk National University; Konyang University; Korea Basic Science Institute; Korea Institute of Science and Technology; Korea University; Korea University Guro Hospital; Kyung Hee University; Seoul National University; Shenzhen University; Sogang University; Sungkyunkwan University; Terasaki Foundation; Texas Tech University; The University of Texas at Austin,CN; JP; KR; US,yes,274,Fluorescence imaging of pathophysiological microenvironments,needs_review,Korea University; Korea University,openalex_last_known,,,,,Korea University; Korea University,JP; KR,yes,no,no,no,205,D_noise_check,collaboration signal exists but example work looks outside bio,,,,,,,,,0.5,manual review needed,review
A5100678259,Jae‐Yong Park,121,40,P0040; P0063; P0076; P0100; P0209; P0669; P0843; P0847; P0998; P1014; P1116; P1127; P1128; P1129; P1138; P1148; P1162; P1167; P1199; P1213; P1223; P1296; P1353; P1355; P1363; P1374; P1385; P1387; P1423; P1430; P1463; P1464; P1474; P1507; P1522; P1571; P1586; P1605; P1622; P1685,Cleveland Clinic; Daegu Gyeongbuk Institute of Science and Technology; Emory University; Gwangju Institute of Science and Technology; Gyeongsang National University; Inha University; Korea Institute of Science and Technology; Korea University; Korea University of Science and Technology; Korean Association Of Science and Technology Studies; Kyungpook National University; Kyungpook National University Hospital; Kyungpook National University Medical Center; Roswell Park Comprehensive Cancer Center; Sejong University; Seoul National University; University of North Carolina at Chapel Hill; University of Ulsan; Yale University,KR; US,yes,238,TREK-1 and Best1 Channels Mediate Fast and Slow Glutamate Release in Astrocytes upon GPCR Activation,needs_review,Hanbat National University; Daegu Gyeongbuk Institute of Science and Technology; Korea University,openalex_last_known,,,,,Hanbat National University; Daegu Gyeongbuk Institute of Science and Technology; Korea University,KR,yes,no,no,no,205,D_noise_check,collaboration signal exists but example work looks outside bio,,,,,no,no,no,,0.5,manual review needed,review
A5100681585,Seung Up Kim,234,39,P0056; P0075; P0098; P0142; P0323; P0337; P0342; P0366; P0378; P0482; P0534; P0544; P0802; P0804; P0912; P0923; P1082; P1113; P1121; P1142; P1162; P1167; P1234; P1293; P1302; P1314; P1355; P1388; P1398; P1403; P1436; P1507; P1518; P1547; P1627; P1631; P1637; P1685; P1744,Ajou University; Ajou University Hospital; Ajou University Medical Center; American College of Gastroenterology; Brigham and Women's Hospital; CHA University Bundang Medical Center; Catholic University of Korea; Chinese University of Hong Kong; Chung-Ang University; Gachon University; Gachon University Gil Medical Center; Harvard University; Korea Institute of Radiological and Medical Sciences; Pusan National University; RIKEN; RIKEN BioResource Research Center; Sejong University; Seoul National University; Seoul National University Cancer Hospital; Seoul National University Children's Hospital; Seoul National University Hospital; Severance Hospital; Sogang University; Soonchunhyang University; Soonchunhyang University Hospital Bucheon; The Catholic University of Korea Seoul St. Mary's Hospital; The Ohio State University; University of British Columbia; University of British Columbia Hospital; Wonju Severance Christian Hospital; Wooridul Hospital; Yonsei Cancer Hospital; Yonsei University; Yonsei University Health System; Yonsei University Mirae Campus,CA; HK; JP; KR; US,yes,348,Lovastatin enhances Aβ production and senile plaque deposition in female Tg2576 mice,needs_review,Yonsei University; Soonchunhyang University; Severance Hospital; Soonchunhyang University Hospital Seoul; Yonsei University Health System; Soonchunhyang University Hospital Bucheon,openalex_last_known,,,,,Yonsei University; Soonchunhyang University; Severance Hospital; Soonchunhyang University Hospital Seoul; Yonsei University Health System; Soonchunhyang University Hospital Bucheon,KR,yes,no,no,no,200,D_noise_check,collaboration signal exists but example work looks outside bio,,,,,no,no,no,,0.5,manual review needed,review
A5033232203,Hye Sun Lee,143,39,P0023; P0099; P0326; P0337; P0379; P0389; P0401; P0416; P0434; P0527; P0535; P0696; P0707; P0722; P0753; P0769; P0811; P0829; P0920; P0991; P1141; P1160; P1182; P1188; P1294; P1297; P1410; P1436; P1626; P1627; P1631; P1635; P1641; P1642; P1645; P1651; P1685; P1686; P1704,CHA University; CHA University Bundang Medical Center; CHA University Bundang Women's Medical Center; Eulji University Nowon Eulji Medical Center; Ewha Womans University; Ewha Womans University Seoul Hospital; Gachon University Gil Medical Center; Gangnam Severance Hospital; Hanyang University; Hanyang University Seoul Hospital; Korea University; Korea University Medical Center; Kosin University; Kosin University Gospel Hospital; Military Manpower Administration; Pohang University of Science and Technology; Research Institute for Future Medicine; Samsung Medical Center; Seoul National University; Seoul National University Hospital; Severance Hospital; Yonsei University; Yonsei University Health System,KR,yes,257,Impact of host-pathogen-treatment tripartite components on early mortality of patients with Escherichia coli bloodstream infection: Prospective observational study,needs_review,Yonsei University; Korea Institute of Ceramic Engineering and Technology; Hanyang University Seoul Hospital; Yonsei University Health System; Hanyang University,openalex_last_known,,,,,Yonsei University; Korea Institute of Ceramic Engineering and Technology; Hanyang University Seoul Hospital; Yonsei University Health System; Hanyang University,KR,yes,no,no,no,200,D_noise_check,collaboration signal exists but example work looks outside bio,,,,,no,no,no,,0.5,manual review needed,review
A5061532156,Young‐Joon Surh,126,39,P0040; P0053; P0056; P0060; P0245; P0486; P0492; P0564; P0594; P0684; P0689; P0691; P0694; P0713; P0755; P0964; P0968; P0990; P1062; P1113; P1129; P1162; P1177; P1199; P1223; P1228; P1274; P1388; P1399; P1409; P1412; P1459; P1549; P1565; P1572; P1578; P1585; P1587; P1749,Advanced Institute of Convergence Technology; Ajou University; Korea Institute of Oriental Medicine; Korea Research Institute of Bioscience and Biotechnology; Kyung Hee University; Seoul National University; Sungshin Women's University; University of Minnesota,KR; US,yes,240,[6]-Gingerol inhibits COX-2 expression by blocking the activation of p38 MAP kinase and NF-κB in phorbol ester-stimulated mouse skin,needs_review,Seoul National University,openalex_last_known,,,,,Seoul National University,KR,yes,no,no,no,200,D_noise_check,collaboration signal exists but example work looks outside bio,,,,,,,,,0.5,manual review needed,review
A5013507111,Bo Yeon Kim,168,38,P0042; P0044; P0060; P0102; P0230; P0245; P0251; P0253; P0684; P0786; P0996; P1000; P1115; P1125; P1170; P1173; P1177; P1180; P1183; P1185; P1188; P1195; P1199; P1202; P1205; P1206; P1211; P1213; P1222; P1224; P1226; P1228; P1279; P1440; P1450; P1521; P1528; P1571,Center for Cancer Research; Central South University; Chung-Ang University; Daejin University; Harvard University; Health Insurance Review and Assessment Service; Jeonbuk National University; Korea Research Institute of Bioscience and Biotechnology; Korea University Medical Center; Korea University of Science and Technology; National Cancer Institute; Second Xiangya Hospital of Central South University; University of Minnesota; Université de Yaoundé I; Zhengzhou University,CM; CN; KR; US,yes,279,Antidiabetic effects of extracts from Psidium guajava,needs_review,Dong-A University,openalex_last_known,,,,,Dong-A University,KR,yes,no,no,yes,192,D_noise_check,collaboration signal exists but example work looks outside bio,,,,,,,,,0.5,manual review needed,review
A5103282604,Myung Hee Kim,93,37,P0065; P0093; P0100; P0102; P0140; P0245; P0349; P0679; P0707; P0754; P0928; P1003; P1119; P1124; P1125; P1173; P1174; P1185; P1187; P1196; P1204; P1208; P1230; P1242; P1248; P1257; P1304; P1310; P1341; P1346; P1459; P1463; P1532; P1551; P1554; P1571; P1617,Chungbuk National University; Chungnam National University; Dongguk University; Gangnam Severance Hospital; Gwangju Institute of Science and Technology; Inje University Busan Paik Hospital; Korea Research Institute of Bioscience and Biotechnology; Korea Research Institute of Chemical Technology; Korea University of Science and Technology; Nanyang Technological University; Sahmyook University; Seoul National University; Yonsei University,KR; SG,yes,201,Dissemination of pathogenic bacteria is reinforced by a MARTX toxin effector duet,needs_review,Advanced Institute of Convergence Technology,openalex_last_known,,,,,Advanced Institute of Convergence Technology,KR,yes,no,no,no,190,D_noise_check,collaboration signal exists but example work looks outside bio,,,,,,,,,0.5,manual review needed,review
A5101911180,Myung Ho Jeong,306,37,P0007; P0021; P0026; P0030; P0064; P0204; P0214; P0265; P0364; P0446; P0516; P0524; P0580; P0600; P0722; P0808; P0920; P1114; P1131; P1136; P1158; P1198; P1209; P1222; P1398; P1469; P1472; P1481; P1515; P1519; P1537; P1571; P1635; P1651; P1655; P1685; P1686,Catholic University of Korea; Chonnam National University; Chonnam National University Hospital; Chungnam National University; Government of the Republic of China; Jangsung (South Korea); Korea University; Korea University Guro Hospital; Korean Society of Cardiology; Ministry of Health and Welfare; Pusan National University; Second Hospital of Tianjin Medical University; Seoul National University Bundang Hospital; Seoul National University Hospital; Sunchon National University; Tianjin Medical University; Tianjin Nankai Hospital; Wonkwang University; Wonkwang University Hospital,CN; KR; TW,yes,414,Long‐Term Clinical Outcomes of Acute Myocardial Infarction Based on Institutional Experience With IVUS,needs_review,Chonnam National University; Chonnam National University Hospital; Chung-Ang University Gwangmyeong Hospital; Chung-Ang University Healthcare System; Chung-Ang University,openalex_last_known,,,,,Chonnam National University; Chonnam National University Hospital; Chung-Ang University Gwangmyeong Hospital; Chung-Ang University Healthcare System; Chung-Ang University,KR,yes,no,no,no,190,D_noise_check,collaboration signal exists but example work looks outside bio,,,,,,,,,0.5,manual review needed,review
A5012866137,Kyoungho Suk,160,37,P0209; P0669; P0673; P0678; P0691; P0890; P1014; P1098; P1128; P1129; P1137; P1138; P1167; P1185; P1214; P1258; P1299; P1343; P1344; P1358; P1359; P1364; P1372; P1373; P1387; P1389; P1394; P1410; P1463; P1527; P1567; P1571; P1581; P1605; P1624; P1693; P1700,Chonnam National University; Chonnam National University Hospital; Gyeongsang National University; Korea Brain Research Institute; Korea Research Institute of Bioscience and Biotechnology; Kyung Hee University; Kyungpook National University; Kyungpook National University Hospital; Kyungpook National University Medical Center; Yeungnam University,KR,yes,268,Astrocytic Orosomucoid-2 Modulates Microglial Activation and Neuroinflammation,needs_review,Kyungpook National University,openalex_last_known,,,,,Kyungpook National University,KR,yes,no,no,no,190,D_noise_check,collaboration signal exists but example work looks outside bio,,,,,,,,,0.5,manual review needed,review
A5058516635,Sung‐Hye Park,142,37,P0028; P0057; P0068; P0079; P0250; P0439; P0442; P0532; P0601; P0696; P0986; P1014; P1124; P1125; P1163; P1167; P1170; P1178; P1181; P1227; P1296; P1302; P1308; P1318; P1322; P1355; P1356; P1373; P1474; P1489; P1630; P1637; P1649; P1669; P1700; P1727; P1743,Armed Forces Capital Hospital; Asan Medical Center; Emory University; Inha University; Jeju National University; Korea Institute of Science and Technology; Korea University of Science and Technology; National Cancer Center; Samsung Medical Center; Seoul National University; Seoul National University Bundang Hospital; Seoul National University Cancer Hospital; Seoul National University Children's Hospital; Seoul National University Hospital; Sungkyunkwan University; Ulsan National Institute of Science and Technology; University of Ulsan,KR; US,yes,250,"Caffeine-Mediated Inhibition of Calcium Release Channel Inositol 1,4,5-Trisphosphate Receptor Subtype 3 Blocks Glioblastoma Invasion and Extends Survival",needs_review,Seoul National University; Seoul National University Hospital,openalex_last_known,,,,,Seoul National University; Seoul National University Hospital,KR,yes,no,no,no,190,D_noise_check,collaboration signal exists but example work looks outside bio,,,,,,,,,0.5,manual review needed,review
A5089590792,Dohyun Han,132,37,P0007; P0034; P0058; P0060; P0064; P0067; P0068; P0071; P0083; P0115; P0205; P0318; P0337; P0481; P0505; P0526; P0587; P0699; P0707; P0905; P0927; P1008; P1069; P1081; P1129; P1155; P1174; P1189; P1330; P1357; P1386; P1409; P1444; P1506; P1628; P1673; P1710,Ajou University; Animal and Plant Quarantine Agency; Boston University; Gachon University; Institute for Basic Science; Korea Institute of Science and Technology; Kyungpook National University; Seoul National University; Seoul National University Hospital; Seoul National University Hospital Biomedical Research Institute; University of Washington; VA Puget Sound Health Care System,KR; US,yes,240,CHIP-mediated hyperubiquitylation of tau promotes its self-assembly into the insoluble tau filaments,needs_review,Seoul National University; Seoul National University Hospital; Seoul National University Hospital Biomedical Research Institute,openalex_last_known,,,,,Seoul National University; Seoul National University Hospital; Seoul National University Hospital Biomedical Research Institute,KR,yes,no,no,no,190,D_noise_check,collaboration signal exists but example work looks outside bio,,,,,no,no,no,,0.5,manual review needed,review
A5026549320,Hong Bin Kim,140,36,P0028; P0064; P0071; P0083; P0099; P0326; P0347; P0444; P0643; P0696; P0785; P0905; P0927; P1069; P1080; P1098; P1187; P1220; P1226; P1363; P1397; P1441; P1448; P1523; P1579; P1586; P1595; P1638; P1665; P1684; P1686; P1690; P1691; P1707; P1718; P1751,Chungnam National University; Chungnam National University Hospital; Ewha Womans University; Ewha Womans University Seoul Hospital; Kangwon National University; Konkuk University; Massachusetts General Hospital; National Evidenc- based healthcare Collaborating Agency; National Health Insurance Service; National Health Insurance Service Ilsan Hospital; Research Institute for Veterinary Science; Seoul National University; Seoul National University Bundang Hospital; Seoul National University Dental Hospital; Seoul National University Hospital; Wonju Severance Christian Hospital; Wonkwang University Hospital; Yonsei University; Yonsei University Health System; Yonsei University Mirae Campus,KR; US,yes,245,Successful containment of carbapenem-resistant Enterobacteriaceae by strict contact precautions without active surveillance,needs_review,Seoul National University; Seoul National University Bundang Hospital,openalex_last_known,,,,,Seoul National University; Seoul National University Bundang Hospital,KR,yes,no,no,no,185,D_noise_check,collaboration signal exists but example work looks outside bio,,,,,no,no,no,,0.5,manual review needed,review
A5052451906,Bong‐Kiun Kaang,130,34,P0063; P0066; P0096; P0203; P0297; P0751; P0752; P0764; P0766; P0791; P0920; P1002; P1009; P1013; P1015; P1129; P1146; P1162; P1296; P1299; P1302; P1318; P1337; P1357; P1360; P1361; P1364; P1365; P1368; P1376; P1379; P1521; P1605; P1629,"Chungbuk National University; Columbia University; Howard Hughes Medical Institute; Icahn School of Medicine at Mount Sinai; Institute for Basic Science; Institute of Molecular Biology and Genetics; Korea Advanced Institute of Science and Technology; Kyung Hee University; Seoul National University; University of California, Los Angeles; University of Toronto; Xi'an Jiaotong University; Yonsei University",CA; CN; KR; UA; US,yes,229,Astrocytic ankyrin-2 enables memory persistence in the mouse hippocampus,needs_review,Seoul National University; Korea Advanced Institute of Science and Technology; Institute for Basic Science,openalex_last_known,,,,,Seoul National University; Korea Advanced Institute of Science and Technology; Institute for Basic Science,KR,yes,no,no,no,175,D_noise_check,collaboration signal exists but example work looks outside bio,,,,,,,,,0.5,manual review needed,review
A5006728335,Young Dae Kim,128,34,P0007; P0014; P0030; P0034; P0052; P0068; P0099; P0253; P0291; P0319; P0326; P0379; P0380; P0416; P0434; P0446; P0504; P0515; P0535; P0601; P0722; P0829; P1115; P1116; P1117; P1182; P1221; P1232; P1302; P1398; P1466; P1645; P1680; P1687,Ajou University; CHA University; CHA University Bundang Medical Center; CHA University Bundang Women's Medical Center; Chonnam National University; Chosun University; Chosun University Hospital; Dong-A University; Dong-A University Hospital; Dongguk University; Dongguk University Ilsan Hospital; Ewha Womans University; Ewha Womans University Medical Center; Ewha Womans University Seoul Hospital; Gangnam Severance Hospital; Gwangju Institute of Science and Technology; Hospital de Sant Pau; Inha University; Inha University Hospital; Inje University; Institut de Recerca Sant Pau; Keimyung University; Korea Institute of Science and Technology; Korea Research Institute of Bioscience and Biotechnology; Korea University; Korea University Guro Hospital; Korean Association Of Science and Technology Studies; Kushiro City General Hospital; National Hospital for Neurology and Neurosurgery; Samsung Medical Center; Severance Hospital; Sungkyunkwan University; UCL Queen Square Institute of Neurology; Union Hospital; University College London; Yonsei University; Yonsei University Health System,CN; ES; GB; JP; KR,yes,227,Functional Outcomes Associated With Blood Pressure Decrease After Endovascular Thrombectomy,needs_review,Yonsei University; Severance Hospital; Yonsei University Health System,openalex_last_known,,,,,Yonsei University; Severance Hospital; Yonsei University Health System,KR,yes,no,no,no,175,D_noise_check,collaboration signal exists but example work looks outside bio,,,,,,,,,0.5,manual review needed,review
A5100780621,Jin Seok Kim,321,33,P0007; P0013; P0014; P0020; P0355; P0429; P0481; P0603; P0670; P0704; P0707; P0920; P1027; P1098; P1113; P1114; P1116; P1117; P1177; P1178; P1182; P1185; P1199; P1225; P1294; P1398; P1410; P1519; P1528; P1635; P1641; P1642; P1666,Asan Medical Center; Catholic University of Korea; Chonnam National University Hwasun Hospital; Hallym University Medical Center; Hallym University Sacred Heart Hospital; Inha University Hospital; Jeonbuk National University; Jeonbuk National University Hospital; Keimyung University; Keimyung University Dongsan Medical Center; Korea Research Institute of Bioscience and Biotechnology; Korea University; Korea University Guro Hospital; Korea University Medical Center; Kyungpook National University; Kyungpook National University Hospital; Kyungpook National University Medical Center; National Cancer Center; National Cancer Center Hospital; National Health Insurance Service; National Health Insurance Service Ilsan Hospital; Pusan National University Hospital; Samsung Medical Center; Seoul National University; Seoul National University Hospital; Severance Hospital; Sookmyung Women's University; Soonchunhyang University Hospital Seoul; Sungkyunkwan University; The Catholic University of Korea Seoul St. Mary's Hospital; The Catholic University of Korea St. Vincent's Hospital; The Korean Society of Hematology; Ulsan University Hospital; University of Ulsan; Yeungnam University; Yeungnam University College; Yonsei University; Yonsei University Health System,KR,yes,417,Picroside II Attenuates Airway Inflammation by Downregulating the Transcription Factor GATA3 and Th2-Related Cytokines in a Mouse Model of HDM-Induced Allergic Asthma,needs_review,Yonsei University; Severance Hospital; University of Ulsan; Yonsei University Health System,openalex_last_known,,,,,Yonsei University; Severance Hospital; University of Ulsan; Yonsei University Health System,KR,yes,no,no,no,170,D_noise_check,collaboration signal exists but example work looks outside bio,,Jin Seok Kim,"JIN SEOK KIM. Yonsei University College of Medicine: Seodaemun-gu, Seoul, KR. 1999-03-01 to 2001-02-28 | MS. Education. Show more detail. Source: Self-asserted ...",https://orcid.org/0000-0001-8986-8436,no,no,no,,0.5,manual review needed,review
A5100758570,Sungha Park,138,33,P0007; P0027; P0030; P0075; P0079; P0317; P0319; P0326; P0379; P0408; P0416; P0434; P0439; P0446; P0471; P0527; P0535; P0580; P0722; P0804; P0920; P0926; P1114; P1131; P1175; P1235; P1436; P1580; P1587; P1635; P1685; P1686; P1725,Gangnam Severance Hospital; Hanyang University Guri Hospital; Kolmar Korea (South Korea); Korea Advanced Institute of Science and Technology; Korea Food Research Institute; Korea University; Korea University Guro Hospital; Korea University Medical Center; Kyung Hee University; Kyung Hee University Hospital at Gangdong; Seoul National University; Seoul National University Hospital; Severance Hospital; Yonsei Cancer Hospital; Yonsei University; Yonsei University Health System,KR,yes,234,Clinical Features of Obstructive Sleep Apnea That Determine Its High Prevalence in Resistant Hypertension,needs_review,Yonsei University; Severance Hospital; Yonsei University Health System,openalex_last_known,,,,,Yonsei University; Severance Hospital; Yonsei University Health System,KR,yes,no,no,no,170,D_noise_check,collaboration signal exists but example work looks outside bio,,,,,no,no,no,,0.5,manual review needed,review
A5100399420,Ji Young Park,113,33,P0006; P0102; P0104; P0200; P0204; P0312; P0337; P0346; P0409; P0493; P0511; P0596; P0738; P0742; P0765; P0801; P0802; P0804; P0842; P1003; P1053; P1069; P1102; P1114; P1182; P1242; P1257; P1402; P1413; P1445; P1446; P1496; P1618,Chonnam National University; Chung-Ang University; Chungnam National University; Eulji Medical Center; Eulji University; Gachon University Gil Medical Center; Gachon University Medical Center; Gwangju Institute of Science and Technology; Gyeongsang National University; Korea Advanced Institute of Science and Technology; Korea University; Korea University Anam Hospital; Korea University Guro Hospital; Kyungpook National University Hospital; Pusan National University; Sangji University; Sookmyung Women's University; Soonchunhyang University; Soonchunhyang University Hospital Cheonan; Sungkyunkwan University; Vanderbilt University; Vanderbilt University Medical Center,KR; US,yes,209,Incidence and predictors of postoperative pulmonary complications after nonthoracic surgery in patients of 65 years old or more,needs_review,Korea University; Korea University Anam Hospital,openalex_last_known,,,,,Korea University; Korea University Anam Hospital,KR,yes,no,no,no,170,D_noise_check,collaboration signal exists but example work looks outside bio,,,,,,,,,0.5,manual review needed,review
A5039448459,Do‐Young Yoon,109,33,P0042; P0263; P0282; P0288; P0331; P0415; P0493; P0568; P0958; P0968; P0996; P1000; P1002; P1069; P1082; P1177; P1185; P1189; P1199; P1202; P1206; P1208; P1211; P1213; P1274; P1466; P1468; P1506; P1518; P1526; P1528; P1534; P1565,Konkuk University; Korea Research Institute of Bioscience and Biotechnology; Sookmyung Women's University,KR,yes,205,Fargesin exerts anti-inflammatory effects in THP-1 monocytes by suppressing PKC-dependent AP-1 and NF-ĸB signaling,needs_review,Konkuk University,openalex_last_known,,,,,Konkuk University,KR,yes,no,no,no,170,D_noise_check,collaboration signal exists but example work looks outside bio,,,,,,,,,0.5,manual review needed,review
A5008009334,Hyesook Park,168,32,P0219; P0317; P0325; P0337; P0347; P0365; P0384; P0393; P0407; P0408; P0409; P0422; P0424; P0428; P0430; P0438; P0444; P0449; P0453; P0572; P0998; P1093; P1115; P1293; P1410; P1466; P1514; P1651; P1654; P1677; P1685; P1686,British Library; Dankook University; Dong-A University; Eulji University; Ewha Womans University; Ewha Womans University Medical Center; Ewha Womans University Mokdong Hospital; Ewha Womans University Seoul Hospital; General Department of Preventive Medicine; Hallym University Dongtan Sacred Heart Hospital; Hanyang University; Inha University; Kangwon National University; Korea National Institute of Health; Korea University; Kyung Hee University; Ministry of Environment; National Cancer Center; National Institute of Environmental Research; National Research Foundation of Korea; Rosalind Franklin University of Medicine and Science; Rural Development Administration; Seoul National University; Ulsan University Hospital; University of Ulsan,GB; JP; KR; US; VN,yes,261,Body Weight at Birth and at Age Three and Respiratory Illness in Preschool Children,needs_review,Korea Meteorological Administration; Ewha Womans University; National Institute of Meteorological Sciences,openalex_last_known,,,,,Korea Meteorological Administration; Ewha Womans University; National Institute of Meteorological Sciences,KR,yes,no,no,no,165,D_noise_check,collaboration signal exists but example work looks outside bio,,,,,,,,,0.5,manual review needed,review
A5058577911,Nam‐Chul Ha,107,32,P0023; P0065; P0097; P0102; P0210; P0272; P0291; P0466; P0489; P0503; P0651; P0677; P0754; P0758; P0767; P0872; P0903; P0928; P0972; P1176; P1179; P1188; P1212; P1232; P1283; P1346; P1390; P1398; P1444; P1554; P1557; P1560,Chung-Ang University; Pohang University of Science and Technology; Pusan National University; Seoul National University; Stanford Medicine; Stanford University,KR; US,yes,200,KDM2B is a histone H3K79 demethylase and induces transcriptional repression via sirtuin‐1‐mediated chromatin silencing,needs_review,Seoul National University,openalex_last_known,,,,,Seoul National University,KR,yes,no,no,no,165,D_noise_check,collaboration signal exists but example work looks outside bio,,,,,,,,,0.5,manual review needed,review
A5022383639,Donghoon Choi,307,31,P0007; P0030; P0079; P0095; P0319; P0333; P0379; P0434; P0446; P0471; P0580; P0600; P0641; P0746; P0920; P1111; P1114; P1116; P1119; P1131; P1158; P1175; P1184; P1301; P1436; P1538; P1628; P1635; P1664; P1685; P1686,Asan Medical Center; CHA University; CHA University Bundang Medical Center; Cardiovascular Research Foundation; Catholic Kwandong University; Chung-Ang University; Chung-Ang University Healthcare System; Columbia University Irving Medical Center; Ewha Womans University; Ewha Womans University Medical Center; Ewha Womans University Mokdong Hospital; IRCCS Ospedale San Raffaele; Keimyung University; Konyang University; Korea Institute of Science and Technology; Korea University Guro Hospital; Korean Association Of Science and Technology Studies; Korean Society of Cardiology; NewYork–Presbyterian Hospital; Samsung Medical Center; Sejong University; Seoul National University; Seoul National University Hospital; Severance Hospital; Sungkyunkwan University; University Hospital of Bern; University of Bologna; University of Ulsan; Wonkwang University; Wonkwang University Sanbon Hospital; Yongin Severance Hospital; Yonsei University; Yonsei University Health System,CH; IT; KR; US,yes,397,Follow-up Results of Stent Placement for Extracranial Carotid Artery Stenosis,needs_review,"Yonsei University; Severance Hospital; Yonsei University Health System; NeoImmuneTech, Inc. (United States)",openalex_last_known,,,,,"Yonsei University; Severance Hospital; Yonsei University Health System; NeoImmuneTech, Inc. (United States)",KR; US,yes,no,no,no,160,D_noise_check,collaboration signal exists but example work looks outside bio,,,,,no,no,no,,0.5,manual review needed,review
A5052033483,Tai Hyun Park,139,31,P0002; P0007; P0018; P0030; P0192; P0231; P0303; P0422; P0477; P0550; P0657; P0734; P0745; P0746; P0748; P0774; P0808; P0829; P1124; P1126; P1142; P1154; P1187; P1325; P1411; P1459; P1479; P1482; P1552; P1574; P1607,Advanced Institute of Convergence Technology; Ewha Womans University; Korea Institute of Science and Technology; Korea University of Science and Technology; Seoul National University; Yonsei University,KR,yes,229,Artificial Rod and Cone Photoreceptors with Human‐Like Spectral Sensitivities,needs_review,Ewha Womans University; Seoul National University,openalex_last_known,,,,,Ewha Womans University; Seoul National University,KR,yes,no,no,no,160,D_noise_check,collaboration signal exists but example work looks outside bio,,,,,,,,,0.5,manual review needed,review
A5000814488,In‐Sik Shin,131,31,P0055; P0711; P0740; P0984; P1000; P1177; P1178; P1189; P1199; P1208; P1225; P1400; P1401; P1408; P1412; P1413; P1416; P1422; P1425; P1428; P1434; P1441; P1450; P1461; P1464; P1467; P1477; P1480; P1502; P1635; P1701,Chonnam National University; Korea Institute of Oriental Medicine; Korea Research Institute of Bioscience and Biotechnology,KR,yes,221,Artemisia argyi attenuates airway inflammation in ovalbumin-induced asthmatic animals,needs_review,Chonnam National University,openalex_last_known,,,,,Chonnam National University,KR,yes,no,no,no,160,D_noise_check,collaboration signal exists but example work looks outside bio,,,,,,,,,0.5,manual review needed,review
A5029576785,Dae Young Kwon,135,30,P0220; P0231; P0283; P0493; P0550; P0783; P0855; P0961; P1101; P1123; P1143; P1210; P1253; P1256; P1328; P1397; P1415; P1505; P1567; P1569; P1572; P1573; P1576; P1585; P1587; P1597; P1613; P1614; P1615; P1624,Hoseo University; Korea Food Research Institute; Korea University; Korea University of Science and Technology; University of Verona,IT; JP; KR,yes,222,Vasorelaxant effect of stilbenes from rhizome extract of rhubarb (Rheum undulatum) on the contractility of rat aorta,needs_review,Korea University; Korea University,openalex_last_known,,,,,Korea University; Korea University,JP; KR,yes,no,no,no,155,D_noise_check,collaboration signal exists but example work looks outside bio,,,,,,,,,0.5,manual review needed,review
A5027850835,Ae Nim Pae,125,30,P0066; P0069; P0096; P0251; P0255; P0625; P0691; P0711; P0745; P0843; P0872; P1129; P1138; P1146; P1152; P1157; P1167; P1168; P1170; P1253; P1256; P1263; P1296; P1403; P1505; P1586; P1604; P1605; P1744; P1753,Convergence Research Center for Diagnosis Treatment and Care System of Dementia; Hanyang University; Korea Advanced Institute of Science and Technology; Korea Food Research Institute; Korea Institute of Science and Technology; Korea Research Institute of Chemical Technology; Korea University; Korea University of Science and Technology; Korean Association Of Science and Technology Studies; Kyung Hee University; Seoul National University; University of Science and Technology; Yonsei University,JP; KR; YE,yes,212,Direct interaction with 14–3-3γ promotes surface expression of Best1 channel in astrocyte,needs_review,University of Science and Technology; Korean Association Of Science and Technology Studies; Korea Institute of Science and Technology; Korea University of Science and Technology,openalex_last_known,,,,,University of Science and Technology; Korean Association Of Science and Technology Studies; Korea Institute of Science and Technology; Korea University of Science and Technology,KR; YE,yes,no,no,no,155,D_noise_check,collaboration signal exists but example work looks outside bio,,,,,,,,,0.5,manual review needed,review
A5036060341,Myeong‐Jin Kim,198,29,P0040; P0115; P0253; P0306; P0401; P0415; P0511; P0596; P0623; P0689; P0714; P0856; P0907; P1184; P1202; P1219; P1398; P1626; P1627; P1628; P1631; P1639; P1643; P1644; P1647; P1661; P1669; P1685; P1750,Asan Medical Center; Chonnam National University; Dankook University; Dankook University Hospital; Dongguk University; Ewha Womans University; Gachon University; Gachon University Gil Medical Center; Hamilton Health Sciences; Institut Pasteur Korea; Juravinski Cancer Centre; Juravinski Hospital; Korea University; McMaster University; National Cancer Center; National Cancer Center Hospital; Queen's University; Seoul National University; Seoul National University Bundang Hospital; Seoul National University Cancer Hospital; Seoul National University Dental Hospital; Seoul National University Hospital; Severance Hospital; University of Bologna; University of Ottawa; University of Ulsan; University of Zurich; Universitätsklinikum Würzburg; Yonsei University; Yonsei University Health System,CA; CH; DE; IT; KR,yes,282,Malignant Mesothelioma Causing Bloody Pleural Effusion,needs_review,University of Seoul; Memorial Sloan Kettering Cancer Center; Hallym University; Yonsei University; Severance Hospital; Rural Development Administration; Asan Medical Center; University of Ulsan; Gachon University Gil Medical Center; Hallym University Sacred Heart Hospital; Yonsei University Health System; Sungkyunkwan University; Myongji University,openalex_last_known,,,,,University of Seoul; Memorial Sloan Kettering Cancer Center; Hallym University; Yonsei University; Severance Hospital; Rural Development Administration; Asan Medical Center; University of Ulsan; Gachon University Gil Medical Center; Hallym University Sacred Heart Hospital; Yonsei University Health System; Sungkyunkwan University; Myongji University,KR; US,yes,no,no,no,150,D_noise_check,collaboration signal exists but example work looks outside bio,,,,,,,,,0.5,manual review needed,review
A5022308730,Deok‐Hwan Yang,351,27,P0006; P0007; P0013; P0014; P0016; P0020; P0052; P0137; P0220; P0337; P0355; P0362; P0449; P0536; P0603; P0959; P1094; P1098; P1182; P1188; P1209; P1398; P1481; P1595; P1641; P1666; P1691,Asan Medical Center; Chonnam National University; Chonnam National University Hospital; Chonnam National University Hwasun Hospital; Dong-A University; Dong-A University Hospital; Gyeongsang National University; Hallym University Medical Center; Inje University; Inje University Busan Paik Hospital; Kangdong Sacred Heart Hospital; Kosin University; Kosin University Gospel Hospital; Kyungpook National University; Kyungpook National University Hospital; National Cancer Center; Pusan National University; Pusan National University Hospital; Samsung Medical Center; Seonam University; University of Ulsan; Yeungnam University Medical Center,KR,yes,429,Clinical Significance of bZIP In-Frame CEBPA-Mutated Normal Karyotype Acute Myeloid Leukemia,needs_review,Chonnam National University; Chonnam National University Hwasun Hospital,openalex_last_known,,,,,Chonnam National University; Chonnam National University Hwasun Hospital,KR,yes,no,no,no,140,D_noise_check,collaboration signal exists but example work looks outside bio,,,,,no,no,no,,0.5,manual review needed,review
A5035547791,Ji Sung Lee,234,27,P0297; P0317; P0346; P0364; P0379; P0380; P0416; P0532; P0534; P0535; P0588; P0597; P0802; P1116; P1117; P1238; P1403; P1507; P1578; P1634; P1644; P1645; P1658; P1661; P1671; P1685; P1694,"Ajou University; Ajou University Hospital; Ajou University Medical Center; Asan Medical Center; Catholic University of Korea; Center for Systems Biology; Chonnam National University; Chonnam National University Hospital; Chosun University Hospital; Chungbuk National University; Chungbuk National University Hospital; Daejeon Eulji Medical Center, Eulji University; Dong-A University; Dong-A University Hospital; Dongguk University; Eulji Medical Center; Eulji University; Eulji University Nowon Eulji Medical Center; Eulji University Uijeongbu Eulji Medical Center; Ewha Womans University; Ewha Womans University Medical Center; Gangnam Severance Hospital; Hallym University; Hallym University Sacred Heart Hospital; Harvard University; Health Insurance Review and Assessment Service; Inha University; Inha University Hospital; Inje University Ilsan Paik Hospital; Kangdong Sacred Heart Hospital; Konkuk University; Konkuk University Medical Center; Korea Institute of Science and Technology; Korea University; Korea University Medical Center; Korean Association Of Science and Technology Studies; Massachusetts General Hospital; National Health Insurance Service; National Health Insurance Service Ilsan Hospital; Samsung Medical Center; Seoul Medical Center; Seoul National University; Seoul National University Bundang Hospital; Seoul National University Hospital; Soonchunhyang University; Soonchunhyang University Hospital Gumi; Soonchunhyang University Hospital Seoul; Soonchunhyang University Medical Center; Sungkyunkwan University; The Catholic University of Korea Eunpyeong St. Mary's Hospital; The University of Texas MD Anderson Cancer Center; Ulsan University Hospital; University of Ulsan; Yeungnam University; Yeungnam University College; Yeungnam University Medical Center",JP; KR; US,yes,312,Improved oral hygiene care is associated with decreased risk of occurrence for atrial fibrillation and heart failure: A nationwide population-based cohort study,needs_review,Korea University; Soonchunhyang University; Soonchunhyang University Hospital Seoul; Asan Medical Center; University of Ulsan; Yeungnam University Medical Center; Yeungnam University,openalex_last_known,,,,,Korea University; Soonchunhyang University; Soonchunhyang University Hospital Seoul; Asan Medical Center; University of Ulsan; Yeungnam University Medical Center; Yeungnam University,KR,yes,no,no,no,140,D_noise_check,collaboration signal exists but example work looks outside bio,,,,,no,no,no,,0.5,manual review needed,review
A5041807954,Myeong‐Chan Cho,177,27,P0007; P0030; P0214; P0434; P0446; P0600; P0722; P0920; P1114; P1179; P1240; P1297; P1301; P1410; P1515; P1524; P1571; P1686; P1688; P1695; P1702; P1708; P1712; P1725; P1731; P1734; P1735,Asan Medical Center; Chonnam National University Hospital; Chungbuk National University; Chungbuk National University Hospital; Gachon University Gil Medical Center; Jeonbuk National University Hospital; Korea National Institute of Health; Korea University; Korea University Guro Hospital; Korean Society of Cardiology; Kosin University Gospel Hospital; Kyoto University; Kyungpook National University; National Center for Global Health and Medicine; National Institutes of Health; Samsung Medical Center; Seoul National University Bundang Hospital; Seoul National University Hospital; Sungkyunkwan University; Tulane University; University of Ulsan; Vanderbilt University,JP; KR; US,yes,255,Clinical Characteristics and Outcome of Acute Heart Failure in Korea: Results from the Korean Acute Heart Failure Registry (KorAHF),needs_review,Chungbuk National University,openalex_last_known,,,,,Chungbuk National University,KR,yes,no,no,no,140,D_noise_check,collaboration signal exists but example work looks outside bio,,,,,,,,,0.5,manual review needed,review
A5100778884,Soo‐Jeong Kim,122,27,P0013; P0014; P0020; P0205; P0253; P0355; P0536; P0550; P0601; P0920; P1027; P1090; P1098; P1129; P1132; P1146; P1182; P1185; P1190; P1234; P1294; P1340; P1398; P1521; P1641; P1664; P1666,Chonnam National University Hwasun Hospital; Chungnam National University; Dong-A University; Dong-A University Hospital; Inha University; Janssen Korea (South Korea); Konkuk University; Konkuk University Medical Center; Korea Research Institute of Bioscience and Biotechnology; Kyung Hee University; Samsung Medical Center; Seoul National University; Severance Hospital; Sungkyunkwan University; Yongin Severance Hospital; Yonsei University; Yonsei University Health System,KR,yes,200,"Rhodium-Catalyzed Intramolecular [4+4] Cycloaddition of Bisdienes To Form Ring-Condensed 1,5-Cyclooctadienes",needs_review,Memorial Sloan Kettering Cancer Center; Yonsei University; CHA University; Yonsei University Health System; CHA Advanced Research Institute; Yongin Severance Hospital; Ajou University,openalex_last_known,,,,,Memorial Sloan Kettering Cancer Center; Yonsei University; CHA University; Yonsei University Health System; CHA Advanced Research Institute; Yongin Severance Hospital; Ajou University,KR; US,yes,no,no,no,140,D_noise_check,collaboration signal exists but example work looks outside bio,,,,,,,,,0.5,manual review needed,review
A5000750700,Ho‐Seong Han,247,26,P0075; P0123; P0342; P0356; P0393; P0456; P0609; P0630; P0878; P1293; P1391; P1398; P1403; P1405; P1418; P1459; P1628; P1644; P1648; P1650; P1651; P1662; P1663; P1673; P1683; P1684,Duke-NUS Medical School; Ewha Womans University; Ewha Womans University Medical Center; Ewha Womans University Seoul Hospital; National Cancer Center; National Cancer Centre Singapore; National University Hospital; Seongnam Citizens Medical Center; Seoul National University; Seoul National University Bundang Hospital; Seoul National University Hospital; SingHealth; SingHealth Duke-NUS Academic Medical Centre; Singapore Clinical Research Institute; Singapore General Hospital; Yeungnam University College,KR; SG,yes,322,Clinicopathological characteristics of intraductal papillary neoplasm of the bile duct: a Japan‐Korea collaborative study,needs_review,Seoul National University; Seoul National University Hospital; Seoul National University Bundang Hospital; Seongnam Citizens Medical Center,openalex_last_known,,,,,Seoul National University; Seoul National University Hospital; Seoul National University Bundang Hospital; Seongnam Citizens Medical Center,KR,yes,no,no,no,135,D_noise_check,collaboration signal exists but example work looks outside bio,,,,,,,,,0.5,manual review needed,review
A5101531092,Kyu‐Won Kim,133,26,P0028; P0034; P0055; P0056; P0219; P0492; P0694; P0703; P0707; P0711; P0752; P0767; P0785; P0895; P0964; P1154; P1168; P1203; P1205; P1263; P1294; P1354; P1388; P1560; P1680; P1733,Dongguk University Ilsan Hospital; Ewha Womans University; Hôpital Kirchberg; Korea Research Institute of Bioscience and Biotechnology; Medifron (South Korea); Pusan National University; Seoul National University; Sungkyunkwan University,KR; LU,yes,208,Intravenously Administered Anti-recoverin Antibody Alone Does Not Pass through the Blood-Retinal Barrier,needs_review,Seoul National University; Korea University; Asan Medical Center; University of Ulsan; Chung-Ang University Hospital; Chung-Ang University Healthcare System; Chung-Ang University,openalex_last_known,,,,,Seoul National University; Korea University; Asan Medical Center; University of Ulsan; Chung-Ang University Hospital; Chung-Ang University Healthcare System; Chung-Ang University,KR,yes,no,no,no,135,D_noise_check,collaboration signal exists but example work looks outside bio,,,,,,,,,0.5,manual review needed,review
A5002067880,In Koo Hwang,297,24,P0180; P0238; P0267; P0751; P0984; P1031; P1113; P1143; P1219; P1299; P1328; P1410; P1459; P1505; P1522; P1536; P1537; P1565; P1566; P1567; P1571; P1572; P1597; P1614,Gangneung–Wonju National University; Hallym University; Hanbat National University; Kangwon National University; Korea Food Research Institute; National Research Foundation of Korea; Research Institute for Veterinary Science; Samsung (South Korea); Seoul National University; Yangzhou University,CN; KR,yes,366,Could Defatted Mealworm (Tenebrio molitor) and Mealworm Oil Be Used as Food Ingredients?,needs_review,Gangneung–Wonju National University; Seoul National University; Research Institute for Veterinary Science,openalex_last_known,,,,,Gangneung–Wonju National University; Seoul National University; Research Institute for Veterinary Science,KR,yes,no,no,no,125,D_noise_check,collaboration signal exists but example work looks outside bio,,,,,,,,,0.5,manual review needed,review
A5069866514,Dong‐Eog Kim,218,24,P0007; P0096; P0258; P0284; P0297; P0325; P0380; P0532; P0535; P1116; P1117; P1137; P1146; P1185; P1238; P1296; P1302; P1345; P1360; P1507; P1523; P1641; P1654; P1686,"Asan Medical Center; Center for Systems Biology; Chonnam National University; Chonnam National University Hospital; Chungbuk National University; Chungbuk National University Hospital; Daejeon Eulji Medical Center, Eulji University; Dong-A University; Dong-A University Hospital; Dongguk University; Dongguk University Ilsan Hospital; Eulji Medical Center; Eulji University; Eulji University Nowon Eulji Medical Center; Eulji University Uijeongbu Eulji Medical Center; Ewha Womans University; Hallym University Dongtan Sacred Heart Hospital; Hallym University Sacred Heart Hospital; Harvard University; Howard Hughes Medical Institute; Inje University; Inje University Ilsan Paik Hospital; Janelia Research Campus; Jeju National University; Jeju National University Hospital; Korea Institute of Science and Technology; Korean Association Of Science and Technology Studies; Massachusetts General Hospital; Samsung Medical Center; Seoul Medical Center; Seoul National University; Seoul National University Bundang Hospital; Seoul National University Hospital; Soonchunhyang University Hospital Seoul; St. Michael's Hospital; Sungkyunkwan University; The University of Texas MD Anderson Cancer Center; Ulsan University Hospital; University of Southern California; University of Toronto; University of Ulsan; University of Wisconsin–Madison; Yeungnam University",CA; KR; US,yes,287,Estimation of Acute Infarct Volume with Reference Maps: A Simple Visual Tool for Decision Making in Thrombectomy Cases,needs_review,Dongguk University; Dong-A University Hospital; Seoul National University Bundang Hospital; Dongguk University Ilsan Hospital; Dong-A University,openalex_last_known,,,,,Dongguk University; Dong-A University Hospital; Seoul National University Bundang Hospital; Dongguk University Ilsan Hospital; Dong-A University,KR,yes,no,no,no,125,D_noise_check,collaboration signal exists but example work looks outside bio,,,,,,,,,0.5,manual review needed,review
A5044958787,Cheolwon Suh,215,24,P0007; P0013; P0014; P0020; P0350; P0355; P0427; P0435; P0603; P0691; P0704; P0722; P1088; P1098; P1174; P1178; P1182; P1208; P1398; P1634; P1641; P1642; P1666; P1678,Akita University Hospital; Asan Medical Center; Catholic University of Korea; Chonnam National University Hwasun Hospital; Dankook University; Dong-A University; Ewha Womans University; Gachon University Gil Medical Center; Hanyang University; Jeonbuk National University; Korea University; Moffitt Cancer Center; National Cancer Center; National Cancer Center Hospital; National Hospital Organization Kyushu Cancer Center; Saitama International Medical Center; Samsung Medical Center; Seoul National University; Severance Hospital; Sungkyunkwan University; The Catholic University of Korea Seoul St. Mary's Hospital; The Korean Society of Hematology; Tokai University; Toronto General Hospital; Ulsan University Hospital; University of Ulsan; Veterans Health Service Medical Center; Yokohama City University Hospital; Yonsei University; Yonsei University Health System,CA; JP; KR; US,yes,284,Assessment of bone marrow involvement in patients with lymphoma: report on a consensus meeting of the Korean Society of Hematology Lymphoma Working Party,needs_review,Akita University Hospital; Asan Medical Center; Catholic University of Korea; Chonnam National University Hwasun Hospital; Dankook University; Dong-A University; Ewha Womans University; Gachon University Gil Medical Center; Hanyang University; Jeonbuk National University; Korea University; Moffitt Cancer Center; National Cancer Center; National Cancer Center Hospital; National Hospital Organization Kyushu Cancer Center; Saitama International Medical Center; Samsung Medical Center; Seoul National University; Severance Hospital; Sungkyunkwan University; The Catholic University of Korea Seoul St. Mary's Hospital; The Korean Society of Hematology; Tokai University; Toronto General Hospital; Ulsan University Hospital; University of Ulsan; Veterans Health Service Medical Center; Yokohama City University Hospital; Yonsei University; Yonsei University Health System,authorship_history,,,,,,,yes,no,no,no,125,D_noise_check,collaboration signal exists but example work looks outside bio,,,,,,,,,0.5,manual review needed,review
A5060322031,Seok‐Min Kang,181,24,P0007; P0030; P0253; P0434; P0446; P0471; P0511; P0580; P0722; P0963; P1114; P1175; P1294; P1296; P1355; P1410; P1506; P1587; P1596; P1627; P1635; P1685; P1686; P1725,CHA University; Chonnam National University Hospital; Chungbuk National University; Chungbuk National University Hospital; Gyeongsang National University; Inje University; Inje University Busan Paik Hospital; Institute for Basic Science; Johns Hopkins University; Korea Advanced Institute of Science and Technology; Korea Brain Research Institute; Korea University Guro Hospital; Samsung Medical Center; Seoul National University; Seoul National University Bundang Hospital; Seoul National University Hospital; Severance Hospital; Sungkyunkwan University; The Catholic University of Korea Seoul St. Mary's Hospital; Yonsei University; Yonsei University Health System,KR; US,yes,250,"An Acute, Rather Than Progressive, Increase in Temperature-Humidity Index Has Severe Effects on Mortality in Laying Hens",needs_review,Yonsei University; Severance Hospital; Yonsei University Health System,openalex_last_known,,,,,Yonsei University; Severance Hospital; Yonsei University Health System,KR,yes,no,no,no,125,D_noise_check,collaboration signal exists but example work looks outside bio,,,,,,,,,0.5,manual review needed,review
A5071885891,Won Seog Kim,166,24,P0006; P0007; P0013; P0014; P0020; P0028; P0326; P0350; P0355; P0359; P0484; P0542; P0603; P0693; P1098; P1178; P1182; P1398; P1634; P1641; P1646; P1666; P1687; P1690,Akita University Hospital; Asan Medical Center; Chonnam National University; Dankook University; Dong-A University; Ewha Womans University; Kangwon National University; Kangwon National University Hospital; Korea Bioinformation Center; Korea Research Institute of Bioscience and Biotechnology; Korea University; National Cancer Center; National Hospital Organization Kyushu Cancer Center; Research Institute for Future Medicine; Saitama International Medical Center; Samsung (South Korea); Samsung Biomedical Research Institute; Samsung Medical Center; Seoul National University; Seoul National University Hospital; Severance Hospital; Sungkyunkwan University; The Korean Society of Hematology; Tokai University; University of Ulsan; Yokohama City University Hospital; Yonsei University; Yonsei University Health System,JP; KR,yes,235,The mutational landscape of ocular marginal zone lymphoma identifies frequent alterations in TNFAIP3 followed by mutations in TBL1XR1 and CREBBP,needs_review,Samsung Medical Center; Sungkyunkwan University,openalex_last_known,,,,,Samsung Medical Center; Sungkyunkwan University,KR,yes,no,no,no,125,D_noise_check,collaboration signal exists but example work looks outside bio,,Yhim Ho-Young - Google 학술 검색,"공동 저자. Won Seog kimSamsung Medical Centerskku.edu의 이메일 확인됨. Seok Jin KimSamsung Medical Center, Sungkyunkwan University ...",https://scholar.google.com/citations?user=GJH-aVIAAAAJ&hl=ko,no,no,no,,0.5,manual review needed,review
A5100743828,Hye‐Jeong Lee,147,24,P0330; P0401; P0439; P0446; P0485; P0786; P0855; P1075; P1102; P1206; P1207; P1215; P1414; P1426; P1437; P1454; P1456; P1506; P1524; P1572; P1631; P1635; P1664; P1685,"CHA University; Chung-Ang University; Chung-Ang University Gwangmyeong Hospital; Chung-Ang University Healthcare System; Dong-A University; Ewha Womans University; Gachon University; Gangnam Severance Hospital; Kangwon National University; Khoo Teck Puat Hospital; Konkuk University; Korea Basic Science Institute; Korea Research Institute of Bioscience and Biotechnology; Korea University; Korean Institute of Tuberculosis; Kyung Hee University; Kyung Hee University Hospital at Gangdong; Mie University; National Institutes of Health; Severance Hospital; University of California, Berkeley; Yonsei University; Yonsei University Health System",JP; KR; SG; US,yes,216,"Fab2-SARAH: An Escherichia coli-Based Antibody Fragment Platform for Scalable, Cost-Effective In Vitro Diagnostics",needs_review,Yonsei University; Severance Hospital; Yonsei University Health System,openalex_last_known,,,,,Yonsei University; Severance Hospital; Yonsei University Health System,KR,yes,no,no,no,125,D_noise_check,collaboration signal exists but example work looks outside bio,,,,,,,,,0.5,manual review needed,review
A5032997162,Jong Seog Ahn,177,22,P0042; P0044; P0060; P0245; P0968; P0999; P1000; P1135; P1177; P1183; P1195; P1199; P1205; P1208; P1211; P1213; P1226; P1228; P1288; P1450; P1521; P1528,Chosun University; Ewha Womans University; Inha University; Korea Research Institute of Bioscience and Biotechnology; Korea University; Korea University of Science and Technology; Makerere University; Seoul National University; Université de Yaoundé I,CM; KR; UG,yes,240,Antidiabetic effects of extracts from Psidium guajava,needs_review,Korea Research Institute of Bioscience and Biotechnology; Korea University of Science and Technology,openalex_last_known,,,,,Korea Research Institute of Bioscience and Biotechnology; Korea University of Science and Technology,KR,yes,no,no,no,115,D_noise_check,collaboration signal exists but example work looks outside bio,,,,,,,,,0.5,manual review needed,review
A5088274241,Jong‐Moo Park,267,21,P0297; P0337; P0379; P0380; P0416; P0434; P0446; P0532; P0533; P0534; P0535; P0595; P1111; P1238; P1302; P1345; P1457; P1507; P1635; P1686; P1700,"Asan Medical Center; Catholic University of Korea; Chonnam National University; Chonnam National University Hospital; Chungbuk National University; Chungbuk National University Hospital; Daejeon Eulji Medical Center, Eulji University; Dankook University Hospital; Dong-A University Hospital; Dongguk University; Dongguk University Ilsan Hospital; Eulji Medical Center; Eulji University; Eulji University Nowon Eulji Medical Center; Eulji University Uijeongbu Eulji Medical Center; Hallym University Dongtan Sacred Heart Hospital; Hallym University Sacred Heart Hospital; Hanyang University; Inje University; Inje University Busan Paik Hospital; Inje University Ilsan Paik Hospital; Jeju National University; Jeju National University Hospital; Korea National Institute of Health; Korea University; Kyung Hee University; Myongji Hospital; Samsung Changwon Hospital; Samsung Medical Center; Seoul Medical Center; Seoul National University; Seoul National University Bundang Hospital; Seoul National University Hospital; Soonchunhyang University Hospital Seoul; St. Michael's Hospital; Sungkyunkwan University; The Catholic University of Korea Eunpyeong St. Mary's Hospital; The Catholic University of Korea Uijeongbu St. Mary's Hospital; The University of Texas MD Anderson Cancer Center; Ulsan University Hospital; University of Toronto; University of Ulsan; University of Wisconsin–Madison; Yeungnam University",CA; KR; US,yes,327,Ipsilateral Hemiparesis Caused by a Corona Radiata Infarct After a Previous Stroke on the Opposite Side,needs_review,Eulji University; Eulji Medical Center; Samsung Changwon Hospital; Eulji University Uijeongbu Eulji Medical Center; The Catholic University of Korea Eunpyeong St. Mary's Hospital; Sungkyunkwan University; Catholic University of Korea,openalex_last_known,,,,,Eulji University; Eulji Medical Center; Samsung Changwon Hospital; Eulji University Uijeongbu Eulji Medical Center; The Catholic University of Korea Eunpyeong St. Mary's Hospital; Sungkyunkwan University; Catholic University of Korea,KR,yes,no,no,no,110,D_noise_check,collaboration signal exists but example work looks outside bio,,,,,,,,,0.5,manual review needed,review
A5044558998,Kyu‐pyo Kim,199,21,P0030; P0114; P0200; P0485; P0562; P0602; P0620; P1153; P1173; P1174; P1178; P1208; P1578; P1625; P1634; P1641; P1644; P1657; P1660; P1661; P1663,Asan Medical Center; Chungnam National University; Korea University; Seoul National University; Seoul National University Hospital; University of Ulsan; Yonsei University,KR,yes,259,1-Pamitoyl-2-Linoleoyl-3-Acetyl-rac-Glycerol May Reduce Incidence of Gemcitabine-Induced Neutropenia: A Pilot Case-Controlled Study,needs_review,Asan Medical Center; University of Ulsan,openalex_last_known,,,,,Asan Medical Center; University of Ulsan,KR,yes,no,no,no,110,D_noise_check,collaboration signal exists but example work looks outside bio,,,,,,,,,0.5,manual review needed,review
A5006422911,Jae‐Sook Ahn,236,20,P0006; P0007; P0013; P0014; P0020; P0220; P0333; P0355; P0449; P0695; P1027; P1094; P1098; P1182; P1209; P1398; P1641; P1642; P1666; P1691,Asan Medical Center; Chonnam National University; Chonnam National University Hospital; Chonnam National University Hwasun Hospital; Chosun University; Chosun University Hospital; Daegu Catholic University Medical Center; Pusan National University; Pusan National University Hospital; Seoul National University; Seoul National University Hospital; Sungkyunkwan University; The Korean Society of Hematology; University of Toronto; University of Ulsan,CA; KR,yes,293,Clinical Significance of bZIP In-Frame CEBPA-Mutated Normal Karyotype Acute Myeloid Leukemia,needs_review,Chonnam National University; Chonnam National University Hwasun Hospital,openalex_last_known,,,,,Chonnam National University; Chonnam National University Hwasun Hospital,KR,yes,no,no,no,105,D_noise_check,collaboration signal exists but example work looks outside bio,,,,,,,,,0.5,manual review needed,review
A5041499733,Yoo‐Seok Yoon,149,20,P0075; P0123; P0356; P0456; P0534; P0609; P0630; P1293; P1398; P1418; P1596; P1630; P1648; P1650; P1651; P1662; P1663; P1673; P1683; P1684,Asan Medical Center; Gyeongsang National University; Gyeongsang National University Hospital; Korea University Guro Hospital; Seoul National University; Seoul National University Bundang Hospital; Seoul National University Hospital; Severance Hospital; University of Ulsan; Yonsei University,KR,yes,206,Laparoscopic major liver resection in Korea: a multicenter study,needs_review,Seoul National University; Seoul National University Bundang Hospital,openalex_last_known,,,,,Seoul National University; Seoul National University Bundang Hospital,KR,yes,no,no,no,105,D_noise_check,collaboration signal exists but example work looks outside bio,,,,,,,,,0.5,manual review needed,review
A5029960265,Geu‐Ru Hong,149,20,P0007; P0326; P0379; P0434; P0618; P0641; P0722; P0922; P1022; P1114; P1178; P1182; P1232; P1233; P1410; P1515; P1538; P1566; P1571; P1685,Asan Medical Center; Keimyung University; Keimyung University Dongsan Hospital; Keimyung University Dongsan Medical Center; Samsung Medical Center; Sejong General Hospital; Severance Hospital; Sungkyunkwan University; University of Ulsan; Yeungnam University; Yeungnam University College; Yeungnam University Medical Center; Yonsei University; Yonsei University Health System,KR,yes,206,Prognosis of ischemic stroke patients with both aortic atheroma and cardioembolic sources,needs_review,Yonsei University; Severance Hospital; Yonsei University Health System,openalex_last_known,,,,,Yonsei University; Severance Hospital; Yonsei University Health System,KR,yes,no,no,no,105,D_noise_check,collaboration signal exists but example work looks outside bio,,,,,,,,,0.5,manual review needed,review
A5070292254,Jai Young Cho,145,20,P0075; P0092; P0123; P0356; P0456; P0464; P0630; P1113; P1398; P1405; P1418; P1631; P1644; P1648; P1650; P1651; P1655; P1663; P1673; P1684,Seoul National University; Seoul National University Bundang Hospital; Seoul National University Hospital,KR,yes,202,Laparoscopic major liver resection in Korea: a multicenter study,needs_review,Seoul National University; Seoul National University Bundang Hospital,openalex_last_known,,,,,Seoul National University; Seoul National University Bundang Hospital,KR,yes,no,no,no,105,D_noise_check,collaboration signal exists but example work looks outside bio,,,,,,,,,0.5,manual review needed,review
A5072778265,Seung‐Woon Rha,774,19,P0030; P0075; P0291; P0379; P0434; P0446; P0580; P0600; P0722; P0920; P1114; P1141; P1198; P1233; P1297; P1463; P1481; P1598; P1635,Cardiovascular Research Foundation; Catholic University of Korea; Chonnam National University Hospital; Chungnam National University; Eulji Medical Center; Ewha Womans University Mokdong Hospital; Ewha Womans University Seoul Hospital; Gachon University; Gachon University Gil Medical Center; Gangnam Severance Hospital; Government of the Republic of China; Hanmi Pharmaceutical (South Korea); Hanyang University; Keimyung University Dongsan Medical Center; Korea University; Korea University Anam Hospital; Korea University Ansan Hospital; Korea University Guro Hospital; Korea University Medical Center; Korean Society of Cardiology; Kosin University; Kosin University Gospel Hospital; Kyungpook National University Hospital; Kyungpook National University Medical Center; Pusan National University; Samsung Medical Center; Second Hospital of Tianjin Medical University; Sejong General Hospital; Seoul National University Bundang Hospital; Seoul National University Hospital; Severance Hospital; Soonchunhyang University; Soonchunhyang University Hospital Cheonan; Sungkyunkwan University; The Catholic University of Korea Bucheon St. Mary's Hospital; Tianjin Medical University; Tianjin Nankai Hospital; Utah Valley Regional Medical Center; Wonkwang University; Wonkwang University Hospital; Yonsei University; Yonsei University Health System,CN; JP; KR; TW; US,yes,828,Phase III randomized clinical trial of efficacy and safety of amlodipine and candesartan cilexetil combination for hypertension treatment,needs_review,Korea University; Korea University Guro Hospital,openalex_last_known,,,,,Korea University; Korea University Guro Hospital,KR,yes,no,no,no,100,D_noise_check,collaboration signal exists but example work looks outside bio,,,,,,,,,0.5,manual review needed,review
A5100661072,Beom Joon Kim,218,19,P0325; P0337; P0379; P0380; P0416; P0532; P0535; P1123; P1137; P1238; P1297; P1302; P1323; P1351; P1418; P1507; P1628; P1645; P1686,"Asan Medical Center; Chonnam National University; Chonnam National University Hospital; Chung-Ang University; Chung-Ang University Hospital; Chungbuk National University; Chungbuk National University Hospital; Daejeon Eulji Medical Center, Eulji University; Daiichi-Sankyo (South Korea); Dong-A University; Dong-A University Hospital; Dongguk University; Dongguk University Ilsan Hospital; Eulji Medical Center; Eulji University; Eulji University Nowon Eulji Medical Center; Eulji University Uijeongbu Eulji Medical Center; Gyeonggi Provincal Medical Center Icheon Hospital; Gyeongsang National University Hospital; Hallym University Dongtan Sacred Heart Hospital; Hallym University Sacred Heart Hospital; Inje University; Inje University Ilsan Paik Hospital; Korea National Institute of Health; Korea University Guro Hospital; Samsung Medical Center; Seoul Medical Center; Seoul National University; Seoul National University Bundang Hospital; Seoul National University Hospital; Soonchunhyang University; Soonchunhyang University Hospital Seoul; Sungkyunkwan University; The University of Texas MD Anderson Cancer Center; Ulsan University Hospital; University of Calgary; University of Southern California; University of Ulsan; University of Wisconsin–Madison; Yeungnam University",CA; KR; US,yes,272,Estimation of Acute Infarct Volume with Reference Maps: A Simple Visual Tool for Decision Making in Thrombectomy Cases,needs_review,Seoul National University; Asan Medical Center; Seoul National University Bundang Hospital; University of Ulsan,openalex_last_known,,,,,Seoul National University; Asan Medical Center; Seoul National University Bundang Hospital; University of Ulsan,KR,yes,no,no,no,100,D_noise_check,collaboration signal exists but example work looks outside bio,,,,,,,,,0.5,manual review needed,review
A5054304061,Yeong Wook Song,174,19,P0028; P0040; P0075; P0079; P0083; P0100; P0115; P0162; P0337; P0408; P0665; P0744; P1120; P1121; P1237; P1448; P1617; P1626; P1688,Chungbuk National University Hospital; Cooper Medical School of Rowan University; SNUH SMG-SNU Boramae Medical Center; Seoul Metropolitan Government; Seoul National University; Seoul National University Dental Hospital; Seoul National University Hospital; UAB Medicine; University Medical Center Groningen; University of Alabama at Birmingham; Yonsei University,KR; NL; US,yes,228,The clinical significance of serum N-terminal pro-brain natriuretic peptide in systemic sclerosis patients,needs_review,Seoul National University,openalex_last_known,,,,,Seoul National University,KR,yes,no,no,no,100,D_noise_check,collaboration signal exists but example work looks outside bio,,,,,,,,,0.5,manual review needed,review
A5010232519,Young Rok Do,174,19,P0007; P0013; P0014; P0020; P0052; P0350; P0355; P0603; P0616; P0706; P1098; P1174; P1182; P1398; P1641; P1646; P1666; P1673; P1685,Asan Medical Center; Catholic University of Korea; Ewha Womans University; Ewha Womans University Medical Center; Inje University Busan Paik Hospital; Keimyung University; Keimyung University Daegu Dongsan Hospital; Keimyung University Dongsan Hospital; Keimyung University Dongsan Medical Center; Korea University; Korea University Anam Hospital; Pusan National University Hospital; Samsung Medical Center; The Catholic University of Korea Bucheon St. Mary's Hospital; University of Ulsan,KR,yes,228,Determination of a radotinib dosage regimen based on dose–response relationships for the treatment of newly diagnosed patients with chronic myeloid leukemia,needs_review,Keimyung University Dongsan Medical Center; Keimyung University Dongsan Hospital; Keimyung University,openalex_last_known,,,,,Keimyung University Dongsan Medical Center; Keimyung University Dongsan Hospital; Keimyung University,KR,yes,no,no,no,100,D_noise_check,collaboration signal exists but example work looks outside bio,,,,,,,,,0.5,manual review needed,review
A5107025578,Young Joon Hong,171,19,P0007; P0021; P0026; P0050; P0379; P0446; P0511; P0580; P0802; P0808; P0920; P1114; P1158; P1163; P1209; P1222; P1472; P1629; P1635,Chonnam National University; Chonnam National University Hospital; Korea Institute of Radiological and Medical Sciences; Ministry of Health and Welfare; Sunchon National University; University of Ulsan,KR,yes,225,"Influence of Local Myocardial Infarction on Endothelial Function, Neointimal Progression, and Inflammation in Target and Non-Target Vascular Territories in a Porcine Model of Acute Myocardial Infarction",needs_review,Chonnam National University; Ministry of Health and Welfare; Chonnam National University Hospital; Chung-Ang University Gwangmyeong Hospital; Chung-Ang University Healthcare System; Chung-Ang University,openalex_last_known,,,,,Chonnam National University; Ministry of Health and Welfare; Chonnam National University Hospital; Chung-Ang University Gwangmyeong Hospital; Chung-Ang University Healthcare System; Chung-Ang University,KR,yes,no,no,no,100,D_noise_check,collaboration signal exists but example work looks outside bio,,,,,no,no,no,,0.5,manual review needed,review
A5017419314,Chi Young Shim,161,19,P0007; P0326; P0379; P0434; P0471; P0516; P0580; P0641; P0922; P1114; P1182; P1297; P1410; P1538; P1629; P1635; P1685; P1686; P1688,Keimyung University; Keimyung University Dongsan Medical Center; Pusan National University Hospital; Sejong General Hospital; Severance Hospital; Yonsei University; Yonsei University Health System,KR,yes,215,Prognosis of ischemic stroke patients with both aortic atheroma and cardioembolic sources,needs_review,Yonsei University; Severance Hospital; Yonsei University Health System,openalex_last_known,,,,,Yonsei University; Severance Hospital; Yonsei University Health System,KR,yes,no,no,no,100,D_noise_check,collaboration signal exists but example work looks outside bio,,,,,,,,,0.5,manual review needed,review
A5024257670,Ginnae Ahn,148,19,P0075; P0173; P0204; P0281; P0962; P1091; P1113; P1195; P1214; P1465; P1512; P1520; P1522; P1531; P1545; P1564; P1575; P1582; P1623,Chonnam National University; Jeju National University; Tokyo University of Agriculture and Technology,JP; KR,yes,202,The roles of NF-κB and ROS in regulation of pro-inflammatory mediators of inflammation induction in LPS-stimulated zebrafish embryos,needs_review,Chonnam National University,openalex_last_known,,,,,Chonnam National University,KR,yes,no,no,no,100,D_noise_check,collaboration signal exists but example work looks outside bio,,,,,,,,,0.5,manual review needed,review
A5071539415,Moo‐Ho Won,218,18,P0267; P0447; P0619; P0691; P0984; P1261; P1294; P1328; P1362; P1410; P1459; P1505; P1522; P1536; P1537; P1566; P1572; P1653,Gangneung–Wonju National University; Hallym University; Kangwon National University; Kyungpook National University; National Research Foundation of Korea; Research Institute for Veterinary Science; Samsung (South Korea); Seoul National University; Yangzhou University,CN; KR,yes,269,"Ischemia‐induced changes in glucagon‐like peptide‐1 receptor and neuroprotective effect of its agonist, exendin‐4, in experimental transient cerebral ischemia",needs_review,Kangwon National University; Kangwon National University Hospital,openalex_last_known,,,,,Kangwon National University; Kangwon National University Hospital,KR,yes,no,no,no,95,D_noise_check,collaboration signal exists but example work looks outside bio,,,,,,,,,0.5,manual review needed,review
A5103193360,Sang Kyun Sohn,177,18,P0007; P0013; P0014; P0020; P0108; P0355; P0449; P0616; P0999; P1027; P1094; P1098; P1182; P1235; P1628; P1641; P1642; P1666,Ajou University; Ajou University Hospital; Catholic University of Korea; Chonnam National University; Chonnam National University Hwasun Hospital; Daegu Catholic University; Dong-A University; Ewha Womans University; Inha University; Inha University Hospital; Inje University Busan Paik Hospital; Inje University Haeundae Paik Hospital; Jeonbuk National University; Jeonbuk National University Hospital; Konkuk University Medical Center; Korea University; Korea University Medical Center; Kyungpook National University; Kyungpook National University Chilgok Hospital; Kyungpook National University Hospital; Kyungpook National University Medical Center; Samsung Medical Center; Seoul National University; Seoul National University Hospital; Severance Hospital; Soonchunhyang University; Soonchunhyang University Hospital Seoul; Sungkyunkwan University; The Catholic University of Korea Seoul St. Mary's Hospital; The Korean Society of Hematology; University of Toronto; Yeungnam University Medical Center; Yonsei University; Yonsei University Health System,CA; KR,yes,228,Clinical Significance of bZIP In-Frame CEBPA-Mutated Normal Karyotype Acute Myeloid Leukemia,needs_review,Kyungpook National University Hospital; Kyungpook National University; Kyungpook National University Medical Center; Kyungpook National University Chilgok Hospital,openalex_last_known,,,,,Kyungpook National University Hospital; Kyungpook National University; Kyungpook National University Medical Center; Kyungpook National University Chilgok Hospital,KR,yes,no,no,no,95,D_noise_check,collaboration signal exists but example work looks outside bio,,,,,,,,,0.5,manual review needed,review
A5103121931,Jong-Ho Won,154,18,P0006; P0007; P0013; P0014; P0016; P0020; P0350; P0355; P0449; P0550; P0603; P0670; P1094; P1098; P1182; P1398; P1641; P1666,Asan Medical Center; Chonnam National University; Chonnam National University Hwasun Hospital; Dong-A University; Ewha Womans University; Ewha Womans University Medical Center; Gachon University Gil Medical Center; Hallym University; Jeonbuk National University; Jeonbuk National University Hospital; Korea University Ansan Hospital; Korea University Medical Center; Kyungpook National University; Kyungpook National University Hospital; Princess Margaret Cancer Centre; Samsung Medical Center; Soonchunhyang University; Soonchunhyang University Hospital Bucheon; Soonchunhyang University Hospital Seoul; Sungkyunkwan University; The Korean Society of Hematology; University of Toronto; University of Ulsan; Yonsei University; Yonsei University Health System,CA; KR,yes,205,Front & Back Matter,needs_review,Soonchunhyang University; Soonchunhyang University Hospital Seoul,openalex_last_known,,,,,Soonchunhyang University; Soonchunhyang University Hospital Seoul,KR,yes,no,no,no,95,D_noise_check,collaboration signal exists but example work looks outside bio,,,,,no,no,no,,0.5,manual review needed,review
A5081680751,Young‐Guk Ko,241,17,P0007; P0030; P0319; P0333; P0434; P0471; P0580; P0641; P1131; P1140; P1538; P1626; P1628; P1635; P1664; P1685; P1686,Cardiovascular Research Foundation; Chung-Ang University; Chung-Ang University Healthcare System; Columbia University Irving Medical Center; Ewha Womans University; Ewha Womans University Medical Center; Ewha Womans University Mokdong Hospital; IRCCS Ospedale San Raffaele; Keimyung University; NewYork–Presbyterian Hospital; Sejong University; Seoul National University; Seoul National University Hospital; Severance Hospital; University Hospital of Bern; University of Bologna; University of Ulsan; Wonkwang University; Wonkwang University Sanbon Hospital; Yonsei University; Yonsei University Health System,CH; IT; KR; US,yes,289,Editor's Choice – Impact of Endovascular Pedal Artery Revascularisation on Wound Healing in Patients With Critical Limb Ischaemia,needs_review,Yonsei University; Severance Hospital; Yonsei University Health System,openalex_last_known,,,,,Yonsei University; Severance Hospital; Yonsei University Health System,KR,yes,no,no,no,90,D_noise_check,collaboration signal exists but example work looks outside bio,,,,,,,,,0.5,manual review needed,review
A5111748368,Sung‐Hwan Park,185,17,P0090; P0263; P0364; P0408; P0588; P0751; P0842; P1120; P1185; P1234; P1510; P1565; P1572; P1613; P1626; P1627; P1638,Catholic University of Korea; Daegu Catholic University Medical Center; Daejeon University; Dongguk University; Hanmi Pharmaceutical (South Korea); Korea University; Pohang University of Science and Technology; The Catholic University of Korea Bucheon St. Mary's Hospital; The Catholic University of Korea Seoul St. Mary's Hospital; Yonsei University; Yonsei University Health System,KR,yes,233,Retinoic Acid Attenuates Rheumatoid Inflammation in Mice,needs_review,Central Research Institute; The Catholic University of Korea Seoul St. Mary's Hospital; Catholic University of Korea,openalex_last_known,,,,,Central Research Institute; The Catholic University of Korea Seoul St. Mary's Hospital; Catholic University of Korea,IN; KR,yes,no,no,no,90,D_noise_check,collaboration signal exists but example work looks outside bio,,,,,,,,,0.5,manual review needed,review
A5002716006,In‐Soo Choi,176,17,P0230; P0236; P0255; P0257; P0263; P0266; P0292; P0312; P1123; P1188; P1307; P1312; P1394; P1395; P1421; P1429; P1514,Konkuk University,KR,yes,224,Cross‐Species Transmission of SARS‐CoV‐2 From Dogs to Hamsters and Pathological Changes in the Brain,needs_review,Konkuk University,openalex_last_known,,,,,Konkuk University,KR,yes,no,no,no,90,D_noise_check,collaboration signal exists but example work looks outside bio,,,,,,,,,0.5,manual review needed,review
A5016608182,Dong‐Ju Choi,154,17,P0007; P0030; P0427; P0446; P0526; P0600; P0707; P0722; P0920; P1114; P1297; P1410; P1515; P1628; P1635; P1686; P1725,Chonnam National University Hospital; Chungbuk National University; Chungbuk National University Hospital; Gachon University Gil Medical Center; Konkuk University; Konkuk University Medical Center; Korea National Institute of Health; Korean Society of Cardiology; Kosin University Gospel Hospital; Samsung Medical Center; Sejong General Hospital; Seoul National University; Seoul National University Bundang Hospital; Seoul National University Hospital; Severance Hospital; Sungkyunkwan University; The Catholic University of Korea Seoul St. Mary's Hospital; Wonju Severance Christian Hospital; Yonsei University; Yonsei University Health System; Yonsei University Mirae Campus,KR,yes,202,Clinical Characteristics and Outcome of Acute Heart Failure in Korea: Results from the Korean Acute Heart Failure Registry (KorAHF),needs_review,Seoul National University; Seoul National University Bundang Hospital; The Catholic University of Korea St. Vincent's Hospital; Catholic University of Korea,openalex_last_known,,,,,Seoul National University; Seoul National University Bundang Hospital; The Catholic University of Korea St. Vincent's Hospital; Catholic University of Korea,KR,yes,no,no,no,90,D_noise_check,collaboration signal exists but example work looks outside bio,,,,,,,,,0.5,manual review needed,review
A5103570650,Namsik Chung,152,17,P0007; P0434; P0439; P0446; P0462; P0471; P0580; P1114; P1175; P1484; P1515; P1570; P1628; P1629; P1635; P1685; P1686,Pusan National University Hospital; Sejong General Hospital; Severance Hospital; Yonsei University; Yonsei University Health System,KR,yes,200,Sex Differences in Central Hemodynamics and Their Relationship to Left Ventricular Diastolic Function,needs_review,Severance Hospital; Ajou University Hospital; Yonsei University Health System,openalex_last_known,,,,,Severance Hospital; Ajou University Hospital; Yonsei University Health System,KR,yes,no,no,no,90,D_noise_check,collaboration signal exists but example work looks outside bio,,,,,,,,,0.5,manual review needed,review
A5090733758,Kyusik Kang,228,16,P0337; P0379; P0380; P0416; P0532; P0533; P0534; P0535; P0722; P1111; P1137; P1238; P1302; P1345; P1507; P1686,"Asan Medical Center; Chonnam National University; Chonnam National University Hospital; Chungbuk National University; Chungbuk National University Hospital; Daejeon Eulji Medical Center, Eulji University; Dong-A University; Dong-A University Hospital; Dongguk University; Dongguk University Ilsan Hospital; Eulji Medical Center; Eulji University; Eulji University Nowon Eulji Medical Center; Eulji University Uijeongbu Eulji Medical Center; Hallym University Dongtan Sacred Heart Hospital; Hallym University Sacred Heart Hospital; Inje University; Inje University Ilsan Paik Hospital; Korea University; Samsung Medical Center; Seoul Medical Center; Seoul National University; Seoul National University Bundang Hospital; Seoul National University Hospital; Soonchunhyang University Hospital Seoul; Sungkyunkwan University; The University of Texas MD Anderson Cancer Center; University of Southern California; University of Ulsan; University of Wisconsin–Madison; Yeungnam University",KR; US,yes,273,Estimation of Acute Infarct Volume with Reference Maps: A Simple Visual Tool for Decision Making in Thrombectomy Cases,needs_review,"Eulji University; Daejeon Eulji Medical Center, Eulji University; Eulji University Nowon Eulji Medical Center",openalex_last_known,,,,,"Eulji University; Daejeon Eulji Medical Center, Eulji University; Eulji University Nowon Eulji Medical Center",KR,yes,no,no,no,85,D_noise_check,collaboration signal exists but example work looks outside bio,,,,,,,,,0.5,manual review needed,review
A5036888293,Joon Ho Moon,162,16,P0007; P0013; P0014; P0020; P0108; P0355; P0449; P0670; P0999; P1027; P1094; P1098; P1182; P1398; P1641; P1666,Chonnam National University; Chonnam National University Hwasun Hospital; Daegu Catholic University; Daegu Catholic University Medical Center; Dong-A University; Dong-A University Hospital; Ewha Womans University; Inje University; Inje University Busan Paik Hospital; Kyungpook National University; Kyungpook National University Hospital; Kyungpook National University Medical Center; National Cancer Center; Pusan National University Hospital; Samsung Medical Center; Severance Hospital; Soonchunhyang University; Soonchunhyang University Hospital Bucheon; Soonchunhyang University Hospital Seoul; Sungkyunkwan University; Yonsei University; Yonsei University Health System,KR,yes,207,Front & Back Matter,needs_review,Kyungpook National University Hospital; Seoul National University Bundang Hospital; Kyungpook National University; Kyungpook National University Medical Center,openalex_last_known,,,,,Kyungpook National University Hospital; Seoul National University Bundang Hospital; Kyungpook National University; Kyungpook National University Medical Center,KR,yes,no,no,no,85,D_noise_check,collaboration signal exists but example work looks outside bio,,,,,,,,,0.5,manual review needed,review
A5008436686,Jin Oh Na,540,15,P0075; P0434; P0446; P0511; P0580; P0722; P1114; P1141; P1178; P1248; P1297; P1410; P1463; P1598; P1685,Asan Medical Center; Care Institute of Medical Sciences; Catholic University of Korea; Chonnam National University Hospital; Chungnam National University; Chungnam National University Hospital; Eulji Medical Center; Ewha Womans University; Gachon University; Gachon University Gil Medical Center; Government of the Republic of China; Hanyang University; Korea University; Korea University Ansan Hospital; Korea University Guro Hospital; Korea University Medical Center; Kosin University; Kosin University Gospel Hospital; Pusan National University; Samsung Medical Center; Second Hospital of Tianjin Medical University; Seoul National University Bundang Hospital; Soonchunhyang University; Soonchunhyang University Hospital Cheonan; Tianjin Medical University; Tianjin Nankai Hospital; University of Ulsan; Utah Valley Regional Medical Center; Wonkwang University; Wonkwang University Hospital,CN; IN; JP; KR; TW; US,yes,582,Outcomes of Patients with Stress-Induced Cardiomyopathy Diagnosed by Echocardiography in a Tertiary Referral Hospital,needs_review,Korea University Guro Hospital,openalex_last_known,,,,,Korea University Guro Hospital,KR,yes,no,no,no,80,D_noise_check,collaboration signal exists but example work looks outside bio,,,,,,,,,0.5,manual review needed,review
A5070052023,Jae‐Kwan Cha,235,15,P0052; P0297; P0379; P0380; P0532; P0535; P0536; P1137; P1145; P1238; P1302; P1360; P1507; P1645; P1686,"Asan Medical Center; Chonnam National University; Chonnam National University Hospital; Chungbuk National University; Chungbuk National University Hospital; Chungnam National University; Daejeon Eulji Medical Center, Eulji University; Dong-A University; Dong-A University Hospital; Dongguk University; Dongguk University Ilsan Hospital; Eulji Medical Center; Eulji University; Eulji University Nowon Eulji Medical Center; Eulji University Uijeongbu Eulji Medical Center; Hallym University Dongtan Sacred Heart Hospital; Hallym University Sacred Heart Hospital; Hanyang University Guri Hospital; Inha University; Inha University Hospital; Inje University; Inje University Busan Paik Hospital; Inje University Ilsan Paik Hospital; Korea University; Kyung Hee University; Samsung Medical Center; Seoul Medical Center; Seoul National University; Seoul National University Bundang Hospital; Seoul National University Hospital; Soonchunhyang University Hospital Seoul; St. Michael's Hospital; Sungkyunkwan University; The University of Texas MD Anderson Cancer Center; Ulsan University Hospital; University of Southern California; University of Toronto; University of Ulsan; University of Wisconsin–Madison; Yeungnam University",CA; KR; US,yes,277,"Changes on Cognitive Function after Carotid Artery Stenting in Patients with Severe Carotid Artery Stenosis: A Prospective, 3 Months Follow-up Study",needs_review,Dong-A University Hospital; Dong-A University,openalex_last_known,,,,,Dong-A University Hospital; Dong-A University,KR,yes,no,no,no,80,D_noise_check,collaboration signal exists but example work looks outside bio,,,,,,,,,0.5,manual review needed,review
A5102771863,Jae‐Yong Kwak,176,15,P0007; P0013; P0014; P0020; P0355; P0362; P0603; P0616; P0670; P0706; P1098; P1182; P1398; P1641; P1666,Asan Medical Center; Catholic University of Korea; Chonnam National University; Chonnam National University Hwasun Hospital; Daegu Catholic University; Ewha Womans University; Ewha Womans University Medical Center; Gachon University Gil Medical Center; Inje University; Inje University Busan Paik Hospital; Inje University Haeundae Paik Hospital; Jeonbuk National University; Jeonbuk National University Hospital; Korea Institute of Radiological and Medical Sciences; Seoul National University; Seoul National University Hospital; Severance Hospital; Soonchunhyang University; The Catholic University of Korea Seoul St. Mary's Hospital; The Korean Society of Hematology; University of Ulsan; Wonju Severance Christian Hospital; Yonsei University; Yonsei University Health System,KR,yes,218,Front & Back Matter,needs_review,Jeonbuk National University Hospital; Jeonbuk National University,openalex_last_known,,,,,Jeonbuk National University Hospital; Jeonbuk National University,KR,yes,no,no,no,80,D_noise_check,collaboration signal exists but example work looks outside bio,,,,,,,,,0.5,manual review needed,review
A5028112172,Joong‐Bok Lee,171,15,P0236; P0253; P0254; P0255; P0257; P0259; P0263; P0266; P0292; P0493; P0529; P1307; P1394; P1395; P1421,Agricultural Research Service; Konkuk University; Korea Center for Disease Control and Prevention; Korea Disease Control and Prevention Agency; Korea National Institute of Health; Midwestern University; National Veterinary Research and Quarantine Service; U.S. National Poultry Research Center,KR; US,yes,213,Cross‐Species Transmission of SARS‐CoV‐2 From Dogs to Hamsters and Pathological Changes in the Brain,needs_review,Konkuk University,openalex_last_known,,,,,Konkuk University,KR,yes,no,no,no,80,D_noise_check,collaboration signal exists but example work looks outside bio,,,,,,,,,0.5,manual review needed,review
A5100613936,Hyung‐Kwan Kim,167,15,P0114; P0205; P0294; P0477; P0516; P1178; P1223; P1260; P1297; P1384; P1397; P1410; P1627; P1635; P1685,Asan Medical Center; Chung-Ang University Hospital; Duke Medical Center; Hallym University Medical Center; Korea University; Kyung Hee University; Myongji Hospital; National Evidenc- based healthcare Collaborating Agency; SNUH SMG-SNU Boramae Medical Center; Samsung Medical Center; Seoul Metropolitan Government; Seoul National University; Seoul National University Bundang Hospital; Seoul National University Hospital; Sungkyunkwan University; The Catholic University of Korea Seoul St. Mary's Hospital; University of Ulsan,KR; US,yes,209,Real-World Safety and Clinical Outcomes of Macitentan in Asian Patients with Pulmonary Arterial Hypertension: A Prospective Multicenter Study,needs_review,Seoul National University; Seoul National University Hospital; Seoul National University Bundang Hospital,openalex_last_known,,,,,Seoul National University; Seoul National University Hospital; Seoul National University Bundang Hospital,KR,yes,no,no,no,80,D_noise_check,collaboration signal exists but example work looks outside bio,,,,,,,,,0.5,manual review needed,review
A5100652725,Jin Won Kim,553,14,P0075; P0379; P0446; P0619; P1114; P1141; P1173; P1248; P1328; P1463; P1522; P1545; P1634; P1635,Catholic University of Korea; Chonnam National University; Chonnam National University Hospital; Chungnam National University; Eulji Medical Center; Eulji University; Gachon University; Gachon University Gil Medical Center; Government of the Republic of China; Hanyang University; Korea University; Korea University Ansan Hospital; Korea University Guro Hospital; Korea University Medical Center; Kosin University; Kosin University Gospel Hospital; Pusan National University; Second Hospital of Tianjin Medical University; Sejong General Hospital; Seoul National University; Seoul National University Bundang Hospital; Severance Hospital; Soonchunhyang University; Soonchunhyang University Hospital Cheonan; Tianjin Medical University; Tianjin Nankai Hospital; Utah Valley Regional Medical Center; Wonkwang University; Wonkwang University Hospital; Yonsei University; Yonsei University Health System,CN; KR; TW; US,yes,592,Impact of vasomotion type on prognosis of coronary artery spasm induced by acetylcholine provocation test of left coronary artery,needs_review,Seoul National University; Seoul National University Bundang Hospital; Korea University Guro Hospital; Catholic University of Korea,openalex_last_known,,,,,Seoul National University; Seoul National University Bundang Hospital; Korea University Guro Hospital; Catholic University of Korea,KR,yes,no,no,no,75,D_noise_check,collaboration signal exists but example work looks outside bio,,,,,,,,,0.5,manual review needed,review
A5062914526,Moo Suk Park,214,14,P0327; P0378; P0379; P0409; P0591; P0703; P0914; P1115; P1182; P1315; P1635; P1651; P1664; P1705,Asan Medical Center; Catholic University of Korea; Chonnam National University; Chung-Ang University; Ewha Womans University; Ewha Womans University Medical Center; Ewha Womans University Seoul Hospital; Gachon University Gil Medical Center; Hallym University; Inha University; Inha University Hospital; Inje University; Kangdong Sacred Heart Hospital; Korea University Anam Hospital; National Cancer Center; Samsung Medical Center; Seoul National University; Severance Hospital; Soonchunhyang University; Soonchunhyang University Hospital Bucheon; Soonchunhyang University Hospital Seoul; Sungkyunkwan University; The Catholic University of Korea Bucheon St. Mary's Hospital; The Korean Academy of Tuberculosis and Respiratory Diseases; Ulsan University Hospital; University of Ulsan; Yonsei Cancer Hospital; Yonsei University; Yonsei University Health System,KR,yes,253,Predicting survival of patients with idiopathic pulmonary fibrosis using GAP score: a nationwide cohort study,needs_review,Yonsei University; Severance Hospital; Yonsei University Health System,openalex_last_known,,,,,Yonsei University; Severance Hospital; Yonsei University Health System,KR,yes,no,no,no,75,D_noise_check,collaboration signal exists but example work looks outside bio,,,,,,,,,0.5,manual review needed,review
A5046239431,Byung‐Chul Lee,191,14,P0297; P0379; P0380; P0532; P0535; P0722; P0940; P1115; P1238; P1323; P1345; P1507; P1630; P1686,"Asan Medical Center; Chonnam National University; Chonnam National University Hospital; Chungbuk National University; Chungbuk National University Hospital; Daejeon Eulji Medical Center, Eulji University; Dong-A University Hospital; Dongguk University; Dongguk University Ilsan Hospital; Eulji Medical Center; Eulji University; Eulji University Nowon Eulji Medical Center; Eulji University Uijeongbu Eulji Medical Center; Hallym University; Hallym University Dongtan Sacred Heart Hospital; Hallym University Medical Center; Hallym University Sacred Heart Hospital; Inje University; Inje University Ilsan Paik Hospital; Korea University; National Heart, Lung, and Blood Institute; National Institutes of Health; Samsung Medical Center; Seoul Medical Center; Seoul National University; Seoul National University Bundang Hospital; Seoul National University Hospital; Soonchunhyang University Hospital Seoul; St. Michael's Hospital; Sungkyunkwan University; The University of Texas MD Anderson Cancer Center; Ulsan University Hospital; University of Nottingham; University of Southern California; University of Toronto; University of Ulsan; University of Wisconsin–Madison; Yeungnam University",CA; GB; KR; US,yes,230,Individual-Level Lesion-Network Mapping to Visualize the Effects of a Stroke Lesion on the Brain Network: Connectograms in Stroke Syndromes,needs_review,Hallym University; Hallym University Sacred Heart Hospital,openalex_last_known,,,,,Hallym University; Hallym University Sacred Heart Hospital,KR,yes,no,no,no,75,D_noise_check,collaboration signal exists but example work looks outside bio,,,,,,,,,0.5,manual review needed,review
A5110012835,Seungjoo Haam,189,14,P0068; P0388; P0958; P1184; P1200; P1207; P1213; P1215; P1220; P1226; P1227; P1436; P1460; P1745,Ajou University; Korea Institute of Science and Technology; Korea Research Institute of Bioscience and Biotechnology; Korea University; Yonsei University; Yonsei University Health System,KR,yes,228,The functional relationship between co-repressor N-CoR and SMRT in mediating transcriptional repression by thyroid hormone receptor α,needs_review,Yonsei University,openalex_last_known,,,,,Yonsei University,KR,yes,no,no,no,75,D_noise_check,collaboration signal exists but example work looks outside bio,,,,,,,,,0.5,manual review needed,review
A5079269717,Gyoo Yeol Jung,177,14,P0002; P0008; P0010; P0012; P0015; P0018; P0022; P0023; P0369; P1290; P1325; P1374; P1468; P1550,Inha University; Korea Basic Science Institute; Pohang University of Science and Technology; Yonsei University,KR,yes,216,Production of itaconic acid from acetate by engineering acid‐tolerant Escherichia coli W,needs_review,Pohang University of Science and Technology,openalex_last_known,,,,,Pohang University of Science and Technology,KR,yes,no,no,no,75,D_noise_check,collaboration signal exists but example work looks outside bio,,,,,,,,,0.5,manual review needed,review
A5022150256,Mi Sun Oh,177,14,P0297; P0379; P0380; P0416; P0532; P0535; P0940; P1137; P1238; P1302; P1323; P1345; P1507; P1686,"Asan Medical Center; Chonnam National University; Chonnam National University Hospital; Chungbuk National University; Chungbuk National University Hospital; Daejeon Eulji Medical Center, Eulji University; Dong-A University Hospital; Dongguk University; Dongguk University Ilsan Hospital; Eulji Medical Center; Eulji University; Eulji University Nowon Eulji Medical Center; Eulji University Uijeongbu Eulji Medical Center; Hallym University; Hallym University Dongtan Sacred Heart Hospital; Hallym University Medical Center; Hallym University Sacred Heart Hospital; Inje University; Inje University Ilsan Paik Hospital; Jeju National University; Jeju National University Hospital; Korea University; Samsung Medical Center; Seoul Medical Center; Seoul National University; Seoul National University Bundang Hospital; Seoul National University Hospital; Soonchunhyang University Hospital Seoul; Sungkyunkwan University; The University of Texas MD Anderson Cancer Center; Ulsan University Hospital; University of Southern California; University of Ulsan; University of Wisconsin–Madison; Yeungnam University",KR; US,yes,216,Estimation of Acute Infarct Volume with Reference Maps: A Simple Visual Tool for Decision Making in Thrombectomy Cases,needs_review,Hallym University Sacred Heart Hospital,openalex_last_known,,,,,Hallym University Sacred Heart Hospital,KR,yes,no,no,no,75,D_noise_check,collaboration signal exists but example work looks outside bio,,,,,,,,,0.5,manual review needed,review
A5100754107,Chang Gyu Park,804,13,P0007; P0030; P0075; P0291; P0379; P0434; P0446; P0580; P0722; P1114; P1141; P1463; P1538,Alvogen (South Korea); Apollo Hospitals; Asan Medical Center; Catholic University of Korea; Chonnam National University Hospital; Chungnam National University; Eulji Medical Center; Gachon University; Gachon University Gil Medical Center; Government of the Republic of China; Hanyang University; Korea University; Korea University Anam Hospital; Korea University Ansan Hospital; Korea University Guro Hospital; Korea University Medical Center; Kosin University; Kosin University Gospel Hospital; Pusan National University; Samsung Changwon Hospital; Second Hospital of Tianjin Medical University; Seoul National University Bundang Hospital; Soonchunhyang University; Soonchunhyang University Hospital Cheonan; Sungkyunkwan University; Tianjin Medical University; Tianjin Nankai Hospital; University of Ulsan; Utah Valley Regional Medical Center; Wonkwang University; Wonkwang University Hospital; Wonkwang University Sanbon Hospital; Yeungnam University,CN; IN; JP; KR; TW; US,yes,840,"Efficacy and Tolerability of Fimasartan, a New Angiotensin Receptor Blocker, Compared With Losartan (50/100 mg): A 12-Week, Phase III, Multicenter, Prospective, Randomized, Double-Blind, Parallel-Group, Dose Escalation Clinical Trial With an Optional 12-Week Extension Phase in Adult Korean Patients With Mild-to-Moderate Hypertension",needs_review,Korea University Guro Hospital,openalex_last_known,,,,,Korea University Guro Hospital,KR,yes,no,no,no,70,D_noise_check,collaboration signal exists but example work looks outside bio,,,,,,,,,0.5,manual review needed,review
A5009986087,Byoung Wook Choi,172,13,P0123; P0319; P0337; P0401; P0403; P0434; P0631; P1160; P1184; P1538; P1631; P1635; P1685,"CHA University; Cedars-Sinai Medical Center; Chung-Ang University; Chung-Ang University Healthcare System; Gangnam Severance Hospital; Hanbat National University; Khoo Teck Puat Hospital; Mie University; Severance Hospital; University of California, Berkeley; Yonsei University; Yonsei University Health System",JP; KR; SG; US,yes,208,Analysis of the Heart Rate and Its Variation Affecting Image Quality and Optimized Reconstruction Window in Retrospective ECG-Gated Coronary Angiography Using Multidetector Row CT,needs_review,Yonsei University; Severance Hospital; Yonsei University Health System,openalex_last_known,,,,,Yonsei University; Severance Hospital; Yonsei University Health System,KR,yes,no,no,no,70,D_noise_check,collaboration signal exists but example work looks outside bio,,,,,,,,,0.5,manual review needed,review
A5029282055,Cheol Ung Choi,684,12,P0043; P0075; P0105; P0291; P0434; P0446; P0580; P0801; P1114; P1141; P1463; P1598,Catholic University of Korea; Chonnam National University Hospital; Chungnam National University; Eulji Medical Center; Gachon University; Gachon University Gil Medical Center; Government of the Republic of China; Hanyang University; Korea University; Korea University Ansan Hospital; Korea University Guro Hospital; Korea University Medical Center; Kosin University; Kosin University Gospel Hospital; Pusan National University; Samsung Medical Center; Second Hospital of Tianjin Medical University; Seoul National University Bundang Hospital; Soonchunhyang University; Soonchunhyang University Hospital Cheonan; Sungkyunkwan University; Tianjin Medical University; Tianjin Nankai Hospital; Utah Valley Regional Medical Center; Wonkwang University; Wonkwang University Hospital,CN; JP; KR; TW; US,yes,717,Comparative effects of glucose-lowering agents on endothelial function and arterial stiffness in patients with type 2 diabetes: A network meta-analysis,needs_review,Korea University; Korea University Guro Hospital,openalex_last_known,,,,,Korea University; Korea University Guro Hospital,KR,yes,no,no,no,65,D_noise_check,collaboration signal exists but example work looks outside bio,,,,,,,,,0.5,manual review needed,review
A5004789784,Byeong‐Keuk Kim,209,12,P0030; P0319; P0379; P0434; P0580; P0641; P1114; P1538; P1628; P1635; P1664; P1685,CHA University; Cardiovascular Research Foundation; Chung-Ang University; Chung-Ang University Healthcare System; Columbia University Irving Medical Center; Dankook University; Ewha Womans University; Ewha Womans University Medical Center; Ewha Womans University Mokdong Hospital; Gachon University Gil Medical Center; Gangnam Severance Hospital; IRCCS Ospedale San Raffaele; Inje University; Inje University Sanggye Paik Hospital; Inje University Seoul Paik Hospital; Keimyung University; Korea University Guro Hospital; Kyungpook National University Hospital; Kyungpook National University Medical Center; NewYork–Presbyterian Hospital; Samsung Medical Center; Sejong General Hospital; Sejong University; Seoul National University; Seoul National University Hospital; Severance Hospital; Soonchunhyang University; Soonchunhyang University Hospital Cheonan; Sungkyunkwan University; The Catholic University of Korea Bucheon St. Mary's Hospital; University Hospital of Bern; University of Bologna; University of Ulsan; Wonkwang University; Wonkwang University Sanbon Hospital; Yonsei University; Yonsei University Health System,CH; IT; KR; US,yes,242,Editor's Choice – Impact of Endovascular Pedal Artery Revascularisation on Wound Healing in Patients With Critical Limb Ischaemia,needs_review,Yonsei University; Severance Hospital; Yonsei University Health System; Korea University Guro Hospital,openalex_last_known,,,,,Yonsei University; Severance Hospital; Yonsei University Health System; Korea University Guro Hospital,KR,yes,no,no,no,65,D_noise_check,collaboration signal exists but example work looks outside bio,,,,,,,,,0.5,manual review needed,review
A5110279936,Kyung Bok Lee,206,12,P0297; P0379; P0380; P0532; P0535; P1119; P1137; P1178; P1238; P1302; P1345; P1686,"Asan Medical Center; Catholic Kwandong University International St. Mary's Hospital; Catholic University of Korea; Chonnam National University; Chonnam National University Hospital; Chosun University Hospital; Chungbuk National University; Daejeon Eulji Medical Center, Eulji University; Dong-A University; Dong-A University Hospital; Dongguk University; Dongguk University Ilsan Hospital; Eulji Medical Center; Eulji University; Eulji University Nowon Eulji Medical Center; Eulji University Uijeongbu Eulji Medical Center; Gangnam Severance Hospital; Hallym University Dongtan Sacred Heart Hospital; Hallym University Sacred Heart Hospital; Inha University; Inha University Hospital; Inje University; Inje University Busan Paik Hospital; Inje University Ilsan Paik Hospital; Konyang University; Korea University; Korea University Guro Hospital; Kyung Hee University; Samsung Medical Center; Seoul Medical Center; Seoul National University; Seoul National University Bundang Hospital; Seoul National University Hospital; Soonchunhyang University; Soonchunhyang University Hospital Bucheon; Soonchunhyang University Hospital Seoul; Soonchunhyang University Medical Center; St. Michael's Hospital; Sungkyunkwan University; The Catholic University of Korea Seoul St. Mary's Hospital; The University of Texas Health Science Center at Houston; The University of Texas MD Anderson Cancer Center; Ulsan University Hospital; University of Southern California; University of Toronto; University of Ulsan; University of Wisconsin–Madison; Yeungnam University; Yeungnam University Medical Center; Yonsei University",CA; JP; KR; US,yes,239,Estimation of Acute Infarct Volume with Reference Maps: A Simple Visual Tool for Decision Making in Thrombectomy Cases,needs_review,Korea University; Soonchunhyang University; Soonchunhyang University Hospital Seoul; Asan Medical Center; Yeungnam University Medical Center; Korea University; Korea University Guro Hospital,openalex_last_known,,,,,Korea University; Soonchunhyang University; Soonchunhyang University Hospital Seoul; Asan Medical Center; Yeungnam University Medical Center; Korea University; Korea University Guro Hospital,JP; KR,yes,no,no,no,65,D_noise_check,collaboration signal exists but example work looks outside bio,,,,,,,,,0.5,manual review needed,review
A5052727983,In Su Kim,185,12,P0086; P0257; P0685; P0711; P0716; P0722; P0807; P1001; P1064; P1065; P1151; P1261,Chungnam National University; Chungnam National University Hospital; Kyung Hee University; Seoul National University; Sungkyunkwan University; University of Ulsan,KR,yes,218,Site‐Selective C–H Amidation of 2‐Aryl Quinazolinones Using Nitrene Surrogates,needs_review,Sungkyunkwan University,openalex_last_known,,,,,Sungkyunkwan University,KR,yes,no,no,no,65,D_noise_check,collaboration signal exists but example work looks outside bio,,,,,,,,,0.5,manual review needed,review
A5111816362,Dong Joo Oh,721,11,P0007; P0075; P0434; P0580; P1114; P1141; P1173; P1248; P1328; P1463; P1686,Asan Medical Center; Chonnam National University Hospital; Eulji Medical Center; Gachon University; Gachon University Gil Medical Center; Government of the Republic of China; Guizhou University; Hanyang University; Korea Advanced Institute of Science and Technology; Korea University; Korea University Ansan Hospital; Korea University Guro Hospital; Korea University Medical Center; Kosin University; Kosin University Gospel Hospital; Kyoto University; Na Eun Hospital; Samsung Medical Center; Second Hospital of Tianjin Medical University; Soonchunhyang University; Soonchunhyang University Hospital Cheonan; Tianjin Medical University; Tianjin Nankai Hospital; University of Ulsan; Utah Valley Regional Medical Center; Wonkwang University; Wonkwang University Sanbon Hospital,CN; JP; KR; TW; US,yes,751,Regional Variation of Mortality in Heart Failure With Reduced and Preserved Ejection Fraction Across Asia: Outcomes in the ASIAN‐HF Registry,needs_review,Na Eun Hospital; Korea University Guro Hospital,openalex_last_known,,,,,Na Eun Hospital; Korea University Guro Hospital,KR,yes,no,no,no,60,D_noise_check,collaboration signal exists but example work looks outside bio,,,,,,,,,0.5,manual review needed,review
A5032246382,Eung Ju Kim,680,11,P0075; P0361; P0434; P0446; P0580; P0722; P1114; P1141; P1410; P1463; P1598,Catholic University of Korea; Chonnam National University Hospital; Chungnam National University; Eulji Medical Center; Gachon University; Gachon University Gil Medical Center; Government of the Republic of China; Hanyang University; Korea University; Korea University Ansan Hospital; Korea University Guro Hospital; Korea University Medical Center; Kosin University; Kosin University Gospel Hospital; Pusan National University; Second Hospital of Tianjin Medical University; Seoul Medical Center; Seoul National University Bundang Hospital; Soonchunhyang University; Soonchunhyang University Hospital Cheonan; The Catholic University of Korea Seoul St. Mary's Hospital; Tianjin Medical University; Tianjin Nankai Hospital; Utah Valley Regional Medical Center; Wonkwang University; Wonkwang University Hospital; Wonkwang University Sanbon Hospital,CN; JP; KR; TW; US,yes,710,The Third Nationwide Korean Heart Failure III Registry (KorHF III): The Study Design Paper,needs_review,Gachon University; Korea University; Korea University Medical Center; Korea University Guro Hospital,openalex_last_known,,,,,Gachon University; Korea University; Korea University Medical Center; Korea University Guro Hospital,KR,yes,no,no,no,60,D_noise_check,collaboration signal exists but example work looks outside bio,,,,,,,,,0.5,manual review needed,review
A5029061981,Tai Hwan Park,209,10,P0297; P0379; P0380; P0532; P0535; P1137; P1238; P1302; P1507; P1686,"Asan Medical Center; Chonnam National University; Chonnam National University Hospital; Chungbuk National University; Chungbuk National University Hospital; Daejeon Eulji Medical Center, Eulji University; Dong-A University Hospital; Dongguk University; Dongguk University Ilsan Hospital; Eulji Medical Center; Eulji University; Eulji University Nowon Eulji Medical Center; Eulji University Uijeongbu Eulji Medical Center; Hallym University Dongtan Sacred Heart Hospital; Hallym University Sacred Heart Hospital; Inje University; Inje University Ilsan Paik Hospital; Korea University; Samsung Medical Center; Seoul Medical Center; Seoul National University; Seoul National University Bundang Hospital; Seoul National University Hospital; Soonchunhyang University; Soonchunhyang University Hospital Seoul; St. Michael's Hospital; Sungkyunkwan University; The University of Texas MD Anderson Cancer Center; Ulsan University Hospital; University of Southern California; University of Toronto; University of Ulsan; University of Wisconsin–Madison; Yeungnam University; Yeungnam University Medical Center",CA; KR; US,yes,236,Estimation of Acute Infarct Volume with Reference Maps: A Simple Visual Tool for Decision Making in Thrombectomy Cases,needs_review,Seoul Medical Center,openalex_last_known,,,,,Seoul Medical Center,KR,yes,no,no,no,55,D_noise_check,collaboration signal exists but example work looks outside bio,,,,,,,,,0.5,manual review needed,review
A5017869417,Myung‐Hwan Kim,259,9,P0230; P0384; P0562; P0620; P0755; P0852; P1208; P1634; P1673,Asan Medical Center; Dankook University; Eulji University; Eulji University Nowon Eulji Medical Center; Hallym University; Inha University; Inha University Hospital; Inje University; Inje University Ilsan Paik Hospital; King Saud University; Korea University; Myongji Hospital; Pai Chai University; Soonchunhyang University; University of Ulsan; Yonsei University,KR; SA,yes,283,Feasibility and safety of a fully covered self-expandable metal stent with antimigration properties for EUS-guided pancreatic duct drainage: early and midterm outcomes (with video),needs_review,Asan Medical Center; University of Ulsan; Changwon Hanmaeum Hospital; Hanyang University,openalex_last_known,,,,,Asan Medical Center; University of Ulsan; Changwon Hanmaeum Hospital; Hanyang University,KR,yes,no,no,no,50,D_noise_check,collaboration signal exists but example work looks outside bio,,,,,,,,,0.5,manual review needed,review
A5011446304,Do Hyun Park,216,9,P0444; P0562; P0620; P0852; P0907; P0940; P1178; P1379; P1634,Asan Medical Center; Eulji University; Hallym University; Inha University; Inha University Hospital; Inje University; Inje University Ilsan Paik Hospital; King Saud University; Seoul National University Hospital; Soonchunhyang University; Soonchunhyang University Hospital Cheonan; Ulsan University Hospital; University of Ulsan,KR; SA,yes,240,Feasibility and safety of a fully covered self-expandable metal stent with antimigration properties for EUS-guided pancreatic duct drainage: early and midterm outcomes (with video),needs_review,Asan Medical Center; University of Ulsan; Massachusetts Institute of Technology,openalex_last_known,,,,,Asan Medical Center; University of Ulsan; Massachusetts Institute of Technology,KR; US,yes,no,no,no,50,D_noise_check,collaboration signal exists but example work looks outside bio,,,,,,,,,0.5,manual review needed,review
A5100643175,Yong‐Jin Cho,192,9,P0380; P0532; P0535; P0702; P0703; P1238; P1345; P1507; P1585,"Asan Medical Center; Chonnam National University; Chonnam National University Hospital; Chungbuk National University; Chungbuk National University Hospital; Daejeon Eulji Medical Center, Eulji University; Dong-A University Hospital; Dongguk University; Dongguk University Ilsan Hospital; Eulji Medical Center; Eulji University; Eulji University Nowon Eulji Medical Center; Eulji University Uijeongbu Eulji Medical Center; Hallym University Dongtan Sacred Heart Hospital; Hallym University Sacred Heart Hospital; Inje University; Inje University Busan Paik Hospital; Inje University Ilsan Paik Hospital; Korea Food Research Institute; Kyung Hee University; Samsung Medical Center; Seoul Medical Center; Seoul National University; Seoul National University Bundang Hospital; Seoul National University Hospital; Soonchunhyang University Hospital Seoul; St. Michael's Hospital; Sungkyunkwan University; The University of Texas MD Anderson Cancer Center; Ulsan University Hospital; University of Southern California; University of Toronto; University of Ulsan; University of Wisconsin–Madison; Yeungnam University",CA; KR; US,yes,216,[P8-80] Resveratrol Inhibits Fat Accumulation and Increases Fat Oxidation through AMPK Activation in vitro,needs_review,Inje University; Inje University Ilsan Paik Hospital,openalex_last_known,,,,,Inje University; Inje University Ilsan Paik Hospital,KR,yes,no,no,no,50,D_noise_check,collaboration signal exists but example work looks outside bio,,,,,,,,,0.5,manual review needed,review
A5086969920,Chanhee Chae,186,9,P0236; P0576; P0755; P1083; P1164; P1210; P1629; P1698; P1752,Anyang University; Chung-Ang University; Komipharm International (South Korea); Kyung Hee University; Seoul National University; University of Nebraska–Lincoln; Wonkwang University,CN; KR; US,yes,210,Birth Abnormalities in Pregnant Sows Infected Intranasally with Porcine Circovirus 2,needs_review,Seoul National University,openalex_last_known,,,,,Seoul National University,KR,yes,no,no,no,50,D_noise_check,collaboration signal exists but example work looks outside bio,,,,,,,,,0.5,manual review needed,review
A5087247994,Hong Euy Lim,564,8,P0007; P0580; P1114; P1141; P1234; P1463; P1598; P1652,Chung-Ang University Hospital; Eulji Medical Center; Gachon University; Gachon University Gil Medical Center; Government of the Republic of China; Hallym University Sacred Heart Hospital; Hanyang University; Korea University; Korea University Ansan Hospital; Korea University Guro Hospital; Korea University Medical Center; Kosin University; Kosin University Gospel Hospital; Second Hospital of Tianjin Medical University; Soonchunhyang University; Soonchunhyang University Hospital Cheonan; Tianjin Medical University; Tianjin Nankai Hospital; Utah Valley Regional Medical Center; Wonkwang University; Wonkwang University Sanbon Hospital,CN; JP; KR; TW; US,yes,585,Impact of vasomotion type on prognosis of coronary artery spasm induced by acetylcholine provocation test of left coronary artery,needs_review,Chung-Ang University Gwangmyeong Hospital; Chung-Ang University,openalex_last_known,,,,,Chung-Ang University Gwangmyeong Hospital; Chung-Ang University,KR,yes,no,no,no,45,D_noise_check,collaboration signal exists but example work looks outside bio,,,,,,,,,0.5,manual review needed,review
A5040217028,Sung Koo Lee,244,6,P0384; P0444; P0562; P0620; P0755; P1634,Asan Medical Center; Inha University; Inha University Hospital; Inje University; Inje University Ilsan Paik Hospital; Ulsan University Hospital; University of Ulsan; Yonsei University,KR,yes,259,Feasibility and safety of a fully covered self-expandable metal stent with antimigration properties for EUS-guided pancreatic duct drainage: early and midterm outcomes (with video),needs_review,Asan Medical Center; University of Ulsan,openalex_last_known,,,,,Asan Medical Center; University of Ulsan,KR,yes,no,no,no,35,D_noise_check,collaboration signal exists but example work looks outside bio,,,,,,,,,0.5,manual review needed,review
A5101691463,Byoung Geol Choi,512,5,P0291; P0580; P1114; P1141; P1463,Catholic University of Korea; Chonnam National University Hospital; Chungnam National University; Eulji Medical Center; Gachon University; Gachon University Gil Medical Center; Government of the Republic of China; Korea University; Korea University Guro Hospital; Korea University Medical Center; Pusan National University; Second Hospital of Tianjin Medical University; Seoul National University Bundang Hospital; Soonchunhyang University; Soonchunhyang University Hospital Cheonan; Tianjin Medical University; Tianjin Nankai Hospital; Wonkwang University; Wonkwang University Hospital,CN; JP; KR; TW,yes,524,PS 11-24 IMPACT OF BLOOD PRESSURE LEVEL ON ACETYLCOHOLINE INDUCED CORONARY ARTERY SPASM,needs_review,Honam University; Korea University; Korea University Guro Hospital,openalex_last_known,,,,,Honam University; Korea University; Korea University Guro Hospital,KR,yes,no,no,no,30,D_noise_check,collaboration signal exists but example work looks outside bio,,,,,,,,,0.5,manual review needed,review
A5015538936,Se Yeon Choi,251,3,P0580; P1114; P1598,Durham University; Eulji Medical Center; Gachon University; Gachon University Gil Medical Center; Korea University; Korea University Guro Hospital; Korea University Medical Center; Soonchunhyang University; Soonchunhyang University Hospital Cheonan,GB; JP; KR,yes,257,Impact of Renin‐Angiotensin System Inhibitors on Long‐Term Clinical Outcomes of Patients With Coronary Artery Spasm,needs_review,"Korea University; Daejeon Eulji Medical Center, Eulji University; Korea University Guro Hospital",openalex_last_known,,,,,"Korea University; Daejeon Eulji Medical Center, Eulji University; Korea University Guro Hospital",KR,yes,no,no,no,20,D_noise_check,collaboration signal exists but example work looks outside bio,,,,,,,,,0.5,manual review needed,review
