openalex_id,display_name,shared_paper_count,seed_connection_count,connected_seed_professor_ids,institutions,country_codes,korea_affiliated,review_priority,example_work,review_status
A5101911180,Myung Ho Jeong,774,80,P0007; P0021; P0026; P0030; P0064; P0204; P0214; P0265; P0364; P0446; P0516; P0524; P0580; P0600; P0722; P0808; P0920; P1121; P1184; P1323; P1421; P1437; P1536; P1539; P1731; P1773; P1774; P1814; P1852; P1944; P1955; P1961; P1976; P1983; P2056; P2065; P2123; P2134; P2135; P2145; P2161; P2167; P2171; P2195; P2210; P2215; P2216; P2226; P2233; P2270; P2272; P2278; P2279; P2280; P2284; P2289; P2290; P2302; P2303; P2313; P2323; P2327; P2338; P2342; P2356; P2357; P2362; P2366; P2414; P2432; P2450; P2452; P2455; P2457; P2471; P2483; P2509; P2513; P2542; P2583,Asan Medical Center; Brigham and Women's Hospital; Campus Bio Medico University Hospital; Catholic University of Korea; Chonnam National University; Chonnam National University Hospital; Chonnam National University Hwasun Hospital; Chosun University; Chosun University Hospital; Chung-Ang University; Chung-Ang University Gwangmyeong Hospital; Chung-Ang University Healthcare System; Chungbuk National University; Chungbuk National University Hospital; Chungnam National University; Chungnam National University Hospital; Clinica Mediterranea; Dong-A University; Dong-A University Hospital; Duke University; Government of the Republic of China; Gwangju Institute of Science and Technology; Jangsung (South Korea); Jeju National University Hospital; Keimyung University; Keimyung University Dongsan Hospital; Keimyung University Dongsan Medical Center; Konyang University Hospital; Korea University; Korea University Anam Hospital; Korea University Guro Hospital; Korean Society of Cardiology; Kwangju Christian Hospital; Kyung Hee University; Kyung Hee University Hospital at Gangdong; Kyung Hee University Medical Center; Kyungpook National University Hospital; Macrogen (South Korea); Ministry of Health and Welfare; Ospedale San Filippo Neri; Pusan National University; Pusan National University Dental Hospital; Pusan National University Hospital; Samsung Medical Center; Second Hospital of Tianjin Medical University; Seoul National University; Seoul National University Bundang Hospital; Seoul National University Hospital; Severance Hospital; Sunchon National University; Sungkyunkwan University; The Catholic University of Korea Catholic Medical Center; The Catholic University of Korea Seoul St. Mary's Hospital; The Catholic University of Korea St. Vincent's Hospital; The Catholic University of Korea Yeouido St. Mary's Hospital; Tianjin Medical University; Tianjin Nankai Hospital; Ulsan University Hospital; University of Ulsan; Università Campus Bio-Medico; Wonju Severance Christian Hospital; Wonkwang University; Wonkwang University Hospital; Yeungnam University; Yeungnam University Medical Center; Yonsei University; Yonsei University Health System,CN; IT; KR; TW; US,yes,1011,Prediction of 1-Year Mortality from Acute Myocardial Infarction Using Machine Learning,needs_review
A5080001926,Yung Hyun Choi,687,92,P0056; P0090; P0137; P0209; P0219; P0236; P0241; P0527; P0542; P0544; P0547; P0696; P0842; P0968; P0969; P0978; P1038; P1062; P1080; P1154; P1155; P1163; P1166; P1176; P1196; P1214; P1258; P1323; P1328; P1351; P1400; P1418; P1426; P1428; P1443; P1486; P1488; P1507; P1516; P1538; P1543; P1567; P1597; P1638; P1641; P1809; P1960; P1999; P2000; P2101; P2107; P2108; P2114; P2119; P2120; P2143; P2156; P2157; P2165; P2188; P2196; P2203; P2206; P2210; P2212; P2220; P2229; P2259; P2266; P2285; P2303; P2408; P2410; P2417; P2420; P2421; P2433; P2455; P2466; P2468; P2469; P2470; P2479; P2492; P2512; P2514; P2516; P2529; P2577; P2586; P2623; P2624,Ajou University; Busan TechnoPark; Chung-Ang University; Chungbuk National University; Dong-Eui University; Gyeongsang National University; Hanyang University; Inje University; Jeju National University; Keimyung University; Korea Lift College; Korea Research Institute of Bioscience and Biotechnology; Kosin University; Marine Biodiversity Institute of Korea; Ministry of Food and Drug Safety; National Cancer Institute; National Institutes of Health; Pukyong National University; Pusan National University; Silla University; Yonsei University; Yonsei University Health System,KR; US,yes,960,Induction of Apoptosis by Ethanol Extracts of Ganoderma lucidum in Human Gastric Carcinoma Cells,needs_review
A5100335103,Young Ho Kim,315,162,P0028; P0038; P0040; P0042; P0050; P0055; P0090; P0114; P0145; P0205; P0214; P0278; P0306; P0312; P0346; P0349; P0358; P0371; P0384; P0445; P0447; P0471; P0484; P0597; P0625; P0682; P0684; P0703; P0707; P0740; P0801; P0804; P0824; P0835; P0907; P0930; P0962; P1000; P1001; P1035; P1038; P1062; P1082; P1089; P1095; P1114; P1122; P1137; P1141; P1152; P1154; P1155; P1159; P1162; P1163; P1171; P1177; P1181; P1185; P1191; P1201; P1212; P1213; P1214; P1215; P1225; P1231; P1233; P1265; P1293; P1323; P1332; P1337; P1362; P1365; P1368; P1422; P1424; P1440; P1465; P1468; P1469; P1478; P1485; P1487; P1492; P1505; P1506; P1516; P1517; P1518; P1519; P1520; P1526; P1528; P1533; P1551; P1626; P1672; P1675; P1676; P1743; P1745; P1763; P1814; P1819; P1832; P1889; P1905; P1908; P1946; P2000; P2014; P2024; P2027; P2031; P2044; P2051; P2059; P2073; P2131; P2148; P2159; P2162; P2166; P2196; P2206; P2213; P2269; P2274; P2285; P2313; P2330; P2334; P2347; P2367; P2402; P2446; P2469; P2470; P2485; P2487; P2489; P2490; P2492; P2499; P2500; P2503; P2512; P2514; P2515; P2519; P2520; P2526; P2533; P2544; P2623; P2672; P2676; P2681; P2698; P2705,"Ajou University; American College of Gastroenterology; Asan Foundation; Asan Medical Center; Casa Sollievo della Sofferenza; Catholic University of Korea; Center for Cancer Research; Chonnam National University; Chungbuk National University; Chungnam National University; Chungnam National University Hospital; Daejeon Institute of Science and Technology; Daejeon University; Ewha Womans University; Gyeongguk National University; Hallym University; Hanyang University; Hyejeon College; Inje University; Inje University Busan Paik Hospital; Inje University Seoul Paik Hospital; Jeju National University; Kangbuk Samsung Hospital; Kangwon National University; Keimyung University; Konkuk University; Konyang University; Konyang University Hospital; Korea Advanced Institute of Science and Technology; Korea Basic Science Institute; Korea Food Research Institute; Korea Institute of Oriental Medicine; Korea Institute of Science and Technology; Korea Research Institute of Bioscience and Biotechnology; Korea Research Institute of Chemical Technology; Korea Research Institute of Standards and Science; Korea Seed & Variety Service; Korea University; Korea University Medical Center; Korean Association for the Study of Intestinal Diseases; Kosin University; Kwangju Christian Hospital; Kyung Hee University; Kyungpook National University; Medifron (South Korea); Ministry of Agriculture, Food and Rural Affairs; National Cancer Center; National Cancer Center Hospital; National Cancer Institute; National Institutes of Health; Pusan National University; Rural Development Administration; SNUH SMG-SNU Boramae Medical Center; Samsung (South Korea); Samsung Electronics (South Korea); Samsung Medical Center; Seoul Metropolitan Government; Seoul National University; Seoul National University Hospital; Severance Hospital; Sookmyung Women's University; Soonchunhyang University; Sungkyunkwan University; University of Pittsburgh; University of Suwon; University of Ulsan; Wonkwang University; Yonsei University; Yonsei University Health System",IT; KR; US,yes,798,Furin is an endogenous regulator of α-secretase associated APP processing,needs_review
A5100429324,Sung‐Hoon Kim,398,133,P0020; P0028; P0031; P0040; P0057; P0083; P0090; P0093; P0098; P0100; P0102; P0107; P0201; P0203; P0211; P0216; P0236; P0252; P0253; P0254; P0255; P0284; P0285; P0291; P0337; P0364; P0481; P0486; P0540; P0589; P0698; P0707; P0713; P0722; P0751; P0830; P0907; P0919; P0991; P0996; P0999; P1000; P1137; P1150; P1160; P1162; P1195; P1196; P1210; P1211; P1213; P1219; P1252; P1261; P1282; P1295; P1299; P1302; P1322; P1338; P1368; P1411; P1425; P1433; P1435; P1441; P1461; P1469; P1494; P1520; P1528; P1535; P1548; P1570; P1574; P1576; P1579; P1588; P1590; P1625; P1647; P1706; P1722; P1731; P1747; P1750; P1753; P1768; P1778; P1836; P1889; P1908; P1940; P1953; P1958; P1967; P1987; P2008; P2018; P2099; P2100; P2131; P2132; P2159; P2210; P2220; P2271; P2275; P2316; P2329; P2341; P2367; P2372; P2390; P2392; P2397; P2436; P2455; P2466; P2472; P2491; P2519; P2529; P2533; P2545; P2553; P2554; P2572; P2586; P2587; P2623; P2674; P2718,Advanced Institute of Convergence Technology; Ajou University; Asia Pacific Center for Theoretical Physics; CHA University; Cheil General Hospital and Women's Healthcare Center; Daegu Haany University; Daejeon University; Dankook University; Dong-A University; Dong-Eui University; Ewha Womans University; Gangnam Severance Hospital; Gyeongsang National University; Hanlim Pharm (South Korea); Hanyang University; Incheon National University; Jeonbuk National University; Keimyung University; Konkuk University; Korea Institute of Science and Technology; Korea Research Institute of Bioscience and Biotechnology; Korea Research Institute of Chemical Technology; Korea University; Korea University of Science and Technology; Kyung Hee University; Kyung Hee University East-West Neo Medical Center; Kyung Hee University Korean Medicine Hospital; Kyungpook National University; Mayo Clinic; Nambu University; National Cancer Center; National Cancer Center Hospital; Pohang University of Science and Technology; Pusan National University; Sahmyook University; Samsung (South Korea); Samsung Biomedical Research Institute; Samsung Electronics (South Korea); Samsung Medical Center; Seoul National University; Seoul National University Bundang Hospital; Sungkyunkwan University; The Catholic University of Korea Seoul St. Mary's Hospital; University of Minnesota; University of Ulsan; Wonju Severance Christian Hospital; Woosuk University; Yeungnam University; Yeungnam University College; Yeungnam University Medical Center; Yonsei University; Yonsei University Health System; Yonsei University Mirae Campus,KR; US,yes,794,Caspase-8 controls the secretion of inflammatory lysyl-tRNA synthetase in exosomes from cancer cells,needs_review
A5100616675,Sang Yup Lee,590,58,P0115; P0140; P0205; P0228; P0234; P0245; P0338; P0431; P0469; P0475; P0548; P0550; P0726; P0808; P0821; P0829; P0830; P0831; P0836; P1102; P1117; P1149; P1151; P1152; P1167; P1195; P1203; P1204; P1238; P1254; P1285; P1412; P1418; P1419; P1420; P1448; P1483; P1623; P1631; P1758; P1817; P1845; P1865; P1931; P1982; P2056; P2105; P2157; P2211; P2271; P2274; P2410; P2431; P2452; P2461; P2551; P2564; P2585,Amorepacific (South Korea); Chung-Ang University; Chung-Ang University Gwangmyeong Hospital; Chungbuk National University; Chungbuk National University Hospital; Duke University; GS Caltex (South Korea); Georgetown University; Gwangju Institute of Science and Technology; Gyeongsang National University; Hanyang University; Intelligent Synthetic Biology Center; KTH Royal Institute of Technology; King's College London; Korea Advanced Institute of Science and Technology; Korea Basic Science Institute; Korea Institute of Science and Technology; Korea Research Institute of Bioscience and Biotechnology; Korea Research Institute of Chemical Technology; Korea University; Korean Association Of Science and Technology Studies; Kwangwoon University; Kyung Hee University; Myongji University; National NanoFab Center; Novo Nordisk Foundation; Science for Life Laboratory; Severance Hospital; Sogang University; Technical University of Denmark; Ulsan National Institute of Science and Technology; Yonsei University,DK; GB; KR; SE; US,yes,761,Secretory and extracellular production of recombinant proteins using Escherichia coli,needs_review
A5008942832,Yangsoo Jang,477,85,P0007; P0030; P0100; P0107; P0214; P0319; P0333; P0361; P0434; P0446; P0447; P0462; P0471; P0481; P0527; P0541; P0580; P0641; P0722; P0920; P0926; P1121; P1153; P1257; P1398; P1516; P1517; P1580; P1588; P1594; P1612; P1726; P1749; P1773; P1774; P1802; P1825; P1944; P1949; P1955; P1972; P1976; P1983; P2010; P2056; P2064; P2065; P2072; P2075; P2105; P2123; P2134; P2140; P2167; P2210; P2226; P2233; P2249; P2270; P2272; P2279; P2289; P2322; P2338; P2342; P2356; P2357; P2366; P2408; P2410; P2414; P2432; P2452; P2457; P2475; P2483; P2509; P2513; P2516; P2545; P2573; P2577; P2578; P2592; P2687,Asan Medical Center; CHA University; CHA University Bundang Medical Center; CHA University Gangnam Medical Center; Cardiovascular Institute Hospital; Cardiovascular Research Foundation; Catholic Kwandong University; Chonnam National University Hospital; Columbia University Irving Medical Center; Dong-A University; Ewha Womans University; Ewha Womans University Medical Center; Ewha Womans University Mokdong Hospital; Gachon University; Gachon University Gil Medical Center; Gangnam Severance Hospital; Health Insurance Review and Assessment Service; IRCCS Ospedale San Raffaele; Keimyung University; Keimyung University Dongsan Hospital; Kokura Memorial Hospital; Konyang University Hospital; Korea University; Korea University Anam Hospital; Korea University Guro Hospital; Korea University Medical Center; Korean Society of Cardiology; Kyungpook National University Hospital; Kyungpook National University Medical Center; Lodestar Research Corporation (United States); Myongji Hospital; National Health Insurance Service Ilsan Hospital; NewYork–Presbyterian Hospital; Samsung Biomedical Research Institute; Samsung Medical Center; Sejong General Hospital; Seoul Medical Center; Seoul National University; Seoul National University Bundang Hospital; Seoul National University Hospital; Severance Hospital; Soonchunhyang University; Soonchunhyang University Hospital Cheonan; Sungkyunkwan University; The Catholic University of Korea Bucheon St. Mary's Hospital; University Hospital of Bern; University of Bologna; University of Ulsan; Wonju Severance Christian Hospital; Wonkwang University; Wonkwang University Sanbon Hospital; Yeungnam University; Yeungnam University Medical Center; Yonsei University; Yonsei University Health System,CH; IT; JP; KR; US,yes,729,Clinical influence of early follow-up glycosylated hemoglobin levels on cardiovascular outcomes in diabetic patients with ST-segment elevation myocardial infarction after coronary reperfusion,needs_review
A5086377751,Youngkeun Ahn,491,65,P0007; P0030; P0042; P0201; P0446; P0580; P0600; P0722; P0740; P0920; P0965; P1010; P1154; P1177; P1184; P1333; P1760; P1774; P1793; P1944; P1949; P1955; P1976; P1983; P2056; P2099; P2105; P2123; P2134; P2135; P2167; P2171; P2215; P2216; P2226; P2233; P2270; P2272; P2275; P2279; P2289; P2302; P2327; P2331; P2338; P2342; P2357; P2366; P2414; P2432; P2450; P2452; P2457; P2471; P2493; P2509; P2542; P2547; P2567; P2570; P2573; P2583; P2589; P2594; P2603,CHA University Bundang Medical Center; Catholic University of Korea; Chonnam National University; Chonnam National University Hospital; Chonnam National University Hwasun Hospital; Chung-Ang University; Chung-Ang University Gwangmyeong Hospital; Chung-Ang University Healthcare System; Gachon University; Gachon University Gil Medical Center; Gyeongsang National University; Gyeongsang National University Hospital; Inje University Ilsan Paik Hospital; Konyang University; Konyang University Hospital; Korean Society of Cardiology; Kyung Hee University; Ministry of Health and Welfare; National Institutes of Health; Pusan National University; Pusan National University Hospital; Seoul National University; Seoul National University Hospital; Soonchunhyang University Hospital Seoul; The Catholic University of Korea Catholic Medical Center; The Catholic University of Korea Seoul St. Mary's Hospital; The Catholic University of Korea St. Vincent's Hospital; The Catholic University of Korea Yeouido St. Mary's Hospital; Ulsan University Hospital; University of Pennsylvania; Wonkwang University Hospital; Yonsei University,KR; US,yes,683,Screening ginseng saponins in progenitor cells identifies 20(R)-ginsenoside Rh2 as an enhancer of skeletal and cardiac muscle regeneration,needs_review
A5007610160,Jin Tae Hong,485,63,P0060; P0107; P0254; P0284; P0331; P0409; P0486; P0488; P0493; P0506; P0540; P0704; P0705; P0830; P0880; P0968; P0970; P0977; P0995; P0996; P0997; P0999; P1000; P1069; P1098; P1115; P1143; P1146; P1156; P1160; P1172; P1174; P1176; P1190; P1330; P1332; P1429; P1435; P1437; P1456; P1548; P1565; P1574; P1636; P1704; P1770; P1828; P1894; P1933; P1946; P1971; P2107; P2121; P2156; P2252; P2262; P2292; P2298; P2332; P2358; P2444; P2572; P2607,CJ CheilJedang (South Korea); Catholic University of Korea; Chonnam National University; Chungbuk National University; Dongguk University; Inha University Hospital; Konkuk University; Korea Research Institute of Bioscience and Biotechnology; Ministry of Food and Drug Safety; Sejong University; Seoul Medical Center; Soonchunhyang University; The Catholic University of Korea Daejeon St. Mary's Hospital; University of Kentucky,KR; US,yes,671,Dissolving Candlelit Microneedle for Chronic Inflammatory Skin Diseases,needs_review
A5100608883,Kyung‐Hee Kim,229,139,P0007; P0040; P0042; P0057; P0090; P0097; P0161; P0211; P0250; P0256; P0257; P0265; P0342; P0359; P0365; P0404; P0422; P0439; P0444; P0456; P0525; P0538; P0605; P0609; P0703; P0711; P0753; P0804; P0880; P0968; P0972; P0998; P0999; P1097; P1098; P1128; P1131; P1161; P1162; P1165; P1173; P1183; P1196; P1212; P1293; P1295; P1328; P1329; P1330; P1411; P1431; P1444; P1471; P1486; P1517; P1518; P1519; P1520; P1522; P1525; P1526; P1527; P1529; P1533; P1534; P1535; P1541; P1544; P1547; P1548; P1553; P1555; P1561; P1562; P1568; P1570; P1572; P1575; P1668; P1764; P1770; P1772; P1802; P1817; P1835; P1840; P1890; P1896; P1939; P1943; P1949; P1958; P1960; P1968; P1984; P1987; P1999; P2000; P2002; P2006; P2008; P2012; P2018; P2034; P2037; P2038; P2039; P2062; P2107; P2108; P2111; P2130; P2136; P2149; P2153; P2211; P2239; P2240; P2270; P2312; P2317; P2332; P2342; P2363; P2377; P2387; P2408; P2415; P2417; P2458; P2465; P2491; P2498; P2526; P2530; P2535; P2547; P2579; P2648,"Cancer Hospital of Chinese Academy of Medical Sciences; Catholic University of Korea; Chinese Academy of Medical Sciences & Peking Union Medical College; Chungnam National University; Chungnam National University Hospital; Chungnam National University Sejong Hospital; Daegu-Gyeongbuk Medical Innovation Foundation; Daejeon Eulji Medical Center, Eulji University; Dankook University; Dong-A University; Eulji University; Ewha Womans University; Ewha Womans University Medical Center; Ewha Womans University Seoul Hospital; Gachon University; Gachon University Gil Medical Center; Gachon University Medical Center; Gyeongsang National University; Gyeongsangnam-do Agricultural Research and Extension Services; Hallym University; Hanseo University; Hanyang University; Incheon National University; Kaloji Narayana Rao University of Health Sciences; Konkuk University; Kookmin University; Korea Institute of Science and Technology; Korea National Institute of Health; Korea Polar Research Institute; Korea University; Kyungpook National University; Kyungpook National University Hospital; Ministry of Food and Drug Safety; National Cancer Center; National Cancer Center Hospital; National Institute of Food and Drug Safety Evaluation; Novarex (South Korea); Phyzen (South Korea); Pusan National University Yangsan Hospital; Rural Development Administration; Samsung Biomedical Research Institute; Samsung Medical Center; Seoul National University; Seoul National University Hospital; Sungkyunkwan University; The Catholic University of Korea Daejeon St. Mary's Hospital; University of Suwon; Wonkwang University; Yonsei University",CN; IN; KR; US,yes,643,Antiviral Effects of Black Raspberry (Rubus coreanus) Seed and Its Gallic Acid against Influenza Virus Infection,needs_review
A5100459358,Ki Hyun Kim,388,81,P0026; P0040; P0042; P0055; P0097; P0138; P0168; P0187; P0209; P0222; P0258; P0286; P0295; P0303; P0337; P0405; P0562; P0631; P0700; P0740; P0783; P0804; P0810; P0962; P0972; P0987; P0996; P1010; P1128; P1130; P1138; P1142; P1143; P1185; P1194; P1213; P1240; P1295; P1331; P1364; P1376; P1392; P1461; P1463; P1491; P1502; P1531; P1642; P1668; P1706; P1719; P1816; P1837; P1896; P1900; P1910; P1940; P1942; P1946; P1967; P2067; P2101; P2105; P2169; P2181; P2200; P2271; P2274; P2277; P2296; P2374; P2392; P2437; P2444; P2458; P2468; P2470; P2483; P2492; P2577; P2586,Busan TechnoPark; Chonnam National University; Chungbuk National University; Dongguk University; Gyeongsang National University; Harvard University; Jeju National University; Korea Research Institute of Bioscience and Biotechnology; Korea Research Institute of Chemical Technology; Korea University; Kosin University; Kosin University Gospel Hospital; Kyung Hee University; Kyungwoon University; Marine Biodiversity Institute of Korea; Mokpo National University; National Institute of Animal Science; National Institute of Animal Sciences; Rural Development Administration; Seoul National University; Seoul National University Bundang Hospital; Sungkyunkwan University; University of Hawaii at Hilo; Yeungnam University; Yeungnam University College,KR; US; VN,yes,628,C-Methylated Flavonoid Glycosides from Pentarhizidium orientale Rhizomes and Their Inhibitory Effects on the H1N1 Influenza Virus,needs_review
A5100318692,Juneyoung Lee,317,99,P0007; P0028; P0030; P0114; P0281; P0354; P0379; P0380; P0511; P0532; P0535; P0883; P0977; P1000; P1069; P1087; P1110; P1113; P1157; P1235; P1259; P1412; P1446; P1479; P1526; P1530; P1536; P1560; P1569; P1578; P1598; P1637; P1746; P1748; P1762; P1774; P1779; P1794; P1800; P1815; P1912; P1952; P1953; P1955; P1957; P1989; P1999; P2005; P2014; P2019; P2027; P2032; P2048; P2053; P2084; P2105; P2111; P2128; P2146; P2148; P2176; P2207; P2212; P2270; P2273; P2282; P2287; P2291; P2299; P2300; P2302; P2304; P2323; P2329; P2331; P2345; P2349; P2359; P2366; P2411; P2414; P2450; P2471; P2474; P2477; P2480; P2488; P2490; P2491; P2513; P2518; P2522; P2536; P2545; P2572; P2587; P2631; P2689; P2707,"Ajou University; Asan Medical Center; Catholic University of Korea; Chonnam National University; Chonnam National University Hospital; Chosun University; Chosun University Hospital; Chungbuk National University; Chungbuk National University Hospital; Chungnam National University; Chungnam National University Hospital; Daegu Catholic University; Daegu Catholic University Medical Center; Daejeon Eulji Medical Center, Eulji University; Dong-A University Hospital; Dongguk University; Dongguk University Gyeongju Hospital; Dongguk University Ilsan Hospital; Eulji Medical Center; Eulji University; Eulji University Nowon Eulji Medical Center; Gangnam Severance Hospital; Hallym University; Hallym University Dongtan Sacred Heart Hospital; Hallym University Sacred Heart Hospital; Hanyang University; Health Insurance Review and Assessment Service; Inje University; Inje University Ilsan Paik Hospital; Institute for Basic Science; Kangdong Sacred Heart Hospital; Konkuk University; Konyang University; Korea Food Research Institute; Korea Institute of Radiological and Medical Sciences; Korea Institute of Toxicology; Korea University; Korea University Anam Hospital; Korea University Ansan Hospital; Korea University Medical Center; Korean Diabetes Association; Kyung Hee University; Kyung Hee University Medical Center; Kyungpook National University; Kyungpook National University Hospital; Kyungpook National University Medical Center; Myongji Hospital; National Cancer Center; National Health Insurance Service Ilsan Hospital; Northwestern University; Pfizer (South Korea); Pohang University of Science and Technology; Pusan National University Hospital; SNUH SMG-SNU Boramae Medical Center; Samsung (South Korea); Samsung Electronics (South Korea); Samsung Medical Center; Seoul Medical Center; Seoul National University; Seoul National University Bundang Hospital; Seoul National University Hospital; Soonchunhyang University; Soonchunhyang University Hospital Cheonan; Soonchunhyang University Hospital Seoul; Soonchunhyang University Medical Center; St. Michael's Hospital; Sungkyunkwan University; The Catholic University of Korea Seoul St. Mary's Hospital; The University of Texas MD Anderson Cancer Center; Ulsan University Hospital; United States Department of Veterans Affairs; University of Calgary; University of California, Los Angeles; University of Toronto; University of Ulsan; University of Wisconsin–Madison; Veterans Health Administration; Veterans Health Service Medical Center; Yeungnam University; Yeungnam University College; Yeungnam University Medical Center; Yonsei University Health System",CA; JP; KR; US,yes,611,Highly Efficient Assay of Circulating Tumor Cells by Selective Sedimentation with a Density Gradient Medium and Microfiltration from Whole Blood,needs_review
A5072778265,Seung‐Woon Rha,451,49,P0030; P0075; P0291; P0379; P0434; P0446; P0580; P0600; P0722; P0920; P1385; P1483; P1773; P1774; P1944; P1949; P1976; P1983; P2019; P2056; P2065; P2083; P2123; P2124; P2134; P2161; P2164; P2167; P2171; P2210; P2226; P2233; P2270; P2272; P2279; P2289; P2327; P2338; P2342; P2356; P2366; P2414; P2432; P2452; P2457; P2483; P2509; P2513; P2528,Asan Medical Center; Cardiovascular Research Foundation; Catholic University of Korea; Chonnam National University Hospital; Chung-Ang University; Chung-Ang University Healthcare System; Chung-Ang University Hospital; Chungnam National University; Dong-A University; Dongguk University Gyeongju Hospital; Eulji Medical Center; Ewha Womans University Mokdong Hospital; Ewha Womans University Seoul Hospital; Gachon University; Gachon University Gil Medical Center; Gangnam Severance Hospital; Government of the Republic of China; Hanmi Pharmaceutical (South Korea); Hanyang University; Kangwon National University Hospital; Keimyung University; Keimyung University Dongsan Hospital; Keimyung University Dongsan Medical Center; Konyang University Hospital; Korea University; Korea University Anam Hospital; Korea University Guro Hospital; Korea University Medical Center; Korean Society of Cardiology; Kosin University; Kosin University Gospel Hospital; Kyungpook National University; Kyungpook National University Hospital; Kyungpook National University Medical Center; Presbyterian Medical Center; Pusan National University; Pusan National University Hospital; Samsung Medical Center; Second Hospital of Tianjin Medical University; Sejong General Hospital; Seoul National University; Seoul National University Bundang Hospital; Seoul National University Hospital; Severance Hospital; Soonchunhyang University; Soonchunhyang University Hospital Cheonan; Sungkyunkwan University; The Catholic University of Korea Bucheon St. Mary's Hospital; The Catholic University of Korea Seoul St. Mary's Hospital; Tianjin Medical University; Tianjin Nankai Hospital; UCLA Medical Center; Ulsan University Hospital; University of Ulsan; Wonju Severance Christian Hospital; Wonkwang University; Wonkwang University Hospital; Yeungnam University; Yeungnam University Medical Center; Yonsei University; Yonsei University Health System,CN; KR; TW; US,yes,595,Clinical influence of early follow-up glycosylated hemoglobin levels on cardiovascular outcomes in diabetic patients with ST-segment elevation myocardial infarction after coronary reperfusion,needs_review
A5107025578,Young Joon Hong,419,56,P0007; P0021; P0026; P0050; P0379; P0446; P0511; P0580; P0808; P0920; P1138; P1184; P1518; P1634; P1635; P1636; P1637; P1641; P1648; P1774; P1944; P1949; P1976; P2056; P2083; P2099; P2123; P2134; P2135; P2161; P2164; P2167; P2171; P2195; P2210; P2226; P2233; P2270; P2272; P2279; P2289; P2302; P2327; P2338; P2342; P2357; P2366; P2414; P2452; P2457; P2509; P2513; P2531; P2542; P2570; P2594,Chonnam National University; Chonnam National University Hospital; Chonnam National University Hwasun Hospital; Chung-Ang University; Chung-Ang University Gwangmyeong Hospital; Chung-Ang University Healthcare System; Inje University Ilsan Paik Hospital; Korea Institute of Radiological and Medical Sciences; Korea University of Science and Technology; Ministry of Health and Welfare; Peoria campus of the University of Illinois System; Samsung Medical Center; Seoul National University Hospital; Sunchon National University; Sungkyunkwan University; The Catholic University of Korea Catholic Medical Center,KR; US,yes,584,"Efficacy and safety of combination therapy with telmisartan, rosuvastatin, and ezetimibe in patients with dyslipidemia and hypertension: A randomized, double‐blind, multicenter, therapeutic confirmatory, phase III clinical trial",needs_review
A5071829277,Hee‐Joon Bae,430,49,P0219; P0297; P0325; P0367; P0379; P0380; P0532; P0534; P0535; P1272; P1284; P1303; P1382; P1412; P1530; P1585; P1748; P1912; P1963; P1989; P2005; P2019; P2020; P2027; P2031; P2032; P2050; P2084; P2128; P2140; P2270; P2271; P2302; P2329; P2331; P2362; P2366; P2414; P2450; P2471; P2474; P2490; P2491; P2512; P2513; P2518; P2522; P2689; P2707,"Asan Medical Center; Catholic University of Korea; Centre for Healthy Brain Ageing; Chinese University of Hong Kong; Chonnam National University; Chonnam National University Hospital; Chungbuk National University; Chungbuk National University Hospital; Daejeon Eulji Medical Center, Eulji University; Dong-A University Hospital; Dongguk University; Dongguk University Gyeongju Hospital; Dongguk University Ilsan Hospital; Eulji Medical Center; Eulji University; Eulji University Nowon Eulji Medical Center; Eulji University Uijeongbu Eulji Medical Center; Gachon University; Gachon University Gil Medical Center; Gyeonggi Provincal Medical Center Icheon Hospital; Hallym University; Hallym University Dongtan Sacred Heart Hospital; Hallym University Sacred Heart Hospital; Hospital de Sant Pau; Inje University; Inje University Busan Paik Hospital; Inje University Ilsan Paik Hospital; Institut de Recerca Sant Pau; Jeju National University; Kangdong Sacred Heart Hospital; Keimyung University; Keimyung University Dongsan Medical Center; Korea University; Korea University Guro Hospital; Kyung Hee University; Kyungpook National University; Kyungpook National University Hospital; Monash Health; Monash Medical Centre; National Medical Center; Neurology, Inc; Northwestern University; Samsung Medical Center; Seoul Medical Center; Seoul National University; Seoul National University Bundang Hospital; Seoul National University Hospital; Soonchunhyang University Hospital Seoul; St. Michael's Hospital; Sungkyunkwan University; The Catholic University of Korea Seoul St. Mary's Hospital; The University of Texas MD Anderson Cancer Center; UCL Queen Square Institute of Neurology; UNSW Sydney; Ulsan University Hospital; Union Hospital; University College London; University of California, Los Angeles; University of Southern California; University of Toronto; University of Ulsan; University of Wisconsin–Madison; Yeungnam University; Yeungnam University Medical Center",AU; CA; CN; ES; GB; HK; KR; US,yes,574,Subthreshold amyloid pathology and changes in functional brain networks in patients with delayed cognitive decline after stroke,needs_review
A5100348065,Nayoung Kim,217,114,P0028; P0040; P0071; P0078; P0093; P0188; P0304; P0384; P0388; P0428; P0445; P0509; P0534; P0536; P0597; P0620; P0696; P0722; P0740; P0767; P0992; P0999; P1128; P1157; P1165; P1176; P1261; P1269; P1272; P1277; P1384; P1412; P1442; P1445; P1465; P1517; P1521; P1534; P1536; P1544; P1550; P1551; P1552; P1581; P1583; P1586; P1595; P1617; P1628; P1699; P1731; P1751; P1788; P1790; P1841; P1845; P1889; P1890; P1893; P1894; P1897; P1922; P1942; P1961; P1962; P1964; P1990; P2009; P2011; P2014; P2034; P2040; P2043; P2045; P2059; P2074; P2079; P2102; P2113; P2117; P2148; P2159; P2160; P2164; P2178; P2189; P2201; P2211; P2213; P2224; P2275; P2316; P2332; P2334; P2339; P2340; P2345; P2375; P2408; P2428; P2430; P2456; P2478; P2489; P2526; P2566; P2573; P2579; P2586; P2623; P2626; P2645; P2687; P2689,Asan Medical Center; CHA University; CHA University Bundang Medical Center; Catholic University of Korea; Chung-Ang University; Chungnam National University; Dong-A Pharmaceutical (South Korea); Eulji Medical Center; Ewha Womans University; Ewha Womans University Seoul Hospital; Gangnam Severance Hospital; Gwangju Institute of Science and Technology; Gyeongsang National University; Hallym University; Hanmi Pharmaceutical (South Korea); Hanyang University; Jaseng Hospital of Korean Medicine; Joongbu University; Keimyung University; Korea Advanced Institute of Science and Technology; Korea Disease Control and Prevention Agency; Korea National Institute of Health; Korea Research Institute of Bioscience and Biotechnology; Korea University; Korea University Guro Hospital; Korean College of Helicobacter and Upper Gastrointestinal Research; Kyung Hee University; Kyungsung University; Kyushu University; Samsung Changwon Hospital; Samsung Medical Center; Seoul National University; Seoul National University Bundang Hospital; Seoul National University Hospital; Severance Hospital; Sookmyung Women's University; Soonchunhyang University; Soonchunhyang University Hospital Bucheon; The Catholic University of Korea Seoul St. Mary's Hospital; University of Ulsan; Wonkwang University; Wonkwang University Sanbon Hospital; Yonsei University,JP; KR,yes,556,"10 years of biologic use patterns in patients with inflammatory bowel disease: treatment persistence, switching and dose intensification – a nationwide population-based study",needs_review
A5057807816,Je Kyung Seong,218,113,P0011; P0028; P0032; P0033; P0034; P0036; P0040; P0091; P0141; P0157; P0257; P0267; P0277; P0279; P0291; P0337; P0404; P0414; P0451; P0496; P0498; P0695; P0696; P0705; P0707; P0709; P0711; P0713; P0753; P0755; P0766; P0767; P0785; P0837; P0843; P0856; P0868; P0905; P0914; P0923; P0927; P0985; P1027; P1069; P1124; P1154; P1177; P1185; P1188; P1190; P1205; P1257; P1299; P1355; P1356; P1386; P1392; P1408; P1411; P1438; P1446; P1466; P1548; P1581; P1619; P1620; P1623; P1631; P1635; P1638; P1760; P1783; P1784; P1802; P1825; P1874; P1890; P1897; P1905; P1940; P1967; P1981; P1984; P2047; P2067; P2101; P2105; P2107; P2188; P2229; P2303; P2333; P2356; P2375; P2408; P2410; P2421; P2433; P2437; P2456; P2477; P2529; P2533; P2539; P2545; P2577; P2586; P2587; P2603; P2610; P2633; P2638; P2678,Columbia University; Ewha Womans University; Gyeongsang National University; Hallym University; Konkuk University; Korea Research Institute of Bioscience and Biotechnology; Korea University of Science and Technology; Research Institute for Veterinary Science; Seoul National University; Sungkyunkwan University; The University of Texas MD Anderson Cancer Center; University of Ulsan; Yonsei University; Yonsei University Health System,KR; US,yes,554,"Hepatitis B virus X protein induces the expression of MTA1 and HDAC1, which enhances hypoxia signaling in hepatocellular carcinoma cells",needs_review
A5076037043,Seong‐Wook Park,472,25,P0075; P0219; P0346; P0580; P0722; P0753; P0907; P1156; P1517; P1802; P1947; P1974; P2105; P2132; P2171; P2210; P2226; P2233; P2270; P2279; P2337; P2346; P2414; P2452; P2656,Ajou University; Asan Medical Center; Cardiovascular Research Foundation; Catholic University of Korea; Chungnam National University; Chungnam National University Hospital; Ewha Womans University; Gangneung Asan Hospital; Gyeongsang National University; Gyeongsang National University Hospital; Hallym University Sacred Heart Hospital; Inha University; Inje University; Kangbuk Samsung Hospital; Kangwon National University; Kangwon National University Hospital; Keimyung University; Keimyung University Dongsan Hospital; Keimyung University Dongsan Medical Center; Korea National Institute of Health; Korea University; Korea University Guro Hospital; Kyungpook National University; Kyungpook National University Hospital; MED Institute; MedStar Washington Hospital Center; Seoul National University; Seoul National University Hospital; Soonchunhyang University Hospital Bucheon; Sungkyunkwan University; Ulsan University Hospital; University of Southern California; University of Ulsan; Wakayama Medical University; Washington Hospital; West China Hospital of Sichuan University; Yonsei University,CN; JP; KR; US,yes,544,α-Lipoic Acid Prevents Endothelial Dysfunction in Obese Rats via Activation of AMP-Activated Protein Kinase,needs_review
A5048695610,Ju Han Kim,386,49,P0021; P0028; P0030; P0173; P0319; P0349; P0434; P0446; P0580; P0836; P0920; P0978; P1080; P1194; P1530; P1612; P1731; P1774; P1812; P1944; P1955; P2056; P2123; P2134; P2135; P2167; P2171; P2195; P2233; P2268; P2270; P2272; P2279; P2289; P2302; P2338; P2342; P2357; P2366; P2405; P2414; P2450; P2452; P2457; P2474; P2509; P2513; P2623; P2656,Chonnam National University; Chonnam National University Hospital; Chonnam National University Hwasun Hospital; Chosun University Hospital; Chungnam National University; Chungnam National University Hospital; Ewha Womans University; Gangnam Severance Hospital; Hanyang University; Hanyang University Guri Hospital; Inje University; Inje University Haeundae Paik Hospital; Konkuk University; Kyung Hee University; Kyung Hee University Medical Center; Ministry of Health and Welfare; Peoria campus of the University of Illinois System; Samsung Medical Center; Seoul National University; Severance Hospital; Sungkyunkwan University; Wonju Severance Christian Hospital; Wonkwang University; Yonsei University; Yonsei University Health System,KR; US,yes,530,Differential gene expression and lipid metabolism in fatty liver induced by acute ethanol treatment in mice,needs_review
A5022219891,Jong‐Il Kim,222,101,P0028; P0066; P0067; P0079; P0115; P0233; P0337; P0359; P0370; P0439; P0477; P0542; P0547; P0625; P0631; P0687; P0696; P0779; P0991; P0999; P1116; P1119; P1141; P1143; P1185; P1210; P1221; P1260; P1294; P1301; P1322; P1328; P1355; P1401; P1405; P1471; P1472; P1516; P1517; P1519; P1521; P1523; P1527; P1543; P1548; P1563; P1568; P1571; P1576; P1594; P1632; P1634; P1635; P1636; P1638; P1639; P1643; P1648; P1650; P1660; P1676; P1677; P1697; P1731; P1732; P1733; P1746; P1752; P1768; P1785; P1809; P1846; P1849; P1920; P1939; P2002; P2006; P2014; P2044; P2049; P2058; P2060; P2101; P2116; P2126; P2141; P2176; P2228; P2239; P2277; P2303; P2408; P2473; P2528; P2572; P2587; P2662; P2678; P2680; P2688; P2690,Asan Medical Center; Brigham and Women's Hospital; Busan Medical Center; CHA University; CHA University Bundang Medical Center; Cancer Research Institute; Catholic University of Korea; Ewha Womans University; Ewha Womans University Mokdong Hospital; GI Innovation (South Korea); Genome Research Foundation; Hallym University; Hannam University; Institute for Basic Science; Korea Advanced Institute of Science and Technology; Korea Bioinformation Center; Korea Engineering Consultants Corporation; Korea Institute of Ceramic Engineering and Technology; Korea Institute of Oriental Medicine; Korea Institute of Radiological and Medical Sciences; Korea Kacoh (South Korea); Korea Research Institute of Bioscience and Biotechnology; Korea University; Macrogen (South Korea); Ministry of Food and Drug Safety; National Cancer Center; National Cancer Center Hospital; National Institute of Food and Drug Safety Evaluation; Pusan National University; SK Hynix (South Korea); SK Innovation (South Korea); SNUH SMG-SNU Boramae Medical Center; Seoul National University; Seoul National University Bundang Hospital; Seoul National University Hospital; Seoul Women's University; Sungkyunkwan University; The Jackson Laboratory for Genomic Medicine; University of Ulsan; Wonkwang University,KR; US,yes,522,Transcriptome analyses of chronic traumatic encephalopathy show alterations in protein phosphatase expression associated with tauopathy,needs_review
A5022308730,Deok‐Hwan Yang,388,45,P0006; P0007; P0013; P0014; P0016; P0020; P0052; P0137; P0220; P0337; P0355; P0362; P0449; P0536; P0603; P0959; P1094; P1098; P1210; P1323; P1480; P1526; P1549; P1575; P1578; P1635; P1637; P1642; P1685; P1688; P1707; P1945; P1999; P2010; P2104; P2110; P2125; P2132; P2174; P2212; P2218; P2423; P2425; P2459; P2563,Asan Medical Center; Chonnam National University; Chonnam National University Hospital; Chonnam National University Hwasun Hospital; Dong-A University; Dong-A University Hospital; Gyeongsang National University; Hallym University Medical Center; Inje University; Inje University Busan Paik Hospital; Kangbuk Samsung Hospital; Kangdong Sacred Heart Hospital; Kosin University; Kosin University Gospel Hospital; Kyungpook National University Hospital; National Cancer Center; Pusan National University; Pusan National University Hospital; Samsung Medical Center; Seonam University; University of Ulsan; Yeungnam University Medical Center,KR,yes,520,Intraocular lymphoma in Korea: the Consortium for Improving Survival of Lymphoma (CISL) study,needs_review
A5100694945,Seong‐Eun Kim,259,87,P0007; P0257; P0319; P0330; P0355; P0356; P0359; P0379; P0384; P0388; P0393; P0409; P0424; P0428; P0442; P0444; P0445; P0446; P0453; P0482; P0532; P0535; P0597; P0620; P0753; P0822; P0829; P0945; P0998; P1113; P1118; P1124; P1167; P1178; P1201; P1230; P1231; P1257; P1388; P1397; P1403; P1409; P1530; P1533; P1536; P1545; P1566; P1578; P1747; P1803; P1843; P1845; P1889; P1908; P1914; P2000; P2005; P2009; P2014; P2027; P2032; P2051; P2084; P2159; P2160; P2163; P2169; P2211; P2213; P2271; P2291; P2296; P2302; P2304; P2329; P2330; P2334; P2345; P2411; P2416; P2471; P2473; P2474; P2489; P2518; P2522; P2689,"Asan Medical Center; CHA University Gangnam Medical Center; Catholic University of Korea; Chonnam National University; Chonnam National University Hospital; Chosun University; Chung-Ang University; Chung-Ang University Healthcare System; Chung-Ang University Hospital; Chungbuk National University; Chungnam National University Sejong Hospital; Daejeon Eulji Medical Center, Eulji University; Dong-A University; Dong-A University Hospital; Dongguk University Ilsan Hospital; Eulji Medical Center; Eulji University; Ewha Womans University; Ewha Womans University Medical Center; Ewha Womans University Mokdong Hospital; Ewha Womans University Seoul Hospital; Gyeongsang National University; Hallym University Sacred Heart Hospital; Helsinki University Hospital; Inje University Ilsan Paik Hospital; Jeju National University; Jeju National University Hospital; Jeonbuk National University; Jeonbuk National University Hospital; Kangwon National University; Kangwon National University Hospital; Keimyung University Dongsan Hospital; Keimyung University Dongsan Medical Center; Kolmar Korea (South Korea); Kookmin University; Korea Advanced Institute of Science and Technology; Korea Electronics Technology Institute; Korea University; Kosin University; Kosin University Gospel Hospital; Kwangwoon University; Kyungpook National University; Northwestern University; Purdue University Institute for Cancer Research; Purdue University West Lafayette; Seoul Medical Center; Seoul National University; Seoul National University Bundang Hospital; Seoul National University Hospital; Seoul Women's University; Soonchunhyang University; Soonchunhyang University Hospital Seoul; Sungkyunkwan University; Ulsan University Hospital; University of Ulsan; Woosuk University; Yeungnam University; Yeungnam University Medical Center; Yonsei University",FI; KR; US,yes,517,A Case of Nonspecific Interstitial Pneumonia in a Patient with Ulcerative Colitis,needs_review
A5100371180,Hyun Wook Kim,184,111,P0006; P0028; P0030; P0042; P0076; P0090; P0114; P0123; P0159; P0254; P0288; P0411; P0429; P0493; P0602; P0612; P0619; P0724; P0748; P0751; P0764; P0766; P0791; P0821; P0824; P0843; P0890; P0935; P0945; P1002; P1003; P1011; P1014; P1015; P1030; P1033; P1119; P1137; P1141; P1144; P1154; P1162; P1203; P1226; P1251; P1252; P1253; P1255; P1259; P1260; P1263; P1264; P1269; P1275; P1280; P1284; P1292; P1293; P1296; P1297; P1301; P1306; P1307; P1386; P1408; P1423; P1424; P1489; P1514; P1548; P1572; P1746; P1755; P1763; P1814; P1845; P1858; P1901; P2042; P2063; P2069; P2128; P2162; P2180; P2195; P2196; P2202; P2248; P2275; P2297; P2335; P2428; P2433; P2437; P2453; P2472; P2473; P2529; P2539; P2543; P2554; P2561; P2581; P2583; P2587; P2595; P2622; P2629; P2639; P2646; P2648,"Boston University; Catholic University of Korea; Chosun University; Chung-Ang University; Chungbuk National University; Chungbuk National University Hospital; Daegu Gyeongbuk Institute of Science and Technology; Daegu Haany University; Dongguk University; Gwangju Institute of Science and Technology; Gyeongsang National University; Hallym University; Inha University; Inje University; Institute for Basic Science; Jeonbuk National University; Jeonbuk National University Hospital; Jeonju University; Korea Advanced Institute of Science and Technology; Korea Basic Science Institute; Korea Brain Research Institute; Korea Institute of Science and Technology; Korea Research Institute of Bioscience and Biotechnology; Korea University; Korea University Ansan Hospital; Korea University Medical Center; Korean Association Of Science and Technology Studies; Kosin University; National Heart, Lung, and Blood Institute; National Institutes of Health; Pennsylvania Department of Agriculture; Pohang University of Science and Technology; Samsung Medical Center; Seoul National University; Seoul National University Hospital; Sungkyunkwan University; The Catholic University of Korea Daejeon St. Mary's Hospital; Ulsan National Institute of Science and Technology; University of Ulsan; University of Washington; Universität Hamburg; Yonsei University; Yonsei University Health System",DE; JP; KR; US,yes,514,(ADP-ribose) polymerase 1 and AMP-activated protein kinase mediate progressive dopaminergic neuronal degeneration in a mouse model of Parkinson’s disease,needs_review
A5071496674,Bon‐Kwon Koo,390,42,P0291; P0446; P0477; P0580; P0600; P0707; P0722; P1184; P1273; P1517; P1518; P1668; P1774; P1944; P1949; P1976; P2039; P2056; P2065; P2123; P2134; P2167; P2171; P2226; P2233; P2270; P2272; P2279; P2289; P2327; P2338; P2342; P2366; P2414; P2432; P2452; P2457; P2483; P2509; P2513; P2574; P2647,"Ajou University; Asan Medical Center; Cedars-Sinai Medical Center; Chonnam National University Hospital; Cornell University; Dongguk University Ilsan Hospital; Eulji University Uijeongbu Eulji Medical Center; Gyeongsang National University; Gyeongsang National University Hospital; Hallym University Sacred Heart Hospital; Harbor–UCLA Medical Center; Innovative Research Institute for Cell Therapy; Keimyung University; Keimyung University Dongsan Medical Center; Korea University Anam Hospital; Korea University Guro Hospital; Kyung Hee University; NewYork–Presbyterian Hospital; Noordwest Ziekenhuisgroep; Pauls Stradiņš Clinical University Hospital; Presbyterian Medical Center; SNUH SMG-SNU Boramae Medical Center; Samsung Medical Center; Sejong General Hospital; Seoul National University; Seoul National University Bundang Hospital; Seoul National University Hospital; Severance Hospital; St. Luke's International Hospital; St. Paul's Hospital; Sungkyunkwan University; UCLA Medical Center; Ulsan University Hospital; Universidad Complutense de Madrid; University of British Columbia; University of California, Los Angeles; University of Iowa Hospitals and Clinics; University of Ulsan; Weill Cornell Medicine; Wenzhou Medical University; Yeungnam University Medical Center; Yonsei University; Yonsei University Health System; Zhejiang University",CA; CN; ES; JP; KR; LV; NL; US,yes,513,"AI Evaluation of Stenosis on Coronary CTA, Comparison With Quantitative Coronary Angiography and Fractional Flow Reserve",needs_review
A5100339681,Ji Won Park,240,91,P0057; P0083; P0114; P0137; P0211; P0350; P0354; P0367; P0394; P0409; P0444; P0491; P0492; P0560; P0564; P0594; P0601; P0643; P0696; P0711; P0714; P0964; P0991; P0997; P1021; P1092; P1121; P1205; P1219; P1266; P1326; P1327; P1342; P1457; P1513; P1517; P1518; P1520; P1521; P1524; P1527; P1528; P1529; P1531; P1533; P1535; P1537; P1539; P1540; P1541; P1543; P1544; P1545; P1546; P1548; P1550; P1554; P1556; P1558; P1563; P1564; P1567; P1569; P1571; P1639; P1656; P1746; P1788; P1807; P1889; P1939; P1964; P1999; P2004; P2008; P2011; P2021; P2035; P2045; P2056; P2107; P2135; P2164; P2174; P2181; P2200; P2228; P2487; P2491; P2531; P2587,Ajou University; Asan Medical Center; Chungnam National University; Hallym University; Hallym University Kangnam Sacred Heart Hospital; Hallym University Medical Center; Hallym University Sacred Heart Hospital; Kangdong Sacred Heart Hospital; Korea Advanced Institute of Science and Technology; Korea University; Kyungpook National University; Kyungpook National University Medical Center; Kyushu University; National Cancer Center; National Cancer Center Hospital; National Institute of Fisheries Science; Pohang University of Science and Technology; Pusan National University; Samsung Medical Center; Seoul National University; Seoul National University Bundang Hospital; Seoul National University Cancer Hospital; Seoul National University Hospital; Sungkyunkwan University; University of Pennsylvania; University of Ulsan; Yonsei University,JP; KR; US,yes,510,Multifocal Organoid Capturing of Colon Cancer Reveals Pervasive Intratumoral Heterogenous Drug Responses,needs_review
A5048764382,Cheol Whan Lee,451,20,P0219; P0346; P0524; P0580; P0722; P0907; P1156; P1890; P2105; P2171; P2210; P2226; P2233; P2270; P2279; P2337; P2338; P2432; P2452; P2656,Asan Medical Center; Cardiovascular Research Foundation; Catholic University of Korea; Cheongju St. Mary's Hospital; Chungnam National University; Chungnam National University Hospital; Gangneung Asan Hospital; Inje University; Kangbuk Samsung Hospital; Kangwon National University; Kangwon National University Hospital; Keimyung University; Keimyung University Dongsan Hospital; Keimyung University Dongsan Medical Center; Korea University; Korea University Guro Hospital; MED Institute; MedStar Washington Hospital Center; Pusan National University; Seoul National University Hospital; Soonchunhyang University Hospital Bucheon; Soonchunhyang University Hospital Cheonan; Sungkyunkwan University; Ulsan University Hospital; University of Ulsan; Wakayama Medical University; Washington Hospital,JP; KR; US,yes,508,"Efficacy and safety of clopidogrel versus aspirin monotherapy in patients at high risk of subsequent cardiovascular event after percutaneous coronary intervention (SMART-CHOICE 3): a randomised, open-label, multicentre trial",needs_review
A5100444546,Sanghyun Lee,265,81,P0121; P0161; P0177; P0189; P0205; P0223; P0225; P0236; P0240; P0243; P0265; P0306; P0422; P0551; P0691; P0707; P0733; P1088; P1089; P1093; P1128; P1142; P1158; P1159; P1161; P1202; P1208; P1213; P1322; P1376; P1381; P1456; P1467; P1492; P1501; P1615; P1760; P1762; P1771; P1781; P1784; P1795; P1818; P1821; P1823; P1840; P1841; P1864; P1866; P1926; P1940; P1942; P1946; P1948; P1967; P1984; P2002; P2012; P2015; P2021; P2044; P2067; P2119; P2132; P2141; P2227; P2264; P2281; P2308; P2363; P2408; P2410; P2416; P2436; P2444; P2455; P2469; P2470; P2493; P2504; P2695,Chonnam National University; Chosun University; Chung-Ang University; Chungnam National University; Dankook University Hospital; Ewha Womans University; Gachon University; Gyeongnam National University of Science and Technology; Hallym University Sacred Heart Hospital; Hannam University; Inha University; Jeju National University; Jeonju University; Kangwon National University; Konkuk University; Korea Bioinformation Center; Korea Institute of Science and Technology; Korea National Arboretum; Korea National Institute of Health; National Institute of Forestry Science; National Institute of Horticultural and Herbal Science; Pusan National University; Pusan National University Yangsan Hospital; Sejong University; Seoul National University; Silla University; Wonkwang University,KR,yes,505,Protective effects of protocatechuic acid against cisplatin-induced renal damage in rats,needs_review
A5022350068,Duk Lyul Na,345,52,P0007; P0123; P0132; P0208; P0325; P0425; P0439; P0532; P0722; P0753; P0890; P1046; P1080; P1144; P1251; P1265; P1304; P1319; P1382; P1539; P1585; P1622; P1628; P1640; P1748; P1779; P1945; P1957; P1963; P1989; P2005; P2011; P2018; P2020; P2048; P2049; P2050; P2083; P2117; P2125; P2140; P2157; P2172; P2210; P2241; P2450; P2455; P2528; P2543; P2572; P2584; P2626,"Ajou University Medical Center; Asan Medical Center; Boston Children's Hospital; Dong-A University Hospital; Dong-Eui Medical Center; Ewha Womans University; Ewha Womans University Mokdong Hospital; Gachon University Gil Medical Center; Gachon University Medical Center Dong Incheon Gil Hospital; Gangnam Severance Hospital; Hallym University; Hallym University Chuncheon Sacred Heart Hospital; Hanyang University; Harvard University; Inha University; Inha University Hospital; Inje University Ilsan Paik Hospital; Korea Advanced Institute of Science and Technology; Korea University; Korea University Anam Hospital; MSD (South Korea); McGill University; Montreal Neurological Institute and Hospital; Myongji Hospital; National Hospital for Neurology and Neurosurgery; North Florida/South Georgia Veterans Health System; Pohang SeMyeong Christianity Hospital; Pusan National University; Pusan National University Hospital; Research Institute for Future Medicine; Royal College of Music in Stockholm; Samsung (South Korea); Samsung Biomedical Research Institute; Samsung Medical Center; Sungkyunkwan University; UCL Queen Square Institute of Neurology; University College London; University of California, San Francisco; University of Florida; University of Florida Health; University of Ulsan; Wake Forest University; Wake Forest University Health Sciences; Yonsei University; Yonsei University Health System",CA; GB; JP; KR; SE; US,yes,498,Gender differences in risk factors for transition from mild cognitive impairment to Alzheimer’s disease: A CREDOS study,needs_review
A5027374744,Daehee Hwang,171,110,P0023; P0057; P0067; P0075; P0076; P0078; P0100; P0156; P0157; P0194; P0250; P0337; P0477; P0536; P0560; P0625; P0705; P0711; P0713; P0722; P0751; P0752; P0753; P0766; P0768; P0776; P0778; P0786; P0796; P0801; P0822; P0837; P0885; P0905; P0907; P0914; P0927; P0986; P1002; P1027; P1069; P1075; P1118; P1119; P1156; P1177; P1228; P1237; P1251; P1252; P1269; P1282; P1293; P1299; P1306; P1329; P1401; P1411; P1441; P1525; P1534; P1536; P1537; P1548; P1681; P1765; P1804; P1826; P1845; P1855; P1897; P1898; P1955; P1958; P1969; P1970; P1974; P1976; P1982; P2088; P2110; P2122; P2136; P2148; P2208; P2270; P2404; P2485; P2493; P2498; P2504; P2529; P2533; P2539; P2541; P2545; P2554; P2560; P2561; P2573; P2574; P2581; P2610; P2624; P2634; P2641; P2655; P2661; P2662; P2669,Ajou University; Daegu Gyeongbuk Institute of Science and Technology; Harvard University; Institute for Basic Science; Jeju National University; Kangwon National University; Konkuk University; Korea Basic Science Institute; Korea University; Kyungpook National University; Massachusetts Institute of Technology; Mayo Clinic in Florida; Pohang University of Science and Technology; Scripps Research Institute; Seoul National University; Yonsei University; Yonsei University Health System,KR; US,yes,498,Proteogenomic landscape of human pancreatic ductal adenocarcinoma in an Asian population reveals tumor cell-enriched and immune-rich subtypes,needs_review
A5053575162,Myeong‐Ki Hong,376,38,P0007; P0030; P0319; P0346; P0434; P0580; P0641; P0722; P0753; P1153; P1156; P1517; P1811; P1944; P1976; P1983; P2056; P2065; P2123; P2167; P2210; P2226; P2233; P2249; P2270; P2272; P2279; P2338; P2342; P2357; P2366; P2432; P2452; P2457; P2483; P2513; P2592; P2687,Asan Medical Center; CHA University; CHA University Bundang Medical Center; Cardiovascular Research Foundation; Cheongju St. Mary's Hospital; Chonnam National University Hospital; Columbia University Irving Medical Center; Ewha Womans University; Ewha Womans University Medical Center; Ewha Womans University Mokdong Hospital; Gachon University Gil Medical Center; Gangnam Severance Hospital; Hanmi Pharmaceutical (South Korea); IRCCS Ospedale San Raffaele; Inje University; Jeonbuk National University Hospital; Keimyung University; Korea University; Korea University Guro Hospital; Kyungpook National University Hospital; Kyungpook National University Medical Center; Lodestar Research Corporation (United States); MED Institute; MedStar Washington Hospital Center; Myongji Hospital; NewYork–Presbyterian Hospital; Samsung Medical Center; Sejong General Hospital; Seoul National University; Seoul National University Hospital; Severance Hospital; Soonchunhyang University; Soonchunhyang University Hospital Cheonan; Sungkyunkwan University; The Catholic University of Korea Bucheon St. Mary's Hospital; University Hospital of Bern; University of Bologna; University of Ulsan; Washington Hospital; West China Hospital of Sichuan University; Wonkwang University; Wonkwang University Sanbon Hospital; Yonsei University; Yonsei University Health System,CH; CN; IT; KR; US,yes,487,Effect of Ticagrelor Monotherapy vs Ticagrelor With Aspirin on Major Bleeding and Cardiovascular Events in Patients With Acute Coronary Syndrome,needs_review
A5006728335,Young Dae Kim,240,82,P0007; P0014; P0030; P0034; P0052; P0068; P0099; P0253; P0291; P0319; P0326; P0379; P0380; P0416; P0434; P0446; P0504; P0515; P0535; P0601; P0722; P0829; P1113; P1183; P1193; P1198; P1323; P1387; P1530; P1561; P1775; P1776; P1787; P1807; P1897; P1944; P1949; P1961; P1976; P2000; P2005; P2009; P2019; P2027; P2051; P2056; P2078; P2083; P2099; P2110; P2123; P2125; P2134; P2140; P2167; P2171; P2216; P2226; P2233; P2239; P2270; P2271; P2272; P2284; P2296; P2301; P2302; P2304; P2306; P2313; P2317; P2327; P2342; P2370; P2371; P2385; P2420; P2466; P2475; P2522; P2579; P2617,Ajou University; CHA University; CHA University Bundang Medical Center; CHA University Bundang Women's Medical Center; Chonnam National University; Chonnam National University Hospital; Chosun University; Chosun University Hospital; Chungbuk National University; Dong-A University; Dong-A University Hospital; Dongguk University; Dongguk University Ilsan Hospital; Ewha Womans University; Ewha Womans University Medical Center; Ewha Womans University Seoul Hospital; Gangnam Severance Hospital; Gwangju Institute of Science and Technology; Hanyang University; Hospital de Sant Pau; Inha University; Inha University Hospital; Inje University; Inje University Sanggye Paik Hospital; Inje University Seoul Paik Hospital; Institut de Recerca Sant Pau; Kangwon National University; Keimyung University; Korea Institute of Science and Technology; Korea Research Institute of Bioscience and Biotechnology; Korea University; Korea University Guro Hospital; Korean Association Of Science and Technology Studies; National Fisheries Research and Development Institute; National Institute of Fisheries Science; Pusan National University; Samsung Medical Center; Seoul National University Hospital; Severance Hospital; Sungkyunkwan University; UCL Queen Square Institute of Neurology; Union Hospital; University College London; Yonsei University; Yonsei University Health System,CN; ES; GB; KR; PH,yes,483,"Comparison of Fixed-dose Combinations of Amlodipine/Losartan Potassium/Chlorthalidone and Amlodipine/Losartan Potassium in Patients With Stage 2 Hypertension Inadequately Controlled With Amlodipine/Losartan Potassium: A Randomized, Double-blind, Multicenter, Phase III Study",needs_review
A5100399223,Seung‐Hoon Lee,206,91,P0022; P0028; P0050; P0067; P0079; P0114; P0205; P0307; P0337; P0379; P0416; P0486; P0532; P0535; P0665; P0729; P0746; P0766; P0989; P1008; P1137; P1153; P1162; P1185; P1195; P1210; P1212; P1234; P1257; P1269; P1284; P1324; P1325; P1342; P1374; P1417; P1468; P1518; P1519; P1520; P1522; P1529; P1537; P1538; P1544; P1545; P1550; P1568; P1572; P1575; P1583; P1586; P1636; P1641; P1731; P1768; P1889; P1939; P1960; P1989; P2005; P2008; P2019; P2020; P2027; P2031; P2032; P2048; P2074; P2130; P2140; P2210; P2289; P2302; P2347; P2353; P2366; P2370; P2388; P2408; P2471; P2474; P2490; P2491; P2518; P2522; P2530; P2546; P2547; P2587; P2597,"Asan Medical Center; Catholic University of Korea; Chinese University of Hong Kong; Chonnam National University; Chonnam National University Hospital; Daejeon Eulji Medical Center, Eulji University; Dongguk University Ilsan Hospital; Eulji Medical Center; Eulji University; Ewha Womans University; Gyeongguk National University; Hallym University; Hallym University Chuncheon Sacred Heart Hospital; Hallym University Sacred Heart Hospital; Inje University; Inje University Busan Paik Hospital; Inje University Ilsan Paik Hospital; Institute for Basic Science; KT&G (South Korea); Kangdong Sacred Heart Hospital; Kaya University; Korea Institute of Oriental Medicine; Korea Institute of Science and Technology; Korea University; Korea University Medical Center; Kyung Hee University; Kyungpook National University; National Cancer Center; National Cancer Center Hospital; Neurology, Inc; Samsung (South Korea); Samsung Electronics (South Korea); Samsung Medical Center; Seoul National University; Seoul National University Bundang Hospital; Seoul National University Hospital; Seoul National University Hospital Biomedical Research Institute; Soonchunhyang University; Sungkyunkwan University; The Catholic University of Korea Seoul St. Mary's Hospital; The Catholic University of Korea Yeouido St. Mary's Hospital; The Jackson Laboratory for Genomic Medicine; UConn Health; Ulsan University Hospital; University of Connecticut; University of Ulsan; Wonkwang University; Yong In University; Yonsei University",HK; KR; US,yes,476,Rapamycin-insensitive companion of mTOR (RICTOR) amplification defines a subset of advanced gastric cancer and is sensitive to AZD2014-mediated mTORC1/2 inhibition,needs_review
A5047490140,Hye Ryun Kim,252,73,P0040; P0068; P0104; P0157; P0221; P0250; P0253; P0260; P0265; P0438; P0475; P0488; P0722; P0878; P0905; P0914; P0920; P0925; P0991; P1178; P1260; P1299; P1336; P1457; P1519; P1531; P1543; P1545; P1546; P1553; P1562; P1567; P1572; P1598; P1624; P1635; P1697; P1709; P1715; P1732; P1759; P1790; P1813; P1832; P1845; P1847; P1874; P1889; P2029; P2059; P2074; P2099; P2101; P2128; P2174; P2176; P2206; P2276; P2281; P2297; P2305; P2308; P2326; P2393; P2425; P2466; P2475; P2499; P2538; P2562; P2566; P2615; P2631,Asan Medical Center; CHA University; Chosun University; Chung-Ang University; Chungbuk National University Hospital; Dankook University; Dong-A University; Fondazione IRCCS Istituto Nazionale dei Tumori; Foundation for Biomedical Research and Innovation; Guangdong Academy of Medical Sciences; Guangdong General Hospital; Gyeongsang National University; Hallym University Sacred Heart Hospital; Hanmi Pharmaceutical (South Korea); Jeuk (South Korea); Konkuk University; Konkuk University Medical Center; Korea Disease Control and Prevention Agency; Korea Food Research Institute; Korea Institute for Health and Social Affairs; Korea National Institute of Health; Korea University; National Cancer Center; National Cancer Center Hospital; Samsung Medical Center; Seoul National University; Seoul National University Bundang Hospital; Seoul National University Hospital; Severance Hospital; Sungkyunkwan University; University of Colorado Cancer Center; University of Ulsan; Yonsei Cancer Hospital; Yonsei University; Yonsei University Health System,CN; IT; JP; KR; US,yes,468,"The Interplay between Slow-Cycling, Chemoresistant Cancer Cells and Fibroblasts Creates a Proinflammatory Niche for Tumor Progression",needs_review
A5100614827,Jin‐Man Kim,153,105,P0028; P0034; P0040; P0060; P0083; P0088; P0104; P0205; P0251; P0265; P0281; P0334; P0493; P0536; P0550; P0574; P0622; P0631; P0670; P0673; P0696; P0700; P0751; P0753; P0786; P0909; P0968; P1000; P1003; P1014; P1090; P1104; P1119; P1160; P1162; P1169; P1172; P1174; P1176; P1177; P1180; P1184; P1186; P1200; P1205; P1206; P1210; P1220; P1252; P1266; P1284; P1306; P1318; P1332; P1419; P1423; P1431; P1437; P1441; P1474; P1523; P1534; P1541; P1548; P1577; P1635; P1777; P1796; P1814; P1824; P1829; P1830; P1889; P1894; P1897; P1914; P1941; P1948; P1959; P1962; P2002; P2128; P2138; P2156; P2169; P2198; P2235; P2250; P2274; P2339; P2358; P2370; P2385; P2417; P2421; P2435; P2475; P2569; P2583; P2585; P2597; P2624; P2675; P2686; P2695,Asan Medical Center; Catholic University of Korea; Chonnam National University; Chung-Ang University; Chungbuk National University; Chungnam National University; Chungnam National University Hospital; Dong-A University; Gwangju Institute of Science and Technology; Gyeongsang National University; Jeonbuk National University; Kangwon National University; Kansas State University; Keimyung University; Konkuk University; Konyang University; Konyang University Hospital; Korea Advanced Institute of Science and Technology; Korea Basic Science Institute; Korea Bioinformation Center; Korea Research Institute of Bioscience and Biotechnology; Korea Research Institute of Chemical Technology; Korea University; Korea University of Science and Technology; Korean Institute of Tuberculosis; Kyung Hee University; Kyungpook National University; Pohang University of Science and Technology; Rockefeller University; Samsung (South Korea); Samsung Medical Center; Seoul National University; Sookmyung Women's University; Sungkyunkwan University; USC Norris Comprehensive Cancer Center; University of Pittsburgh; University of Science and Technology; University of Southern California; University of Ulsan; Wonkwang University; Yeungnam University; Yeungnam University College; Yonsei University; Yonsei University College of Dentistry,KR; US; YE,yes,465,"Expression of Sonic hedgehog signaling molecules in normal, hyperplastic and carcinomatous endometrium",needs_review
A5022383639,Donghoon Choi,280,62,P0007; P0030; P0079; P0095; P0319; P0333; P0379; P0434; P0446; P0471; P0580; P0600; P0641; P0746; P0920; P1111; P1121; P1153; P1257; P1517; P1634; P1749; P1804; P1944; P1955; P1976; P1983; P2056; P2064; P2065; P2123; P2167; P2180; P2210; P2226; P2233; P2249; P2270; P2271; P2272; P2279; P2289; P2322; P2338; P2342; P2356; P2357; P2366; P2391; P2414; P2432; P2452; P2457; P2475; P2483; P2509; P2513; P2539; P2544; P2560; P2592; P2687,"Brigham and Women's Hospital; CHA University; CHA University Bundang Medical Center; Campus Bio Medico University Hospital; Cardiovascular Research Foundation; Catholic Kwandong University; Chonnam National University Hospital; Clinica Mediterranea; Columbia University Irving Medical Center; Dong-A University; Ewha Womans University; Ewha Womans University Medical Center; Ewha Womans University Mokdong Hospital; Gachon University Gil Medical Center; Genexine (South Korea); IRCCS Ospedale San Raffaele; Kangbuk Samsung Hospital; Kangwon National University; Korea Institute of Science and Technology; Korean Association Of Science and Technology Studies; Korean Society of Cardiology; Lodestar Research Corporation (United States); NeoImmuneTech, Inc. (United States); NewYork–Presbyterian Hospital; Ospedale San Filippo Neri; Samsung Medical Center; Seoul National University; Seoul National University Bundang Hospital; Seoul National University Hospital; Severance Hospital; Sungkyunkwan University; University Hospital of Bern; University of Bologna; Università Campus Bio-Medico; Wonkwang University; Wonkwang University Sanbon Hospital; Yongin Severance Hospital; Yonsei University; Yonsei University Health System",CH; IT; KR; US,yes,463,Application of tissue microarray for atherectomized tissues from peripheral arterial disease,needs_review
A5002085154,Kyung Woo Park,313,50,P0028; P0291; P0446; P0477; P0580; P0707; P1156; P1326; P1517; P1518; P1521; P1524; P1525; P1527; P1528; P1532; P1533; P1535; P1539; P1544; P1547; P1551; P1555; P1561; P1580; P1612; P1668; P1731; P1774; P1788; P1939; P2044; P2056; P2123; P2167; P2171; P2210; P2250; P2270; P2272; P2279; P2327; P2342; P2408; P2414; P2452; P2457; P2483; P2513; P2540,Boston University; CHA University; CHA University Bundang Medical Center; Chonnam National University; Chonnam National University Hospital; Chosun University Hospital; Chung-Ang University Hospital; Chungnam National University; Daegu Catholic University; Dong-A University; Dong-A University Hospital; Dongguk University Ilsan Hospital; Gyeongsang National University; Gyeongsang National University Hospital; Inha University Hospital; Innovative Research Institute for Cell Therapy; Keimyung University; Keimyung University Dongsan Hospital; Konyang University Hospital; Korea Advanced Institute of Science and Technology; Korea National Institute of Health; Korea University Anam Hospital; Korea University Guro Hospital; Kyung Hee University; Kyungpook National University; National Cancer Center; National Cancer Center Hospital; Pennsylvania State University; Presbyterian Medical Center; SNUH SMG-SNU Boramae Medical Center; Samsung Medical Center; Sejong General Hospital; Seoul National University; Seoul National University Bundang Hospital; Seoul National University Hospital; Severance Hospital; Sungkyunkwan University; UCLA Medical Center; Wonju Severance Christian Hospital; Yeungnam University; Yeungnam University Medical Center; Yonsei University; Yonsei University Health System,KR; US,yes,460,Survival analysis of 904 patients with hepatocellular carcinoma in a hepatitis B virus–endemic area,needs_review
A5100780621,Jin Seok Kim,270,62,P0007; P0013; P0014; P0020; P0355; P0429; P0481; P0603; P0670; P0704; P0707; P0733; P0920; P1027; P1098; P1155; P1156; P1166; P1187; P1209; P1252; P1323; P1421; P1430; P1526; P1527; P1549; P1568; P1635; P1637; P1639; P1685; P1686; P1688; P1762; P1770; P1773; P1786; P1919; P1944; P1972; P1973; P2002; P2104; P2110; P2143; P2162; P2208; P2210; P2212; P2218; P2219; P2252; P2282; P2412; P2423; P2425; P2459; P2535; P2541; P2592; P2660,Asan Medical Center; Catholic University of Korea; Chonnam National University Hwasun Hospital; Hallym University Medical Center; Hallym University Sacred Heart Hospital; Jeju National University Hospital; Jeonbuk National University; Jeonbuk National University Hospital; Keimyung University; Keimyung University Dongsan Medical Center; Korea Research Institute of Bioscience and Biotechnology; Korea University; Korea University Guro Hospital; Korea University Medical Center; Kyungpook National University; Kyungpook National University Hospital; Kyungpook National University Medical Center; National Cancer Center; National Cancer Center Hospital; Pohang University of Science and Technology; Pusan National University Hospital; Samsung Medical Center; Seoul National University; Seoul National University Hospital; Severance Hospital; Sookmyung Women's University; Soonchunhyang University; Soonchunhyang University Hospital Seoul; St. Paul's Hospital; Sungkyunkwan University; The Catholic University of Korea Seoul St. Mary's Hospital; The Catholic University of Korea St. Vincent's Hospital; The Korean Society of Hematology; Ulsan University Hospital; University of Ulsan; Yeungnam University; Yeungnam University College; Yonsei Cancer Hospital; Yonsei University; Yonsei University Health System,KR,yes,453,Front & Back Matter,needs_review
A5035547791,Ji Sung Lee,284,57,P0297; P0317; P0346; P0364; P0379; P0380; P0416; P0532; P0534; P0535; P0588; P0597; P1209; P1326; P1412; P1529; P1530; P1542; P1545; P1553; P1570; P1746; P1755; P1804; P1858; P1869; P1872; P1912; P1944; P1952; P1976; P1983; P1989; P1999; P2005; P2019; P2027; P2031; P2032; P2084; P2111; P2140; P2160; P2182; P2211; P2212; P2228; P2302; P2329; P2334; P2471; P2474; P2490; P2518; P2522; P2689; P2707,"Ajou University; Ajou University Hospital; Ajou University Medical Center; Asan Medical Center; Catholic University of Korea; Chonnam National University; Chonnam National University Hospital; Chosun University Hospital; Chungbuk National University; Chungbuk National University Hospital; Daejeon Eulji Medical Center, Eulji University; Dong-A University; Dong-A University Hospital; Dongguk University; Dongguk University Gyeongju Hospital; Eulji Medical Center; Eulji University; Eulji University Nowon Eulji Medical Center; Eulji University Uijeongbu Eulji Medical Center; Ewha Womans University; Ewha Womans University Medical Center; Gachon University; Gachon University Gil Medical Center; Gachon University Medical Center; Gangnam Severance Hospital; Hallym University; Hallym University Kangnam Sacred Heart Hospital; Hallym University Sacred Heart Hospital; Hanyang University; Health Insurance Review and Assessment Service; Incheon National University; Inha University; Inha University Hospital; Inje University; Inje University Ilsan Paik Hospital; Kangdong Sacred Heart Hospital; Korea Advanced Institute of Science and Technology; Korea University; Korea University Guro Hospital; Korea University Medical Center; Memorial Hermann; Memorial Hermann–Texas Medical Center; National Health Insurance Service; National Health Insurance Service Ilsan Hospital; Northwestern University; Samsung Medical Center; Seoul Medical Center; Seoul National University; Seoul National University Bundang Hospital; Seoul National University Hospital; Soonchunhyang University; Soonchunhyang University Hospital Seoul; Soonchunhyang University Medical Center; Sungkyunkwan University; Texas Medical Center; The Catholic University of Korea Bucheon St. Mary's Hospital; The Catholic University of Korea Eunpyeong St. Mary's Hospital; Ulsan University Hospital; University of Ulsan; Yeungnam University; Yeungnam University College; Yeungnam University Medical Center",JP; KR; US,yes,452,Methotrexate elimination and toxicity: MTHFR 677C>T polymorphism in patients with primary CNS lymphoma treated with high‐dose methotrexate,needs_review
A5100661072,Beom Joon Kim,316,44,P0325; P0337; P0379; P0380; P0416; P0532; P0535; P1272; P1412; P1517; P1530; P1762; P1963; P1972; P1989; P2005; P2019; P2027; P2031; P2032; P2056; P2084; P2115; P2128; P2140; P2228; P2271; P2272; P2279; P2302; P2329; P2331; P2366; P2373; P2414; P2450; P2452; P2471; P2474; P2490; P2513; P2518; P2522; P2689,"Asan Medical Center; Chonnam National University; Chonnam National University Hospital; Chosun University; Chosun University Hospital; Chung-Ang University; Chung-Ang University Hospital; Chungbuk National University; Chungbuk National University Hospital; Daejeon Eulji Medical Center, Eulji University; Daiichi-Sankyo (South Korea); Dong-A University; Dong-A University Hospital; Dongguk University; Dongguk University Ilsan Hospital; Eulji Medical Center; Eulji University; Eulji University Nowon Eulji Medical Center; Eulji University Uijeongbu Eulji Medical Center; Gyeonggi Provincal Medical Center Icheon Hospital; Gyeongsang National University; Gyeongsang National University Hospital; Hallym University Dongtan Sacred Heart Hospital; Hallym University Sacred Heart Hospital; Inje University; Inje University Ilsan Paik Hospital; Jeju National University; Korea University; Korea University Guro Hospital; Neurology, Inc; Northwestern University; Samsung Medical Center; Seoul Medical Center; Seoul National University; Seoul National University Bundang Hospital; Seoul National University Hospital; Seoul National University Hospital Biomedical Research Institute; Soonchunhyang University; Soonchunhyang University Hospital Seoul; Sungkyunkwan University; The University of Texas MD Anderson Cancer Center; Ulsan University Hospital; University of Calgary; University of Southern California; University of Ulsan; University of Wisconsin–Madison; Yeungnam University",CA; KR; US,yes,445,Subthreshold amyloid pathology and changes in functional brain networks in patients with delayed cognitive decline after stroke,needs_review
A5005178090,Hae‐Young Lee,261,62,P0007; P0028; P0030; P0043; P0067; P0092; P0383; P0434; P0446; P0477; P0532; P0580; P0722; P1000; P1093; P1220; P1273; P1387; P1411; P1416; P1438; P1518; P1523; P1731; P1760; P1773; P1774; P1794; P1849; P1949; P1955; P1967; P2027; P2064; P2119; P2134; P2166; P2167; P2168; P2169; P2171; P2177; P2201; P2226; P2233; P2270; P2272; P2327; P2414; P2417; P2429; P2430; P2438; P2457; P2471; P2474; P2475; P2491; P2509; P2513; P2522; P2528,"Ajou University; Amsterdam UMC Location University of Amsterdam; Boston University; Catholic University of Korea; Chonnam National University Hospital; Chungbuk National University; Chungbuk National University Hospital; Chungnam National University; Dongguk University Ilsan Hospital; Ewha Womans University; Ewha Womans University Mokdong Hospital; Gyeongsang National University; Gyeongsang National University Hospital; Innovative Research Institute for Cell Therapy; Korea Advanced Institute of Science and Technology; Korea Research Institute of Bioscience and Biotechnology; Korean Society of Hypertension; Kosin University; Kosin University Gospel Hospital; National Forensic Institute; Pennsylvania State University; Rural Development Administration; Sangji University; Seoul National University; Seoul National University Hospital; Seoul National University Hospital Biomedical Research Institute; Severance Hospital; The Catholic University of Korea Seoul St. Mary's Hospital; The Catholic University of Korea Yeouido St. Mary's Hospital; The Seoul Institute; University of California, San Francisco; Yonsei University; Yonsei University Health System",KR; NL; US,yes,444,"Implication of different initial beta blockers on treatment persistence: atenolol vs new‐generation beta blocker, a population‐based study",needs_review
A5046657476,Jae‐Weon Kim,251,65,P0006; P0028; P0057; P0064; P0068; P0318; P0329; P0337; P0342; P0484; P0503; P0511; P0526; P0587; P0594; P0631; P0691; P0696; P0707; P1062; P1092; P1141; P1328; P1519; P1520; P1523; P1536; P1537; P1543; P1545; P1546; P1550; P1559; P1563; P1569; P1571; P1593; P1613; P1657; P1681; P1731; P1752; P1794; P1814; P1821; P1844; P1855; P1950; P1984; P2008; P2011; P2025; P2082; P2091; P2106; P2148; P2183; P2274; P2339; P2393; P2423; P2428; P2458; P2472; P2634,"Abramson Cancer Center; Asan Medical Center; CHA University; CHA University Bundang Medical Center; CHA University Fertility Center; Cancer Research Institute; Catholic Kwandong University; Catholic Kwandong University International St. Mary's Hospital; Catholic University of Korea; Chonnam National University; Chosun University; Denver Health Medical Center; Duke Cancer Institute; Duke Medical Center; Ewha Womans University Medical Center; Gangnam Severance Hospital; Gyeongsang National University; Gyeongsang National University Hospital; Incheon National University; Inje University; Inje University Busan Paik Hospital; Institut de Cancérologie Strasbourg; Johns Hopkins University; Korea University; Korean Gynecologic Oncology Group; Kyung Hee University; Kyung Hee University Hospital at Gangdong; Memorial Sloan Kettering Cancer Center; Metro-Minnesota Community Oncology Research Consortium; Ministry of Health; NRG Oncology; National Cancer Center; National Cancer Center Hospital; National Medical Center; Roswell Park Comprehensive Cancer Center; Saitama International Medical Center; Saitama Medical University; Samsung Medical Center; Seoul National University; Seoul National University Bundang Hospital; Seoul National University Hospital; Severance Hospital; Sidney Kimmel Comprehensive Cancer Center; Sri Ramachandra Medical Centre; Sungkyunkwan University; The Ohio State University; The University of Texas MD Anderson Cancer Center; University of California, Irvine; University of Cincinnati; University of Colorado Anschutz; University of Colorado Denver; University of Oklahoma Health Sciences Center; University of Pennsylvania; University of Ulsan; Velindre Cancer Centre; Women & Infants Hospital of Rhode Island; Women's Cancer Center of Nevada; Yonsei University; Yonsei University Health System",FR; GB; IN; JP; KR; TR; US,yes,443,RhoGDI2 Expression Is Associated with Tumor Growth and Malignant Progression of Gastric Cancer,needs_review
A5072180542,Hyeon‐Cheol Gwon,327,39,P0007; P0030; P0211; P0291; P0541; P0580; P0641; P1181; P1774; P1944; P1976; P2020; P2056; P2123; P2135; P2164; P2167; P2171; P2210; P2226; P2233; P2270; P2272; P2279; P2289; P2327; P2338; P2342; P2362; P2366; P2414; P2432; P2452; P2457; P2473; P2499; P2509; P2542; P2647,Asan Medical Center; CHA University; CHA University Bundang Medical Center; Catholic University of Korea; Chonnam National University; Chonnam National University Hospital; Chung-Ang University; Chung-Ang University Gwangmyeong Hospital; Chungbuk National University; Chungbuk National University Hospital; Chungnam National University; Chungnam National University Hospital; Dankook University Hospital; Dong-A University; Gachon University Gil Medical Center; Gangnam Severance Hospital; Hanyang University; Inha University Hospital; Kangbuk Samsung Hospital; Keimyung University Dongsan Hospital; Korea University Anam Hospital; Kyung Hee University; Kyung Hee University Medical Center; Kyungpook National University Hospital; Navicent Health; Samsung Biomedical Research Institute; Samsung Medical Center; Sejong General Hospital; Seoul National University; Seoul National University Bundang Hospital; Seoul National University Hospital; Severance Hospital; Sungkyunkwan University; The Catholic University of Korea Seoul St. Mary's Hospital; The Catholic University of Korea Uijeongbu St. Mary's Hospital; Yonsei University; Yonsei University Health System,KR; US,yes,441,Lack of Additional Benefit of Intracoronary Transplantation of Autologous Peripheral Blood Stem Cell in Patients With Acute Myocardial Infarction,needs_review
A5046239431,Byung‐Chul Lee,326,38,P0297; P0379; P0380; P0532; P0535; P0722; P0940; P1113; P1272; P1284; P1412; P1746; P1779; P1957; P1989; P2005; P2017; P2018; P2019; P2020; P2027; P2031; P2032; P2037; P2042; P2050; P2057; P2138; P2156; P2271; P2302; P2329; P2331; P2471; P2474; P2490; P2518; P2522,"Ajou University; Asan Medical Center; Azienda Ospedale - Università Padova; Catholic University of Korea; Chinese University of Hong Kong; Chonnam National University; Chonnam National University Hospital; Chosun University; Chungbuk National University; Chungbuk National University Hospital; Chungnam National University Hospital; Daejeon Eulji Medical Center, Eulji University; Dong-A University Hospital; Dongguk University; Dongguk University Ilsan Hospital; Eulji Medical Center; Eulji University; Eulji University Nowon Eulji Medical Center; Eulji University Uijeongbu Eulji Medical Center; Hallym University; Hallym University Dongtan Sacred Heart Hospital; Hallym University Kangnam Sacred Heart Hospital; Hallym University Medical Center; Hallym University Sacred Heart Hospital; Inje University; Inje University Busan Paik Hospital; Inje University Ilsan Paik Hospital; Inje University Sanggye Paik Hospital; Kangdong Sacred Heart Hospital; Korea University; National Heart, Lung, and Blood Institute; National Institutes of Health; National Medical Center; Pusan National University; SNUH SMG-SNU Boramae Medical Center; Samsung Medical Center; Seoul Medical Center; Seoul National University; Seoul National University Bundang Hospital; Seoul National University Hospital; Soonchunhyang University Hospital Seoul; St. Michael's Hospital; Sungkyunkwan University; The Catholic University of Korea Seoul St. Mary's Hospital; The University of Texas MD Anderson Cancer Center; Ulsan University Hospital; University of California, Los Angeles; University of Nottingham; University of Padua; University of Southern California; University of Toronto; University of Ulsan; University of Wisconsin–Madison; Veterans Health Service Medical Center; Yeungnam University; Yeungnam University Medical Center; Yonsei University; Yonsei University Health System",CA; GB; HK; IT; KR; US,yes,437,Individual-Level Lesion-Network Mapping to Visualize the Effects of a Stroke Lesion on the Brain Network: Connectograms in Stroke Syndromes,needs_review
A5088274241,Jong‐Moo Park,311,43,P0297; P0337; P0379; P0380; P0416; P0434; P0446; P0532; P0533; P0534; P0535; P0595; P1111; P1284; P1382; P1412; P1585; P1746; P1748; P1912; P1957; P1989; P2005; P2019; P2020; P2027; P2031; P2032; P2050; P2084; P2140; P2270; P2271; P2302; P2329; P2331; P2471; P2474; P2490; P2491; P2518; P2522; P2586,"Asan Medical Center; Catholic University of Korea; Chinese University of Hong Kong; Chonnam National University; Chonnam National University Hospital; Chungbuk National University; Chungbuk National University Hospital; Daejeon Eulji Medical Center, Eulji University; Dankook University Hospital; Dong-A University; Dong-A University Hospital; Dongguk University; Dongguk University Ilsan Hospital; Eulji Medical Center; Eulji University; Eulji University Nowon Eulji Medical Center; Eulji University Uijeongbu Eulji Medical Center; Gyeonggi Provincal Medical Center Icheon Hospital; Hallym University; Hallym University Dongtan Sacred Heart Hospital; Hallym University Sacred Heart Hospital; Hanyang University; Inje University; Inje University Busan Paik Hospital; Inje University Ilsan Paik Hospital; Jeju National University; Jeju National University Hospital; Kangdong Sacred Heart Hospital; Keimyung University; Keimyung University Dongsan Medical Center; Korea National Institute of Health; Korea University; Korea University Ansan Hospital; Kyung Hee University; Kyungpook National University; Kyungpook National University Hospital; Myongji Hospital; National Medical Center; Samsung Changwon Hospital; Samsung Medical Center; Seoul Medical Center; Seoul National University; Seoul National University Bundang Hospital; Seoul National University Hospital; Soonchunhyang University; Soonchunhyang University Hospital Seoul; St. Michael's Hospital; Sungkyunkwan University; The Catholic University of Korea Eunpyeong St. Mary's Hospital; The Catholic University of Korea Seoul St. Mary's Hospital; The Catholic University of Korea Uijeongbu St. Mary's Hospital; The University of Texas MD Anderson Cancer Center; Ulsan University Hospital; University of California, Los Angeles; University of Toronto; University of Ulsan; University of Wisconsin–Madison; Yeungnam University; Yeungnam University Medical Center",CA; HK; KR; US,yes,437,Ipsilateral Hemiparesis Caused by a Corona Radiata Infarct After a Previous Stroke on the Opposite Side,needs_review
A5100713154,Young Soo Kim,182,86,P0007; P0021; P0044; P0068; P0086; P0096; P0100; P0123; P0288; P0326; P0477; P0481; P0488; P0582; P0700; P0703; P0713; P0755; P0813; P0843; P0968; P0999; P1000; P1113; P1119; P1120; P1126; P1127; P1141; P1143; P1144; P1160; P1166; P1205; P1253; P1297; P1306; P1315; P1324; P1370; P1382; P1392; P1435; P1466; P1489; P1493; P1580; P1594; P1640; P1647; P1653; P1700; P1731; P1750; P1756; P1771; P1776; P1778; P1783; P1788; P1807; P1933; P1985; P1989; P2028; P2136; P2140; P2146; P2248; P2270; P2275; P2316; P2367; P2429; P2430; P2432; P2451; P2499; P2505; P2512; P2528; P2530; P2557; P2622; P2630; P2685,Ajou University; CHA Future Medicine Research Institute; CHA University; Chosun University; Chungbuk National University; Convergence Research Center for Diagnosis Treatment and Care System of Dementia; Gyeongsang National University; Hanmi Pharmaceutical (South Korea); Hanyang University; Hanyang University Medical Center; Hanyang University Seoul Hospital; Inha University; Inha University Hospital; Inje University; Jeju National University; Jeonbuk National University; Korea Advanced Institute of Science and Technology; Korea Atomic Energy Research Institute; Korea Institute of Science and Technology; Korea Institute of Sport Science; Korea National Institute of Health; Korea Research Institute of Bioscience and Biotechnology; Korea University; Korea University of Science and Technology; Korean Association Of Science and Technology Studies; Kyung Hee University; Pohang University of Science and Technology; Pusan National University Hospital; Pusan National University Yangsan Hospital; Samsung (South Korea); Samsung Advanced Institute of Technology (South Korea); Samsung Changwon Hospital; Seoul National University; Seoul National University Bundang Hospital; Seoul National University Hospital; Sungkyunkwan University; University of Manchester; Yonsei University; Yonsei University Health System,GB; KR,yes,437,Aberrant Tonic Inhibition of Dopaminergic Neuronal Activity Causes Motor Symptoms in Animal Models of Parkinson’s Disease,needs_review
A5012996842,Young‐Hak Kim,367,24,P0219; P0346; P0524; P0580; P0722; P0907; P0991; P1156; P1517; P1799; P1801; P1907; P1944; P2105; P2123; P2171; P2210; P2226; P2233; P2270; P2279; P2337; P2414; P2656,Asan Medical Center; Cardiovascular Research Foundation; Catholic University of Korea; Chungnam National University; Chungnam National University Hospital; Gangneung Asan Hospital; Inje University; Kangbuk Samsung Hospital; Kangwon National University; Kangwon National University Hospital; Keimyung University; Keimyung University Dongsan Hospital; Keimyung University Dongsan Medical Center; Korea University; Korea University Guro Hospital; Seoul National University Hospital; Soonchunhyang University Hospital Bucheon; St. Paul's Hospital; Sungkyunkwan University; Ulsan University Hospital; University of Ulsan; Wakayama Medical University; Yonsei University,JP; KR; US,yes,436,Optimal Duration of Dual Antiplatelet Therapy After Drug-Eluting Stent Implantation,needs_review
A5070098382,Yoon Kyung Jeon,278,53,P0007; P0028; P0057; P0060; P0064; P0075; P0076; P0079; P0114; P0115; P0209; P0306; P0493; P0605; P0631; P0689; P0696; P0707; P0713; P0927; P1258; P1269; P1390; P1517; P1547; P1548; P1562; P1568; P1572; P1583; P1586; P1623; P1635; P1732; P1796; P1889; P1894; P1939; P2002; P2052; P2091; P2169; P2218; P2271; P2274; P2291; P2304; P2346; P2475; P2515; P2543; P2545; P2577,Cancer Research Institute; Chungnam National University; Korea Advanced Institute of Science and Technology; Korea Institute of Science & Technology Information; National Cancer Center; Pusan National University Yangsan Hospital; Samsung Medical Center; Seoul National University; Seoul National University Hospital; Sookmyung Women's University; Sungkyunkwan University,KR; US,yes,434,Clonal History and Genetic Predictors of Transformation Into Small-Cell Carcinomas From Lung Adenocarcinomas,needs_review
A5052433739,Hyung Sik Kim,236,67,P0031; P0042; P0090; P0137; P0142; P0174; P0204; P0260; P0286; P0536; P0560; P0563; P0685; P0689; P0703; P0763; P0807; P0999; P1053; P1064; P1113; P1145; P1228; P1251; P1270; P1299; P1309; P1322; P1411; P1421; P1517; P1548; P1642; P1700; P1701; P1719; P1809; P1824; P1827; P1894; P1915; P1933; P1935; P1944; P1949; P1950; P1951; P1954; P1955; P1968; P2014; P2101; P2105; P2112; P2120; P2130; P2138; P2211; P2268; P2274; P2300; P2398; P2415; P2562; P2570; P2584; P2618,Assiut University; Changwon National University; Chungbuk National University; Daegu Catholic University; Dankook University; Duksung Women's University; Gachon University Gil Medical Center; Gachon University Medical Center; Hokkaido University; Huons (South Korea); Inha University; Konkuk University; Konyang University; Korea Brain Research Institute; Kyung Hee University; Ministry of Food and Drug Safety; Nagasaki University; National Center for Complementary and Integrative Health; National Institutes of Health; Prince of Songkla University; Pusan National University; Pusan National University Dental Hospital; Samsung Medical Center; Sunchon National University; Sungkyunkwan University; University of Warsaw; Yonsei University; Yonsei University Health System,EG; JP; KR; PL; TH; US,yes,434,"Amurensin G, a Potent Natural SIRT1 Inhibitor, Rescues Doxorubicin Responsiveness via Down-Regulation of Multidrug Resistance 1",needs_review
A5043085745,Ki Woong Kim,284,50,P0007; P0028; P0075; P0123; P0352; P0604; P0707; P0722; P0738; P0999; P1098; P1111; P1168; P1417; P1420; P1518; P1536; P1588; P1606; P1748; P1775; P1779; P1788; P1800; P1972; P1997; P2025; P2048; P2073; P2210; P2213; P2219; P2275; P2287; P2289; P2293; P2316; P2317; P2331; P2344; P2410; P2480; P2488; P2505; P2522; P2577; P2586; P2593; P2606; P2667,Asan Medical Center; Dankook University Hospital; Dongguk University; Gongju National Hospital; Hallym University; Jeju National University Hospital; Kangdong Sacred Heart Hospital; Kangwon National University Hospital; Konkuk University; Korea Research Institute of Chemical Technology; Korea Research Institute of Standards and Science; Kyungpook National University; Kyungpook National University Hospital; National Center for Mental Health; National Development Institute of Korean Medicine; SNUH SMG-SNU Boramae Medical Center; Samsung Medical Center; Seoul Metropolitan Government; Seoul National University; Seoul National University Bundang Hospital; Seoul National University Hospital; Sungkyunkwan University; University of Thessaly; University of Ulsan; Veterans Health Service Medical Center; Wonju Severance Christian Hospital; Yonsei University,GR; KR,yes,431,Lack of association of cathepsin D genetic polymorphism with Alzheimer's disease in Koreans,needs_review
A5100681585,Seung Up Kim,255,59,P0056; P0075; P0098; P0142; P0323; P0337; P0342; P0366; P0378; P0482; P0534; P0544; P0804; P0912; P0923; P1082; P1124; P1137; P1141; P1251; P1265; P1294; P1316; P1323; P1326; P1412; P1420; P1443; P1522; P1623; P1731; P1746; P1747; P1768; P1775; P1804; P1852; P1859; P1943; P1958; P1960; P1970; P1999; P2004; P2035; P2078; P2096; P2099; P2113; P2117; P2121; P2156; P2253; P2350; P2468; P2533; P2543; P2598; P2651,Ajou University; American College of Gastroenterology; Brigham and Women's Hospital; CHA University Bundang Medical Center; Catholic University of Korea; Chinese University of Hong Kong; Chung-Ang University; Chung-Ang University Healthcare System; Gachon University; Gachon University Gil Medical Center; Hallym University Sacred Heart Hospital; Harvard University; Johns Hopkins Medicine; Johns Hopkins University; Korea Basic Science Institute; Korea Institute of Radiological and Medical Sciences; National Cancer Center; National Cancer Center Hospital; Pohang University of Science and Technology; Pusan National University; RIKEN; RIKEN BioResource Research Center; Sejong University; Seoul National University; Seoul National University Cancer Hospital; Seoul National University Children's Hospital; Seoul National University Hospital; Severance Hospital; Sogang University; Soonchunhyang University; Soonchunhyang University Hospital Bucheon; Soonchunhyang University Hospital Cheonan; The Catholic University of Korea Seoul St. Mary's Hospital; The Ohio State University; The University of Texas MD Anderson Cancer Center; University of British Columbia; University of British Columbia Hospital; Wooridul Hospital; Yonsei Cancer Hospital; Yonsei University; Yonsei University Health System; Yonsei University Mirae Campus,CA; HK; JP; KR; US,yes,429,Lovastatin enhances Aβ production and senile plaque deposition in female Tg2576 mice,needs_review
A5103118075,Seung‐Jung Park,348,27,P0030; P0346; P0580; P0722; P0907; P1156; P1517; P1536; P1935; P1944; P1974; P1976; P2105; P2134; P2161; P2167; P2171; P2210; P2216; P2226; P2233; P2270; P2279; P2327; P2337; P2432; P2656,Asan Medical Center; Cardiovascular Research Foundation; Catholic University of Korea; Chonnam National University Hospital; Chungnam National University; Chungnam National University Sejong Hospital; Eulji Medical Center; Inje University; Kangbuk Samsung Hospital; Kangwon National University; Keimyung University; Keimyung University Dongsan Hospital; Keimyung University Dongsan Medical Center; Korea University; Korea University Guro Hospital; Kyung Hee University; MED Institute; MedStar Washington Hospital Center; Samsung Medical Center; Sejong General Hospital; Seoul National University; Seoul National University Hospital; Sungkyunkwan University; The Catholic University of Korea Seoul St. Mary's Hospital; The Catholic University of Korea Yeouido St. Mary's Hospital; Ulsan University Hospital; University of Ulsan; Wakayama Medical University; Washington Hospital; Yonsei University,JP; KR; US,yes,426,Incremental Prognostic Value of Left Ventricular Global Longitudinal Strain in Patients with Preserved Ejection Fraction Undergoing Transcatheter Aortic Valve Implantation,needs_review
A5100353399,Kihyun Kım,276,51,P0006; P0007; P0013; P0014; P0020; P0028; P0044; P0135; P0350; P0355; P0359; P0446; P0449; P0451; P0484; P0603; P0665; P0920; P1088; P1094; P1098; P1156; P1209; P1516; P1520; P1526; P1527; P1549; P1570; P1635; P1637; P1889; P1959; P1984; P2060; P2110; P2124; P2135; P2174; P2215; P2218; P2423; P2425; P2487; P2499; P2511; P2539; P2588; P2600; P2647; P2660,Asan Medical Center; Catholic University of Korea; Chonnam National University Hwasun Hospital; Dana-Farber Cancer Institute; Dana-Farber/Harvard Cancer Center; Dankook University; Gwangju Institute of Science and Technology; Hallym University Sacred Heart Hospital; Harvard University; Kangwon National University; Kangwon National University Hospital; Konkuk University; Konkuk University Medical Center; Korea University; National Cancer Center; Pusan National University Yangsan Hospital; SNUH SMG-SNU Boramae Medical Center; Samsung (South Korea); Samsung Biomedical Research Institute; Samsung Electronics (South Korea); Samsung Medical Center; Samsung Seoul Hospital; Seoul National University; Seoul National University Bundang Hospital; Seoul National University Hospital; Severance Hospital; Soonchunhyang University; Soonchunhyang University Hospital Seoul; Sungkyunkwan University; The Catholic University of Korea Seoul St. Mary's Hospital; The Korean Society of Hematology; Ulsan University Hospital; University of Ulsan; Yonsei University,KR; US,yes,426,A combination regimen of low-dose bortezomib and rapamycin prolonged the graft survival in a murine allogeneic islet transplantation model,needs_review
A5070006828,Geun Am Song,280,49,P0371; P0384; P0428; P0445; P0509; P0597; P1022; P1323; P1517; P1518; P1528; P1536; P1544; P1545; P1560; P1563; P1570; P1807; P1843; P1947; P2009; P2014; P2040; P2051; P2101; P2102; P2111; P2112; P2113; P2117; P2124; P2131; P2135; P2153; P2159; P2160; P2163; P2164; P2211; P2213; P2224; P2296; P2334; P2345; P2408; P2458; P2466; P2489; P2526,BongSeng Memorial Hospital; Catholic University of Korea; Ewha Womans University; Ewha Womans University Seoul Hospital; Hallym University; Keimyung University; Korea University; Korean College of Helicobacter and Upper Gastrointestinal Research; Ministry of Health and Welfare; Pusan National University; Pusan National University Hospital; Pusan National University Yangsan Hospital; Seoul National University; Seoul National University Bundang Hospital; Soonchunhyang University; The Catholic University of Korea Seoul St. Mary's Hospital; UPMC Presbyterian; University of Pittsburgh Medical Center,KR; US,yes,424,"Randomized, Controlled, Multi-center Trial: Comparing the Safety and Efficacy of DA-9701 and Itopride Hydrochloride in Patients With Functional Dyspepsia",needs_review
A5073170780,Seung‐Whan Lee,352,24,P0219; P0580; P0641; P0722; P0907; P1156; P1517; P1944; P2105; P2132; P2134; P2171; P2210; P2226; P2233; P2270; P2279; P2337; P2338; P2366; P2414; P2452; P2572; P2656,Asan Medical Center; Cardiovascular Research Foundation; Catholic University of Korea; Chungnam National University; Chungnam National University Hospital; Gangneung Asan Hospital; Gyeongsang National University; Gyeongsang National University Hospital; Inje University; Jeonbuk National University; Jeonbuk National University Hospital; Kangbuk Samsung Hospital; Kangwon National University; Kangwon National University Hospital; Keimyung University; Keimyung University Dongsan Hospital; Keimyung University Dongsan Medical Center; Korea University; Korea University Guro Hospital; Kwangju Christian Hospital; Kyungpook National University Hospital; National Health Insurance Service Ilsan Hospital; Samsung Medical Center; Sejong General Hospital; Seoul National University Hospital; Severance Hospital; Soonchunhyang University; Soonchunhyang University Hospital Bucheon; Soonchunhyang University Hospital Cheonan; Sungkyunkwan University; The Catholic University of Korea St. Vincent's Hospital; Ulsan University Hospital; University of Ulsan; Wakayama Medical University; West China Hospital of Sichuan University; Yonsei University; Yonsei University Health System,CN; JP; KR; US,yes,421,"Efficacy and safety of low‐dose atorvastatin plus ezetimibe for primary hypercholesterolemia: A randomized, double‐blind, multicenter phase 3 trial",needs_review
A5089673584,Sung-Ae Jung,257,55,P0201; P0317; P0319; P0330; P0351; P0355; P0356; P0359; P0361; P0384; P0388; P0393; P0408; P0424; P0428; P0444; P0445; P0446; P0453; P0482; P0509; P0562; P0596; P0597; P0620; P0753; P0958; P1113; P1118; P1190; P1230; P1465; P1517; P1525; P1534; P1537; P1566; P1803; P2009; P2014; P2051; P2059; P2079; P2102; P2159; P2160; P2163; P2211; P2213; P2296; P2334; P2345; P2489; P2494; P2574,"Asan Medical Center; Catholic University of Korea; Chosun University; Chung-Ang University; Daejeon Eulji Medical Center, Eulji University; Dankook University; Ewha Womans University; Ewha Womans University Medical Center; Ewha Womans University Mokdong Hospital; Ewha Womans University Seoul Hospital; Jeju National University; Jeju National University Hospital; Korean Association for the Study of Intestinal Diseases; Seoul National University; Seoul Women's University; University of Ulsan; Yonsei University",KR,yes,419,New application methods for chromosomal abnormalities screening test using digital PCR,needs_review
A5045594197,Doo Sun Sim,330,30,P0021; P0026; P0580; P0920; P1184; P1437; P1539; P1774; P1944; P2056; P2123; P2135; P2167; P2171; P2195; P2270; P2272; P2279; P2289; P2302; P2338; P2342; P2357; P2366; P2414; P2452; P2457; P2509; P2542; P2583,Chonnam National University; Chonnam National University Hospital; Chonnam National University Hwasun Hospital; Chosun University Hospital; Chung-Ang University; Chung-Ang University Gwangmyeong Hospital; Chung-Ang University Healthcare System; Ministry of Health and Welfare; Peoria campus of the University of Illinois System; Sunchon National University,KR; US,yes,417,An optimal cardiothoracic ratio cut-off to predict clinical outcomes in patients with acute myocardial infarction,needs_review
A5030773221,Jong Min Kim,194,75,P0022; P0060; P0079; P0093; P0115; P0149; P0182; P0493; P0540; P0804; P0855; P0905; P0914; P0920; P1035; P1145; P1163; P1176; P1329; P1332; P1361; P1398; P1416; P1424; P1459; P1460; P1469; P1478; P1482; P1486; P1496; P1510; P1518; P1556; P1641; P1642; P1685; P1686; P1875; P1890; P1900; P1904; P1905; P1913; P1915; P1923; P1929; P1971; P2002; P2026; P2028; P2072; P2091; P2106; P2176; P2187; P2194; P2248; P2272; P2356; P2408; P2416; P2424; P2433; P2438; P2448; P2463; P2470; P2472; P2492; P2574; P2578; P2593; P2603; P2621,Chonnam National University; Chonnam National University Hospital; Daegu Catholic University; Daejeon University; Daewoong Pharmaceutical (South Korea); Dankook University; Dong-A University; Emory University; Georgia Institute of Technology; Gyeongsang National University; Gyeongsangnam-do Agricultural Research and Extension Services; Hankuk University of Foreign Studies; Incheon National University; Institute of Forest Science; Korea Food Research Institute; Korea Institute of Oriental Medicine; Korea University; Kosin University; Kyung Hee University; Ministry of Health and Welfare; Pohang University of Science and Technology; Samsung (South Korea); Samsung Advanced Institute of Technology (South Korea); Seoul National University; Sookmyung Women's University; Stanford Medicine; Stanford University; The Wallace H. Coulter Department of Biomedical Engineering; University of Minnesota; Yale University; Yeungnam University; Yonsei University,KR; RU; US,yes,416,Controlled Vacuum Breakdown in Carbon Nanotube Field Emission,needs_review
A5025329995,Jin Woo Lee,168,83,P0007; P0030; P0036; P0088; P0198; P0200; P0211; P0246; P0366; P0373; P0412; P0455; P0497; P0551; P0699; P0707; P0755; P0766; P0767; P0795; P1039; P1046; P1069; P1126; P1128; P1142; P1154; P1156; P1168; P1208; P1212; P1217; P1237; P1244; P1316; P1323; P1326; P1337; P1524; P1750; P1753; P1756; P1767; P1772; P1776; P1778; P1808; P1852; P1869; P1910; P1942; P1969; P1999; P2004; P2010; P2011; P2016; P2046; P2054; P2076; P2112; P2117; P2126; P2133; P2147; P2154; P2163; P2170; P2178; P2179; P2184; P2192; P2254; P2270; P2407; P2408; P2435; P2462; P2493; P2531; P2540; P2606; P2636,Ajou University; Ajou University Hospital; CHA University; Chung-Ang University; Chung-Ang University Healthcare System; Chungbuk National University Hospital; Duksung Women's University; Gachon University; Hyundai Pharm (South Korea); Inha University; Inha University Hospital; Inje University; Inje University Busan Paik Hospital; Konyang University Hospital; Korea Institute of Science and Technology; Korea Racing Authority; Korea Research Institute of Chemical Technology; Korea University; Korea University Medical Center; Korea University of Science and Technology; Korean Academy of Medical Sciences; Kosin University; Kyung Hee University; Kyung Hee University Medical Center; Pohang University of Science and Technology; Pusan National University; Seoul National University; Seoul National University Hospital; Seoul National University Hospital Biomedical Research Institute; Severance Hospital; The University of Texas at Austin; Ulsan University Hospital; University of California San Diego; University of Ulsan; Yonsei University; Yonsei University Health System,KR; US,yes,414,Efficacy of Ultraviolet A1 Phototherapy in Recalcitrant Skin Diseases,needs_review
A5115587915,Sung Hoon Kim,132,95,P0033; P0040; P0100; P0153; P0194; P0201; P0250; P0284; P0354; P0378; P0394; P0473; P0579; P0619; P0707; P0988; P1000; P1135; P1141; P1154; P1213; P1252; P1330; P1338; P1340; P1412; P1421; P1432; P1448; P1461; P1478; P1482; P1485; P1495; P1505; P1517; P1518; P1520; P1524; P1525; P1528; P1529; P1532; P1535; P1545; P1552; P1555; P1567; P1576; P1580; P1588; P1610; P1681; P1747; P1753; P1772; P1889; P1940; P1952; P1954; P1999; P2001; P2016; P2035; P2046; P2063; P2088; P2099; P2117; P2130; P2136; P2138; P2210; P2249; P2269; P2271; P2275; P2277; P2325; P2347; P2358; P2417; P2423; P2429; P2455; P2468; P2473; P2482; P2487; P2490; P2528; P2544; P2574; P2578; P2618,Asan Medical Center; Catholic University of Korea; Cheil General Hospital and Women's Healthcare Center; Chosun University; Chosun University Hospital; Chungbuk National University; Chungnam National University; Dankook University; Dankook University Hospital; Gwangju Institute of Science and Technology; Gyeongsang National University; Hanyang University; Hanyang University Seoul Hospital; Jeju National University; Jeonbuk National University; Jeonbuk National University Hospital; Konkuk University; Korea Electric Power Corporation (South Korea); Korea Institute of Civil Engineering and Building Technology; Korea Institute of Science and Technology; Korea Institute of Toxicology; Korea National Institute of Health; Korea Research Institute of Chemical Technology; Kyung Hee University; Kyung Hee University Medical Center; Kyungpook National University; National Cancer Center; Samsung Medical Center; Seoul Medical Center; Seoul National University; Seoul National University Bundang Hospital; Sungkyunkwan University; The Catholic University of Korea Seoul St. Mary's Hospital; University of Ulsan; Veterans Health Service Medical Center; Wonju Severance Christian Hospital; Wonkwang University; Yonsei University; Yonsei University Health System; Yonsei University Mirae Campus,KR,yes,414,Resveratrol inhibits phorbol ester-induced expression of COX-2 and activation of NF-κB in mouse skin by blocking IκB kinase activity,needs_review
A5100739374,Sohee Park,139,92,P0030; P0090; P0092; P0260; P0337; P0350; P0475; P0591; P0642; P1003; P1121; P1152; P1183; P1198; P1313; P1328; P1352; P1382; P1473; P1481; P1492; P1504; P1506; P1517; P1518; P1519; P1520; P1521; P1524; P1525; P1526; P1527; P1528; P1529; P1531; P1532; P1533; P1535; P1537; P1539; P1540; P1541; P1543; P1544; P1545; P1546; P1547; P1550; P1551; P1552; P1553; P1554; P1555; P1558; P1560; P1561; P1562; P1563; P1567; P1568; P1569; P1571; P1575; P1595; P1673; P1698; P1746; P1748; P1751; P1754; P1788; P1935; P1962; P1974; P1981; P2008; P2066; P2099; P2105; P2112; P2131; P2138; P2149; P2169; P2247; P2284; P2395; P2423; P2487; P2538; P2588; P2600,Asan Medical Center; Bobath memorial hospital; CHA University; Chosun University; Dongguk University Ilsan Hospital; Ewha Womans University; Gangneung Asan Hospital; Hallym University; Hallym University Sacred Heart Hospital; Inje University; International Atomic Energy Agency; International Ginseng & Herb Research Institute; Kangdong Sacred Heart Hospital; Keimyung University Dongsan Medical Center; Korea Advanced Institute of Science and Technology; Korea Research Institute of Bioscience and Biotechnology; Korea University; Korea University Guro Hospital; Korea University of Science and Technology; Kyung Hee University; National Cancer Center; National Cancer Center Hospital; Pusan National University; Seoul National University; Seoul National University Cancer Hospital; Seoul National University Hospital; The Catholic University of Korea Seoul St. Mary's Hospital; The Catholic University of Korea Uijeongbu St. Mary's Hospital; University of Ulsan; Yeungnam University Medical Center; Yonsei University; Yonsei University Health System,AT; KR; US,yes,412,Association between screening and the thyroid cancer “epidemic” in South Korea: evidence from a nationwide study,needs_review
A5001679413,SangYun Kim,279,44,P0030; P0123; P0325; P0412; P0532; P0560; P0669; P0753; P1126; P1169; P1258; P1272; P1378; P1385; P1387; P1388; P1392; P1398; P1409; P1412; P1746; P1748; P1762; P1779; P1800; P1943; P1957; P1963; P1991; P2005; P2011; P2032; P2050; P2057; P2083; P2125; P2275; P2287; P2293; P2316; P2429; P2474; P2490; P2527,Asan Medical Center; Catholic University of Korea; Chung-Ang University; Chung-Ang University Healthcare System; Chung-Ang University Hospital; Chungbuk National University; Chungnam National University; Ewha Womans University; Gachon University; Gachon University Gil Medical Center; Hallym University; Hallym University Chuncheon Sacred Heart Hospital; Hanyang University; Indiana University Indianapolis; Indiana University School of Medicine; Indiana University – Purdue University Indianapolis; Inha University; Inha University Hospital; Inje University Busan Paik Hospital; Kangdong Sacred Heart Hospital; Konkuk University; Konkuk University Medical Center; Korea Center for Disease Control and Prevention; Korea Disease Control and Prevention Agency; Korea Environment Corporation; Korea Institute of Toxicology; Korea National Institute of Health; Korea Research Institute of Bioscience and Biotechnology; Korea University of Science and Technology; Kyung Hee University; PeopleBio (South Korea); Samsung (South Korea); Samsung Biomedical Research Institute; Samsung Medical Center; Seoul National University; Seoul National University Bundang Hospital; Seoul National University Hospital; Soonchunhyang University; Soonchunhyang University Hospital Bucheon; Sungkyunkwan University; The Catholic University of Korea Seoul St. Mary's Hospital; University of British Columbia; University of Ulsan,CA; KR; US,yes,408,P4‐069: BLOOD‐BASED DIAGNOSIS OF ALZHEIMER'S DISEASE USING PHOTOOXIDATION‐INDUCED FLUORESCENCE AMPLIFICATION (PIFA) OF AMYLOID β FROM NEURONAL EXOSOMES,needs_review
A5039479216,Changjong Moon,258,51,P0042; P0056; P0090; P0567; P0722; P0740; P0843; P0965; P0984; P1140; P1175; P1205; P1219; P1230; P1330; P1331; P1333; P1350; P1354; P1373; P1376; P1381; P1382; P1384; P1386; P1396; P1426; P1437; P1460; P1469; P1579; P1635; P1746; P1834; P1898; P2049; P2115; P2150; P2274; P2285; P2298; P2408; P2456; P2470; P2473; P2483; P2488; P2511; P2577; P2586; P2644,Chonnam National University; Jeju National University; Korea Institute of Oriental Medicine; Korea Institute of Toxicology; Michigan State University; University of the Ryukyus,JP; KR; US,yes,408,Licochalcone D Ameliorates Oxidative Stress-Induced Senescence via AMPK Activation,needs_review
A5100647740,Young Joo Park,193,72,P0007; P0014; P0028; P0034; P0057; P0075; P0083; P0123; P0205; P0322; P0432; P0475; P0482; P0604; P0623; P0696; P0707; P0878; P0914; P0945; P0991; P1098; P1104; P1156; P1203; P1252; P1253; P1269; P1299; P1323; P1413; P1521; P1522; P1523; P1588; P1635; P1682; P1731; P1732; P1733; P1851; P1857; P1912; P1953; P1982; P1987; P2031; P2043; P2073; P2102; P2103; P2105; P2110; P2111; P2112; P2113; P2117; P2125; P2134; P2137; P2168; P2183; P2210; P2289; P2313; P2351; P2480; P2522; P2523; P2569; P2666; P2667,Chung-Ang University; Chung-Ang University Gwangmyeong Hospital; Chung-Ang University Healthcare System; Chung-Ang University Hospital; Chungnam National University; Dankook University Hospital; Eulji Medical Center; Eulji University; Gachon University; Gongju National Hospital; Institute for Basic Science; Kangwon National University; Kangwon National University Hospital; Korea Advanced Institute of Science and Technology; Korea University; Korea University Anam Hospital; Korea University Medical Center; Kyoto University; Pusan National University; Pusan National University Hospital; SNUH SMG-SNU Boramae Medical Center; Samsung Medical Center; Seoul National University; Seoul National University Bundang Hospital; Seoul National University Hospital; Seoul National University Hospital Biomedical Research Institute; Severance Hospital; Sungkyunkwan University; Yonsei University; Yonsei University Health System,JP; KR,yes,406,Clinical characteristics of Peutz-Jeghers syndrome in Korean polyposis patients,needs_review
A5069851751,Sang Un Park,270,46,P0034; P0180; P0243; P0326; P0384; P0813; P0852; P1069; P1085; P1088; P1139; P1150; P1165; P1166; P1182; P1183; P1191; P1194; P1196; P1207; P1212; P1217; P1229; P1237; P1244; P1331; P1350; P1411; P1455; P1665; P1819; P1841; P1842; P1844; P1865; P1868; P1869; P1985; P2044; P2114; P2122; P2281; P2473; P2481; P2487; P2489,Chungnam National University; Hallym University; Imperial College London; Incheon National University; Inje University; King Saud University; Korea Institute of Energy Research; Korea Institute of Science and Technology; Korea Research Institute of Bioscience and Biotechnology; Korea University; Korea University of Science and Technology; Korean Association Of Science and Technology Studies; National Academy of Agricultural Science; National Institute of Crop Science; National Institute of Horticultural and Herbal Science; PharmaResearch Products (South Korea); Rural Development Administration; Samsung Medical Center; Sungkyunkwan University,GB; JP; KR; SA,yes,405,Enhancement of Anti-Inflammatory Activity of Aloe vera Adventitious Root Extracts through the Alteration of Primary and Secondary Metabolites via Salicylic Acid Elicitation,needs_review
A5069050806,Seock‐Ah Im,246,54,P0028; P0040; P0057; P0075; P0079; P0114; P0115; P0253; P0337; P0350; P0354; P0355; P0384; P0393; P0414; P0428; P0449; P0456; P0498; P0588; P0594; P0605; P0696; P0774; P0998; P1342; P1518; P1520; P1531; P1539; P1541; P1544; P1545; P1547; P1553; P1555; P1570; P1634; P1637; P1731; P1775; P1939; P2002; P2115; P2176; P2194; P2214; P2284; P2329; P2425; P2515; P2562; P2587; P2600,Ajou University; Asan Medical Center; Chung-Ang University; Chung-Ang University Healthcare System; Ewha Womans University; Hospital Clínic de Barcelona; Inserm; Institut Curie; Japanese Foundation For Cancer Research; Kanagawa Cancer Center; Korean Cancer Study Group; Kyungpook National University; Kyungpook National University Chilgok Hospital; Memorial Sloan Kettering Cancer Center; National Cancer Center; SHOWA Medical University; SNUH SMG-SNU Boramae Medical Center; Samsung Medical Center; Seoul National University; Seoul National University Bundang Hospital; Seoul National University Cancer Hospital; Seoul National University Hospital; Seoul National University Hospital Biomedical Research Institute; Soonchunhyang University; Sungkyunkwan University; The Cancer Institute Hospital; University of Ulsan; Université Paris Cité; Université de Montpellier; Vall d'Hebron Institute of Oncology; Yonsei University; Yonsei University Health System,ES; FR; JP; KR; US,yes,405,Antitumor effect of a WEE1 inhibitor and potentiation of olaparib sensitivity by DNA damage response modulation in triple-negative breast cancer,needs_review
A5024676627,Sun Young Rha,213,65,P0007; P0028; P0040; P0058; P0104; P0250; P0253; P0350; P0378; P0453; P0503; P0594; P0603; P0722; P0738; P0740; P0914; P0919; P0998; P1132; P1185; P1323; P1384; P1457; P1517; P1520; P1523; P1524; P1528; P1531; P1545; P1551; P1553; P1554; P1560; P1570; P1571; P1572; P1575; P1697; P1709; P1753; P1775; P1793; P1900; P1910; P1938; P1950; P1959; P2011; P2060; P2074; P2089; P2101; P2104; P2117; P2174; P2176; P2249; P2329; P2362; P2423; P2428; P2562; P2570,Korean Cancer Study Group; National Cancer Center; Severance Hospital; Yonsei Cancer Hospital; Yonsei University; Yonsei University Health System,KR,yes,405,Antibody-Based Targeting of Interferon-Beta-1a Mutein in HER2-Positive Cancer Enhances Antitumor Effects Through Immune Responses and Direct Cell Killing,needs_review
A5039708869,Lak Shin Jeong,266,47,P0036; P0038; P0050; P0056; P0065; P0216; P0222; P0284; P0333; P0409; P0493; P0625; P0685; P0689; P0691; P0696; P0703; P0711; P0713; P0714; P0722; P0753; P0754; P0795; P0928; P1000; P1053; P1060; P1081; P1219; P1222; P1229; P1243; P1403; P1623; P1629; P1631; P1904; P1910; P1934; P2067; P2120; P2340; P2408; P2554; P2570; P2582,Ajou University; Ewha Womans University; Gwangju Institute of Science and Technology; Jeonbuk National University; Korea Institute of Science and Technology; Korea Research Institute of Chemical Technology; National Institute of Diabetes and Digestive and Kidney Diseases; National Institutes of Health; Pusan National University; Sahmyook University; Seoul National University; Sookmyung Women's University; Sungkyunkwan University; University of Suwon; Yonsei University,KR; US,yes,404,A3AR antagonism mitigates metabolic dysfunction-associated steatotic liver disease by exploiting monocyte-derived Kupffer cell necroptosis and inflammation resolution,needs_review
A5034739279,Myung‐Ju Ahn,245,54,P0013; P0028; P0040; P0079; P0134; P0135; P0156; P0163; P0200; P0253; P0337; P0355; P0484; P0511; P0603; P0622; P0691; P0722; P0914; P0920; P1156; P1251; P1257; P1328; P1384; P1401; P1519; P1531; P1534; P1545; P1559; P1570; P1635; P1732; P1746; P1759; P1861; P1984; P2018; P2021; P2074; P2136; P2174; P2176; P2218; P2423; P2425; P2466; P2475; P2536; P2538; P2562; P2587; P2669,Ajou University Hospital; Asan Medical Center; Chung-Ang University; Chungbuk National University Hospital; Fondazione IRCCS Istituto Nazionale dei Tumori; Foundation for Biomedical Research and Innovation; Guangdong Academy of Medical Sciences; Guangdong General Hospital; Gyeongsang National University; Hanyang University; Hanyang University Medical Center; Hanyang University Seoul Hospital; Korea University; Korea University Medical Center; National Cancer Center; New Generation University College; Samsung Biomedical Research Institute; Samsung Medical Center; Seoul National University; Seoul National University Bundang Hospital; Seoul National University Hospital; Sungkyunkwan University; University of Colorado Cancer Center; University of Ulsan; Yonsei Cancer Hospital; Yonsei University,CN; ET; IT; JP; KR; US,yes,404,High MET copy number and MET overexpression: poor outcome in non-small cell lung cancer patients.,needs_review
A5033050173,Aesun Shin,224,61,P0354; P0394; P0428; P0438; P0445; P0526; P0606; P0696; P0997; P1054; P1328; P1352; P1517; P1520; P1521; P1523; P1525; P1527; P1528; P1529; P1531; P1532; P1535; P1537; P1540; P1541; P1543; P1544; P1545; P1546; P1550; P1551; P1552; P1554; P1556; P1558; P1559; P1560; P1561; P1563; P1568; P1577; P1592; P1595; P1598; P1621; P1698; P1746; P1751; P1788; P1846; P1893; P1981; P2008; P2011; P2066; P2074; P2210; P2334; P2339; P2340,Fudan University; General Department of Preventive Medicine; Hallym University; Konkuk University; Korea Disease Control and Prevention Agency; Korea University; Korean College of Helicobacter and Upper Gastrointestinal Research; National Cancer Center; National Cancer Center Hospital; National Cancer Institute; Seoul National University; Vanderbilt University; Vanderbilt University Medical Center; World Health Organization - Philippines; World Health Organization Regional Office for the Western Pacific,CN; KR; PH; US; VN,yes,404,"Genetic Risk Score, Combined Lifestyle Factors and Risk of Colorectal Cancer",needs_review
A5066161983,Se‐Hoon Lee,222,61,P0028; P0040; P0057; P0079; P0134; P0135; P0163; P0205; P0250; P0326; P0350; P0484; P0485; P0534; P0594; P0603; P0623; P0696; P0703; P0779; P0914; P0920; P0961; P1022; P1029; P1088; P1251; P1315; P1328; P1411; P1444; P1446; P1470; P1517; P1519; P1522; P1523; P1545; P1546; P1547; P1565; P1566; P1570; P1635; P1731; P1732; P1879; P1945; P2002; P2018; P2115; P2176; P2186; P2237; P2423; P2425; P2506; P2536; P2563; P2587; P2607,Asan Medical Center; Catholic University of Korea; Daegu Catholic University; Dong-A University; Dong-A University Hospital; Eulji Medical Center; Eulji University; Ewha Womans University; Gachon University; Genome and Company (South Korea); Inje University Haeundae Paik Hospital; Konkuk University; Konkuk University Medical Center; Korea Advanced Institute of Science and Technology; Korea Institute of Radiological and Medical Sciences; Korea Institute of Science & Technology Information; Korea Research Institute of Bioscience and Biotechnology; Korea University; Korea University Anam Hospital; Korea University Ansan Hospital; Samsung Medical Center; Seoul National University; Seoul National University Bundang Hospital; Seoul National University Hospital; Sunchon National University; Sungkyunkwan University; Ulsan National Institute of Science and Technology; University of Ulsan,KR,yes,402,Clonal History and Genetic Predictors of Transformation Into Small-Cell Carcinomas From Lung Adenocarcinomas,needs_review
A5102881408,Sung‐Soo Yoon,222,61,P0007; P0013; P0014; P0020; P0028; P0043; P0079; P0105; P0115; P0306; P0337; P0355; P0362; P0393; P0449; P0484; P0616; P0752; P0764; P0919; P0958; P1098; P1181; P1223; P1323; P1526; P1527; P1531; P1549; P1559; P1567; P1570; P1575; P1637; P1676; P1697; P1709; P1787; P1843; P1898; P1914; P1921; P1968; P2001; P2002; P2010; P2030; P2110; P2176; P2218; P2270; P2404; P2408; P2425; P2466; P2512; P2524; P2539; P2549; P2680; P2718,Asan Medical Center; Catholic University of Korea; Chonnam National University; Chonnam National University Hwasun Hospital; Chungbuk National University Hospital; Gachon University Gil Medical Center; Janssen Korea (South Korea); Kosin University; Kyung Hee University; National Cancer Center; New Generation University College; Pusan National University Hospital; Samsung Medical Center; Seoul National University; Seoul National University Bundang Hospital; Seoul National University Hospital; Seoul National University Hospital Biomedical Research Institute; Soonchunhyang University; Soonchunhyang University Hospital Bucheon; Soonchunhyang University Hospital Seoul; Sungkyunkwan University; The Korean Society of Hematology; Ulsan University Hospital; University of Ulsan; Veterans Health Service Medical Center; Yonsei University; Yonsei University Health System,ET; KR,yes,402,A database of 5305 healthy Korean individuals reveals genetic and clinical implications for an East Asian population,needs_review
A5042426937,Goo Taeg Oh,146,86,P0028; P0034; P0042; P0204; P0205; P0220; P0277; P0315; P0317; P0319; P0361; P0388; P0441; P0447; P0493; P0568; P0669; P0711; P0714; P0738; P0753; P0767; P0786; P0837; P0905; P0968; P0996; P1000; P1002; P1118; P1141; P1154; P1155; P1174; P1176; P1177; P1178; P1183; P1184; P1185; P1193; P1202; P1205; P1206; P1252; P1257; P1316; P1411; P1413; P1419; P1437; P1547; P1548; P1684; P1760; P1765; P1804; P1841; P1890; P1894; P1897; P1905; P1913; P1915; P1923; P1929; P1958; P1970; P1974; P1999; P2101; P2203; P2249; P2268; P2271; P2350; P2370; P2428; P2469; P2566; P2581; P2583; P2597; P2615; P2624; P2647,Beth Israel Deaconess Medical Center; Chungbuk National University; Ewha Womans University; Gwangju Institute of Science and Technology; Hanyang University; Harvard University; Inha University; Korea Institute of Science and Technology; Korea National Institute of Health; Korea Research Institute of Bioscience and Biotechnology; Kyung Hee University; Kyungpook National University; National Cancer Center; Rockefeller University; Seoul National University; Seoul National University Hospital; Sungkyunkwan University; UNC Lineberger Comprehensive Cancer Center; University of Minnesota; University of North Carolina at Chapel Hill; University of Pennsylvania; University of Southern California; University of Ulsan; Yonsei University,KR; US,yes,401,RhoGDI2 Expression Is Associated with Tumor Growth and Malignant Progression of Gastric Cancer,needs_review
A5070548379,Hye Gwang Jeong,187,72,P0011; P0182; P0204; P0205; P0536; P0560; P0684; P0689; P0965; P1155; P1156; P1160; P1187; P1213; P1214; P1228; P1233; P1239; P1273; P1294; P1299; P1324; P1325; P1341; P1345; P1393; P1403; P1412; P1413; P1418; P1420; P1421; P1423; P1426; P1428; P1440; P1443; P1444; P1445; P1461; P1476; P1506; P1518; P1535; P1560; P1645; P1680; P1777; P1825; P2105; P2130; P2273; P2274; P2298; P2300; P2301; P2307; P2312; P2315; P2317; P2346; P2350; P2392; P2402; P2415; P2470; P2473; P2500; P2573; P2606; P2676; P2680,Chonnam National University; Chosun University; Chungbuk National University; Chungnam National University; Daegu Catholic University; Jeonbuk National University; Korea Basic Science Institute; Korea Research Institute of Bioscience and Biotechnology; Korea University of Science and Technology; Sungkyunkwan University; Wonkwang University,KR,yes,400,Depletion-free Automated Enrichment of Serum Glycopeptides for High-Throughput Clinical Glycoproteomics,needs_review
A5064697305,Byoung Chul Cho,243,53,P0068; P0104; P0179; P0205; P0250; P0631; P0774; P0878; P0905; P0914; P0920; P0925; P1116; P1299; P1323; P1383; P1422; P1519; P1539; P1545; P1562; P1570; P1572; P1635; P1709; P1715; P1732; P1746; P1811; P1857; P1889; P2029; P2059; P2071; P2074; P2089; P2128; P2136; P2157; P2174; P2176; P2249; P2339; P2425; P2432; P2475; P2536; P2538; P2562; P2566; P2615; P2631; P2660,"Asan Medical Center; Boehringer Ingelheim (Austria); Cancer Science Institute of Singapore; Centre Hospitalier Universitaire de Bordeaux; Centre Hospitalier Universitaire de Lille; Centre National de la Recherche Scientifique; Daegu Catholic University Medical Center; Gachon University Gil Medical Center; Inserm; Institut Pasteur; Jeuk (South Korea); Memorial Sloan Kettering Cancer Center; National Cancer Center; National University Cancer Institute, Singapore; National University Health System; National University of Singapore; Pfizer (United States); Severance Hospital; University of Ulsan; Université de Lille; Vall d'Hebron Hospital Universitari; Vall d'Hebron Institute of Oncology; Yonsei Cancer Hospital; Yonsei University; Yonsei University College of Dentistry; Yonsei University Health System",AT; ES; FR; KR; SG; US,yes,399,Genome-wide identification of differentially methylated promoters and enhancers associated with response to anti-PD-1 therapy in non-small cell lung cancer,needs_review
A5022150256,Mi Sun Oh,284,39,P0297; P0379; P0380; P0416; P0532; P0535; P0940; P1272; P1284; P1412; P1748; P1921; P1957; P1989; P2005; P2017; P2018; P2019; P2020; P2027; P2031; P2032; P2036; P2042; P2050; P2057; P2084; P2140; P2271; P2302; P2329; P2331; P2408; P2471; P2474; P2490; P2518; P2522; P2689,"Ajou University; Asan Medical Center; Azienda Ospedale - Università Padova; Catholic Kwandong University International St. Mary's Hospital; Chonnam National University; Chonnam National University Hospital; Chosun University; Chungbuk National University; Chungbuk National University Hospital; Daejeon Eulji Medical Center, Eulji University; Dong-A University Hospital; Dongguk University; Dongguk University Ilsan Hospital; Eulji Medical Center; Eulji University; Eulji University Nowon Eulji Medical Center; Eulji University Uijeongbu Eulji Medical Center; Hallym University; Hallym University Chuncheon Sacred Heart Hospital; Hallym University Dongtan Sacred Heart Hospital; Hallym University Medical Center; Hallym University Sacred Heart Hospital; Inje University; Inje University Busan Paik Hospital; Inje University Ilsan Paik Hospital; Inje University Sanggye Paik Hospital; Jeju National University; Jeju National University Hospital; Korea University; National Medical Center; Samsung Medical Center; Seoul Medical Center; Seoul National University; Seoul National University Bundang Hospital; Seoul National University Hospital; Soonchunhyang University Hospital Seoul; Sungkyunkwan University; The University of Texas MD Anderson Cancer Center; Ulsan University Hospital; University of Padua; University of Southern California; University of Ulsan; University of Wisconsin–Madison; Yeungnam University; Yonsei University; Yonsei University Health System",IT; KR; US,yes,398,Individual-Level Lesion-Network Mapping to Visualize the Effects of a Stroke Lesion on the Brain Network: Connectograms in Stroke Syndromes,needs_review
A5070052023,Jae‐Kwan Cha,272,43,P0052; P0297; P0379; P0380; P0532; P0535; P0536; P1126; P1297; P1412; P1530; P1746; P1912; P1949; P1989; P2005; P2018; P2019; P2020; P2027; P2031; P2032; P2050; P2059; P2083; P2084; P2128; P2140; P2212; P2271; P2302; P2329; P2331; P2366; P2414; P2450; P2471; P2474; P2490; P2513; P2518; P2522; P2527,"Asan Medical Center; Chonnam National University; Chonnam National University Hospital; Chungbuk National University; Chungbuk National University Hospital; Chungnam National University; Daejeon Eulji Medical Center, Eulji University; Dong-A University; Dong-A University Hospital; Dongguk University; Dongguk University Ilsan Hospital; Eulji Medical Center; Eulji University; Eulji University Nowon Eulji Medical Center; Eulji University Uijeongbu Eulji Medical Center; Hallym University; Hallym University Dongtan Sacred Heart Hospital; Hallym University Sacred Heart Hospital; Hanyang University Guri Hospital; Inha University; Inha University Hospital; Inje University; Inje University Busan Paik Hospital; Inje University Ilsan Paik Hospital; Korea University; Kyung Hee University; National Medical Center; Pfizer (South Korea); Samsung Medical Center; Seoul Medical Center; Seoul National University; Seoul National University Bundang Hospital; Seoul National University Hospital; Severance Hospital; Soonchunhyang University Hospital Seoul; St. Michael's Hospital; Sungkyunkwan University; The University of Texas MD Anderson Cancer Center; Ulsan University Hospital; University of Southern California; University of Toronto; University of Ulsan; University of Wisconsin–Madison; Yeungnam University; Yonsei University",CA; KR; US,yes,398,"Changes on Cognitive Function after Carotid Artery Stenting in Patients with Severe Carotid Artery Stenosis: A Prospective, 3 Months Follow-up Study",needs_review
A5100419677,Eun Young Lee,116,95,P0030; P0058; P0093; P0098; P0115; P0135; P0137; P0241; P0317; P0326; P0444; P0453; P0471; P0488; P0493; P0536; P0604; P0703; P0722; P0779; P0928; P0984; P1113; P1116; P1152; P1154; P1174; P1176; P1211; P1215; P1217; P1226; P1227; P1258; P1328; P1368; P1387; P1388; P1393; P1401; P1423; P1456; P1460; P1469; P1482; P1523; P1524; P1526; P1535; P1559; P1567; P1587; P1634; P1641; P1698; P1700; P1701; P1704; P1705; P1722; P1747; P1847; P1856; P1859; P1915; P2001; P2006; P2024; P2041; P2054; P2110; P2111; P2138; P2139; P2145; P2164; P2172; P2211; P2212; P2213; P2214; P2217; P2223; P2310; P2430; P2431; P2454; P2467; P2480; P2487; P2572; P2573; P2574; P2592; P2618,Ajou University; Asan Medical Center; CHA Advanced Research Institute; CHA University; Catholic University of Korea; Chungbuk National University; Daegu Haany University; Dankook University; Dankook University Hospital; Dong-Eui University; Ewha Womans University; Ewha Womans University Seoul Hospital; Gwangju Institute of Science and Technology; Gyeongsang National University; Hallym University; Hanmi Pharmaceutical (South Korea); Korea Food Research Institute; Korea Institute of Toxicology; Korea Research Institute of Bioscience and Biotechnology; Kosin University; Kyungpook National University; National Cancer Center; National Cancer Center Hospital; National Institute of Biological Resources; Pusan National University; Samsung Medical Center; Seoul National University; Seoul National University Hospital; Severance Hospital; Soonchunhyang University; Soonchunhyang University Hospital Cheonan; Sungkyunkwan University; The Catholic University of Korea Seoul St. Mary's Hospital; University of Ulsan; Wonju Severance Christian Hospital; Yeungnam University; Yonsei Proteome Research Center; Yonsei University; Yonsei University Health System; Yonsei University Mirae Campus,KR,yes,398,CpG methylation of the ERα# and ERβ genes in breast cancer,needs_review
A5100413485,Ji‐Hyun Lee,130,90,P0013; P0020; P0030; P0056; P0090; P0093; P0100; P0200; P0205; P0230; P0236; P0256; P0342; P0354; P0355; P0356; P0374; P0384; P0393; P0409; P0414; P0428; P0445; P0454; P0603; P0795; P0837; P0914; P0920; P1053; P1069; P1080; P1098; P1175; P1218; P1282; P1366; P1382; P1398; P1404; P1487; P1526; P1549; P1550; P1568; P1637; P1641; P1643; P1732; P1779; P1798; P1873; P1920; P1944; P1969; P1976; P1993; P2010; P2046; P2068; P2091; P2103; P2110; P2111; P2183; P2187; P2210; P2212; P2218; P2240; P2261; P2271; P2272; P2279; P2281; P2298; P2304; P2353; P2391; P2397; P2423; P2425; P2469; P2475; P2490; P2501; P2511; P2513; P2533; P2571,Ajou University; Asan Medical Center; CHA University; CHA University Bundang Medical Center; Catholic University of Korea; Chonnam National University Hwasun Hospital; Chosun University; Daegu Catholic University; Daegu Catholic University Medical Center; Dong-A University; Dong-A University Hospital; Duksung Women's University; Ewha Womans University; Ewha Womans University Medical Center; Ewha Womans University Mokdong Hospital; Ewha Womans University Seoul Hospital; Gachon University; Gachon University Gil Medical Center; Hanyang University Seoul Hospital; Inje University; Jeonbuk National University; Kangbuk Samsung Hospital; Korea Institute of Radiological and Medical Sciences; Korea University; Kyung Hee University; Lodestar Research Corporation (United States); Macrogen (South Korea); National Cancer Center; National Institute on Aging; National Institutes of Health; Pusan National University; Pusan National University Hospital; SNUH SMG-SNU Boramae Medical Center; Samsung Medical Center; Seoul National University; Seoul National University Bundang Hospital; Sungkyunkwan University; University of Ulsan; World Institute of Kimchi; Yonsei University; Yonsei University College of Dentistry,KR; US,yes,397,"Quantitative Assessment of Emphysema, Air Trapping, and Airway Thickening on Computed Tomography",needs_review
A5008074124,Kyong Soo Park,150,83,P0023; P0030; P0042; P0058; P0060; P0075; P0079; P0083; P0123; P0201; P0211; P0481; P0511; P0589; P0623; P0696; P0746; P0753; P0837; P0868; P0920; P0990; P0991; P1021; P1069; P1132; P1137; P1146; P1257; P1273; P1280; P1293; P1299; P1306; P1327; P1413; P1468; P1521; P1523; P1536; P1548; P1576; P1580; P1588; P1594; P1596; P1598; P1603; P1605; P1606; P1615; P1635; P1657; P1768; P1851; P1861; P1928; P1939; P1958; P1970; P1982; P1984; P2039; P2044; P2071; P2111; P2121; P2134; P2210; P2220; P2270; P2271; P2275; P2289; P2312; P2323; P2339; P2347; P2466; P2480; P2500; P2529; P2583,Ajou University; Gachon University; Hallym University; Hallym University Sacred Heart Hospital; Innovative Research Institute for Cell Therapy; Keimyung University; Keimyung University Dongsan Hospital; Keimyung University Dongsan Medical Center; Korea Institute of Science and Technology; Kyung Hee University; National Taiwan University; SNP Genetics (South Korea); SNUH SMG-SNU Boramae Medical Center; Seonam University; Seoul National University; Seoul National University Bundang Hospital; Seoul National University Hospital; Seoul National University Hospital Biomedical Research Institute; Siloam Eye Hospital; Sogang University; Sungkyunkwan University,KR; TW,yes,396,"DMC (2′,4′-dihydroxy-6′-methoxy-3′,5′-dimethylchalcone) improves glucose tolerance as a potent AMPK activator",needs_review
A5044958787,Cheolwon Suh,260,46,P0007; P0013; P0014; P0020; P0350; P0355; P0427; P0435; P0603; P0691; P0704; P0722; P1088; P1098; P1156; P1174; P1209; P1323; P1526; P1527; P1549; P1559; P1565; P1568; P1635; P1637; P1786; P1889; P1999; P2002; P2013; P2018; P2038; P2105; P2110; P2130; P2132; P2187; P2218; P2318; P2423; P2425; P2459; P2511; P2536; P2647,Akita University Hospital; Asan Medical Center; Catholic University of Korea; Chonnam National University Hwasun Hospital; Dankook University; Dong-A University; Ewha Womans University; Gachon University Gil Medical Center; Hanyang University; Jeonbuk National University; Korea University; Moffitt Cancer Center; National Cancer Center; National Cancer Center Hospital; National Hospital Organization Kyushu Cancer Center; Saitama International Medical Center; Samsung Medical Center; Seoul National University; Seoul National University Hospital; Severance Hospital; Sungkyunkwan University; The Catholic University of Korea Seoul St. Mary's Hospital; Tokai University; Toronto General Hospital; Ulsan University Hospital; University of Ulsan; Veterans Health Service Medical Center; Yokohama City University Hospital; Yonsei University; Yonsei University Health System,CA; JP; KR; US,yes,395,Assessment of bone marrow involvement in patients with lymphoma: report on a consensus meeting of the Korean Society of Hematology Lymphoma Working Party,needs_review
A5100621846,Seon‐Young Kim,176,74,P0028; P0034; P0093; P0163; P0220; P0291; P0477; P0536; P0594; P0673; P0745; P0753; P0783; P0928; P1000; P1002; P1003; P1020; P1030; P1157; P1159; P1165; P1169; P1170; P1174; P1176; P1183; P1184; P1195; P1198; P1199; P1202; P1205; P1209; P1210; P1211; P1229; P1252; P1258; P1273; P1295; P1328; P1387; P1423; P1437; P1459; P1519; P1525; P1535; P1548; P1562; P1574; P1722; P1763; P1812; P2011; P2034; P2165; P2196; P2271; P2339; P2370; P2388; P2397; P2399; P2423; P2485; P2487; P2491; P2539; P2583; P2597; P2689; P2718,"Asan Medical Center; Chungnam National University; Chungnam National University Hospital; Chungnam National University Sejong Hospital; Daegu Haany University; Daejeon Eulji Medical Center, Eulji University; Daejeon Technopark; Enzychem Lifesciences Corporation (South Korea); Eulji University; Ewha Womans University; Kongju National University; Korea Advanced Institute of Science and Technology; Korea Basic Science Institute; Korea Bioinformation Center; Korea Center for Disease Control and Prevention; Korea Institute of Science and Technology; Korea National Institute of Health; Korea Research Institute of Bioscience and Biotechnology; Korea University of Science and Technology; Korean Association Of Science and Technology Studies; Kwangju Women's University; Kyung Hee University; Kyungpook National University; LG Chem (South Korea); National Cancer Center; National Cancer Center Hospital; National Medical Center; Samsung Medical Center; Seoul National University; Seoul National University Bundang Hospital; Soonchunhyang University; Soonchunhyang University Hospital Cheonan; The University of Texas MD Anderson Cancer Center; Ulsan National Institute of Science and Technology; University of Science and Technology; University of Seoul; University of Ulsan; Wonkwang University; Yonsei University; Yonsei University Health System",KR; US; YE,yes,395,Intermediate cells of in vitro cellular reprogramming and in vivo tissue regeneration require desmoplakin,needs_review
A5042646691,Seung‐Ho Hur,283,38,P0007; P0030; P0511; P0524; P0580; P0600; P0920; P0926; P1022; P1214; P1416; P1944; P1976; P2123; P2134; P2167; P2171; P2210; P2216; P2226; P2233; P2270; P2272; P2279; P2289; P2327; P2338; P2342; P2356; P2366; P2414; P2432; P2452; P2457; P2483; P2509; P2513; P2666,Asan Medical Center; Catholic University of Korea; Chonnam National University Hospital; Chungnam National University; Chungnam National University Hospital; Chungnam National University Sejong Hospital; Dong-A University; Eulji Medical Center; Inje University; Inje University Busan Paik Hospital; Kangwon National University; Keimyung University; Keimyung University Daegu Dongsan Hospital; Keimyung University Dongsan Hospital; Keimyung University Dongsan Medical Center; Konyang University; Konyang University Hospital; Korea University; Korea University Anam Hospital; Korea University Guro Hospital; Korean Society of Cardiology; Kyungpook National University; Lodestar Research Corporation (United States); National Health Insurance Service Ilsan Hospital; Samsung Medical Center; Seoul National University; Seoul National University Bundang Hospital; Seoul National University Hospital; Severance Hospital; Sungkyunkwan University; The Catholic University of Korea Yeouido St. Mary's Hospital; Ulsan University Hospital; University of Ulsan; Wonju Severance Christian Hospital; Yeungnam University; Yeungnam University Medical Center; Yonsei University; Yonsei University Health System,KR; US,yes,394,Clinical influence of early follow-up glycosylated hemoglobin levels on cardiovascular outcomes in diabetic patients with ST-segment elevation myocardial infarction after coronary reperfusion,needs_review
A5036364665,Keon Wook Kang,184,71,P0033; P0040; P0042; P0050; P0067; P0075; P0079; P0114; P0123; P0204; P0245; P0306; P0317; P0337; P0505; P0526; P0594; P0623; P0696; P0698; P0704; P0707; P0711; P0977; P0988; P1000; P1145; P1352; P1413; P1421; P1441; P1517; P1518; P1519; P1522; P1527; P1528; P1532; P1541; P1542; P1545; P1551; P1568; P1569; P1656; P1672; P1746; P1768; P1779; P1788; P1827; P2001; P2008; P2054; P2101; P2103; P2105; P2120; P2125; P2137; P2268; P2274; P2298; P2300; P2319; P2543; P2570; P2582; P2584; P2617; P2623,"Armed Forces Capital Hospital; Chosun University; Chungnam National University; Eulji University; Ewha Womans University; Gwangju Institute of Science and Technology; Kyung Hee University; National Cancer Center; National Cancer Center Hospital; National Research Foundation of Korea; Seoul National University; Seoul National University Bundang Hospital; Seoul National University Hospital; Seoul National University Hospital Biomedical Research Institute; University of California, Irvine; Yeungnam University",KR; US,yes,394,"Protective effect of nectandrin B , a potent AMPK activator on neointima formation: inhibition of Pin1 expression through AMPK activation",needs_review
A5033342453,Duk‐Woo Park,333,21,P0219; P0580; P0722; P0907; P1156; P1517; P1536; P1907; P1944; P2105; P2132; P2134; P2167; P2171; P2210; P2226; P2233; P2270; P2279; P2337; P2656,Asan Medical Center; Cardiovascular Research Foundation; Catholic University of Korea; Chungnam National University; Chungnam National University Hospital; Chungnam National University Sejong Hospital; Eulji Medical Center; Gangneung Asan Hospital; Inje University; Kangbuk Samsung Hospital; Kangwon National University; Kangwon National University Hospital; Keimyung University; Keimyung University Dongsan Hospital; Keimyung University Dongsan Medical Center; Korea University; Korea University Guro Hospital; Kyung Hee University; Pusan National University; Pusan National University Yangsan Hospital; Seoul National University; Seoul National University Hospital; Soonchunhyang University Hospital Bucheon; Sungkyunkwan University; The Catholic University of Korea Seoul St. Mary's Hospital; The Catholic University of Korea Yeouido St. Mary's Hospital; Ulsan University Hospital; University of Ulsan; Wakayama Medical University,JP; KR; US,yes,393,Incremental Prognostic Value of Left Ventricular Global Longitudinal Strain in Patients with Preserved Ejection Fraction Undergoing Transcatheter Aortic Valve Implantation,needs_review
A5041807954,Myeong‐Chan Cho,260,45,P0007; P0030; P0214; P0434; P0446; P0600; P0722; P0920; P1157; P1214; P1257; P1426; P1576; P1580; P1588; P1594; P1596; P1612; P1615; P1773; P1949; P1955; P1999; P2123; P2134; P2135; P2171; P2210; P2226; P2270; P2272; P2279; P2289; P2338; P2342; P2356; P2366; P2414; P2432; P2452; P2457; P2509; P2513; P2583; P2647,Asan Medical Center; Catholic University of Korea; Chonnam National University Hospital; Chungbuk National University; Chungbuk National University Hospital; Gachon University Gil Medical Center; Korea National Institute of Health; Korean Society of Cardiology; Kosin University Gospel Hospital; Kyoto University; Kyung Hee University; Kyungpook National University; National Center for Global Health and Medicine; National Institutes of Health; Pontifícia Universidade Católica de São Paulo; Samsung Medical Center; Seoul National University Bundang Hospital; Sungkyunkwan University; Tulane University; University of Ulsan; Vanderbilt University,BR; JP; KR; US,yes,392,Optimal blood pressure target in the elderly: rationale and design of the HOW to Optimize eLDerly systolic Blood Pressure (HOWOLD-BP) trial,needs_review
A5100337398,Sung Soo Kim,133,87,P0192; P0200; P0201; P0208; P0291; P0337; P0408; P0422; P0486; P0493; P0625; P0691; P0707; P0753; P0843; P0855; P1027; P1083; P1156; P1162; P1188; P1190; P1211; P1214; P1215; P1222; P1230; P1239; P1255; P1300; P1304; P1326; P1429; P1456; P1461; P1464; P1467; P1473; P1475; P1522; P1526; P1548; P1565; P1576; P1580; P1588; P1592; P1594; P1595; P1598; P1609; P1626; P1637; P1645; P1646; P1649; P1696; P1731; P1746; P1841; P1894; P1940; P1941; P1982; P1999; P2017; P2059; P2111; P2117; P2122; P2130; P2154; P2196; P2210; P2243; P2256; P2292; P2305; P2408; P2437; P2475; P2529; P2533; P2538; P2547; P2558; P2573,Burke Medical Research Institute; Catholic University of Korea; Chung-Ang University; Cornell University; Jeonbuk National University; Jeonbuk National University Hospital; Kangwon National University; Korea Center for Disease Control and Prevention; Korea Disease Control and Prevention Agency; Korea Food Research Institute; Korea National Institute of Health; Korea Research Institute of Bioscience and Biotechnology; Korea Research Institute of Chemical Technology; Kyung Hee University; Kyung Hee University Medical Center; Kyungpook National University; Kyungpook National University Hospital; Pusan National University; Samsung (South Korea); Samsung Biomedical Research Institute; Samsung Medical Center; Seoul National University; Seoul National University Bundang Hospital; Seoul National University Hospital; Soonchunhyang University Hospital Bucheon; Sungkyunkwan University; The Catholic University of Korea Bucheon St. Mary's Hospital; The Catholic University of Korea Uijeongbu St. Mary's Hospital; The University of Texas MD Anderson Cancer Center; University of Seoul; University of Virginia; Weill Cornell Medicine; Yonsei University,KR; US,yes,391,A Novel PRKAR1A Mutation in Korean Carney Complex Family,needs_review
A5052064676,Byung‐Hee Oh,284,35,P0007; P0028; P0030; P0064; P0067; P0083; P0477; P0526; P0533; P0600; P0707; P0722; P1156; P1273; P1731; P1949; P2009; P2011; P2019; P2027; P2105; P2123; P2171; P2226; P2270; P2272; P2327; P2345; P2432; P2455; P2457; P2509; P2513; P2526; P2543,Asan Medical Center; Beth Israel Deaconess Medical Center; Boston University; Center for Vascular Biology Research; Chonnam National University Hospital; Chungnam National University; Dongguk University Ilsan Hospital; Gyeongsang National University; Gyeongsang National University Hospital; Harvard University; Incheon Medical Center; Innovative Research Institute for Cell Therapy; Keimyung University; Keimyung University Dongsan Hospital; Keimyung University Dongsan Medical Center; Konkuk University; Konkuk University Medical Center; Korea Advanced Institute of Science and Technology; Korea University; Korean Society of Cardiology; Pennsylvania State University; Pusan National University Hospital; Samsung Medical Center; Sejong General Hospital; Seoul National University; Seoul National University Bundang Hospital; Seoul National University Hospital; Severance Hospital; Sungkyunkwan University; University of Ulsan; Yonsei University,KR; US,yes,386,FOXO3a Turns the Tumor Necrosis Factor Receptor Signaling Towards Apoptosis Through Reciprocal Regulation of c-Jun N-Terminal Kinase and NF-κB,needs_review
A5066303894,Bang Yeon Hwang,275,38,P0028; P0036; P0055; P0277; P0486; P0488; P0700; P0705; P0738; P0804; P0962; P0996; P0999; P1000; P1069; P1155; P1160; P1163; P1166; P1171; P1181; P1187; P1194; P1208; P1324; P1326; P1330; P1343; P1370; P1435; P1915; P1933; P1935; P1940; P1942; P1971; P2332; P2444,Chungbuk National University; Chungnam National University; Dongguk University; Konkuk University; Korea Institute of Science and Technology; Korea Research Institute of Bioscience and Biotechnology; Korea University; Korea University of Science and Technology; Pusan National University; University of Kentucky; Wonkwang University,KR; US,yes,386,Antiproliferative Prenylated Xanthones and Benzophenones from the Roots of Cudrania tricuspidata in HSC-T6 Cells,needs_review
A5004166441,Seok Jin Kim,260,43,P0006; P0007; P0013; P0014; P0020; P0028; P0050; P0201; P0355; P0359; P0393; P0456; P0484; P0542; P0603; P0693; P1001; P1098; P1209; P1323; P1329; P1526; P1549; P1568; P1570; P1635; P1637; P1642; P1767; P2104; P2110; P2136; P2174; P2218; P2423; P2425; P2436; P2459; P2472; P2511; P2539; P2562; P2672,Akita University Hospital; Asan Medical Center; Chonnam National University Hwasun Hospital; Chungnam National University; Dong-A University; Dong-A University Hospital; Hanyang University; Konkuk University; Konkuk University Medical Center; Korea Advanced Institute of Science and Technology; Korea University; Korea University Anam Hospital; Korea University Medical Center; National Cancer Center; National Cancer Center Hospital; National Health Insurance Service Ilsan Hospital; National Hospital Organization Kyushu Cancer Center; Pusan National University Hospital; Research Institute for Future Medicine; Saitama International Medical Center; Samsung (South Korea); Samsung Changwon Hospital; Samsung Medical Center; Samsung Seoul Hospital; Seoul National University Hospital; Severance Hospital; Soonchunhyang University Hospital Bucheon; Sungkyunkwan University; Tokai University; Ulsan University Hospital; University of Ulsan; Yokohama City University Hospital; Yonsei University; Yonsei University Health System,JP; KR,yes,386,Alterations in the Transcriptional Programs of Myeloma Cells and the Microenvironment during Extramedullary Progression Affect Proliferation and Immune Evasion,needs_review
A5073243425,Kyung‐Tae Lee,221,56,P0021; P0028; P0069; P0195; P0200; P0291; P0376; P0560; P0691; P0703; P0711; P0872; P0920; P0945; P0962; P1127; P1130; P1143; P1147; P1155; P1169; P1181; P1330; P1331; P1345; P1350; P1464; P1467; P1475; P1483; P1508; P1520; P1596; P1618; P1626; P1709; P1758; P1804; P1811; P1895; P1940; P1941; P2002; P2090; P2256; P2277; P2319; P2347; P2369; P2392; P2397; P2399; P2469; P2476; P2496; P2570,Cosmax Inc. (South Korea); Jeonbuk National University; Johns Hopkins Medicine; Johns Hopkins University; Korea Institute of Oriental Medicine; Korea Institute of Science and Technology; Korea National Institute of Health; Korea University; Kyung Hee University; Kyung Hee University Medical Center; Kyungsung University; Samsung Medical Center; Sangji University; Sungkyunkwan University,KR; US,yes,386,"6,6′-Bieckol, isolated from marine alga Ecklonia cava, suppressed LPS-induced nitric oxide and PGE2 production and inflammatory cytokine expression in macrophages: The inhibition of NFκB",needs_review
A5100452365,Woo Jin Kim,148,80,P0028; P0114; P0157; P0201; P0245; P0284; P0364; P0409; P0475; P0481; P0635; P0774; P0999; P1084; P1098; P1190; P1282; P1388; P1409; P1417; P1521; P1526; P1527; P1536; P1565; P1568; P1612; P1762; P1763; P1779; P1789; P1798; P1806; P1817; P1862; P1920; P1933; P1984; P1987; P2001; P2010; P2017; P2022; P2023; P2031; P2041; P2048; P2052; P2062; P2068; P2076; P2093; P2124; P2133; P2135; P2153; P2166; P2171; P2172; P2174; P2196; P2219; P2261; P2271; P2272; P2278; P2279; P2289; P2304; P2351; P2388; P2390; P2491; P2512; P2522; P2528; P2530; P2572; P2587; P2672,Brigham and Women's Hospital; Catholic University of Korea; Cheju Halla General Hospital; Chonnam National University; Chonnam National University Hospital; Chungbuk National University; Dong-A University; Dong-A University Hospital; Kangwon National University; Kangwon National University Hospital; Korea Institute of Toxicology; Korea University; Kwangju Christian Hospital; Lovelace Respiratory Research Institute; Ministry of Health and Welfare; National Fisheries Research and Development Institute; National Institute of Fisheries Science; Pusan National University; Pusan National University Yangsan Hospital; SNUH SMG-SNU Boramae Medical Center; Seoul National University; Seoul National University Dental Hospital; The Catholic University of Korea Seoul St. Mary's Hospital; University of Ulsan,KR; PH; US,yes,385,Responses to inhaled long-acting beta-agonist and corticosteroid according to COPD subtype,needs_review
A5033463484,Keun‐Sik Hong,285,34,P0030; P0297; P0379; P0380; P0532; P0535; P0569; P0722; P1412; P1522; P1530; P1538; P1566; P1746; P1751; P1912; P1949; P2005; P2019; P2020; P2027; P2031; P2032; P2050; P2140; P2271; P2302; P2329; P2471; P2474; P2490; P2518; P2522; P2689,"Ajou University; Asan Medical Center; Catholic University of Korea; Chinese University of Hong Kong; Chonnam National University; Chonnam National University Hospital; Chosun University; Chungbuk National University; Chungbuk National University Hospital; Daejeon Eulji Medical Center, Eulji University; Dong-A University Hospital; Dongguk University; Dongguk University Ilsan Hospital; Eulji Medical Center; Eulji University; Eulji University Nowon Eulji Medical Center; Eulji University Uijeongbu Eulji Medical Center; Hallym University; Hallym University Dongtan Sacred Heart Hospital; Hallym University Medical Center; Hallym University Sacred Heart Hospital; Inje University; Inje University Busan Paik Hospital; Inje University Ilsan Paik Hospital; Inje University Sanggye Paik Hospital; Jeju National University; Kangdong Sacred Heart Hospital; Keimyung University; Keimyung University Dongsan Medical Center; Kobe University; Korea University Ansan Hospital; Kyung Hee University; Kyungpook National University; Kyungpook National University Hospital; Samsung Medical Center; Seoul Medical Center; Seoul National University; Seoul National University Bundang Hospital; Seoul National University Hospital; Soonchunhyang University Hospital Seoul; Sungkyunkwan University; The Catholic University of Korea Seoul St. Mary's Hospital; The University of Texas MD Anderson Cancer Center; Ulsan University Hospital; University of California, Los Angeles; University of Southern California; University of Ulsan; University of Wisconsin–Madison; Yeungnam University; Yeungnam University Medical Center; Yonsei University; Yonsei University Health System",HK; JP; KR; US,yes,384,Stroke Statistics in Korea: Part I. Epidemiology and Risk Factors: A Report from the Korean Stroke Society and Clinical Research Center for Stroke,needs_review
A5057387325,Seung‐Ki Kim,288,32,P0028; P0057; P0060; P0114; P0250; P0364; P0442; P0484; P0601; P0606; P0695; P0696; P0986; P1152; P1154; P1189; P1195; P1301; P1306; P1352; P1423; P1522; P1534; P1548; P1575; P1917; P2043; P2069; P2131; P2211; P2270; P2543,Ajou University; Brigham and Women's Hospital; CHA University; CHA University Bundang Medical Center; Chung-Ang University; Clinical Research Institute; Gachon University Gil Medical Center; Gyeongsang National University; Gyeongsang National University Hospital; Harvard University; Konkuk University; Konkuk University Medical Center; Korea Research Institute of Bioscience and Biotechnology; Korean Neurosurgical Society; McGill University; McMaster University; National Cancer Center; Samsung (South Korea); Samsung Biomedical Research Institute; Samsung Medical Center; Seoul National University; Seoul National University Bundang Hospital; Seoul National University Cancer Hospital; Seoul National University Children's Hospital; Seoul National University Hospital; Seoul National University Hospital Biomedical Research Institute; Soonchunhyang University Hospital Bucheon; Sunchon National University; Sungkyunkwan University; The Catholic University of Korea Seoul St. Mary's Hospital; University Medical Center Hamburg-Eppendorf; University of British Columbia; University of British Columbia Hospital; University of Toronto; Wooridul Hospital; Yeungnam University; Yeungnam University Medical Center,CA; DE; KR; US,yes,381,The telomere maintenance mechanism spectrum and its dynamics in gliomas,needs_review
A5033232203,Hye Sun Lee,189,65,P0023; P0099; P0326; P0337; P0379; P0389; P0401; P0416; P0434; P0527; P0535; P0696; P0707; P0722; P0753; P0769; P0811; P0829; P0920; P0991; P1252; P1516; P1526; P1527; P1530; P1536; P1590; P1637; P1640; P1678; P1681; P1750; P1756; P1773; P1778; P1793; P1799; P1812; P1825; P1949; P1953; P1954; P1969; P1970; P2018; P2019; P2031; P2076; P2078; P2131; P2139; P2140; P2212; P2217; P2241; P2252; P2302; P2355; P2464; P2468; P2502; P2529; P2539; P2617; P2696,CHA University; CHA University Bundang Medical Center; CHA University Bundang Women's Medical Center; Catholic University of Korea; Daegu Catholic University; Daegu Catholic University Medical Center; Daejeon University; Eulji University Nowon Eulji Medical Center; Ewha Womans University; Ewha Womans University Seoul Hospital; Gachon University; Gachon University Gil Medical Center; Gangnam Severance Hospital; Hankuk University of Foreign Studies; Hanyang University; Hanyang University Seoul Hospital; Harvard University; Inje University; Inje University Sanggye Paik Hospital; Korea Advanced Institute of Science and Technology; Korea Institute of Ceramic Engineering and Technology; Korea University; Korea University Medical Center; Kosin University Gospel Hospital; Massachusetts Eye and Ear Infirmary; Mayo Clinic; Military Manpower Administration; Pohang University of Science and Technology; Pusan National University; Research Institute for Future Medicine; Samsung Medical Center; Seoul National University; Seoul National University Hospital; Severance Hospital; The Catholic University of Korea Seoul St. Mary's Hospital; Yongin Severance Hospital; Yonsei University; Yonsei University Health System,KR; US,yes,381,Impact of host-pathogen-treatment tripartite components on early mortality of patients with Escherichia coli bloodstream infection: Prospective observational study,needs_review
A5100454659,Dong‐Hyun Kim,123,87,P0050; P0066; P0068; P0075; P0134; P0142; P0149; P0204; P0272; P0277; P0285; P0299; P0477; P0494; P0495; P0498; P0572; P0589; P0597; P0682; P0685; P0687; P0691; P0737; P0968; P1046; P1051; P1108; P1113; P1145; P1156; P1161; P1189; P1197; P1209; P1216; P1221; P1254; P1298; P1305; P1330; P1353; P1387; P1388; P1393; P1409; P1411; P1422; P1489; P1518; P1521; P1634; P1698; P1779; P1802; P1821; P1832; P1843; P1849; P1896; P1939; P1940; P1948; P1982; P2062; P2076; P2101; P2108; P2160; P2210; P2213; P2296; P2326; P2344; P2345; P2353; P2387; P2388; P2410; P2415; P2470; P2494; P2530; P2561; P2567; P2597; P2695,Ajou University; Amorepacific (South Korea); Chonnam National University; Chonnam National University Hospital; Chungnam National University; Daegu-Gyeongbuk Medical Innovation Foundation; Dongguk University; Ewha Womans University; Hallym University; Hankyong National University; Hanyang University; Hoseo University; Inje University; Inje University Busan Paik Hospital; Inje University Paik Hospital; Konkuk University; Korea Brain Research Institute; Korea Electrotechnology Research Institute; Korea Food Research Institute; Korea Institute of Science and Technology; Korea Research Institute of Bioscience and Biotechnology; Korea University; Korean Association Of Science and Technology Studies; Kyung Hee University; Kyungpook National University; Leon Wiltse Memorial Hospital; Myongji University; National Institutes of Health; Pohang University of Science and Technology; Pusan National University; Seoul National University; Seoul National University Hospital; Sungkyunkwan University; Wonkwang University; Yeungnam University; Yonsei University; YuYu Pharma (South Korea),KR; US,yes,381,Effects of Physical Burden and Musculoskeletal Symptoms on Job Stress in Hospital Workers,needs_review
A5100754107,Chang Gyu Park,265,39,P0007; P0030; P0075; P0291; P0379; P0434; P0446; P0580; P0722; P1385; P1573; P1773; P1944; P1949; P1955; P2019; P2056; P2083; P2105; P2117; P2123; P2124; P2134; P2161; P2164; P2167; P2171; P2226; P2233; P2270; P2338; P2342; P2356; P2366; P2414; P2432; P2496; P2509; P2513,Alvogen (South Korea); Catholic University of Korea; Chonnam National University Hospital; Chungnam National University; Eulji Medical Center; Eulji University Nowon Eulji Medical Center; Gachon University; Gachon University Gil Medical Center; Government of the Republic of China; Korea University; Korea University Guro Hospital; Korea University Medical Center; Kosin University; Kosin University Gospel Hospital; Pusan National University; Samsung Changwon Hospital; Second Hospital of Tianjin Medical University; Seoul National University Bundang Hospital; Severance Hospital; Soonchunhyang University; Soonchunhyang University Hospital Cheonan; Sungkyunkwan University; Tianjin Medical University; Tianjin Nankai Hospital; Wonkwang University; Wonkwang University Hospital; Wonkwang University Sanbon Hospital; Yonsei University; Yonsei University Health System,CN; KR; TW,yes,379,"Comparison of Fixed-dose Combinations of Amlodipine/Losartan Potassium/Chlorthalidone and Amlodipine/Losartan Potassium in Patients With Stage 2 Hypertension Inadequately Controlled With Amlodipine/Losartan Potassium: A Randomized, Double-blind, Multicenter, Phase III Study",needs_review
A5084081275,Young Ju Lee,139,81,P0028; P0038; P0057; P0083; P0142; P0200; P0201; P0349; P0364; P0390; P0407; P0409; P0415; P0498; P0541; P0560; P0562; P0604; P0674; P0689; P0707; P0737; P0738; P0836; P0909; P0914; P0991; P1145; P1214; P1340; P1393; P1397; P1400; P1406; P1518; P1519; P1530; P1545; P1562; P1671; P1747; P1748; P1762; P1776; P1843; P1939; P1943; P1957; P1982; P1984; P2001; P2004; P2015; P2105; P2107; P2112; P2120; P2125; P2132; P2135; P2137; P2140; P2148; P2150; P2231; P2274; P2275; P2276; P2287; P2346; P2410; P2425; P2458; P2475; P2539; P2570; P2571; P2572; P2623; P2681; P2702,Ajou University; Asan Medical Center; Chosun University; Chung-Ang University; Chungbuk National University; Ewha Womans University; Ewha Womans University Mokdong Hospital; Gangnam Severance Hospital; Gwangju Institute of Science and Technology; Hallym University; Hanyang University; Kangbuk Samsung Hospital; Keimyung University; Korea Basic Science Institute; Korea Institute of Science and Technology; Korea Institute of Toxicology; Korea University; Korean Association Of Science and Technology Studies; Kyung Hee University; Kyung Hee University Medical Center; Kyungpook National University; National Cancer Center; National Cancer Center Hospital; National Institute of Food and Drug Safety Evaluation; Pusan National University; Sejong University; Seoul National University; Soonchunhyang University; Soonchunhyang University Hospital Seoul; Sungkyunkwan University; University of Ulsan; Yeungnam University; Yonsei University,KR,yes,379,Markers of poor outcome in patients with acute hypoxemic respiratory failure,needs_review
A5053578226,Dae Hwan Kang,306,25,P0040; P0428; P0498; P0707; P1523; P1536; P1750; P1754; P1807; P1809; P1964; P2009; P2052; P2101; P2102; P2112; P2113; P2117; P2124; P2131; P2135; P2144; P2153; P2160; P2334,Creative Commons; Institute for Research in Biomedicine; Pusan National University; Pusan National University Hospital; Pusan National University Yangsan Hospital,ES; KR; US,yes,378,A case of mediastinal cystic lymphangioma.,needs_review
A5060322031,Seok‐Min Kang,236,48,P0007; P0030; P0253; P0434; P0446; P0471; P0511; P0580; P0722; P0963; P1153; P1252; P1253; P1294; P1411; P1473; P1481; P1506; P1773; P1914; P1944; P1946; P1949; P1955; P1983; P2056; P2060; P2064; P2071; P2072; P2085; P2134; P2167; P2171; P2190; P2216; P2270; P2322; P2391; P2410; P2428; P2432; P2456; P2502; P2509; P2513; P2538; P2592,Catholic University of Korea; Cheil General Hospital and Women's Healthcare Center; Chonnam National University Hospital; Chungbuk National University; Chungbuk National University Hospital; Dankook University; Gachon University Gil Medical Center; Gyeongsang National University; Inje University; Inje University Busan Paik Hospital; Inje University Paik Hospital; Institute for Basic Science; Jeju National University; Jeju National University Hospital; Johns Hopkins University; Kangbuk Samsung Hospital; Korea Advanced Institute of Science and Technology; Korea Brain Research Institute; Korea University Guro Hospital; Samsung Medical Center; Seoul National University; Seoul National University Bundang Hospital; Seoul National University Hospital; Severance Hospital; St. Paul's Hospital; Sungkyunkwan University; The Catholic University of Korea Seoul St. Mary's Hospital; Wonju Severance Christian Hospital; Yonsei University; Yonsei University Health System,KR; US,yes,377,"Comparison of Fixed-dose Combinations of Amlodipine/Losartan Potassium/Chlorthalidone and Amlodipine/Losartan Potassium in Patients With Stage 2 Hypertension Inadequately Controlled With Amlodipine/Losartan Potassium: A Randomized, Double-blind, Multicenter, Phase III Study",needs_review
A5100764546,Jung‐Sun Kim,176,68,P0007; P0030; P0032; P0034; P0050; P0319; P0379; P0416; P0434; P0485; P0491; P0562; P0580; P0641; P0722; P0907; P1153; P1221; P1398; P1455; P1517; P1529; P1533; P1535; P1539; P1544; P1637; P1666; P1791; P1873; P1944; P1976; P1983; P2003; P2056; P2064; P2065; P2072; P2078; P2101; P2140; P2167; P2210; P2211; P2226; P2233; P2249; P2270; P2272; P2279; P2322; P2330; P2338; P2342; P2357; P2366; P2414; P2425; P2432; P2440; P2452; P2457; P2509; P2513; P2592; P2597; P2687; P2691,Asan Medical Center; Brigham and Women's Hospital; CHA University; CHA University Bundang Medical Center; Campus Bio Medico University Hospital; Cardiovascular Research Foundation; Chonnam National University Hospital; Chungnam National University Sejong Hospital; Clinica Mediterranea; Columbia University Irving Medical Center; Dongguk University Ilsan Hospital; Dongseo University; Ewha Womans University; Ewha Womans University Medical Center; Ewha Womans University Mokdong Hospital; Ewha Womans University Seoul Hospital; Gachon University Gil Medical Center; Gangnam Severance Hospital; Hallym University Sacred Heart Hospital; Hanyang University; IRCCS Ospedale San Raffaele; Kangwon National University; Korea Institute of Radiological and Medical Sciences; Korea University Anam Hospital; Korea University Ansan Hospital; Korea University Guro Hospital; Kyung Hee University; Kyungpook National University Hospital; Kyungpook National University Medical Center; Lodestar Research Corporation (United States); National Cancer Center; NewYork–Presbyterian Hospital; Ospedale San Filippo Neri; Rural Development Administration; Samsung Medical Center; Sanofi (South Korea); Sejong General Hospital; Seoul National University; Seoul National University Hospital; Severance Hospital; Soonchunhyang University; Soonchunhyang University Hospital Cheonan; Sungkyunkwan University; The Catholic University of Korea Bucheon St. Mary's Hospital; University Hospital of Bern; University of Bologna; University of Ulsan; Università Campus Bio-Medico; Wonkwang University; Wonkwang University Sanbon Hospital; Yonsei University; Yonsei University Health System,CH; IT; KR; US,yes,377,The outcome of preoperative chemotherapy followed by surgery and upfront surgery for liver metastases from colorectal cancer.,needs_review
A5100360892,Min Jung Kim,115,88,P0057; P0098; P0114; P0115; P0205; P0228; P0275; P0291; P0297; P0401; P0408; P0435; P0493; P0498; P0588; P0722; P0755; P0920; P0935; P1141; P1168; P1322; P1355; P1383; P1406; P1424; P1463; P1471; P1473; P1482; P1488; P1489; P1496; P1507; P1517; P1518; P1520; P1524; P1529; P1530; P1533; P1536; P1537; P1539; P1543; P1544; P1546; P1554; P1558; P1563; P1569; P1571; P1587; P1678; P1682; P1836; P1923; P1929; P1946; P2008; P2011; P2019; P2025; P2035; P2089; P2139; P2216; P2269; P2271; P2276; P2281; P2308; P2318; P2321; P2408; P2419; P2429; P2433; P2436; P2448; P2463; P2464; P2487; P2489; P2515; P2572; P2664; P2705,Ajou University; Asan Medical Center; CHA University; Catholic University of Korea; Chosun University; Chungnam National University; Gyeongsang National University; Hallym University Sacred Heart Hospital; Hanyang University; Inha University; Inha University Hospital; Jeju National University; Jeju National University Hospital; Kangwon National University; Kangwon National University Hospital; Keimyung University; Korea Food Research Institute; Korea Institute of Oriental Medicine; Korea Institute of Science and Technology; Korea Institute of Toxicology; Korea University of Science and Technology; Korean Association Of Science and Technology Studies; Kyung Hee University; LG (South Korea); National Cancer Center; National Cancer Center Hospital; National Police Hospital; Presbyterian Medical Center; Pusan National University; Pusan National University Yangsan Hospital; SNUH SMG-SNU Boramae Medical Center; Samsung Medical Center; Sejong University; Seoul Metropolitan Government; Seoul National University; Seoul National University Hospital; Severance Hospital; Sookmyung Women's University; Soonchunhyang University; Soonchunhyang University Hospital Seoul; Sungkyunkwan University; University of Ulsan; Wonkwang University; Yeungnam University; Yeungnam University College; Yeungnam University Medical Center; Yong In University; Yonsei University; Yonsei University Health System,KR,yes,376,Effect of Digital Mammography for Breast Cancer Screening: A Comparative Study of More than 8 Million Korean Women,needs_review
A5101615430,Dae Won Kim,228,50,P0168; P0211; P0267; P0275; P0429; P0550; P0619; P0684; P0984; P1031; P1093; P1111; P1113; P1126; P1132; P1183; P1195; P1245; P1424; P1459; P1544; P1570; P1586; P1599; P1625; P1636; P1682; P1752; P1769; P1811; P1890; P1942; P1958; P1999; P2004; P2005; P2006; P2012; P2015; P2018; P2033; P2044; P2047; P2049; P2122; P2123; P2342; P2426; P2493; P2678,Catholic University of Korea; Chungnam National University; Convergence Research Center for Diagnosis Treatment and Care System of Dementia; Dankook University; Gangneung–Wonju National University; Hallym University; Hallym University Chuncheon Sacred Heart Hospital; Kangwon National University; Konkuk University; Korea Center for Disease Control and Prevention; Korea Institute of Science and Technology; Korea National Institute of Health; Korea Research Institute of Bioscience and Biotechnology; Korea University; Korea University of Science and Technology; Kyungpook National University; Moffitt Cancer Center; National Institute of Animal Science; Research Institute for Bioscience and Biotechnology; Research Institute for Veterinary Science; Rural Development Administration; Samsung Biomedical Research Institute; Samsung Medical Center; Seoul National University; Seoul National University of Science and Technology; Soonchunhyang University; Sungkyunkwan University; The Catholic University of Korea Daejeon St. Mary's Hospital,KR; NP; US,yes,375,"Carriable, Quantitative, and Ultrasensitive Serological Assay for Exosome-Bound Amyloid Beta",needs_review
A5002067880,In Koo Hwang,279,32,P0180; P0238; P0267; P0751; P0984; P1031; P1182; P1203; P1255; P1424; P1437; P1456; P1459; P1482; P1496; P1682; P1811; P1815; P1844; P1958; P1967; P1970; P2006; P2015; P2044; P2049; P2067; P2106; P2169; P2330; P2408; P2477,Chonnam National University; Gangneung–Wonju National University; Hallym University; Kangwon National University; Korea Food Research Institute; Research Institute for Veterinary Science; Seoul National University,KR,yes,372,Tat-Cannabinoid Receptor Interacting Protein Reduces Ischemia-Induced Neuronal Damage and Its Possible Relationship with 14-3-3η,needs_review
A5080295544,Bhumsuk Keam,219,52,P0023; P0028; P0057; P0064; P0067; P0079; P0200; P0209; P0250; P0253; P0350; P0696; P0722; P0779; P0998; P1132; P1519; P1520; P1531; P1543; P1544; P1545; P1553; P1554; P1560; P1563; P1567; P1568; P1571; P1576; P1580; P1594; P1623; P1697; P1709; P1715; P1731; P1732; P1747; P1952; P1968; P2002; P2074; P2176; P2210; P2215; P2269; P2423; P2425; P2475; P2538; P2562,Chungnam National University Hospital; Korea Advanced Institute of Science and Technology; Korea Institute of Science & Technology Information; Korea National Institute of Health; Samsung Medical Center; Seoul National University; Seoul National University Hospital; Sungkyunkwan University,KR,yes,372,Clonal History and Genetic Predictors of Transformation Into Small-Cell Carcinomas From Lung Adenocarcinomas,needs_review
A5091726021,Sue K. Park,181,64,P0028; P0064; P0115; P0322; P0329; P0358; P0384; P0606; P0624; P0722; P0986; P0997; P1021; P1328; P1352; P1521; P1523; P1525; P1527; P1534; P1536; P1537; P1550; P1552; P1554; P1558; P1559; P1578; P1588; P1595; P1598; P1612; P1621; P1634; P1731; P1751; P1754; P1782; P1788; P1873; P1889; P1930; P1974; P1980; P1999; P2009; P2045; P2054; P2066; P2078; P2102; P2112; P2117; P2134; P2139; P2160; P2210; P2270; P2271; P2334; P2339; P2359; P2509; P2513,Asan Medical Center; Cancer Research Institute; Division of Cancer Epidemiology and Genetics; Dongguk University Ilsan Hospital; Kangwon National University; Konkuk University; Korea Disease Control and Prevention Agency; Korea National Open University; Korea University; Korean College of Helicobacter and Upper Gastrointestinal Research; Kyungpook National University; Kyungpook National University Hospital; National Cancer Center; National Cancer Institute; Seoul National University; Seoul National University Bundang Hospital; Seoul National University Hospital; Shanghai Cancer Institute; State Key Laboratory of Oncogene and Related Genes; University of Ulsan; Vanderbilt University; Vanderbilt-Ingram Cancer Center; Yonsei University,CN; KR; US,yes,370,A genome-wide association study identifies a breast cancer risk variant in ERBB4 at 2q34: results from the Seoul Breast Cancer Study,needs_review
A5100643662,Taesung Park,183,63,P0028; P0040; P0043; P0057; P0078; P0100; P0105; P0201; P0205; P0231; P0240; P0249; P0337; P0463; P0484; P0493; P0503; P0560; P0766; P0779; P0792; P0795; P1069; P1210; P1251; P1302; P1411; P1424; P1438; P1517; P1523; P1533; P1535; P1551; P1555; P1564; P1576; P1580; P1588; P1594; P1612; P1731; P1747; P1775; P1828; P1893; P1908; P1981; P1999; P2012; P2025; P2110; P2140; P2201; P2210; P2286; P2458; P2525; P2529; P2536; P2572; P2585; P2600,Case Western Reserve University; Eunice Kennedy Shriver National Institute of Child Health and Human Development; Ewha Womans University; Ewha Womans University Medical Center; Ewha Womans University Seoul Hospital; Hankuk University of Foreign Studies; Iowa State University; Kyungil University; National Institute of Horticultural and Herbal Science; Sejong University; Seoul National University; Sookmyung Women's University; Soongsil University; The University of Texas MD Anderson Cancer Center; University of Pittsburgh; University of Wisconsin–Madison; Yonsei University; Yonsei University Health System,KR; US,yes,369,Identification of Novel Reference Genes Using Multiplatform Expression Data and Their Validation for Quantitative Gene Expression Analysis,needs_review
A5100609750,Dongho Lee,159,70,P0055; P0100; P0149; P0200; P0210; P0220; P0230; P0285; P0307; P0466; P0471; P0486; P0703; P0707; P0783; P0821; P0848; P0975; P0981; P0999; P1000; P1092; P1102; P1126; P1130; P1155; P1156; P1160; P1163; P1166; P1171; P1180; P1181; P1184; P1187; P1189; P1206; P1207; P1212; P1217; P1244; P1330; P1331; P1350; P1370; P1376; P1531; P1561; P1618; P1687; P1810; P1820; P1841; P1933; P1942; P1971; P1990; P2064; P2072; P2277; P2322; P2332; P2399; P2419; P2463; P2547; P2595; P2612; P2657; P2663,Chosun University; Chung-Ang University; Chungbuk National University; Chungnam National University; Dankook University; Dongguk University; Ewha Womans University; Gachon University; Inje University; Jeonbuk National University; Kangwon National University; Konkuk University; Korea Institute of Oriental Medicine; Korea Research Institute of Bioscience and Biotechnology; Korea University; Kyung Hee University; Ministry of Food and Drug Safety; National Academy of Agricultural Science; Sejong University; Seoul National University; Seoul National University Hospital; Silla University; Sun Moon University; Sungkyunkwan University; University of Illinois Chicago,JP; KR; US,yes,366,BAX is an essential key mediator of AP5M1-induced apoptosis in cervical carcinoma cells,needs_review
A5078229156,Soo Young Choi,206,54,P0014; P0050; P0114; P0168; P0238; P0267; P0279; P0346; P0355; P0367; P0403; P0504; P0616; P0619; P0693; P0706; P0733; P0754; P0984; P1102; P1526; P1622; P1660; P1666; P1682; P1791; P1811; P1844; P1890; P1905; P1958; P1970; P1984; P1999; P2004; P2006; P2012; P2015; P2018; P2033; P2044; P2047; P2049; P2071; P2107; P2110; P2179; P2184; P2192; P2362; P2469; P2563; P2624; P2678,Catholic University of Korea; Ewha Womans University; Ewha Womans University Medical Center; Ewha Womans University Mokdong Hospital; Hallym University; Hanil General Hospital; Hanyang University; Inha University; JW Pharmaceutical (South Korea); Korea Research Institute of Bioscience and Biotechnology; Korea Research Institute of Chemical Technology; Kosin University; Ministry of Food and Drug Safety; Research Institute for Bioscience and Biotechnology; Seoul National University; The Catholic University of Korea Seoul St. Mary's Hospital; University of Ulsan; Yonsei University,KR; NP,yes,365,Diagnostic usefulness of dermoscopy in differentiating lichen aureus from nummular eczema,needs_review
A5006050449,Ki Won Lee,201,55,P0002; P0034; P0050; P0060; P0182; P0231; P0233; P0245; P0277; P0461; P0684; P0961; P1062; P1074; P1137; P1163; P1166; P1182; P1190; P1214; P1254; P1260; P1295; P1396; P1412; P1424; P1430; P1469; P1494; P1496; P1706; P1819; P1826; P1890; P1893; P1894; P1940; P1973; P1999; P2012; P2044; P2107; P2130; P2140; P2143; P2165; P2195; P2249; P2337; P2448; P2469; P2564; P2590; P2617; P2682,Advanced Institute of Convergence Technology; Central South University; Cornell University; Daegu University; Gyeongsang National University; Hallym University; Harvard University; Keimyung University; Konkuk University; Konyang University; Korea Food Research Institute; Korea Research Institute of Bioscience and Biotechnology; Kwangdong Pharmaceutical; Kyung Hee University; Kyungpook National University; Nakdonggang National Institute of Biological Resources; National Cancer Institute; National Institute of Animal Science; National Institutes of Health; Ottawa Hospital Research Institute; Research Institute for Veterinary Science; Second Xiangya Hospital of Central South University; Seoul National University; University of Minnesota; University of Ottawa; Zhengzhou University,CA; CN; KR; US,yes,363,Isoliquiritigenin Induces Apoptosis and Inhibits Xenograft Tumor Growth of Human Lung Cancer Cells by Targeting Both Wild Type and L858R/T790M Mutant EGFR,needs_review
A5100609256,Hyo‐Jung Lee,165,67,P0030; P0077; P0195; P0216; P0291; P0346; P0367; P0379; P0503; P0542; P0631; P0686; P0722; P0822; P0905; P0927; P0959; P1069; P1156; P1161; P1165; P1188; P1193; P1252; P1257; P1322; P1326; P1338; P1368; P1548; P1579; P1580; P1588; P1596; P1615; P1620; P1623; P1656; P1747; P1759; P1800; P1959; P1985; P2043; P2180; P2212; P2217; P2229; P2271; P2274; P2281; P2285; P2297; P2305; P2314; P2369; P2413; P2417; P2455; P2536; P2539; P2545; P2618; P2622; P2626; P2674; P2676,Ajou University; Asan Medical Center; Chonnam National University; Chosun University; Chung-Ang University; Chungbuk National University; Daegu Catholic University; Daegu Gyeongbuk Institute of Science and Technology; Dong-A ST (South Korea); Ewha Womans University; Gwangju Institute of Science and Technology; Gyeongsang National University; Institut Pasteur Korea; Keimyung University; Korea Atomic Energy Research Institute; Korea National Institute of Health; Korea Research Institute of Bioscience and Biotechnology; Korea University; Korea University Medical Center; Kyung Hee University; Kyung Hee University Medical Center; Kyungpook National University; Ministry of Food and Drug Safety; National Cancer Center; Seoul National University; Seoul National University Bundang Hospital; University of Florida; University of Minnesota; University of Ulsan; Yonsei University,JP; KR; US,yes,363,"High resolution depth distribution of Bacteria, Archaea, methanotrophs, and methanogens in the bulk and rhizosphere soils of a flooded rice paddy",needs_review
A5006412769,Sang Hoon Ahn,251,38,P0098; P0342; P0405; P0409; P0745; P0912; P0920; P0923; P1323; P1326; P1413; P1443; P1517; P1521; P1528; P1529; P1532; P1563; P1571; P1623; P1732; P1734; P1747; P1793; P1921; P1999; P2004; P2078; P2095; P2096; P2113; P2117; P2136; P2156; P2181; P2254; P2275; P2306,American College of Gastroenterology; Asan Medical Center; Beijing Friendship Hospital; CHA University Bundang Medical Center; Chung-Ang University; Chungnam National University; Gangnam Severance Hospital; Hallym University; Hallym University Sacred Heart Hospital; Hanyang University; Jeonbuk National University; Konkuk University; Korea University; Kyungpook National University; Pusan National University; Seoul National University; Seoul National University Bundang Hospital; Severance Hospital; Soonchunhyang University; Soonchunhyang University Hospital Bucheon; Sungkyunkwan University; University of Southern California; University of Ulsan; Victorian Infectious Diseases Reference Laboratory; Yonsei Cancer Hospital; Yonsei University; Yonsei University Health System; Yonsei University Mirae Campus,AU; CN; KR; US,yes,362,Correlation between quantitative serum HBsAg and HBV DNA test in Korean patients who showed high level of HBsAg,needs_review
A5100622993,Chul‐Ho Lee,131,77,P0011; P0042; P0060; P0140; P0223; P0493; P0602; P0631; P0691; P0751; P0753; P0786; P0837; P0999; P1003; P1008; P1090; P1152; P1154; P1155; P1158; P1160; P1164; P1170; P1174; P1176; P1177; P1192; P1193; P1198; P1199; P1205; P1206; P1230; P1246; P1258; P1260; P1281; P1282; P1315; P1335; P1411; P1413; P1420; P1428; P1438; P1441; P1518; P1664; P1673; P1674; P1758; P1768; P1776; P1778; P1786; P1855; P1894; P1897; P1979; P1982; P2008; P2018; P2059; P2106; P2107; P2370; P2388; P2405; P2508; P2563; P2576; P2577; P2581; P2583; P2586; P2600,Chungnam National University; Ewha Womans University; Korea Advanced Institute of Science and Technology; Korea Research Institute of Bioscience and Biotechnology; Korea University of Science and Technology; National Institute of Environmental Research; Seoul National University,KR,yes,359,SREBP1c-PARP1 axis tunes anti-senescence activity of adipocytes and ameliorates metabolic imbalance in obesity,needs_review
A5100417985,So‐Young Park,107,85,P0083; P0149; P0161; P0189; P0201; P0216; P0220; P0245; P0386; P0415; P0513; P0564; P0670; P0676; P0687; P0711; P0767; P0985; P0998; P1008; P1062; P1154; P1156; P1170; P1195; P1197; P1199; P1207; P1282; P1331; P1358; P1407; P1412; P1417; P1418; P1423; P1440; P1456; P1460; P1469; P1536; P1636; P1655; P1658; P1754; P1772; P1793; P1826; P1827; P1893; P1905; P1911; P1941; P1953; P1979; P1981; P2010; P2016; P2018; P2027; P2031; P2032; P2039; P2050; P2057; P2086; P2134; P2135; P2210; P2219; P2226; P2294; P2330; P2358; P2408; P2478; P2533; P2536; P2538; P2554; P2592; P2599; P2610; P2677; P2683,Asan Medical Center; Catholic Kwandong University; Cheil General Hospital and Women's Healthcare Center; Children's Hospital of Los Angeles; Chung-Ang University; Chung-Ang University Gwangmyeong Hospital; Chung-Ang University Healthcare System; Chung-Ang University Hospital; Chungnam National University; Chungnam National University Hospital; Daegu Catholic University; Daegu Catholic University Medical Center; Dankook University; Dong-A University; Gwangju Institute of Science and Technology; Hallym University; Hallym University Sacred Heart Hospital; Handong Global University; Jeonbuk National University; Kangdong Sacred Heart Hospital; Kangwon National University; Keimyung University; Korea Advanced Institute of Science and Technology; Korea Basic Science Institute; Korea University; Kyung Hee University; Kyung Hee University Healthcare System; Kyung Hee University Medical Center; Kyungpook National University; Nakdonggang National Institute of Biological Resources; Pohang University of Science and Technology; Pukyong National University; Pusan National University; Semyung University; Sookmyung Women's University; University of Southern California; University of Ulsan; Yale University; Yeungnam University; Yeungnam University College; Yeungnam University Medical Center; Yonsei University; Yonsei University Health System,JP; KR; US,yes,359,Inhibitory Effects of β-Caryophyllene on Helicobacter pylori Infection In Vitro and In Vivo,needs_review
A5017869417,Myung‐Hwan Kim,288,24,P0230; P0384; P0562; P0620; P0755; P0852; P1174; P1555; P1920; P1940; P1961; P2003; P2035; P2131; P2170; P2211; P2214; P2295; P2299; P2310; P2411; P2477; P2526; P2673,Asan Medical Center; Cleveland Clinic; Dankook University; Dankook University Hospital; Eulji University; Eulji University Nowon Eulji Medical Center; Hallym University; Hallym University Chuncheon Sacred Heart Hospital; Inha University; Inha University Hospital; Inje University; Inje University Ilsan Paik Hospital; King Saud University; Korea University; Kyung Hee University; Myongji Hospital; Pai Chai University; Seoul National University Hospital; Soonchunhyang University; University of Ulsan; Yonsei University,KR; SA; US,yes,357,Feasibility and safety of a fully covered self-expandable metal stent with antimigration properties for EUS-guided pancreatic duct drainage: early and midterm outcomes (with video),needs_review
A5069866514,Dong‐Eog Kim,228,44,P0007; P0096; P0258; P0284; P0297; P0325; P0380; P0532; P0535; P1127; P1149; P1253; P1284; P1297; P1412; P1425; P1526; P1538; P1746; P1780; P1989; P1992; P2005; P2018; P2019; P2020; P2027; P2031; P2032; P2036; P2050; P2140; P2173; P2271; P2302; P2329; P2331; P2427; P2471; P2474; P2490; P2512; P2518; P2522,"Asan Medical Center; Catholic University of Korea; Chinese University of Hong Kong; Chonnam National University; Chonnam National University Hospital; Chungbuk National University; Chungbuk National University Hospital; Chungnam National University Hospital; Daejeon Eulji Medical Center, Eulji University; Dong-A University; Dong-A University Hospital; Dongguk University; Dongguk University Ilsan Hospital; Eulji Medical Center; Eulji University; Eulji University Nowon Eulji Medical Center; Eulji University Uijeongbu Eulji Medical Center; Ewha Womans University; Hallym University; Hallym University Dongtan Sacred Heart Hospital; Hallym University Sacred Heart Hospital; Harvard University; Howard Hughes Medical Institute; Inje University; Inje University Busan Paik Hospital; Inje University Ilsan Paik Hospital; Janelia Research Campus; Jeju National University; Jeju National University Hospital; Kangdong Sacred Heart Hospital; Keimyung University; Keimyung University Dongsan Hospital; Keimyung University Dongsan Medical Center; Konkuk University; Konkuk University Medical Center; Kyungpook National University; Kyungpook National University Hospital; Massachusetts General Hospital; SNUH SMG-SNU Boramae Medical Center; Samsung Medical Center; Seoul Medical Center; Seoul National University; Seoul National University Bundang Hospital; Seoul National University Hospital; Soonchunhyang University Hospital Seoul; St. Michael's Hospital; Sungkyunkwan University; The Catholic University of Korea Seoul St. Mary's Hospital; The University of Texas MD Anderson Cancer Center; Ulsan University Hospital; University of Southern California; University of Toronto; University of Ulsan; University of Wisconsin–Madison; Veterans Health Service Medical Center; Yeungnam University; Yeungnam University Medical Center",CA; HK; KR; US,yes,357,FDG Uptake of Normal Canine Brain Assessed by High-Resolution Research Tomography-Positron Emission Tomography and 7 T-Magnetic Resonance Imaging,needs_review
A5100719069,Tae Min Kim,194,55,P0007; P0028; P0043; P0057; P0064; P0067; P0076; P0077; P0079; P0083; P0115; P0134; P0205; P0209; P0355; P0498; P0603; P0622; P0635; P0696; P0722; P1014; P1132; P1252; P1342; P1425; P1519; P1520; P1522; P1526; P1543; P1545; P1563; P1571; P1637; P1699; P1709; P1715; P1731; P1732; P2002; P2029; P2069; P2110; P2176; P2218; P2229; P2247; P2352; P2369; P2425; P2475; P2538; P2572; P2718,Asan Medical Center; Gachon University; Gachon University Gil Medical Center; Gyeongsang National University; Gyeongsang National University Hospital; Hallym University Sacred Heart Hospital; Jeonbuk National University; Jeonbuk National University Hospital; Korea Institute of Radiological and Medical Sciences; Korea National University of Transportation; Korea University; National Taiwan University Hospital; Seoul National University; Seoul National University Bundang Hospital; Seoul National University Hospital; University Hospital Cologne; University Hospital Heidelberg; University of Cologne; University of Göttingen; University of Ulsan; Universitätsmedizin Göttingen; Wonju Severance Christian Hospital; Yonsei University; Yonsei University Mirae Campus,DE; KR; TW,yes,356,Heterogeneity of Genetic Changes Associated with Acquired Crizotinib Resistance in ALK-Rearranged Lung Cancer,needs_review
A5106557026,Young Tae Kim,161,66,P0007; P0014; P0057; P0075; P0079; P0114; P0219; P0326; P0337; P0354; P0355; P0394; P0526; P0594; P0707; P0779; P0786; P0905; P1014; P1118; P1127; P1170; P1179; P1197; P1218; P1219; P1225; P1252; P1269; P1315; P1323; P1327; P1418; P1421; P1517; P1523; P1528; P1529; P1533; P1547; P1564; P1568; P1581; P1583; P1586; P1731; P1732; P1750; P1753; P1756; P1759; P1775; P1889; P1939; P2002; P2037; P2127; P2210; P2218; P2264; P2270; P2388; P2425; P2534; P2543; P2605,Ajou University; Asan Medical Center; Cancer Research Institute; Chungnam National University; Gachon University; Hankuk University of Foreign Studies; Innovative Research Institute for Cell Therapy; Kangwon National University; Korea Advanced Institute of Science and Technology; Korea Disease Control and Prevention Agency; Korea Institute of Science & Technology Information; Korea National Institute of Health; Korea Research Institute of Bioscience and Biotechnology; Korea University; Korea University Anam Hospital; Korea University Medical Center; Lung Institute; National Cancer Center; National Cancer Center Hospital; National Health Insurance Service Ilsan Hospital; Pohang University of Science and Technology; Pukyong National University; Pusan National University; SNUH SMG-SNU Boramae Medical Center; Samsung (South Korea); Samsung Medical Center; Seoul National University; Seoul National University Bundang Hospital; Seoul National University Hospital; Seoul National University Hospital Biomedical Research Institute; Soonchunhyang University; Sungkyunkwan University; The University of Texas Southwestern Medical Center; The University of Texas at Arlington; University of Ulsan; Yonsei University; Yonsei University Health System,KR; US,yes,356,Clonal History and Genetic Predictors of Transformation Into Small-Cell Carcinomas From Lung Adenocarcinomas,needs_review
A5100773895,So Yeon Park,116,81,P0021; P0040; P0057; P0064; P0075; P0079; P0091; P0123; P0162; P0337; P0405; P0409; P0414; P0623; P0631; P0691; P0707; P0754; P0903; P0907; P0991; P1000; P1124; P1146; P1155; P1156; P1166; P1187; P1297; P1329; P1370; P1413; P1523; P1527; P1537; P1541; P1545; P1562; P1569; P1577; P1578; P1759; P1767; P1768; P1779; P1825; P1836; P1895; P1934; P1950; P1953; P1954; P1956; P1960; P1962; P1999; P2000; P2002; P2004; P2008; P2009; P2010; P2077; P2089; P2104; P2112; P2122; P2143; P2274; P2429; P2475; P2498; P2500; P2513; P2515; P2529; P2530; P2536; P2562; P2569; P2614,Ajou University; Asan Medical Center; CHA University; Catholic University of Korea; Cheil General Hospital and Women's Healthcare Center; Chungbuk National University; Dong-A University; Ewha Womans University; Ewha Womans University Medical Center; Gachon University; Hallym University; Hanyang University; Hanyang University Hospital for Rheumatic Disease; Hanyang University Seoul Hospital; Kangdong Sacred Heart Hospital; Korea Institute of Radiological and Medical Sciences; Korea Institute of Science and Technology; Korea National Open University; Korea Research Institute of Bioscience and Biotechnology; Korea University; LG (South Korea); MizMedi Hospital; National Cancer Center; Naver (South Korea); Pohang University of Science and Technology; Samsung Medical Center; Seoul National University; Seoul National University Bundang Hospital; Severance Hospital; Sungkyunkwan University; Sungshin Women's University; The Catholic University of Korea Incheon St. Mary's Hospital; University of Ulsan; Wonju Severance Christian Hospital; Yanbian University; Yonsei University; Yonsei University Health System; Yonsei University Mirae Campus,CN; KR,yes,356,Decreased pyruvate kinase M2 activity linked to cisplatin resistance in human gastric carcinoma cell lines,needs_review
A5100397347,Jun Yong Park,220,46,P0098; P0145; P0342; P0366; P0629; P0912; P0923; P0926; P0977; P0991; P0998; P1323; P1326; P1333; P1417; P1443; P1550; P1588; P1591; P1623; P1632; P1747; P1787; P1790; P1793; P1939; P1991; P1999; P2000; P2004; P2095; P2096; P2113; P2117; P2156; P2159; P2160; P2163; P2230; P2281; P2355; P2418; P2443; P2554; P2559; P2713,American College of Gastroenterology; Asan Medical Center; Chung-Ang University; Chungnam National University; Gachon University; Gangnam Severance Hospital; Hallym University; Hanyang University; Jeonbuk National University; Konkuk University; Korea Advanced Institute of Science and Technology; Korea Association of Health Promotion; Korea University; Kyungpook National University; Ministry of Health and Welfare; Pusan National University; Samsung Medical Center; Severance Hospital; Soonchunhyang University; Sungkyunkwan University; University of Ulsan; Yonsei Cancer Hospital; Yonsei University; Yonsei University Health System; Yonsei University Mirae Campus,JP; KR; US,yes,355,Co-administration of ursodeoxycholic acid with rosuvastatin/ezetimibe in a non-alcoholic fatty liver disease model,needs_review
A5037630452,Hong Seog Seo,258,33,P0007; P0075; P0291; P0361; P0434; P0446; P0580; P0722; P1113; P1145; P1153; P1385; P1483; P1573; P1773; P1943; P1944; P1949; P1955; P2019; P2123; P2124; P2161; P2164; P2226; P2270; P2338; P2342; P2356; P2366; P2414; P2509; P2528,Catholic University of Korea; Chonnam National University Hospital; Chungnam National University; Eulji Medical Center; Gachon University; Gachon University Gil Medical Center; Government of the Republic of China; Korea Institute of Science and Technology; Korea University; Korea University Guro Hospital; Korea University Medical Center; Korea University of Science and Technology; Kosin University; Kosin University Gospel Hospital; Pusan National University; Second Hospital of Tianjin Medical University; Seoul National University Bundang Hospital; Seoul National University Hospital; Soonchunhyang University; Soonchunhyang University Hospital Cheonan; The Catholic University of Korea Seoul St. Mary's Hospital; Tianjin Medical University; Tianjin Nankai Hospital; Wonkwang University; Wonkwang University Hospital; Wonkwang University Sanbon Hospital,CN; KR; TW,yes,354,PS 11-24 IMPACT OF BLOOD PRESSURE LEVEL ON ACETYLCOHOLINE INDUCED CORONARY ARTERY SPASM,needs_review
A5019254683,Jee Hyang Jeong,252,35,P0318; P0325; P0371; P0379; P0399; P0416; P0532; P0722; P0890; P1127; P1538; P1566; P1628; P1748; P1760; P1771; P1775; P1943; P1945; P1957; P1963; P2005; P2018; P2020; P2050; P2083; P2125; P2172; P2275; P2287; P2293; P2316; P2331; P2563; P2626,Ajou University; Ajou University Hospital; Alzheimer’s Disease Neuroimaging Initiative; Asan Medical Center; Catholic University of Korea; Chung-Ang University; Ewha Womans University; Ewha Womans University Medical Center; Ewha Womans University Mokdong Hospital; Ewha Womans University Seoul Hospital; Gachon University Gil Medical Center; Gangneung Asan Hospital; Hanyang University Guri Hospital; Inha University; Inha University Hospital; Kyung Hee University Medical Center; Pusan National University; Pusan National University Hospital; Samsung Medical Center; Seoul National University Bundang Hospital; Sungkyunkwan University; The Catholic University of Korea Seoul St. Mary's Hospital; University of Ulsan,KR; US,yes,354,Gender differences in risk factors for transition from mild cognitive impairment to Alzheimer’s disease: A CREDOS study,needs_review
A5100370205,Dong Hun Lee,116,80,P0075; P0078; P0079; P0086; P0135; P0219; P0255; P0257; P0277; P0376; P0439; P0493; P0540; P0542; P0547; P0582; P0657; P0691; P0695; P0935; P0968; P0995; P0996; P0999; P1000; P1021; P1069; P1155; P1156; P1172; P1175; P1176; P1187; P1252; P1333; P1374; P1435; P1451; P1485; P1521; P1531; P1574; P1725; P1748; P1765; P1783; P1798; P1874; P1889; P1943; P1951; P1973; P2016; P2019; P2022; P2024; P2028; P2035; P2053; P2104; P2107; P2109; P2115; P2140; P2184; P2275; P2287; P2322; P2328; P2428; P2449; P2456; P2528; P2536; P2549; P2585; P2591; P2617; P2621; P2668,Children's Healthcare of Atlanta; Chonnam National University; Chung-Ang University; Chung-Ang University Healthcare System; Chung-Ang University Hospital; Chungbuk National University; Cosmax Inc. (South Korea); Emory University; Ewha Womans University; Gachon University Gil Medical Center; Gyeongsang National University; Hallym University; Hallym University Kangnam Sacred Heart Hospital; Hanyang University; Inha University; Inha University Hospital; Kangdong Sacred Heart Hospital; Konkuk University; Korea Advanced Institute of Science and Technology; Korea Research Institute of Bioscience and Biotechnology; Korea University; National Cancer Center; Samsung Medical Center; Seoul National University; Seoul National University Children's Hospital; Seoul National University Hospital; Seoul National University Hospital Biomedical Research Institute; Sungkyunkwan University; Yonsei University,KR; US,yes,353,Luteolin Induces Cell Cycle Arrest and Apoptosis Through Extrinsic and Intrinsic Signaling Pathways in MCF-7 Breast Cancer Cells,needs_review
A5008009334,Hyesook Park,202,51,P0219; P0317; P0325; P0337; P0347; P0365; P0384; P0393; P0407; P0408; P0409; P0422; P0424; P0428; P0430; P0438; P0444; P0449; P0453; P0572; P0998; P1093; P1113; P1251; P1387; P1417; P1536; P1538; P1748; P1749; P1775; P1946; P1972; P2020; P2023; P2082; P2119; P2121; P2128; P2149; P2211; P2212; P2235; P2263; P2336; P2430; P2436; P2444; P2455; P2489; P2680,British Library; Dankook University; Dong-A University; Dongyang University; Eulji University; Ewha Womans University; Ewha Womans University Medical Center; Ewha Womans University Mokdong Hospital; Ewha Womans University Seoul Hospital; General Department of Preventive Medicine; Hallym University Dongtan Sacred Heart Hospital; Hanyang University; Inha University; Kangwon National University; Korea National Institute of Health; Korea University; Kyung Hee University; Ministry of Environment; National Cancer Center; National Institute of Environmental Research; National Research Foundation of Korea; Pusan National University; Rosalind Franklin University of Medicine and Science; Rural Development Administration; Seoul National University; Ulsan University Hospital; University of Ulsan,GB; JP; KR; US; VN,yes,352,Developing a Framework for Pandemic COVID-19 Vaccine Allocation: a Modified Delphi Consensus Study in Korea,needs_review
A5019406140,Jeeyun Lee,207,49,P0028; P0250; P0350; P0484; P0603; P0647; P0811; P0920; P0986; P0998; P1116; P1121; P1124; P1126; P1135; P1156; P1517; P1519; P1529; P1534; P1551; P1570; P1635; P1637; P1681; P1697; P1699; P1709; P1715; P1726; P1729; P1732; P1887; P1889; P1951; P1984; P2046; P2059; P2060; P2113; P2150; P2423; P2425; P2487; P2511; P2538; P2562; P2587; P2654,Asan Medical Center; Chung-Ang University; Chungnam National University; Cleveland Clinic; Dankook University; Dankook University Hospital; Dong-A University; Dong-A University Hospital; Ewha Womans University; Gyeongsang National University; Gyeongsang National University Hospital; Korea University; Research Institute for Future Medicine; Samsung Biomedical Research Institute; Samsung Medical Center; Soonchunhyang University; Sungkyunkwan University; University of Ulsan,KR; US,yes,351,Meso–macroporous hydrogel for direct litre-scale isolation of extracellular vesicles,needs_review
A5082025437,Jin Seok Ahn,185,56,P0007; P0014; P0028; P0040; P0079; P0134; P0135; P0156; P0163; P0350; P0355; P0484; P0603; P0622; P0703; P0722; P0914; P0998; P1328; P1401; P1519; P1523; P1527; P1529; P1531; P1534; P1545; P1546; P1547; P1550; P1553; P1567; P1570; P1725; P1759; P1775; P1889; P1984; P2000; P2018; P2021; P2051; P2110; P2136; P2174; P2176; P2218; P2261; P2423; P2425; P2475; P2536; P2562; P2570; P2574; P2587,"Asan Medical Center; Chonnam National University Hwasun Hospital; Chungnam National University; Hallym University; Hallym University Hangang Sacred Heart Hospital; Hallym University Medical Center; Samsung Biomedical Research Institute; Samsung Medical Center; Seoul National University; Seoul National University Hospital; Soonchunhyang University; Sungkyunkwan University; The Korean Society of Hematology; University of California, Irvine Medical Center; University of Santo Tomas; University of Santo Tomas Hospital; University of Ulsan; Yonsei University",KR; PH; US,yes,350,Incidence of Diabetes After Cancer Development,needs_review
A5100758570,Sungha Park,172,60,P0007; P0027; P0030; P0075; P0079; P0317; P0319; P0326; P0379; P0408; P0416; P0434; P0439; P0446; P0471; P0527; P0535; P0580; P0722; P0804; P0920; P0926; P1121; P1153; P1466; P1473; P1506; P1849; P1944; P1949; P1955; P1967; P1983; P2019; P2027; P2056; P2064; P2072; P2119; P2123; P2134; P2140; P2167; P2171; P2210; P2226; P2233; P2270; P2302; P2322; P2391; P2408; P2432; P2450; P2452; P2471; P2474; P2509; P2513; P2538,Gangnam Severance Hospital; Hanyang University Guri Hospital; Kolmar Korea (South Korea); Korea Advanced Institute of Science and Technology; Korea Food Research Institute; Korea University; Korea University Guro Hospital; Korea University Medical Center; Kyung Hee University; Kyung Hee University Hospital at Gangdong; Seoul National University; Seoul National University Hospital; Severance Hospital; Yonsei Cancer Hospital; Yonsei University; Yonsei University Health System,KR,yes,349,Spironolactone vs Amiloride for Resistant Hypertension,needs_review
A5047165960,Seung‐Yong Jeong,174,59,P0028; P0057; P0077; P0079; P0350; P0354; P0367; P0394; P0484; P0643; P0997; P1021; P1054; P1069; P1205; P1266; P1457; P1513; P1517; P1518; P1520; P1524; P1525; P1528; P1529; P1531; P1533; P1537; P1539; P1540; P1541; P1543; P1544; P1545; P1546; P1550; P1551; P1554; P1555; P1558; P1560; P1561; P1562; P1563; P1567; P1569; P1571; P1639; P1731; P1746; P1788; P1828; P1962; P2008; P2011; P2056; P2181; P2487; P2587,Korea University; National Cancer Center; National Cancer Center Hospital; SNUH SMG-SNU Boramae Medical Center; Seoul National University; Seoul National University Bundang Hospital; Seoul National University Cancer Hospital; Seoul National University Hospital,KR,yes,348,Microsatellite instability testing in Korean patients with colorectal cancer,needs_review
A5100384058,Jiyoung Kim,117,78,P0036; P0075; P0078; P0142; P0182; P0210; P0272; P0277; P0309; P0337; P0536; P0560; P0617; P0677; P0686; P0704; P0754; P0786; P0801; P0804; P0822; P0848; P0914; P0969; P0978; P1127; P1137; P1156; P1190; P1293; P1299; P1387; P1388; P1389; P1393; P1397; P1415; P1472; P1488; P1494; P1496; P1507; P1544; P1636; P1648; P1672; P1696; P1719; P1783; P1815; P1819; P1848; P1887; P1941; P1942; P2001; P2044; P2057; P2062; P2093; P2113; P2130; P2148; P2212; P2217; P2277; P2318; P2343; P2371; P2387; P2482; P2483; P2485; P2529; P2530; P2544; P2560; P2660,"Advanced Institute of Convergence Technology; Asan Medical Center; Catholic Kwandong University; Catholic Kwandong University International St. Mary's Hospital; Chonnam National University; Chosun University; Chung-Ang University; Daegu Catholic University; Daegu Catholic University Medical Center; Daejeon Eulji Medical Center, Eulji University; Dankook University; Dong-A University; Dongguk University; Dongguk University Ilsan Hospital; Eulji University; GI Innovation (South Korea); Gyeongsang National University; Ildong (South Korea); Inha University; Inje University; Jeju National University; Josai International University; Kangwon National University; Konkuk University; Korea Advanced Institute of Science and Technology; Korea Food Research Institute; Korea Hydro and Nuclear Power (Korea); Korea Institute of Science and Technology; Korea Institute of Toxicology; Korea Meteorological Administration; Korea Research Institute of Chemical Technology; Korea University; Kyung Hee University; Kyungpook National University; National Academy of Agricultural Science; Research Institute for Veterinary Science; Rural Development Administration; Seoul National University; Seoul National University Hospital Biomedical Research Institute; University of Minnesota; University of Ulsan; Wonkwang University; Yeungnam University",JP; KR; US,yes,348,Histone Methyltransferase SETD3 Regulates Muscle Differentiation,needs_review
A5075257865,Hyun‐Jae Kang,260,30,P0446; P0532; P0580; P0707; P0722; P1069; P1156; P1576; P1668; P1774; P1944; P2039; P2056; P2123; P2134; P2167; P2171; P2226; P2233; P2270; P2272; P2327; P2342; P2414; P2452; P2457; P2509; P2513; P2522; P2547,Chungnam National University; Daegu Fatima Hospital; Dongguk University Ilsan Hospital; Duke University; Gyeongsang National University; Gyeongsang National University Hospital; Hallym University Kangnam Sacred Heart Hospital; Innovative Research Institute for Cell Therapy; Korea Advanced Institute of Science and Technology; Korea University Anam Hospital; Kyungpook National University; Kyungpook National University Hospital; Pennsylvania State University; Presbyterian Medical Center; SNUH SMG-SNU Boramae Medical Center; Samsung Medical Center; Sejong General Hospital; Seoul National University; Seoul National University Bundang Hospital; Seoul National University Hospital; Severance Hospital; Sungkyunkwan University; UCLA Medical Center,KR; US,yes,347,"Comparison of Fixed-dose Combinations of Amlodipine/Losartan Potassium/Chlorthalidone and Amlodipine/Losartan Potassium in Patients With Stage 2 Hypertension Inadequately Controlled With Amlodipine/Losartan Potassium: A Randomized, Double-blind, Multicenter, Phase III Study",needs_review
A5100387017,Tae‐Hun Kim,176,58,P0030; P0069; P0334; P0384; P0409; P0428; P0445; P0542; P0574; P0612; P0632; P0978; P1022; P1098; P1113; P1119; P1127; P1143; P1210; P1322; P1323; P1327; P1328; P1333; P1336; P1337; P1340; P1342; P1344; P1349; P1351; P1353; P1355; P1359; P1366; P1371; P1374; P1375; P1377; P1471; P1502; P1532; P1537; P1850; P1857; P1880; P1942; P1951; P1967; P2008; P2016; P2108; P2141; P2202; P2272; P2444; P2586; P2695,CHA University; CHA University Bundang Medical Center; Catholic University of Korea; Chonnam National University Hospital; Convergence Research Center for Diagnosis Treatment and Care System of Dementia; Dankook University; Ewha Womans University; Ewha Womans University Medical Center; Ewha Womans University Mokdong Hospital; Ewha Womans University Seoul Hospital; Gachon University; Korea Institute of Oriental Medicine; Korea Institute of Radiological and Medical Sciences; Korea Institute of Science and Technology; Korea University of Science and Technology; Kosin University Gospel Hospital; Kyung Hee University; Kyung Hee University Korean Medicine Hospital; Kyung Hee University Medical Center; Mokhuri Oriental Medicine Hospital; National Institute of Animal Science; Rural Development Administration; Semyung University; The Catholic University of Korea Catholic Medical Center; Yonsei University,KR,yes,347,Clinical outcome of autologous bone marrow aspirates concentrate (BMAC) injection in degenerative arthritis of the knee,needs_review
A5100438953,Hyun Soo Kim,114,78,P0028; P0030; P0057; P0075; P0079; P0123; P0246; P0249; P0250; P0275; P0306; P0326; P0337; P0384; P0403; P0484; P0498; P0518; P0531; P0550; P0597; P0868; P1054; P1102; P1116; P1175; P1185; P1221; P1258; P1306; P1323; P1424; P1432; P1516; P1517; P1520; P1529; P1540; P1541; P1548; P1756; P1825; P1884; P1889; P1954; P1972; P1990; P1999; P2004; P2008; P2009; P2048; P2056; P2088; P2089; P2099; P2101; P2105; P2143; P2159; P2161; P2163; P2174; P2211; P2220; P2224; P2265; P2296; P2326; P2339; P2345; P2410; P2468; P2489; P2502; P2529; P2566; P2572,Ajou University; Amorepacific (South Korea); Catholic Kwandong University; Catholic University of America; Chonnam National University; Chungnam National University; Dankook University; Ewha Womans University; Hallym University Dongtan Sacred Heart Hospital; Hallym University Medical Center; Hanyang University; Hanyang University Guri Hospital; Hanyang University Seoul Hospital; Hongik University; Inha University; Inje University; Janssen Korea (South Korea); Jeju National University; Jungwon University; Kangwon National University Hospital; Keimyung University; Korea University; Kyung Hee University; Marine Biodiversity Institute of Korea; Pharmicell (South Korea); Pusan National University; Samsung Biomedical Research Institute; Samsung Medical Center; Seoul National University; Severance Hospital; Soonchunhyang University; Soonchunhyang University Hospital Seoul; Sungkyunkwan University; The University of Texas MD Anderson Cancer Center; University of Calgary; Wonju Severance Christian Hospital; Yonsei University; Yonsei University Health System; Yonsei University Mirae Campus,CA; KR; US,yes,345,Establishment and characterization of 18 human colorectal cancer cell lines,needs_review
A5067397337,Hwoon‐Yong Jung,188,53,P0115; P0384; P0427; P0428; P0445; P0451; P0473; P0495; P0522; P0551; P0562; P0620; P1022; P1183; P1310; P1489; P1518; P1524; P1525; P1528; P1533; P1536; P1551; P1571; P1587; P1699; P1775; P1778; P1811; P1889; P1961; P1964; P2009; P2017; P2023; P2040; P2045; P2059; P2102; P2124; P2159; P2160; P2164; P2169; P2170; P2180; P2224; P2228; P2330; P2334; P2339; P2423; P2490,Asan Medical Center; Ewha Womans University; Ewha Womans University Medical Center; Ewha Womans University Seoul Hospital; Gachon University; Hallym University; Hanmi Pharmaceutical (South Korea); Hanyang University; Inha University; Inha University Hospital; Inje University; Korea University; Korea University Guro Hospital; Korean College of Helicobacter and Upper Gastrointestinal Research; Kyungpook National University; Samsung Medical Center; Seoul National University Bundang Hospital; Soonchunhyang University; Soonchunhyang University Hospital Bucheon; Sungkyunkwan University; University of Ulsan; Weill Cornell Medicine; Wonkwang University Hospital,JP; KR; US,yes,344,"Seroprevalence of Helicobacter pylori in Korea; multicenter, nationwide study in 2015",needs_review
A5080149524,Shung Chull Chae,250,32,P0030; P0446; P0580; P0600; P0722; P0920; P1323; P1949; P1955; P2011; P2056; P2123; P2134; P2167; P2171; P2216; P2226; P2233; P2270; P2272; P2279; P2289; P2342; P2362; P2366; P2414; P2432; P2450; P2452; P2457; P2509; P2513,Catholic University of Korea; Chonnam National University Hospital; Chungbuk National University; Chungbuk National University Hospital; Jeonbuk National University Hospital; Konkuk University; Konkuk University Medical Center; Korean Society of Cardiology; Kyung Hee University Hospital at Gangdong; Kyungpook National University; Kyungpook National University Chilgok Hospital; Kyungpook National University Hospital; Kyungpook National University Medical Center; Pontifícia Universidade Católica de São Paulo; Pusan National University Hospital; Samsung Medical Center; Seoul National University; Seoul National University Bundang Hospital; Seoul National University Hospital; Sungkyunkwan University,BR; KR,yes,343,Culprit or multivessel revascularisation in ST-elevation myocardial infarction with cardiogenic shock,needs_review
A5075932421,Sung Yong Oh,211,45,P0006; P0013; P0020; P0253; P0329; P0350; P0355; P0409; P0603; P0670; P0998; P1098; P1209; P1323; P1526; P1531; P1549; P1575; P1635; P1637; P1642; P1709; P1787; P1889; P1999; P2000; P2060; P2110; P2113; P2132; P2176; P2187; P2218; P2222; P2411; P2423; P2425; P2450; P2458; P2459; P2487; P2499; P2503; P2511; P2562,Asan Medical Center; Chung-Ang University; Daegu Catholic University; Daegu Catholic University Medical Center; Dankook University; Dankook University Hospital; Dong-A University; Dong-A University Hospital; Ewha Womans University; Gyeongsang National University; Gyeongsang National University Hospital; Kangbuk Samsung Hospital; Kangwon National University; Kangwon National University Hospital; National Cancer Center; Osong Medical Innovation Foundation; Pusan National University; Pusan National University Yangsan Hospital; Samsung Medical Center; Soonchunhyang University; Sungkyunkwan University; University of Ulsan,KR,yes,343,Clinical Outcomes and Breast Cancer Subtypes in Patients with Brain Metastases,needs_review
A5100704613,Yong‐Jae Kim,157,63,P0040; P0240; P0267; P0281; P0297; P0325; P0379; P0413; P0416; P0428; P0447; P0471; P0532; P0544; P0587; P0619; P0636; P0959; P1127; P1131; P1152; P1155; P1174; P1187; P1219; P1253; P1326; P1384; P1411; P1412; P1448; P1462; P1463; P1481; P1492; P1497; P1515; P1530; P1746; P1747; P1749; P1762; P1911; P2005; P2009; P2019; P2020; P2027; P2031; P2045; P2057; P2099; P2114; P2115; P2235; P2302; P2388; P2437; P2471; P2474; P2518; P2675; P2712,Ajou University; Catholic University of Korea; Chosun University; Daiichi-Sankyo (South Korea); Dankook University; Enzychem Lifesciences Corporation (South Korea); Eunpyeong Hospital; Ewha Womans University; Ewha Womans University Medical Center; Ewha Womans University Mokdong Hospital; Ewha Womans University Seoul Hospital; Hallym University; Hallym University Kangnam Sacred Heart Hospital; Hallym University Sacred Heart Hospital; Inha University; Inha University Hospital; Inje University; Inje University Sanggye Paik Hospital; Kangdong Sacred Heart Hospital; Kaya University; Konkuk University; Korea Institute of Nuclear Safety; Korea Institute of Science and Technology; Korea Institute of Toxicology; Korea Research Institute of Bioscience and Biotechnology; Korea University; Korea University Ansan Hospital; Samsung Biomedical Research Institute; Samsung Display (South Korea); Samsung Medical Center; Seoul National University; Seoul National University Hospital; Severance Hospital; Soonchunhyang University; Soonchunhyang University Hospital Seoul; Sungkyunkwan University; The Catholic University of Korea Eunpyeong St. Mary's Hospital; Yonsei University; Yonsei University Health System,KR,yes,343,Clinical significance of CD151 overexpression in subtypes of invasive breast cancer,needs_review
A5100326306,Sang‐Hyun Kim,136,70,P0030; P0075; P0204; P0409; P0424; P0446; P0504; P0511; P0565; P0580; P0722; P0969; P1008; P1010; P1031; P1180; P1184; P1201; P1271; P1281; P1363; P1377; P1411; P1417; P1423; P1438; P1446; P1523; P1526; P1572; P1612; P1703; P1746; P1752; P1773; P1815; P1889; P1944; P1949; P1955; P2010; P2046; P2117; P2123; P2125; P2131; P2134; P2159; P2167; P2171; P2210; P2226; P2233; P2270; P2272; P2279; P2323; P2338; P2342; P2408; P2414; P2415; P2457; P2483; P2499; P2509; P2513; P2579; P2612; P2688,Asan Medical Center; Catholic University of Korea; Cheil General Hospital and Women's Healthcare Center; Chung-Ang University; Chung-Ang University Healthcare System; Chung-Ang University Hospital; Chungbuk National University; Chungbuk National University Hospital; Daegu-Gyeongbuk Medical Innovation Foundation; Daejeon University; Dongnam Institute of Radiological & Medical Sciences; Hallym University Hangang Sacred Heart Hospital; Hanyang University Guri Hospital; Health Insurance Review and Assessment Service; Inje University; Inje University Haeundae Paik Hospital; Jeju National University; Jeju National University Hospital; Kangwon National University; Konkuk University; Korea Institute of Oriental Medicine; Korea Medical Institute; Korea Research Institute of Bioscience and Biotechnology; Korea Research Institute of Chemical Technology; Korea University Ansan Hospital; Kyung Hee University; Kyung Hee University Medical Center; Kyungpook National University; National Institute of Agricultural Science and Technology; Presbyterian Medical Center; Pusan National University Yangsan Hospital; SNUH SMG-SNU Boramae Medical Center; Samsung Medical Center; Sejong General Hospital; Seoul Medical Center; Seoul Metropolitan Government; Seoul National University; Seoul National University Bundang Hospital; Seoul National University Hospital; Soonchunhyang University; Soonchunhyang University Hospital Bucheon; UCLA Medical Center; Ulsan University Hospital; University of Ulsan; Yale University,KR; US,yes,343,Heterogeneity of asthma and COPD overlap,needs_review
A5022857079,Eun‐Kyung Kim,115,77,P0056; P0098; P0141; P0182; P0263; P0291; P0364; P0401; P0409; P0464; P0493; P0523; P0591; P0680; P0713; P0744; P0774; P0914; P0925; P0999; P1121; P1157; P1178; P1205; P1220; P1332; P1390; P1403; P1445; P1521; P1530; P1538; P1543; P1546; P1553; P1554; P1560; P1568; P1636; P1642; P1678; P1682; P1700; P1768; P1772; P1845; P1947; P1954; P1960; P1986; P1997; P2009; P2021; P2025; P2045; P2089; P2112; P2121; P2122; P2137; P2138; P2141; P2164; P2269; P2274; P2329; P2336; P2341; P2353; P2377; P2381; P2390; P2538; P2572; P2586; P2589; P2597,CHA University; CHA University Bundang Medical Center; Catholic University of Korea; Dong-A University; Eulji Medical Center; Eulji University; Ewha Womans University; Gachon University Gil Medical Center; Hanmi Pharmaceutical (South Korea); Jeonbuk National University; Korea Advanced Institute of Science and Technology; Korea National Institute of Health; Kyung Hee University; Kyungpook National University; LG Chem (South Korea); National Cancer Center; Pusan National University; Samsung Medical Center; Seoul National University; Severance Hospital; Sungkyunkwan University; The Catholic University of Korea Seoul St. Mary's Hospital; Wonkwang University; Yeungnam University; Yongin Severance Hospital; Yonsei University; Yonsei University Health System,KR,yes,343,Diagnosis of thyroid nodules on ultrasonography by a deep convolutional neural network,needs_review
A5100417168,Jin Young Kim,115,77,P0014; P0053; P0060; P0066; P0102; P0213; P0216; P0291; P0665; P0791; P0823; P0920; P1002; P1008; P1015; P1033; P1069; P1113; P1119; P1154; P1157; P1161; P1163; P1171; P1176; P1190; P1204; P1216; P1245; P1247; P1253; P1269; P1284; P1295; P1297; P1418; P1421; P1423; P1430; P1433; P1443; P1444; P1445; P1446; P1447; P1527; P1533; P1535; P1547; P1555; P1560; P1634; P1679; P1725; P1829; P1830; P1936; P1958; P1960; P1970; P1981; P2122; P2130; P2182; P2350; P2417; P2429; P2461; P2491; P2493; P2529; P2551; P2629; P2639; P2644; P2655; P2661,Chonnam National University; Chosun University; Chung-Ang University; Chungnam National University; Daegu Gyeongbuk Institute of Science and Technology; Dong-A University; Gachon University; Hankyong National University; Hanyang University; Institute for Basic Science; International University of Korea; Jeonbuk National University; Kangwon National University; Korea Advanced Institute of Science and Technology; Korea Basic Science Institute; Korea Institute of Science & Technology Information; Korea Institute of Science and Technology; Korea Research Institute of Bioscience and Biotechnology; Korea University of Science and Technology; Kyung Hee University; Kyungpook National University; Naver (South Korea); Osong Medical Innovation Foundation; Seoul National University; Supreme Prosecutors Office of the Republic of Korea; Tech University of Korea; Yonsei University; Yonsei University Health System,KR,yes,343,Refining Classification of Cholangiocarcinoma Subtypes via Proteogenomic Integration Reveals New Therapeutic Prospects,needs_review
A5105873384,Seung‐Jae Myung,180,55,P0022; P0032; P0205; P0384; P0428; P0522; P0524; P0562; P0585; P0597; P0619; P0620; P0699; P0755; P0989; P1018; P1020; P1022; P1118; P1175; P1183; P1261; P1271; P1274; P1282; P1310; P1587; P1632; P1633; P1843; P1893; P1961; P2023; P2040; P2063; P2079; P2102; P2148; P2159; P2160; P2170; P2213; P2224; P2330; P2334; P2466; P2489; P2542; P2545; P2546; P2556; P2576; P2580; P2618; P2647,"Asan Medical Center; Ewha Womans University; Sanford Burnham Prebys Medical Discovery Institute; Sungkyunkwan University; University of California, Santa Barbara; University of Ulsan",KR; US,yes,342,Colorectal Cancer Diagnosis Using Enzyme‐Sensitive Ratiometric Fluorescence Dye and Antibody–Quantum Dot Conjugates for Multiplexed Detection,needs_review
A5037270738,Man‐Seok Park,236,36,P0006; P0052; P0277; P0297; P0379; P0532; P0535; P0722; P1208; P1412; P1472; P1530; P1746; P1804; P1989; P2005; P2019; P2027; P2031; P2032; P2050; P2128; P2140; P2271; P2275; P2302; P2329; P2331; P2346; P2471; P2474; P2490; P2512; P2518; P2522; P2634,"Chonnam National University; Chonnam National University Hospital; Chonnam National University Hwasun Hospital; Chung-Ang University; Chung-Ang University Healthcare System; Chung-Ang University Hospital; Daiichi-Sankyo (South Korea); Dongguk University; Dongguk University Ilsan Hospital; Eulji Medical Center; Eulji University; Eulji University Nowon Eulji Medical Center; Eulji University Uijeongbu Eulji Medical Center; Ewha Womans University; Ewha Womans University Seoul Hospital; Hallym University Dongtan Sacred Heart Hospital; Inha University Hospital; Inje University; Inje University Haeundae Paik Hospital; Inje University Ilsan Paik Hospital; Jeju National University; Jeju National University Hospital; Jeonbuk National University; Jeonbuk National University Hospital; King's College London; Korea University; Kyungpook National University; Pediatrics and Genetics; Seoul Medical Center; Seoul National University; Seoul National University Bundang Hospital; Soonchunhyang University Hospital Seoul; The University of Texas MD Anderson Cancer Center; University of California System; University of California, Los Angeles; University of Southern California; Wonkwang University; Wonkwang University Hospital; Yeungnam University",GB; KR; US,yes,341,Serum NOTCH3Extracellular Domain in Patients With CADASIL,needs_review
A5071885891,Won Seog Kim,218,42,P0006; P0007; P0013; P0014; P0020; P0028; P0326; P0350; P0355; P0359; P0484; P0542; P0603; P0693; P1098; P1156; P1209; P1323; P1526; P1531; P1549; P1568; P1570; P1635; P1637; P1686; P1688; P1889; P1984; P2002; P2060; P2110; P2136; P2218; P2423; P2425; P2459; P2472; P2487; P2499; P2511; P2618,Akita University Hospital; Asan Medical Center; Chonnam National University; Dankook University; Dong-A University; Inha University; Inha University Hospital; Kangwon National University; Kangwon National University Hospital; Korea University; National Hospital Organization Kyushu Cancer Center; Saitama International Medical Center; Samsung (South Korea); Samsung Biomedical Research Institute; Samsung Medical Center; Samsung Seoul Hospital; Seoul National University; Seoul National University Hospital; Severance Hospital; Sungkyunkwan University; Tokai University; University of Ulsan; Yokohama City University Hospital; Yonsei University; Yonsei University Health System,JP; KR,yes,341,The mutational landscape of ocular marginal zone lymphoma identifies frequent alterations in TNFAIP3 followed by mutations in TBL1XR1 and CREBBP,needs_review
A5101652402,Eun Sook Lee,154,63,P0205; P0288; P0354; P0394; P0453; P0588; P0698; P0711; P0764; P1116; P1178; P1185; P1288; P1513; P1517; P1518; P1519; P1520; P1521; P1523; P1527; P1528; P1529; P1531; P1535; P1537; P1541; P1543; P1544; P1545; P1546; P1547; P1548; P1550; P1553; P1558; P1560; P1562; P1564; P1567; P1569; P1571; P1575; P1602; P1632; P1634; P1674; P1746; P1893; P1981; P1987; P2001; P2008; P2066; P2117; P2128; P2135; P2211; P2247; P2423; P2569; P2631; P2642,Asan Medical Center; Eulji Medical Center; Gachon University Gil Medical Center; Inha University; Inje University Ilsan Paik Hospital; Korea Food Research Institute; Korea Research Institute of Standards and Science; Korea University; Korea University Anam Hospital; Korea University Medical Center; National Cancer Center; National Cancer Center Hospital; National Health Insurance Service; Samsung Medical Center; Sangmyung University; Seoul National University; Seoul National University Bundang Hospital; Seoul National University Cancer Hospital; Seoul National University Hospital; Sungkyunkwan University; University of Ulsan; Yonsei University,KR; US,yes,340,Incidence of Diabetes After Cancer Development,needs_review
A5057103601,Young‐Hoon Jeong,227,38,P0384; P0445; P0722; P1751; P1755; P1774; P1944; P2056; P2065; P2123; P2132; P2134; P2167; P2171; P2210; P2216; P2226; P2270; P2272; P2279; P2289; P2296; P2334; P2338; P2342; P2345; P2357; P2366; P2379; P2385; P2411; P2414; P2425; P2445; P2450; P2452; P2457; P2509,Asan Medical Center; Changwon National University; Chonnam National University; Chonnam National University Hospital; Chung-Ang University; Chung-Ang University Gwangmyeong Hospital; Chung-Ang University Healthcare System; Chung-Ang University Hospital; Dong-A University Hospital; Gyeongsang National University; Gyeongsang National University Changwon Hospital; Gyeongsang National University Hospital; Pusan National University; Pusan National University Yangsan Hospital; Seoul National University; Seoul National University Bundang Hospital; Seoul National University Hospital; Sinai Hospital; University of Ulsan; Wonkwang University; Wonkwang University Hospital,KR; US,yes,338,Temporal Trends of Bleeding Episodes during Half- vs. Standard-Dose Ticagrelor in Acute Coronary Syndrome Patients with Low Platelet Reactivity: A Randomized BLEEDING-ACS Trial,needs_review
A5100635535,Jae Hyung Park,118,74,P0007; P0050; P0077; P0097; P0114; P0135; P0175; P0195; P0208; P0228; P0243; P0464; P0511; P0514; P0532; P0535; P0631; P0688; P0722; P0753; P0810; P0903; P0907; P0914; P0920; P0945; P0989; P1098; P1116; P1118; P1120; P1121; P1132; P1149; P1168; P1202; P1383; P1397; P1419; P1424; P1440; P1523; P1524; P1525; P1532; P1551; P1557; P1581; P1586; P1674; P1750; P1756; P1774; P1881; P1898; P1939; P1955; P1983; P2059; P2113; P2211; P2213; P2214; P2224; P2228; P2229; P2270; P2337; P2366; P2475; P2509; P2534; P2614; P2642,Asan Foundation; Chung-Ang University; Chung-Ang University Healthcare System; Daegu Catholic University; Daegu Catholic University Medical Center; Dongguk University; Gachon University Gil Medical Center; Inha University; Inha University Hospital; Inje University Seoul Paik Hospital; Jungwon University; Keimyung University; Keimyung University Dongsan Medical Center; Konkuk University Medical Center; Korea Construction Equipment Technology Institute; Korea Institute of Ceramic Engineering and Technology; Korea Institute of Science and Technology; Korea University; Korea University Anam Hospital; Korea University Medical Center; Kyung Hee University; Kyungpook National University; Kyungpook National University Hospital; Myongji Hospital; National Cancer Center; Purdue University West Lafayette; Sejong General Hospital; Seoul National University; Seoul National University Bundang Hospital; Seoul National University Hospital; Sungkyunkwan University; Tufts University; University of Ulsan; Yeungnam University; Yonsei University,KR; US,yes,337,Dysfunctional adipocytes promote tumor progression through YAP/TAZ-dependent cancer-associated adipocyte transformation,needs_review
A5042171919,Dae Gill Kang,270,23,P1163; P1324; P1325; P1329; P1330; P1348; P1379; P1381; P1548; P1792; P1982; P2010; P2058; P2141; P2277; P2330; P2332; P2333; P2346; P2368; P2375; P2381; P2704,Korea Institute of Oriental Medicine; Wonkwang University; Wonkwang University Hospital,KR,yes,336,"Soluble DPP-4 up-regulates toll-like receptors and augments inflammatory reactions, which are ameliorated by vildagliptin or mannose-6-phosphate",needs_review
A5006422911,Jae‐Sook Ahn,243,32,P0006; P0007; P0013; P0014; P0020; P0220; P0333; P0355; P0449; P0695; P1027; P1094; P1098; P1210; P1323; P1526; P1527; P1549; P1578; P1637; P2104; P2110; P2125; P2133; P2186; P2215; P2218; P2271; P2274; P2425; P2475; P2574,Asan Medical Center; Chonnam National University; Chonnam National University Hospital; Chonnam National University Hwasun Hospital; Chosun University; Chosun University Hospital; Daegu Catholic University Medical Center; Pusan National University; Pusan National University Hospital; Samsung Medical Center; Seoul National University; Seoul National University Hospital; Sungkyunkwan University; The Korean Society of Hematology; University of Toronto; University of Ulsan,CA; KR,yes,336,Clinical Significance of bZIP In-Frame CEBPA-Mutated Normal Karyotype Acute Myeloid Leukemia,needs_review
A5079957929,Youn‐Chul Kim,216,41,P0040; P0042; P0524; P1036; P1155; P1163; P1187; P1213; P1323; P1348; P1365; P1381; P1435; P1495; P1505; P1548; P1719; P1749; P1792; P1930; P1982; P2141; P2268; P2277; P2330; P2332; P2333; P2341; P2345; P2346; P2353; P2360; P2365; P2372; P2375; P2381; P2388; P2410; P2485; P2579; P2623,Chosun University; Chungnam National University; Dongguk University WISE; Jeju National University; Kangwon National University; Korea Food Research Institute; Kyung Hee University; National Institute of Horticultural and Herbal Science; Rural Development Administration; Seoul National University; Wonkwang University; Wonkwang University Hospital; Woosuk University; Yanbian University,CN; KR,yes,336,"Soluble DPP-4 up-regulates toll-like receptors and augments inflammatory reactions, which are ameliorated by vildagliptin or mannose-6-phosphate",needs_review
A5030107272,Keunchil Park,189,50,P0007; P0028; P0040; P0057; P0079; P0134; P0135; P0156; P0163; P0350; P0484; P0603; P0622; P0914; P1088; P1156; P1251; P1328; P1519; P1534; P1544; P1545; P1562; P1570; P1635; P1637; P1699; P1709; P1715; P1732; P1889; P1945; P1960; P1984; P2021; P2060; P2136; P2174; P2176; P2218; P2423; P2425; P2466; P2487; P2499; P2511; P2538; P2539; P2562; P2669,Aarhus University; Aarhus University Hospital; Ajou University Hospital; Asan Medical Center; Chung-Ang University; Dankook University; Dankook University Hospital; Gyeongsang National University; Hanyang University; Inje University Busan Paik Hospital; Inje University Haeundae Paik Hospital; Keimyung University; Keimyung University Daegu Dongsan Hospital; Keimyung University Dongsan Hospital; Keimyung University Dongsan Medical Center; Korea Advanced Institute of Science and Technology; Korea Institute of Radiological and Medical Sciences; Korea Institute of Science & Technology Information; Korea University; Korea University Medical Center; Macrogen (South Korea); National Cancer Center; Samsung (South Korea); Samsung Advanced Institute of Technology (South Korea); Samsung Biomedical Research Institute; Samsung Medical Center; Sangmyung University; Seoul National University; Seoul National University Hospital; Sungkyunkwan University; The University of Texas MD Anderson Cancer Center; University of Ulsan,DK; KR; US,yes,336,Clonal History and Genetic Predictors of Transformation Into Small-Cell Carcinomas From Lung Adenocarcinomas,needs_review
A5047846074,Kyungdo Han,177,54,P0030; P0201; P0205; P0333; P0349; P0399; P0405; P0454; P0522; P0527; P0691; P1080; P1153; P1245; P1517; P1530; P1538; P1546; P1550; P1553; P1620; P1634; P1646; P1753; P1754; P1807; P1952; P1977; P1988; P2005; P2016; P2019; P2027; P2031; P2032; P2039; P2050; P2057; P2161; P2164; P2182; P2186; P2191; P2252; P2263; P2270; P2310; P2313; P2323; P2337; P2538; P2572; P2592; P2673,Ajou University; Asan Medical Center; Catholic University of Korea; Chungbuk National University; Chungbuk National University Hospital; Gangnam Severance Hospital; Jeonbuk National University Hospital; Kangbuk Samsung Hospital; Keimyung University; Keio University; National Cancer Center; National Health Insurance Service; National Health Insurance Service Ilsan Hospital; National Institute of Environmental Health Sciences; National Institutes of Health; Samsung Medical Center; Seoul National University; Seoul National University Hospital; Soonchunhyang University; Soonchunhyang University Hospital Seoul; Soongsil University; Sungkyunkwan University; The Catholic University of Korea Seoul St. Mary's Hospital; The Catholic University of Korea Yeouido St. Mary's Hospital; University of Ulsan,JP; KR; US,yes,336,Association Between Changes in Alcohol Consumption and Cancer Risk,needs_review
A5081680751,Young‐Guk Ko,196,47,P0007; P0030; P0319; P0333; P0434; P0471; P0580; P0641; P1121; P1516; P1517; P1774; P1944; P1955; P1976; P1983; P2010; P2056; P2064; P2065; P2075; P2123; P2167; P2210; P2233; P2249; P2270; P2272; P2279; P2302; P2322; P2338; P2342; P2357; P2366; P2414; P2432; P2452; P2457; P2474; P2475; P2483; P2490; P2513; P2578; P2592; P2687,CHA University; CHA University Bundang Medical Center; Cardiovascular Research Foundation; Catholic University of Korea; Columbia University Irving Medical Center; Dong-A University; Ewha Womans University; Ewha Womans University Medical Center; Ewha Womans University Mokdong Hospital; Gachon University Gil Medical Center; IRCCS Ospedale San Raffaele; Lodestar Research Corporation (United States); NewYork–Presbyterian Hospital; Seoul National University; Seoul National University Hospital; Severance Hospital; The Catholic University of Korea Seoul St. Mary's Hospital; University Hospital of Bern; University of Bologna; Vanderbilt University; Wonkwang University; Wonkwang University Sanbon Hospital; Yonsei University; Yonsei University Health System,CH; IT; KR; US,yes,334,Transfection of Mesenchymal Stem Cells with the FGF-2 Gene Improves Their Survival under Hypoxic Conditions,needs_review
A5100779305,Ho Jae Han,196,47,P0007; P0014; P0065; P0157; P0200; P0224; P0234; P0254; P0297; P0415; P0625; P0754; P0773; P0928; P0935; P0975; P0977; P0978; P0995; P0999; P1140; P1171; P1172; P1316; P1356; P1394; P1419; P1544; P1548; P1748; P1754; P1777; P1780; P1783; P1784; P1846; P1959; P2000; P2080; P2081; P2094; P2130; P2299; P2330; P2442; P2587; P2611,Catholic University of Korea; Chonnam National University; Dong-A University; Research Institute for Veterinary Science; Seoul National University; Seoul National University Hospital; Soonchunhyang University; Sungkyunkwan University,KR,yes,334,Human Cytomegalovirus Gene Products US3 and US6 Down-Regulate Trophoblast Class I MHC Molecules,needs_review
A5074483970,Cheorl‐Ho Kim,176,53,P0042; P0204; P0214; P0219; P0230; P0278; P0935; P0968; P1032; P1035; P1143; P1174; P1176; P1203; P1211; P1218; P1237; P1321; P1322; P1324; P1348; P1356; P1368; P1382; P1471; P1523; P1644; P1683; P1747; P1809; P1826; P1830; P1863; P1894; P2117; P2203; P2211; P2212; P2220; P2229; P2240; P2266; P2346; P2358; P2367; P2369; P2402; P2469; P2473; P2475; P2564; P2577; P2579,Ajou University; Chungnam National University; Daegu Catholic University; Daegu-Gyeongbuk Medical Innovation Foundation; Daekyeung University; Dongguk University; Dongguk University WISE; Eulji University; Keimyung University; Korea Institute of Toxicology; Kyung Hee University; Ministry of Science ICT and Future Planning; Pusan National University; Samsung (South Korea); Samsung Medical Center; Seoul National University of Science and Technology; Sungkyunkwan University; Wonkwang University,KR,yes,332,NF- B inhibition increases chemosensitivity to trichostatin A-induced cell death of Ki-Ras-transformed human prostate epithelial cells,needs_review
A5100390285,Jin‐Soo Kim,139,65,P0002; P0040; P0056; P0066; P0067; P0083; P0114; P0199; P0230; P0243; P0256; P0306; P0442; P0473; P0707; P0709; P0711; P0718; P0764; P0779; P0792; P0795; P0796; P0829; P0914; P0965; P1000; P1012; P1142; P1177; P1200; P1205; P1206; P1211; P1222; P1242; P1243; P1260; P1271; P1275; P1292; P1380; P1417; P1507; P1545; P1611; P1709; P1715; P1851; P1938; P1958; P2047; P2074; P2115; P2176; P2194; P2270; P2297; P2308; P2420; P2468; P2475; P2517; P2538; P2543,CHA University; CHA University Bundang Medical Center; Chung-Ang University; Chung-Ang University Healthcare System; Chungbuk National University; Gyeongsang National University; Hallym University; Hanmi Pharmaceutical (South Korea); Incheon National University; Inje University; Inje University Haeundae Paik Hospital; Institute for Basic Science; Korea Institute of Oriental Medicine; Korea Institute of Science and Technology; Korea Research Institute of Bioscience and Biotechnology; Korea University; Korea University of Science and Technology; Korean Association Of Science and Technology Studies; National University of Singapore; SNUH SMG-SNU Boramae Medical Center; Seoul Metropolitan Government; Seoul National University; Seoul National University Bundang Hospital; Seoul National University Hospital; Seoul National University Hospital Biomedical Research Institute; Seoul National University of Science and Technology; The University of Texas MD Anderson Cancer Center; ToolGen (South Korea); University of Otago; Yonsei University; Yonsei University Health System,KR; NZ; SG; US,yes,331,An Immune–Magnetophoretic Device for the Selective and Precise Enrichment of Circulating Tumor Cells from Whole Blood,needs_review
A5100704837,Jong Eun Lee,91,81,P0028; P0115; P0134; P0168; P0205; P0260; P0325; P0361; P0409; P0414; P0422; P0431; P0449; P0456; P0484; P0496; P0564; P0676; P0691; P0698; P0764; P0843; P0920; P1034; P1080; P1139; P1210; P1251; P1260; P1267; P1268; P1323; P1516; P1519; P1520; P1521; P1536; P1553; P1562; P1576; P1580; P1588; P1594; P1603; P1605; P1612; P1640; P1651; P1657; P1731; P1746; P1747; P1759; P1768; P1824; P1889; P1936; P1951; P1958; P1963; P1999; P2008; P2016; P2048; P2050; P2066; P2072; P2099; P2130; P2136; P2149; P2174; P2210; P2261; P2270; P2287; P2293; P2543; P2572; P2578; P2642,Asan Medical Center; Catholic University of Korea; Chungnam National University; DNA Link (South Korea); Ewha Womans University; Ewha Womans University Mokdong Hospital; Gachon University; Gyeongguk National University; Hanyang University; Inha University; Inha University Hospital; Institute for Basic Science; Instituto de Gastroenterología; Johns Hopkins University; Kangwon National University; Konkuk University; Korea Center for Disease Control and Prevention; Korea Disease Control and Prevention Agency; Korea National Institute of Health; Korea University; Korean Resource Center; Kosin University; Kyung Hee University; National Cancer Center; Samsung (South Korea); Samsung Advanced Institute of Technology (South Korea); Samsung Biomedical Research Institute; Samsung Medical Center; Sejong University; Semyung University; Seoul National University; Severance Hospital; Soonchunhyang University; Soonchunhyang University Hospital Cheonan; Soonchunhyang University Hospital Seoul; Sungkyunkwan University; University of British Columbia; University of Ulsan; Yonsei University; Yonsei University Health System; Yonsei University Mirae Campus,CA; CU; KR; US,yes,331,Evaluation and Application Effect of a Home Nasogastric Tube Feeding Simulation Module for Nursing Students: An Application of the NLN Jeffries Simulation Theory,needs_review
A5044014459,Chang Seok Bang,222,37,P0384; P0428; P0445; P0493; P0591; P0596; P0597; P1524; P1525; P1536; P1539; P1551; P1655; P1843; P1961; P1999; P2004; P2009; P2017; P2027; P2035; P2040; P2045; P2051; P2102; P2135; P2160; P2164; P2170; P2224; P2228; P2326; P2334; P2489; P2526; P2551; P2572,Chung-Ang University; Dankook University; Dankook University Hospital; Ewha Womans University; Ewha Womans University Seoul Hospital; Gangneung Asan Hospital; Hallym University; Hallym University Chuncheon Sacred Heart Hospital; Hallym University Kangnam Sacred Heart Hospital; Hallym University Sacred Heart Hospital; Severance Hospital; University of Ulsan; Yonsei University,KR,yes,330,Impact of antiviral therapy on hepatocellular carcinoma and mortality in patients with chronic hepatitis C: systematic review and meta-analysis,needs_review
A5008436686,Jin Oh Na,233,33,P0075; P0434; P0446; P0511; P0580; P0722; P1156; P1220; P1385; P1483; P1773; P1774; P1801; P1949; P1955; P2019; P2035; P2082; P2123; P2134; P2140; P2161; P2164; P2167; P2210; P2233; P2270; P2289; P2338; P2342; P2366; P2414; P2509,Asan Medical Center; Care Institute of Medical Sciences; Catholic University of Korea; Chonnam National University Hospital; Chungnam National University; Chungnam National University Hospital; Eulji Medical Center; Gachon University; Gachon University Gil Medical Center; Government of the Republic of China; Korea University; Korea University Anam Hospital; Korea University Guro Hospital; Korea University Medical Center; Kosin University; Kosin University Gospel Hospital; Pusan National University; Second Hospital of Tianjin Medical University; Seoul National University Bundang Hospital; Soonchunhyang University; Soonchunhyang University Hospital Cheonan; The Catholic University of Korea Daejeon St. Mary's Hospital; Tianjin Medical University; Tianjin Nankai Hospital; University of Ulsan; Wonkwang University; Wonkwang University Hospital,CN; IN; KR; TW,yes,329,A Typical Case of L-Transposition of the Great Arteries Initially Presented as Complete Atrioventricular Block in Middle-Aged Man,needs_review
A5017136425,Ki Hun Park,179,51,P0137; P0189; P0204; P0283; P0707; P0995; P1118; P1141; P1155; P1157; P1159; P1166; P1175; P1191; P1194; P1201; P1211; P1212; P1273; P1330; P1337; P1338; P1370; P1391; P1416; P1427; P1433; P1497; P1632; P1636; P1648; P1842; P2056; P2114; P2277; P2330; P2412; P2416; P2428; P2431; P2434; P2435; P2451; P2453; P2454; P2456; P2470; P2519; P2674; P2682; P2686,Ewha Womans University; Gyeongsang National University; Korea Institute of Radiological and Medical Sciences; Korea Research Institute of Bioscience and Biotechnology; National Institute of Crop Science; Rural Development Administration; Seoul National University; University of Oxford; Upgrad (India),GB; KR,yes,329,Tetraspan TM4SF5-dependent direct activation of FAK and metastatic potential of hepatocarcinoma cells,needs_review
A5100363762,Ho Kim,113,73,P0007; P0028; P0030; P0034; P0036; P0053; P0057; P0153; P0317; P0334; P0337; P0365; P0407; P0438; P0446; P0573; P0669; P0689; P0696; P0707; P0714; P0755; P0786; P0832; P0986; P0999; P1076; P1091; P1104; P1127; P1130; P1331; P1343; P1373; P1411; P1438; P1521; P1527; P1548; P1559; P1566; P1570; P1575; P1577; P1595; P1731; P1748; P1750; P1751; P1766; P1775; P1811; P1815; P1827; P1898; P1942; P1957; P1989; P2000; P2001; P2037; P2040; P2105; P2119; P2268; P2274; P2335; P2408; P2416; P2466; P2474; P2572; P2576,Asan Medical Center; Chonnam National University Hwasun Hospital; Chungbuk National University; Chungnam National University; Daegu Catholic University; Daegu Catholic University Medical Center; Daejin University; Ewha Womans University; Gwangju Institute of Science and Technology; Gyeongsang National University Hospital; Hanyang University; Inje University Haeundae Paik Hospital; Korea Advanced Institute of Science and Technology; Korea Atomic Energy Research Institute; Korea Institute of Oriental Medicine; Korea University Ansan Hospital; Kyungpook National University; Macrogen (South Korea); National Cancer Center; National Cancer Center Hospital; Pusan National University; Seoul National University; Seoul National University Hospital; Sookmyung Women's University; Soonchunhyang University; Soonchunhyang University Hospital Cheonan; Sungkyunkwan University; Ulsan University Hospital; University of Toyama; University of Ulsan; Yonsei University; Yonsei University Health System,JP; KR,yes,329,Matching between the concepts of knowledge representation for a hypertension guideline and SNOMED CT.,needs_review
A5115587920,Dong Soo Lee,172,53,P0021; P0067; P0075; P0079; P0114; P0123; P0205; P0228; P0337; P0486; P0526; P0534; P0689; P0711; P0734; P0746; P0823; P0915; P1069; P1118; P1143; P1260; P1522; P1530; P1660; P1666; P1672; P1779; P1841; P1852; P1933; P2001; P2002; P2023; P2048; P2059; P2077; P2103; P2125; P2137; P2211; P2270; P2287; P2293; P2301; P2315; P2419; P2489; P2529; P2531; P2542; P2584; P2672,"Cancer Research Institute; Chungnam National University; Ewha Womans University; Kangwon National University; Kangwon National University Hospital; Korea Research Institute of Chemical Technology; Korea University; National Institute of Horticultural and Herbal Science; National Research Foundation of Korea; Obihiro University of Agriculture and Veterinary Medicine; Pohang University of Science and Technology; Rural Development Administration; Seoul National University; Seoul National University Bundang Hospital; Seoul National University Children's Hospital; Seoul National University Hospital; Soonchunhyang University Hospital Bucheon; University of California, Irvine; Yonsei University",JP; KR; US,yes,328,Metronomic chemotherapy using orally active carboplatin/deoxycholate complex to maintain drug concentration within a tolerable range for effective cancer management,needs_review
A5071539415,Moo‐Ho Won,242,29,P0267; P0447; P0619; P0691; P0984; P1228; P1252; P1424; P1437; P1459; P1584; P1682; P1749; P1780; P1811; P1844; P1958; P1970; P1984; P2006; P2012; P2015; P2033; P2044; P2330; P2408; P2539; P2618; P2636,Gangneung–Wonju National University; Hallym University; Kangwon National University; Kangwon National University Hospital; Kyungpook National University; Seoul National University,KR,yes,326,"Suppression of thymus- and activation-regulated chemokine (TARC/CCL17) production by 1,2,3,4,6-penta-O-galloyl-β-d-glucose via blockade of NF-κB and STAT1 activation in the HaCaT cells",needs_review
A5101549059,Jin Sook Kim,206,41,P0289; P0999; P1053; P1174; P1329; P1330; P1332; P1341; P1346; P1361; P1362; P1369; P1379; P1380; P1415; P1422; P1442; P1452; P1454; P1494; P1532; P1539; P1894; P1933; P1971; P1981; P2047; P2117; P2282; P2307; P2312; P2330; P2333; P2347; P2368; P2469; P2470; P2492; P2500; P2618; P2704,"Chungbuk National University; Chungnam National University; Daejeon Eulji Medical Center, Eulji University; Daejeon University; Dongduk Women's University; Eulji University; Gachon University; Gimcheon University; Inje University Sanggye Paik Hospital; Jeju National University; Jeonbuk National University; Korea Basic Science Institute; Korea Institute of Oriental Medicine; Korea Research Institute of Bioscience and Biotechnology; Korea University of Science and Technology; Kyungwoon University; National Cancer Center; Seonam University; Viện Dược liệu; Wonkwang University; Yeungnam University",KR; VN,yes,326,Dieckol isolated from Eisenia bicyclis extract suppresses RANKL-induced osteoclastogenesis in murine RAW 264.7 cells,needs_review
A5013507111,Bo Yeon Kim,185,48,P0042; P0044; P0060; P0102; P0230; P0245; P0251; P0253; P0684; P0779; P0786; P0996; P1000; P1113; P1143; P1152; P1155; P1158; P1163; P1166; P1171; P1172; P1176; P1177; P1184; P1186; P1188; P1190; P1199; P1200; P1362; P1423; P1430; P1822; P1824; P1844; P1863; P1982; P2033; P2144; P2249; P2332; P2402; P2417; P2469; P2470; P2529; P2549,Center for Cancer Research; Central South University; Chung-Ang University; Daejin University; Dong-A University; Harvard University; Jeonbuk National University; Korea Research Institute of Bioscience and Biotechnology; Korea University Medical Center; Korea University of Science and Technology; National Cancer Institute; Second Xiangya Hospital of Central South University; Seoul National University; Silla University; University of Minnesota; Université de Yaoundé I; Zhengzhou University,CM; CN; KR; US,yes,326,Antidiabetic effects of extracts from Psidium guajava,needs_review
A5005022842,Wonshik Han,149,60,P0028; P0057; P0067; P0079; P0093; P0114; P0329; P0345; P0354; P0394; P0414; P0454; P0464; P0484; P0486; P0588; P0594; P0606; P0689; P0707; P0986; P0990; P0997; P1010; P1069; P1206; P1210; P1382; P1516; P1517; P1518; P1527; P1528; P1529; P1530; P1531; P1545; P1553; P1555; P1564; P1588; P1594; P1598; P1634; P1642; P1650; P1651; P1828; P1873; P1890; P1905; P1913; P1921; P1934; P1939; P1999; P2105; P2210; P2356; P2475,Asan Medical Center; CHA University; CHA University Bundang Medical Center; Dongnam Institute of Radiological & Medical Sciences; Ewha Womans University Mokdong Hospital; Gangnam Severance Hospital; Gyeongsang National University Hospital; Hanyang University Medical Center; Kangbuk Samsung Hospital; Kyung Hee University; National Cancer Center; Pusan National University Hospital; SNUH SMG-SNU Boramae Medical Center; Samsung Medical Center; Seoul National University; Seoul National University Bundang Hospital; Seoul National University Hospital; Seoul National University Hospital Biomedical Research Institute; Sungkyunkwan University; University of Ulsan; Vanderbilt University; Vanderbilt-Ingram Cancer Center; Yonsei University; Yonsei University Health System,KR; US,yes,326,Establishment and characterization of seven human breast cancer cell lines including two triple-negative cell lines,needs_review
A5029282055,Cheol Ung Choi,247,27,P0043; P0075; P0105; P0291; P0434; P0446; P0580; P0801; P1385; P1483; P1976; P2019; P2056; P2065; P2123; P2134; P2161; P2164; P2171; P2226; P2233; P2270; P2338; P2342; P2356; P2414; P2509,Catholic University of Korea; Chonnam National University Hospital; Chungnam National University; Eulji Medical Center; Gachon University; Gachon University Gil Medical Center; Government of the Republic of China; Korea University; Korea University Guro Hospital; Korea University Medical Center; Kosin University; Kosin University Gospel Hospital; Pusan National University; Second Hospital of Tianjin Medical University; Sejong General Hospital; Seoul National University Bundang Hospital; Soonchunhyang University; Soonchunhyang University Hospital Cheonan; Tianjin Medical University; Tianjin Nankai Hospital; Wonkwang University; Wonkwang University Hospital,CN; KR; TW,yes,325,"Efficacy and Safety of a Single‐Pill Triple Combination of Valsartan, Amlodipine, and Chlorthalidone in Patients With Essential Hypertension Inadequately Controlled on Dual Therapy With Valsartan and Amlodipine: A Randomized, Double‐Blind, Multicenter, Phase 3 Trial",needs_review
A5111816362,Dong Joo Oh,244,28,P0007; P0075; P0434; P0580; P1152; P1220; P1385; P1573; P1746; P1773; P1944; P2123; P2124; P2161; P2164; P2180; P2226; P2233; P2270; P2272; P2279; P2338; P2342; P2356; P2366; P2414; P2464; P2509,Eulji Medical Center; Gachon University; Gachon University Gil Medical Center; Government of the Republic of China; Guizhou University; Korea University; Korea University Guro Hospital; Korea University Medical Center; Kosin University; Kosin University Gospel Hospital; Kyoto University; Second Hospital of Tianjin Medical University; Soonchunhyang University; Soonchunhyang University Hospital Cheonan; Tianjin Medical University; Tianjin Nankai Hospital; Wonkwang University; Wonkwang University Hospital; Wonkwang University Sanbon Hospital,CN; JP; KR; TW,yes,325,Intracoronary dual-modal optical coherence tomography-near-infrared fluorescence structural–molecular imaging with a clinical dose of indocyanine green for the assessment of high-risk plaques and stent-associated inflammation in a beating coronary artery,needs_review
A5016608182,Dong‐Ju Choi,235,31,P0007; P0030; P0427; P0446; P0526; P0600; P0707; P0722; P0920; P1517; P1774; P1782; P1944; P1949; P1955; P2123; P2167; P2171; P2226; P2270; P2272; P2279; P2289; P2327; P2342; P2414; P2457; P2483; P2509; P2513; P2526,Asan Medical Center; Chonnam National University Hospital; Chungbuk National University; Chungbuk National University Hospital; Gachon University Gil Medical Center; Gyeongsang National University; Konkuk University; Konkuk University Medical Center; Korea National Institute of Health; Korean Society of Cardiology; Kosin University Gospel Hospital; Samsung Medical Center; Sejong General Hospital; Seoul National University; Seoul National University Bundang Hospital; Seoul National University Hospital; Severance Hospital; Sungkyunkwan University; The Catholic University of Korea Seoul St. Mary's Hospital; University of Ulsan; Wonju Severance Christian Hospital; Yonsei University; Yonsei University Health System; Yonsei University Mirae Campus,KR,yes,325,Assessment of Frailty in Patients with Heart Failure: A New Heart Failure Frailty Score Developed by Delphi Consensus,needs_review
A5048468979,Ji‐Won Lee,124,68,P0034; P0090; P0145; P0180; P0218; P0236; P0252; P0337; P0386; P0408; P0525; P0527; P0619; P0740; P0907; P1125; P1166; P1169; P1188; P1190; P1322; P1323; P1336; P1370; P1419; P1444; P1522; P1527; P1552; P1634; P1696; P1731; P1760; P1780; P1788; P1809; P1825; P1841; P1846; P1907; P1961; P1967; P1986; P2002; P2015; P2037; P2108; P2134; P2136; P2139; P2141; P2145; P2235; P2275; P2336; P2350; P2410; P2431; P2495; P2521; P2529; P2570; P2581; P2622; P2623; P2646; P2647; P2662,Asan Medical Center; Beth Israel Deaconess Medical Center; Chung-Ang University; Chungnam National University; Clinical and Laboratory Standards Institute; Daegu Fatima Hospital; Daegu Gyeongbuk Institute of Science and Technology; Eulji University; Eulji University Nowon Eulji Medical Center; Ewha Womans University; Gachon University; Gachon University Gil Medical Center; Gangnam Severance Hospital; Gwangju Institute of Science and Technology; Gyeonggi College of Science and Technology; Gyeongju University; Gyeongsang National University; Hallym University; Hallym University Sacred Heart Hospital; Hanyang University; Harvard University; Inje University Seoul Paik Hospital; Jaseng Hospital of Korean Medicine; Kangwon National University; Konkuk University; Konkuk University Medical Center; Konyang University; Konyang University Hospital; Korea Basic Science Institute; Korea Institute of Oriental Medicine; Korea Research Institute of Bioscience and Biotechnology; Korea University; Korea University of Science and Technology; Kyung Hee University; National Academy of Agricultural Science; National Academy of Agricultural Sciences; National Cancer Center; Pusan National University Hospital; Rural Development Administration; Seoul National University; Severance Hospital; Sungkyunkwan University; University of Minnesota; University of North Carolina at Chapel Hill; University of Ulsan; Yongin Severance Hospital; Yonsei Cancer Hospital; Yonsei University; Yonsei University Health System,IN; KR; US,yes,325,GSK3B induces autophagy by phosphorylating ULK1,needs_review
A5101766022,Jeong Gwan Cho,276,17,P0920; P2123; P2171; P2270; P2271; P2272; P2279; P2289; P2302; P2327; P2338; P2342; P2357; P2366; P2414; P2432; P2509,Asan Medical Center; Chonnam National University; Chonnam National University Hospital; Korean Society of Cardiology; Kwangju Christian Hospital; Ministry of Health and Welfare; Seoul National University Hospital; University of Ulsan; Wonkwang University; Wonkwang University Hospital,KR,yes,324,An optimal cardiothoracic ratio cut-off to predict clinical outcomes in patients with acute myocardial infarction,needs_review
A5100652725,Jin Won Kim,219,36,P0075; P0379; P0446; P0619; P1152; P1220; P1385; P1424; P1442; P1773; P1807; P1944; P1949; P2019; P2065; P2083; P2123; P2134; P2161; P2164; P2167; P2171; P2180; P2210; P2226; P2233; P2270; P2338; P2342; P2366; P2414; P2423; P2452; P2457; P2464; P2574,Catholic University of Korea; Chonnam National University Hospital; Chungnam National University; Eulji Medical Center; Eulji University; Gachon University; Gachon University Gil Medical Center; Government of the Republic of China; Korea University; Korea University Guro Hospital; Korea University Medical Center; Kosin University; Kosin University Gospel Hospital; Pusan National University; Second Hospital of Tianjin Medical University; Seoul National University; Seoul National University Bundang Hospital; Severance Hospital; Soonchunhyang University; Soonchunhyang University Hospital Cheonan; Tianjin Medical University; Tianjin Nankai Hospital; Wonju Severance Christian Hospital; Wonkwang University; Wonkwang University Hospital; Yonsei University; Yonsei University Health System,CN; KR; TW,yes,324,Intracoronary dual-modal optical coherence tomography-near-infrared fluorescence structural–molecular imaging with a clinical dose of indocyanine green for the assessment of high-risk plaques and stent-associated inflammation in a beating coronary artery,needs_review
A5022535671,Kang Ro Lee,251,25,P0055; P0168; P0187; P0208; P0562; P0700; P0703; P0987; P0999; P1130; P1213; P1461; P1719; P1827; P1837; P1910; P1940; P1942; P2025; P2277; P2301; P2332; P2375; P2410; P2436,Ewha Womans University; Gachon University; Korea Institute of Science and Technology; Korea Research Institute of Chemical Technology; Kyung Hee University; National Institute of Agricultural Science and Technology; Seoul National University; Sungkyunkwan University,KR,yes,323,Anti-Neurodegenerative Biflavonoid Glycosides from Impatiens balsamina,needs_review
A5022998619,Byong Duk Ye,184,47,P0022; P0201; P0205; P0345; P0346; P0384; P0424; P0509; P0522; P0562; P0597; P0619; P0620; P1118; P1274; P1323; P1465; P1536; P1537; P1587; P1680; P1681; P1684; P1685; P1694; P1807; P1843; P1947; P1954; P1961; P2009; P2014; P2023; P2051; P2059; P2076; P2163; P2170; P2211; P2213; P2296; P2345; P2464; P2466; P2489; P2546; P2556,Asan Medical Center; Catholic University of Korea; Ewha Womans University; Inje University; Inje University Busan Paik Hospital; Korea University; Korean Association for the Study of Intestinal Diseases; Seoul National University; Sungkyunkwan University; University of Ulsan; Yonsei University,KR,yes,322,Feasibility of moxifloxacin and proflavine dual fluorescence imaging for detecting gastrointestinal neoplastic lesions: A prospective study,needs_review
A5024282773,Kye Hun Kim,225,33,P0234; P0434; P0511; P0516; P0722; P0920; P1773; P1774; P1944; P1949; P1955; P1970; P1976; P2123; P2134; P2171; P2226; P2233; P2270; P2271; P2272; P2279; P2289; P2338; P2342; P2357; P2366; P2414; P2450; P2452; P2457; P2509; P2513,Asan Medical Center; Catholic University of Korea; Chonnam National University; Chonnam National University Hospital; Chungbuk National University; Chungbuk National University Hospital; Gachon University; Gyeongsang National University; Gyeongsang National University Hospital; Jeonbuk National University; Jeonbuk National University Hospital; Konyang University; Konyang University Hospital; Korea National Institute of Health; Ministry of Health and Welfare; National University Hospital; Sejong General Hospital; Seoul National University; Seoul National University Bundang Hospital; Severance Hospital; The Catholic University of Korea Seoul St. Mary's Hospital; University of Ulsan; Yonsei University,KR; SG,yes,321,Normal 2-Dimensional Strain Values of the Left Ventricle: A Substudy of the Normal Echocardiographic Measurements in Korean Population Study,needs_review
A5100319603,Sang‐Min Lee,114,70,P0013; P0014; P0020; P0043; P0050; P0079; P0115; P0350; P0354; P0355; P0356; P0386; P0409; P0494; P0689; P0745; P0884; P0914; P0975; P0978; P1020; P1288; P1309; P1323; P1327; P1331; P1332; P1402; P1414; P1441; P1447; P1453; P1517; P1526; P1549; P1568; P1637; P1732; P1754; P1759; P1789; P1843; P1944; P1952; P1976; P1998; P2010; P2016; P2060; P2070; P2110; P2125; P2127; P2153; P2213; P2218; P2228; P2246; P2271; P2274; P2291; P2304; P2423; P2425; P2449; P2491; P2536; P2562; P2572; P2680,Asan Medical Center; Catholic University of Korea; Chonnam National University; Chung-Ang University; Chungnam National University; Chungnam National University Hospital; Dankook University; Dankook University Hospital; Dong-A University; Dong-A University Hospital; Dong-Eui University; Dong-Eui University Korean Medicine Hospital; Ewha Womans University; Ewha Womans University Medical Center; Ewha Womans University Seoul Hospital; Gachon University; Gachon University Gil Medical Center; Gyeongsang National University; Gyeongsang National University Hospital; Inje University; Inje University Busan Paik Hospital; Jeonbuk National University; Keimyung University; Korea Advanced Institute of Science and Technology; Korea Basic Science Institute; Korea Research Institute of Chemical Technology; Korea University Anam Hospital; Korea University Guro Hospital; Korea University Medical Center; Kyung Hee University; Kyung Hee University Medical Center; Lung Institute; Memphis VA Medical Center; Myongji Hospital; National Institute of Animal Science; National Medical Center; Pohang TechnoPark (South Korea); Rural Development Administration; Samsung Medical Center; Seoul National University; Seoul National University Bundang Hospital; Seoul National University Hospital; Severance Hospital; Sungkyunkwan University; Ulsan National Institute of Science and Technology; University of Tennessee Health Science Center; University of Ulsan; Veterans Health Administration; Wonju Severance Christian Hospital; Yonsei University; Yonsei University Mirae Campus,KR; US,yes,321,Responses to inhaled long-acting beta-agonist and corticosteroid according to COPD subtype,needs_review
A5100695510,Eun Sun Kim,122,67,P0030; P0036; P0055; P0142; P0156; P0157; P0205; P0253; P0279; P0285; P0342; P0351; P0433; P0597; P0703; P0811; P0836; P0959; P1121; P1147; P1177; P1181; P1240; P1257; P1261; P1291; P1293; P1514; P1519; P1536; P1537; P1548; P1555; P1561; P1600; P1623; P1807; P1831; P1843; P1893; P1948; P1964; P2014; P2015; P2025; P2051; P2076; P2101; P2106; P2113; P2129; P2131; P2136; P2138; P2156; P2163; P2213; P2215; P2296; P2318; P2326; P2345; P2401; P2433; P2585; P2613; P2689,Ajou University; Catholic University of Korea; Daegu Catholic University; Daegu Gyeongbuk Institute of Science and Technology; Dongguk University; Ewha Womans University; Ewha Womans University Seoul Hospital; Gwangju Health University; Hallym University; Hanyang University; Inje University; Inje University Haeundae Paik Hospital; Inje University Seoul Paik Hospital; Institute for Basic Science; International University of Korea; Korea Research Institute of Bioscience and Biotechnology; Korea University; Korea University Anam Hospital; Korea University Medical Center; Kyung Hee University; Kyungpook National University; Kyungpook National University Hospital; Kyungpook National University Medical Center; LG (South Korea); Pusan National University; Samsung Medical Center; Sungkyunkwan University; The Catholic University of Korea Incheon St. Mary's Hospital; The Catholic University of Korea Uijeongbu St. Mary's Hospital; Ulsan National Institute of Science and Technology; University of Sheffield; Woosuk University,GB; JP; KR,yes,320,Clinical and Radiological Predictors for Early Hematoma Expansion After Spontaneous Intracerebral Hemorrhage: A Retrospective Study,needs_review
A5032246382,Eung Ju Kim,241,27,P0075; P0361; P0434; P0446; P0580; P0722; P1385; P1483; P1573; P1746; P1773; P1949; P1955; P2019; P2099; P2123; P2129; P2134; P2161; P2164; P2270; P2338; P2342; P2356; P2414; P2509; P2513,Catholic University of Korea; Chonnam National University Hospital; Chungnam National University; Eulji Medical Center; Gachon University; Gachon University Gil Medical Center; Government of the Republic of China; Korea University; Korea University Guro Hospital; Korea University Medical Center; Kosin University; Kosin University Gospel Hospital; Kyung Hee University; Kyung Hee University Healthcare System; Kyung Hee University Medical Center; Pusan National University; Second Hospital of Tianjin Medical University; Seoul National University Bundang Hospital; Soonchunhyang University; Soonchunhyang University Hospital Cheonan; The Catholic University of Korea Seoul St. Mary's Hospital; Tianjin Medical University; Tianjin Nankai Hospital; Wonkwang University; Wonkwang University Hospital; Wonkwang University Sanbon Hospital,CN; KR; TW,yes,319,Physician adherence and patient-reported outcomes in heart failure with reduced ejection fraction in the era of angiotensin receptor-neprilysin inhibitor therapy,needs_review
A5090733758,Kyusik Kang,235,29,P0337; P0379; P0380; P0416; P0532; P0533; P0534; P0535; P0722; P1111; P1284; P1412; P1989; P2005; P2019; P2027; P2032; P2084; P2271; P2302; P2329; P2331; P2471; P2474; P2490; P2518; P2522; P2586; P2689,"Asan Medical Center; Chonnam National University; Chonnam National University Hospital; Chungbuk National University; Chungbuk National University Hospital; Daejeon Eulji Medical Center, Eulji University; Dong-A University; Dong-A University Hospital; Dongguk University; Dongguk University Ilsan Hospital; Eulji Medical Center; Eulji University; Eulji University Nowon Eulji Medical Center; Eulji University Uijeongbu Eulji Medical Center; Hallym University Dongtan Sacred Heart Hospital; Hallym University Sacred Heart Hospital; Inje University; Inje University Ilsan Paik Hospital; Korea University; Samsung Medical Center; Seoul Medical Center; Seoul National University; Seoul National University Bundang Hospital; Seoul National University Hospital; Soonchunhyang University Hospital Seoul; Sungkyunkwan University; The University of Texas MD Anderson Cancer Center; University of Southern California; University of Ulsan; University of Wisconsin–Madison; Yeungnam University",KR; US,yes,319,Executive Summary of Stroke Statistics in Korea 2018: A Report from the Epidemiology Research Council of the Korean Stroke Society,needs_review
A5079274190,Jungnam Joo,157,55,P0205; P1323; P1335; P1517; P1518; P1519; P1520; P1521; P1522; P1523; P1524; P1525; P1526; P1527; P1528; P1529; P1531; P1532; P1533; P1535; P1537; P1538; P1539; P1540; P1541; P1543; P1544; P1545; P1547; P1551; P1553; P1554; P1555; P1558; P1559; P1560; P1561; P1562; P1563; P1566; P1567; P1568; P1569; P1571; P1574; P1575; P1595; P1746; P2001; P2008; P2069; P2117; P2199; P2496; P2618,"European Society of Gastrointestinal Endoscopy; National Cancer Center; National Cancer Center Hospital; National Heart, Lung, and Blood Institute; National Institutes of Health",DE; KR; US,yes,319,Prognostic Implications of Multiplex Detection of KRAS Mutations in Cell-Free DNA from Patients with Pancreatic Ductal Adenocarcinoma,needs_review
A5075083918,Hyun‐Young Park,139,61,P0007; P0028; P0075; P0337; P0422; P0439; P0446; P0532; P0535; P0580; P0722; P0984; P1153; P1169; P1205; P1257; P1412; P1516; P1527; P1538; P1546; P1576; P1577; P1580; P1587; P1592; P1594; P1595; P1602; P1603; P1605; P1606; P1949; P1957; P1969; P1989; P1999; P2000; P2004; P2027; P2064; P2075; P2119; P2167; P2210; P2270; P2331; P2338; P2340; P2342; P2346; P2416; P2432; P2436; P2444; P2469; P2471; P2474; P2574; P2597; P2602,Brown University; Catholic University of Korea; Chonnam National University Hospital; Chungbuk National University; Dong-A University; Ewha Womans University; Gachon University Gil Medical Center; Hallym University; Inje University Haeundae Paik Hospital; Istituto Superiore di Sanità; Konyang University; Korea Center for Disease Control and Prevention; Korea Disease Control and Prevention Agency; Korea Institute of Science and Technology; Korea National Institute of Health; Korea Research Institute of Bioscience and Biotechnology; Kosin University Gospel Hospital; National Institute of Health; National Institutes of Health; Samsung Medical Center; Seoul National University; Seoul National University Bundang Hospital; Sungkyunkwan University; Wonkwang University; Wonkwang University Hospital; Yonsei University; Yonsei University Health System,AM; IT; KR; PK; US,yes,319,The Korean Study of Women’s Health-Related Issues (K-Stori): Rationale and Study Design,needs_review
A5100678259,Jae‐Yong Park,150,57,P0040; P0063; P0076; P0100; P0209; P0669; P0843; P0847; P0998; P1014; P1118; P1119; P1129; P1137; P1141; P1166; P1177; P1185; P1253; P1294; P1299; P1307; P1342; P1347; P1385; P1386; P1392; P1412; P1424; P1472; P1489; P1503; P1572; P1641; P1759; P1889; P2035; P2102; P2223; P2248; P2275; P2410; P2428; P2445; P2453; P2456; P2536; P2561; P2571; P2595; P2603; P2633; P2646; P2654; P2669; P2679; P2681,Catholic University of Korea; Chonnam National University; Chung-Ang University; Chung-Ang University Healthcare System; Cleveland Clinic; Daegu Gyeongbuk Institute of Science and Technology; Emory University; Gwangju Institute of Science and Technology; Gyeongsang National University; Inha University; Inje University; Inje University Sanggye Paik Hospital; Korea Institute of Science and Technology; Korea University; Korea University of Science and Technology; Korean Association Of Science and Technology Studies; Kyungpook National University; Kyungpook National University Hospital; Kyungpook National University Medical Center; Pusan National University; Roswell Park Comprehensive Cancer Center; Sejong University; Seoul National University; Soonchunhyang University; Soonchunhyang University Hospital Bucheon; University of North Carolina at Chapel Hill; University of Ulsan; Yale University,KR; US,yes,318,TREK-1 and Best1 Channels Mediate Fast and Slow Glutamate Release in Astrocytes upon GPCR Activation,needs_review
A5100689633,Kim Ys,120,67,P0006; P0007; P0023; P0028; P0034; P0071; P0075; P0153; P0200; P0266; P0317; P0346; P0347; P0444; P0489; P0605; P0639; P0673; P0674; P0813; P1058; P1116; P1124; P1143; P1173; P1188; P1222; P1234; P1251; P1253; P1258; P1269; P1322; P1380; P1429; P1473; P1502; P1530; P1578; P1583; P1586; P1593; P1610; P1623; P1631; P1695; P1746; P1755; P1802; P1920; P2010; P2037; P2099; P2107; P2121; P2144; P2228; P2271; P2274; P2291; P2292; P2304; P2320; P2328; P2348; P2379; P2498,Asia Pacific Foundation for Infectious Diseases; Catholic University of Korea; Chonnam National University Hwasun Hospital; Chosun University; Chosun University Hospital; Chungbuk National University; Chungnam National University; Chungnam National University Hospital; Daewoong Pharmaceutical (South Korea); Dankook University; Ewha Womans University; Ewha Womans University Seoul Hospital; Guangzhou Medical University; Hongik University; Inje University Ilsan Paik Hospital; Institut Pasteur Korea; Institute for Basic Science; Konkuk University; Konkuk University Medical Center; Korea Advanced Institute of Science and Technology; Korea Center for Disease Control and Prevention; Korea Disease Control and Prevention Agency; Korea Institute of Oriental Medicine; Korea Institute of Science and Technology; Korea National Institute of Health; Korea Research Institute of Bioscience and Biotechnology; Kyung Hee University; Kyungpook National University; National Health Insurance Service Ilsan Hospital; National Medical Center; Pusan National University; Samsung (South Korea); Samsung Electronics (South Korea); Seoul Medical Center; Seoul National University; Seoul National University Bundang Hospital; Soonchunhyang University Hospital Cheonan; The Catholic University of Korea Uijeongbu St. Mary's Hospital; University of Seoul; Wonju Severance Christian Hospital; Wonkwang University Hospital; Yonsei University; Yonsei University Mirae Campus,CN; KR,yes,318,Establishment of the large-scale longitudinal multi-omics dataset in COVID-19 patients: data profile and biospecimen,needs_review
A5100648374,Jong‐Won Kim,96,75,P0014; P0028; P0114; P0162; P0201; P0205; P0258; P0429; P0449; P0461; P0560; P0631; P0680; P0703; P0975; P0977; P0978; P0983; P0988; P0995; P1158; P1163; P1171; P1265; P1418; P1443; P1444; P1518; P1527; P1537; P1540; P1544; P1557; P1731; P1748; P1762; P1779; P1841; P1890; P1943; P1988; P2008; P2036; P2037; P2048; P2054; P2118; P2131; P2132; P2144; P2193; P2202; P2246; P2247; P2263; P2281; P2325; P2332; P2391; P2392; P2394; P2408; P2445; P2447; P2453; P2487; P2491; P2587; P2618; P2623; P2674; P2678; P2679; P2680; P2713,Chosun University; Chosun University Hospital; Chung-Ang University; Chung-Ang University Hospital; Dong-Eui University; Gangnam Severance Hospital; Gyeongsang National University; Gyeongsang National University Hospital; Hanil General Hospital; Hanyang University; Jeonbuk National University; Konkuk University; Korea Advanced Institute of Science and Technology; Korea Basic Science Institute; Korea Institute of Oriental Medicine; Korea Research Institute of Bioscience and Biotechnology; Korea University; Myongji Hospital; National Cancer Center; National Cancer Center Hospital; Osong Medical Innovation Foundation; Pusan National University; Pusan National University Hospital; SNUH SMG-SNU Boramae Medical Center; Samsung Medical Center; Seoul National University; Seoul National University Bundang Hospital; Seoul National University Hospital; Soonchunhyang University; Soonchunhyang University Hospital Seoul; Soongsil University; Sungkyunkwan University; Tech University of Korea; University of Pittsburgh; Woosuk University; Yonsei University,KR; US,yes,318,Lipofundin MCT/LCT Inhibits Levcromakalim-Induced Vasodilation by Inhibiting Endothelial Nitric Oxide Release,needs_review
A5083448714,Chang‐Seok Ki,131,63,P0006; P0028; P0153; P0154; P0162; P0201; P0233; P0284; P0325; P0365; P0422; P0429; P0704; P0722; P0920; P1022; P1210; P1295; P1303; P1506; P1527; P1533; P1534; P1535; P1547; P1555; P1748; P1762; P1789; P1812; P1889; P1957; P1963; P1977; P2000; P2011; P2018; P2036; P2037; P2038; P2050; P2054; P2098; P2132; P2180; P2193; P2213; P2219; P2246; P2250; P2254; P2408; P2411; P2444; P2451; P2459; P2474; P2512; P2527; P2529; P2572; P2674; P2679,Genome Canada; Green Cross (South Korea); Hanyang University; Samsung (South Korea); Samsung Medical Center; Sungkyunkwan University; University of California San Diego,CA; KR; US,yes,317,Mutations in NEK1 cause ciliary dysfunction as a novel pathogenic mechanism in amyotrophic lateral sclerosis,needs_review
A5100670926,Sang‐Wook Kim,124,65,P0030; P0205; P0214; P0243; P0384; P0722; P0820; P0920; P0998; P1127; P1154; P1162; P1253; P1520; P1576; P1588; P1594; P1754; P1773; P1782; P1791; P1799; P1852; P1893; P1911; P1944; P1964; P1976; P1999; P2008; P2009; P2056; P2065; P2099; P2102; P2123; P2134; P2161; P2167; P2171; P2210; P2226; P2233; P2270; P2272; P2279; P2296; P2326; P2332; P2334; P2338; P2339; P2342; P2345; P2357; P2414; P2451; P2452; P2457; P2489; P2528; P2563; P2579; P2586; P2617,Ajou University; Armed Forces Capital Hospital; Asan Medical Center; Brigham and Women's Hospital; Bundang Jesaeng Hospital; Catholic University of Korea; Chosun University; Chung-Ang University; Chung-Ang University Gwangmyeong Hospital; Chung-Ang University Healthcare System; Chung-Ang University Hospital; Chungbuk National University; Chungbuk National University Hospital; Digestive Disease Research Institute; Gyeongsang National University; Gyeongsang National University Hospital; Hallym University Sacred Heart Hospital; Harvard University; Inha University; Inje University Ilsan Paik Hospital; Jeju National University Hospital; Jeonbuk National University; Jeonbuk National University Hospital; Kangwon National University; Kangwon National University Hospital; Konyang University Hospital; Korea University; Korea University Guro Hospital; Kyung Hee University Medical Center; Kyungpook National University; Kyungpook National University Hospital; National Institutes of Health; Pusan National University Hospital; SNUH SMG-SNU Boramae Medical Center; Samsung Medical Center; Sejong General Hospital; Seoul Metropolitan Government; Seoul National University; Sungkyunkwan University; The Catholic University of Korea Seoul St. Mary's Hospital; University of Ulsan; Wonkwang University,KR; US,yes,316,COMPARISON OF CLINICAL OUTCOMES AFTER TRANSRADIAL AND TRANSFEMORAL INTERVENTIONS IN CONTEMPORARY ANTIPLATELET ERA: A PROPENSITY SCORE-MATCHED ANALYSIS,needs_review
A5012866137,Kyoungho Suk,171,49,P0209; P0669; P0673; P0678; P0691; P0890; P1014; P1098; P1118; P1119; P1141; P1226; P1255; P1282; P1283; P1296; P1300; P1305; P1306; P1317; P1320; P1385; P1429; P1456; P1467; P1489; P1585; P1731; P1748; P1940; P1943; P2033; P2106; P2107; P2143; P2215; P2248; P2292; P2419; P2428; P2473; P2478; P2514; P2520; P2563; P2579; P2622; P2679; P2681,Gyeongsang National University; Korea Brain Research Institute; Korea Research Institute of Bioscience and Biotechnology; Kyung Hee University; Kyungpook National University; Seoul National University,KR,yes,315,Astrocytic Orosomucoid-2 Modulates Microglial Activation and Neuroinflammation,needs_review
A5058516635,Sung‐Hye Park,159,53,P0028; P0057; P0068; P0079; P0250; P0439; P0442; P0532; P0601; P0696; P0986; P1014; P1116; P1138; P1141; P1143; P1156; P1189; P1253; P1261; P1271; P1294; P1306; P1392; P1401; P1522; P1534; P1551; P1565; P1575; P1585; P1609; P1622; P1635; P1641; P1703; P1917; P1992; P2002; P2018; P2023; P2055; P2069; P2270; P2428; P2491; P2515; P2531; P2542; P2543; P2563; P2587; P2594,Armed Forces Capital Hospital; Asan Medical Center; Cancer Research Institute; Catholic University of Korea; Emory University; Gwangju Institute of Science and Technology; Hallym University; Inha University; Korea Institute of Science and Technology; Korea University of Science and Technology; National Cancer Center; Samsung Medical Center; Seoul National University; Seoul National University Bundang Hospital; Seoul National University Cancer Hospital; Seoul National University Children's Hospital; Seoul National University Hospital; Sungkyunkwan University; Ulsan National Institute of Science and Technology; University of Ulsan,KR; US,yes,315,"Caffeine-Mediated Inhibition of Calcium Release Channel Inositol 1,4,5-Trisphosphate Receptor Subtype 3 Blocks Glioblastoma Invasion and Extends Survival",needs_review
A5065417122,Seung‐Jung Park,236,27,P0219; P0346; P0722; P0920; P1156; P1181; P1802; P1889; P1944; P2123; P2134; P2161; P2171; P2210; P2216; P2226; P2270; P2272; P2279; P2289; P2338; P2342; P2356; P2366; P2414; P2432; P2509,Asan Medical Center; Cardiovascular Research Foundation; Cheongju St. Mary's Hospital; Chonnam National University Hospital; Chungnam National University Hospital; Gangneung Asan Hospital; Inje University; Kangwon National University Hospital; Korea University Anam Hospital; Korean Society of Cardiology; Kyungpook National University Hospital; Ministry of Health and Welfare; Samsung (South Korea); Samsung Medical Center; Sejong General Hospital; Seoul National University Hospital; Severance Hospital; Soonchunhyang University Hospital Bucheon; St. Paul's Hospital; Sungkyunkwan University; Ulsan University Hospital; University of Ulsan; Washington Hospital; West China Hospital of Sichuan University; Yonsei University; Yonsei University Health System,CN; KR; US,yes,314,Clinical influence of early follow-up glycosylated hemoglobin levels on cardiovascular outcomes in diabetic patients with ST-segment elevation myocardial infarction after coronary reperfusion,needs_review
A5039821208,Eun‐Hee Ha,188,43,P0079; P0317; P0319; P0327; P0334; P0335; P0337; P0347; P0349; P0351; P0354; P0364; P0365; P0391; P0393; P0407; P0408; P0409; P0422; P0424; P0430; P0434; P0438; P0444; P0446; P0453; P0517; P0573; P0755; P1008; P1534; P1577; P1749; P1763; P1775; P1798; P1968; P1972; P2020; P2098; P2114; P2149; P2336,Asan Medical Center; British Library; Dankook University; Eulji University; Ewha Womans University; Ewha Womans University Medical Center; Ewha Womans University Mokdong Hospital; Ewha Womans University Seoul Hospital; General Department of Preventive Medicine; Hanyang University; Inha University; Inje University Ilsan Paik Hospital; Korea Advanced Institute of Science and Technology; Kyung Hee University; National Cancer Center; National Research Foundation of Korea; Rosalind Franklin University of Medicine and Science; Seoul Metropolitan Government; Seoul National University; The University of Tokyo; Ulsan University Hospital; University of Ulsan,GB; JP; KR; US; VN,yes,314,Inhaled corticosteroids in COPD and the risk of lung cancer,needs_review
A5026549320,Hong Bin Kim,164,51,P0028; P0064; P0071; P0083; P0099; P0326; P0347; P0444; P0643; P0696; P0785; P0905; P0927; P1069; P1080; P1098; P1159; P1188; P1299; P1322; P1354; P1360; P1425; P1465; P1472; P1480; P1523; P1548; P1564; P1578; P1593; P1601; P1629; P1680; P1732; P1755; P1763; P1930; P2000; P2009; P2102; P2121; P2228; P2271; P2304; P2498; P2524; P2536; P2539; P2563; P2687,Chungnam National University; Chungnam National University Hospital; Ewha Womans University; Ewha Womans University Seoul Hospital; Kangwon National University; Konkuk University; Massachusetts General Hospital; National Evidenc- based healthcare Collaborating Agency; National Health Insurance Service; National Health Insurance Service Ilsan Hospital; Research Institute for Veterinary Science; Seoul National University; Seoul National University Bundang Hospital; Seoul National University Dental Hospital; Seoul National University Hospital; Wonju Severance Christian Hospital; Wonkwang University Hospital; Yonsei University; Yonsei University Health System; Yonsei University Mirae Campus,KR; US,yes,314,Successful containment of carbapenem-resistant Enterobacteriaceae by strict contact precautions without active surveillance,needs_review
A5011446304,Do Hyun Park,253,21,P0444; P0562; P0620; P0852; P0907; P0940; P1156; P1310; P1655; P1747; P1750; P2003; P2009; P2102; P2131; P2170; P2214; P2310; P2330; P2411; P2618,Asan Medical Center; Cleveland Clinic; Dankook University; Dankook University Hospital; Eulji University; Hallym University; Inha University; Inha University Hospital; Inje University; Inje University Ilsan Paik Hospital; King Saud University; Seoul National University Hospital; Soonchunhyang University; Soonchunhyang University Hospital Cheonan; Ulsan University Hospital; University of Ulsan,KR; SA; US,yes,313,Feasibility and safety of a fully covered self-expandable metal stent with antimigration properties for EUS-guided pancreatic duct drainage: early and midterm outcomes (with video),needs_review
A5110279936,Kyung Bok Lee,226,30,P0297; P0379; P0380; P0532; P0535; P1156; P1284; P1567; P1747; P1912; P1989; P2005; P2019; P2027; P2031; P2032; P2050; P2084; P2140; P2271; P2302; P2329; P2331; P2471; P2474; P2490; P2518; P2522; P2636; P2689,"Asan Medical Center; Catholic Kwandong University International St. Mary's Hospital; Catholic University of Korea; Chinese University of Hong Kong; Chonnam National University; Chonnam National University Hospital; Chosun University Hospital; Chungbuk National University; Daejeon Eulji Medical Center, Eulji University; Dong-A University; Dong-A University Hospital; Dongguk University; Dongguk University Ilsan Hospital; Eulji Medical Center; Eulji University; Eulji University Nowon Eulji Medical Center; Eulji University Uijeongbu Eulji Medical Center; Gangnam Severance Hospital; Hallym University Dongtan Sacred Heart Hospital; Hallym University Sacred Heart Hospital; Inha University; Inha University Hospital; Inje University; Inje University Busan Paik Hospital; Inje University Ilsan Paik Hospital; Kangdong Sacred Heart Hospital; Konyang University; Korea University; Korea University Guro Hospital; Kyung Hee University; Samsung Medical Center; Seoul Medical Center; Seoul National University; Seoul National University Bundang Hospital; Seoul National University Hospital; Soonchunhyang University; Soonchunhyang University Hospital Bucheon; Soonchunhyang University Hospital Seoul; Soonchunhyang University Medical Center; St. Michael's Hospital; Sungkyunkwan University; The Catholic University of Korea Seoul St. Mary's Hospital; The University of Texas Health Science Center at Houston; The University of Texas MD Anderson Cancer Center; Ulsan University Hospital; University of Southern California; University of Toronto; University of Ulsan; University of Wisconsin–Madison; Yeungnam University; Yeungnam University Medical Center; Yonsei University",CA; HK; JP; KR; US,yes,313,Phlorofucofuroeckol Improves Glutamate-Induced Neurotoxicity through Modulation of Oxidative Stress-Mediated Mitochondrial Dysfunction in PC12 Cells,needs_review
A5074636897,Zigang Dong,231,28,P0060; P0253; P0496; P0569; P0574; P0670; P0684; P0804; P0968; P1000; P1074; P1137; P1155; P1163; P1166; P1412; P1445; P1469; P1494; P1706; P1819; P1826; P1999; P2025; P2319; P2500; P2642; P2693,"Advanced Institute of Convergence Technology; Catholic University of Korea; Central South University; China-US (Henan) Hormel Cancer Institute; Chinese Academy of Sciences; Dankook University; Harvard University; Hormel (United States); Jeonbuk National University; Keimyung University; Konkuk University; Korea Research Institute of Bioscience and Biotechnology; Kyung Hee University; National Cancer Institute; National Institutes of Health; National Taiwan University; Ottawa Hospital Research Institute; Rutgers, The State University of New Jersey; Second Xiangya Hospital of Central South University; Seoul National University; Shanghai Institute of Materia Medica; Soonchunhyang University; University of Massachusetts Chan Medical School; University of Minnesota; University of Ottawa; Zhengzhou University",CA; CN; KR; TW; US,yes,312,Isoliquiritigenin Induces Apoptosis and Inhibits Xenograft Tumor Growth of Human Lung Cancer Cells by Targeting Both Wild Type and L858R/T790M Mutant EGFR,needs_review
A5040824493,Jin Yeul,207,36,P0204; P0711; P0804; P1001; P1003; P1038; P1053; P1258; P1281; P1293; P1324; P1325; P1337; P1341; P1343; P1345; P1356; P1358; P1359; P1360; P1365; P1368; P1378; P1386; P1390; P1464; P1467; P1475; P1941; P2101; P2120; P2136; P2162; P2358; P2433; P2477,Korea Food Research Institute; Korea Institute of Oriental Medicine; Pusan National University; Shanghai Ocean University,CN; KR,yes,312,Reduction of metastatic and angiogenic potency of malignant cancer by Eupatorium fortunei via suppression of MMP-9 activity and VEGF production,needs_review
A5024257670,Ginnae Ahn,215,33,P0075; P0173; P0204; P0281; P0962; P1091; P1163; P1415; P1422; P1424; P1432; P1442; P1454; P1462; P1468; P1504; P1649; P1668; P2230; P2277; P2408; P2455; P2468; P2470; P2472; P2473; P2482; P2483; P2495; P2511; P2545; P2559; P2682,Chonnam National University; Jeju National University; Tokyo University of Agriculture and Technology,JP; KR,yes,311,Radioprotective properties of eckol against ionizing radiation in mice,needs_review
A5101968025,Yong Wook Kim,91,74,P0007; P0066; P0170; P0205; P0277; P0337; P0373; P0379; P0386; P0416; P0439; P0452; P0485; P0522; P0527; P0532; P0535; P0587; P0612; P0632; P0699; P0717; P0722; P0744; P1054; P1139; P1208; P1262; P1294; P1306; P1392; P1417; P1418; P1526; P1531; P1578; P1604; P1610; P1613; P1731; P1953; P1989; P2006; P2019; P2020; P2027; P2043; P2051; P2057; P2084; P2107; P2118; P2124; P2128; P2140; P2143; P2160; P2176; P2211; P2221; P2263; P2289; P2302; P2323; P2350; P2359; P2423; P2442; P2482; P2504; P2522; P2523; P2539; P2686,Ajou University; Asan Medical Center; Bundang Jesaeng Hospital; CHA University; Catholic University of Korea; Chungnam National University; Daegu Catholic University; Daegu Catholic University Medical Center; Dankook University Hospital; Dong-A University; Gachon University Gil Medical Center; Gachon University Medical Center; Gunze (Japan); Gyeongsang National University Changwon Hospital; Hallym University; Hallym University Sacred Heart Hospital; Hanyang University; Hanyang University Seoul Hospital; Incheon National University; Inje University; Inje University Ilsan Paik Hospital; Institute for Basic Science; Jeju National University; Jeonbuk National University; Jeonbuk National University Hospital; Kangdong Sacred Heart Hospital; Korea Atomic Energy Research Institute; Korea Brain Research Institute; Korea National Open University; Korea University; Korea University Anam Hospital; Kwangju Christian Hospital; Kyung Hee University; Kyungnam University; Pusan National University; Pusan National University Dental Hospital; Pusan National University Hospital; Samsung Changwon Hospital; Samsung Medical Center; Seoul National University; Seoul National University Bundang Hospital; Seoul National University Hospital; Severance Hospital; Sungkyunkwan University; University of Ulsan; Wonju Severance Christian Hospital; Wonkwang University; Yongin Severance Hospital; Yonsei University; Yonsei University Health System; Youngdong University,JP; KR,yes,310,Association of current phthalate exposure with neurobehavioral development in a national sample,needs_review
A5100387376,Young Jin Kim,117,65,P0007; P0028; P0030; P0253; P0317; P0330; P0337; P0403; P0404; P0434; P0446; P0522; P0602; P0610; P0632; P1094; P1116; P1148; P1153; P1257; P1328; P1391; P1412; P1464; P1475; P1490; P1508; P1517; P1524; P1563; P1570; P1571; P1580; P1588; P1594; P1615; P1678; P1689; P1759; P1823; P1961; P1983; P1986; P1999; P2002; P2004; P2009; P2013; P2051; P2056; P2111; P2134; P2146; P2154; P2210; P2329; P2339; P2408; P2409; P2446; P2478; P2533; P2536; P2606; P2643,Asan Medical Center; Catholic University of Korea; Chonnam National University Hwasun Hospital; Chung-Ang University; Chung-Ang University Healthcare System; Chungnam National University; Daegu Catholic University; Dankook University; Dankook University Hospital; Ewha Womans University; Ewha Womans University Medical Center; Ewha Womans University Seoul Hospital; Gachon University; Gachon University Gil Medical Center; Gangneung Asan Hospital; Gyeongsang National University; Konyang University; Konyang University Hospital; Korea Disease Control and Prevention Agency; Korea Food Research Institute; Korea Institute of Science and Technology; Korea National Institute of Health; Korea University of Science and Technology; Kyung Hee University; Kyung Hee University Medical Center; National Cancer Center; National Institute for Mathematical Sciences; Pusan National University; Samsung Medical Center; Severance Hospital; Sungkyunkwan University; University of Ulsan; Veterans Health Service Medical Center; Wonju Severance Christian Hospital; Wonkwang University Hospital; Yonsei University; Yonsei University Health System; Yonsei University Mirae Campus,KR,yes,309,Establishment of the large-scale longitudinal multi-omics dataset in COVID-19 patients: data profile and biospecimen,needs_review
A5072090016,Kang‐Ho Choi,218,31,P0222; P0379; P0380; P0532; P0535; P1208; P1412; P1472; P1530; P1804; P2005; P2019; P2027; P2032; P2128; P2275; P2302; P2329; P2366; P2414; P2450; P2471; P2474; P2490; P2513; P2518; P2522; P2530; P2565; P2652; P2689,"Asan Medical Center; Center for Systems Biology; Chonnam National University; Chonnam National University Hospital; Chonnam National University Hwasun Hospital; Chung-Ang University; Chung-Ang University Hospital; Chungbuk National University; Chungbuk National University Hospital; Daejeon Eulji Medical Center, Eulji University; Dong-A University Hospital; Dongguk University; Dongguk University Ilsan Hospital; Eulji Medical Center; Eulji University; Eulji University Nowon Eulji Medical Center; Eulji University Uijeongbu Eulji Medical Center; Hallym University Dongtan Sacred Heart Hospital; Harvard University; Inje University; Inje University Ilsan Paik Hospital; Jeju National University; Jeju National University Hospital; Korea University; Korea University Medical Center; Massachusetts General Hospital; Seoul Medical Center; Seoul National University; Seoul National University Bundang Hospital; Soonchunhyang University Hospital Seoul; The University of Texas MD Anderson Cancer Center; University of California System; University of California, Los Angeles; University of Ulsan",KR; US,yes,308,Executive Summary of Stroke Statistics in Korea 2018: A Report from the Epidemiology Research Council of the Korean Stroke Society,needs_review
A5032997162,Jong Seog Ahn,203,36,P0042; P0044; P0060; P0245; P0968; P0999; P1000; P1123; P1155; P1158; P1163; P1166; P1171; P1174; P1176; P1177; P1188; P1190; P1247; P1362; P1423; P1430; P1642; P1822; P1837; P1894; P1933; P1982; P2019; P2249; P2332; P2333; P2346; P2402; P2469; P2529,Chosun University; Ewha Womans University; Inha University; Korea Research Institute of Bioscience and Biotechnology; Korea University; Korea University of Science and Technology; Makerere University; Seoul National University; Silla University; Université de Yaoundé I; Yeungnam University,CM; KR; UG,yes,308,Antidiabetic effects of extracts from Psidium guajava,needs_review
A5049348377,Kyung Hae Jung,187,41,P0028; P0337; P0350; P0354; P0394; P0435; P0594; P0603; P0858; P0998; P1227; P1517; P1518; P1527; P1528; P1529; P1531; P1535; P1539; P1540; P1541; P1544; P1545; P1546; P1567; P1570; P1572; P1634; P1732; P1775; P1788; P1799; P1934; P1950; P2008; P2215; P2423; P2425; P2536; P2538; P2562,Arcagy Gineco; Asan Medical Center; BC Cancer Agency; Cabrini Hospital; Centre Léon Bérard; Creighton University; Fondation Gustave Roussy; Gangneung Asan Hospital; Institut Gustave Roussy; Institute of Cancer Research; Istituto Oncologico della Svizzera Italiana; Kyung Hee University; Lyon 1 Université; National Cancer Center; National Cancer Center Hospital; National Cancer Centre Japan; Ospedale San Giovanni Bellinzona; Pfizer (United States); Poznan University of Medical Sciences; Princess Margaret Cancer Centre; Royal Marsden NHS Foundation Trust; Saitama International Medical Center; Saitama Medical University; Samsung Medical Center; Seoul National University; Seoul National University Hospital; Soonchunhyang University; Sungkyunkwan University; The US Oncology Network; University College London; University of Arizona; University of Ulsan; Willamette Valley Cancer Institute and Research Center; Yonsei University,AU; CA; CH; FR; GB; JP; KR; PL; US,yes,307,"The association of self-leadership, health behaviors, and posttraumatic growth with health-related quality of life in patients with cancer",needs_review
A5100737773,Jong Seung Kim,163,49,P0108; P0149; P0253; P0255; P0466; P0486; P0691; P0709; P0726; P0746; P0804; P0808; P0820; P0855; P0920; P0958; P0959; P1113; P1120; P1143; P1257; P1274; P1389; P1412; P1413; P1420; P1424; P1428; P1436; P1447; P1518; P1836; P1889; P1903; P2010; P2114; P2115; P2143; P2265; P2275; P2316; P2350; P2408; P2460; P2550; P2552; P2606; P2636; P2692,Advanced Institute of Convergence Technology; Centre National de la Recherche Scientifique; Chungnam National University; Dankook University; Dankook University Hospital; Ewha Womans University; Gyeongsang National University; Hanyang University; Hyupsung University; Institut Pluridisciplinaire Hubert Curien; Institute for Basic Science; Jeonbuk National University; Jeonbuk National University Hospital; Jeonju University; Konyang University; Korea Basic Science Institute; Korea Institute of Science and Technology; Korea University; Korea University Guro Hospital; Kyung Hee University; Pohang University of Science and Technology; Seoul National University; Shenzhen University; Sogang University; Sungkyunkwan University; Terasaki Foundation; Texas Tech University; The University of Texas at Austin; University of East Anglia,CN; FR; GB; JP; KR; US,yes,307,Fluorescence imaging of pathophysiological microenvironments,needs_review
A5048220648,Young Bin Song,219,30,P0007; P0022; P0291; P0399; P0580; P0999; P1181; P1774; P1944; P1976; P2056; P2123; P2164; P2167; P2171; P2210; P2233; P2270; P2272; P2279; P2289; P2338; P2342; P2366; P2414; P2452; P2457; P2509; P2542; P2647,Catholic University of Korea; Chonnam National University; Chonnam National University Hospital; Chosun University; Chosun University Hospital; Chung-Ang University; Chung-Ang University Gwangmyeong Hospital; Chungbuk National University; Chungbuk National University Hospital; Chungnam National University Hospital; Ewha Womans University; Hanyang University; Kangbuk Samsung Hospital; Keimyung University Dongsan Hospital; Korea University Anam Hospital; Myongji University; Samsung Biomedical Research Institute; Samsung Medical Center; Samsung Seoul Hospital; Sejong General Hospital; Seoul National University; Seoul National University Bundang Hospital; Seoul National University Hospital; Sungkyunkwan University; The Catholic University of Korea Uijeongbu St. Mary's Hospital; Wonju Severance Christian Hospital; Yonsei University,KR,yes,306,Effect of P2Y12 Inhibitor Monotherapy vs Dual Antiplatelet Therapy on Cardiovascular Events in Patients Undergoing Percutaneous Coronary Intervention,needs_review
A5001212085,Sae‐Kwang Ku,201,36,P0012; P0149; P0189; P0204; P0208; P0464; P0689; P0706; P0988; P1181; P1201; P1214; P1235; P1347; P1523; P1762; P1820; P1836; P1841; P1859; P1890; P1942; P1946; P1979; P2101; P2103; P2286; P2295; P2298; P2346; P2415; P2420; P2440; P2466; P2469; P2571,Daegu Haany University; Dong-Eui University; Hanyang University; Kyungpook National University; Kyungwoon University; Silla University; Yeungnam University,KR,yes,306,Isorhamnetin attenuates liver fibrosis by inhibiting TGF-β/Smad signaling and relieving oxidative stress,needs_review
A5073866582,Ick Chan Kwon,179,43,P0007; P0021; P0050; P0068; P0077; P0105; P0195; P0228; P0272; P0471; P0481; P0562; P0709; P0743; P0808; P0810; P0822; P0855; P0945; P0969; P0989; P0998; P1057; P1118; P1120; P1121; P1147; P1149; P1168; P1257; P1297; P1383; P1397; P1419; P1424; P1688; P1767; P1814; P1857; P2072; P2105; P2140; P2229,Dana-Farber Cancer Institute; Dana-Farber/Harvard Cancer Center; Korea Institute of Science and Technology; Korea Research Institute of Chemical Technology; Korea University; Korea University of Science and Technology; Korean Association Of Science and Technology Studies; Kyung Hee University; Kyungpook National University; Sungkyunkwan University; Yonsei University,KR; US,yes,305,Self-assembled nanoparticles based on glycol chitosan bearing hydrophobic moieties as carriers for doxorubicin: In vivo biodistribution and anti-tumor activity,needs_review
A5100689508,Kyungwon Lee,158,50,P0123; P0429; P0444; P0445; P0625; P0639; P0691; P0991; P0999; P1087; P1154; P1159; P1169; P1190; P1195; P1219; P1228; P1340; P1417; P1467; P1475; P1578; P1590; P1601; P1607; P1608; P1755; P1763; P1790; P1920; P1939; P2000; P2030; P2037; P2038; P2079; P2105; P2132; P2143; P2154; P2271; P2276; P2318; P2347; P2408; P2411; P2423; P2489; P2502; P2512,Asan Medical Center; Catholic University of Korea; Cheju Halla General Hospital; Dankook University; Dankook University Hospital; Ewha Womans University; Ewha Womans University Medical Center; Ewha Womans University Seoul Hospital; Gangnam Severance Hospital; Hallym University; Korea Center for Disease Control and Prevention; Korea Disease Control and Prevention Agency; Korea Research Institute of Bioscience and Biotechnology; Korea Research Institute of Chemical Technology; Kyung Hee University; Samsung (South Korea); Seoul National University; Seoul National University Bundang Hospital; Severance Hospital; Soonchunhyang University; Yonsei University; Yonsei University Health System,KR,yes,305,Clonal Dissemination of Pseudomonas aeruginosa Sequence Type 235 Isolates Carrying bla IMP-6 and Emergence of bla GES-24 and bla IMP-10 on Novel Genomic Islands PAGI-15 and -16 in South Korea,needs_review
A5100442175,Hyojin Park,101,69,P0027; P0201; P0258; P0315; P0326; P0330; P0346; P0364; P0365; P0384; P0428; P0464; P0482; P0521; P0914; P0920; P0995; P1027; P1059; P1110; P1153; P1219; P1252; P1329; P1353; P1388; P1393; P1462; P1525; P1528; P1551; P1589; P1753; P1756; P1786; P1815; P1843; P1889; P1961; P1979; P1984; P1988; P1990; P1999; P2001; P2004; P2074; P2102; P2121; P2129; P2159; P2160; P2164; P2170; P2224; P2263; P2274; P2300; P2318; P2334; P2339; P2422; P2427; P2443; P2458; P2472; P2572; P2586; P2635,CHA University; CHA University Gangnam Medical Center; CJ CheilJedang (South Korea); Center of Advanced European Studies and Research; Chosun University; Daegu Gyeongbuk Institute of Science and Technology; Ewha Womans University; Gangnam Severance Hospital; Gyeongsang National University; Gyeongsang National University Hospital; Hallym University; Inha University; Jeonbuk National University; Kangdong Sacred Heart Hospital; Konkuk University; Konkuk University Medical Center; Korea Institute of Toxicology; Korea University; Korea University Guro Hospital; Kyungnam College of Information and Technology; Michigan State University; Severance Hospital; Sungkyunkwan University; University of Florida; University of Florida Health; Yale University; Yeungnam University; Yonsei University; Yonsei University Health System,DE; KR; US,yes,305,Common chromosomal aneuploidy testing using non-invasive trophoblast retrieval and isolation from the cervix (TRIC) in pregnant women,needs_review
A5047005390,Moon‐Ku Han,211,32,P0367; P0380; P0532; P0535; P1284; P1303; P1412; P1629; P1746; P1748; P1912; P1963; P1989; P2005; P2019; P2020; P2027; P2031; P2032; P2050; P2084; P2287; P2302; P2329; P2471; P2474; P2480; P2490; P2518; P2522; P2618; P2707,"Asan Medical Center; Catholic University of Korea; Chinese University of Hong Kong; Chonnam National University; Chonnam National University Hospital; Chungbuk National University; Chungbuk National University Hospital; Daejeon Eulji Medical Center, Eulji University; Dankook University Hospital; Dong-A University; Dong-A University Hospital; Dongguk University; Dongguk University Gyeongju Hospital; Dongguk University Ilsan Hospital; Eulji Medical Center; Eulji University; Eulji University Nowon Eulji Medical Center; Eulji University Uijeongbu Eulji Medical Center; Gongju National Hospital; Hallym University; Hallym University Sacred Heart Hospital; Inje University; Inje University Ilsan Paik Hospital; Jeju National University; Kangdong Sacred Heart Hospital; Keimyung University; Keimyung University Dongsan Medical Center; Korea University; Korea University Guro Hospital; Korea University Medical Center; Kyungpook National University; Kyungpook National University Hospital; Neurology, Inc; Northwestern University; Samsung Medical Center; Seoul Medical Center; Seoul National University; Seoul National University Bundang Hospital; Seoul National University Hospital; Soonchunhyang University Hospital Seoul; Sungkyunkwan University; The Catholic University of Korea Seoul St. Mary's Hospital; The University of Texas MD Anderson Cancer Center; Ulsan University Hospital; University of California, Los Angeles; University of Ulsan; University of Wisconsin–Madison; Yeungnam University; Yeungnam University Medical Center",HK; KR; US,yes,304,"Case Characteristics, Hyperacute Treatment, and Outcome Information from the Clinical Research Center for Stroke-Fifth Division Registry in South Korea",needs_review
A5103193360,Sang Kyun Sohn,205,34,P0007; P0013; P0014; P0020; P0108; P0355; P0449; P0616; P0999; P1027; P1094; P1098; P1210; P1517; P1526; P1527; P1549; P1635; P1637; P1707; P1787; P1843; P1889; P1968; P2000; P2010; P2104; P2110; P2218; P2255; P2423; P2425; P2466; P2536,Ajou University; Ajou University Hospital; Catholic University of Korea; Chonnam National University; Chonnam National University Hospital; Chonnam National University Hwasun Hospital; Daegu Catholic University; Dong-A University; Ewha Womans University; Inje University Busan Paik Hospital; Inje University Haeundae Paik Hospital; Jeonbuk National University; Jeonbuk National University Hospital; Kangbuk Samsung Hospital; Korea University; Korea University Medical Center; Kyungpook National University; Kyungpook National University Chilgok Hospital; Kyungpook National University Hospital; Kyungpook National University Medical Center; Pusan National University Hospital; Samsung Medical Center; Seoul National University Hospital; Soonchunhyang University; Soonchunhyang University Hospital Seoul; Sungkyunkwan University; The Catholic University of Korea Seoul St. Mary's Hospital; The Korean Society of Hematology; Ulsan University Hospital; University of Toronto; Yeungnam University Medical Center; Yonsei University; Yonsei University Health System,CA; KR,yes,304,Clinical Significance of bZIP In-Frame CEBPA-Mutated Normal Karyotype Acute Myeloid Leukemia,needs_review
A5100454615,Seung Hyun Kim,145,54,P0014; P0079; P0152; P0153; P0154; P0284; P0422; P0429; P0582; P0691; P0999; P1119; P1178; P1186; P1205; P1210; P1260; P1295; P1324; P1414; P1434; P1491; P1527; P1536; P1538; P1565; P1748; P1812; P1939; P1957; P1975; P1989; P1991; P2005; P2006; P2020; P2036; P2050; P2052; P2083; P2157; P2199; P2212; P2253; P2292; P2339; P2344; P2405; P2444; P2527; P2529; P2534; P2561; P2679,Boston Architectural College; Catholic University of Korea; Chiba University; Chonnam National University; Corestem (South Korea); Geelong Hospital; Hanyang University; Hanyang University Medical Center; Hanyang University Seoul Hospital; Helixmith (South Korea); Kongju National University; Korea Basic Science Institute; Korea Research Institute of Bioscience and Biotechnology; Korea University; Kyung Hee University; Kyung Hee University East-West Neo Medical Center; Nagoya University; National Cancer Center; National Cancer Center Hospital; National Institute of Public Health; Pediatrics and Genetics; Pusan National University Hospital; Royal Prince Alfred Hospital; Samsung Medical Center; Seoul National University; Seoul National University Bundang Hospital; Seoul National University Hospital; Seoul National University Hospital Biomedical Research Institute; Severance Hospital; Sungkyunkwan University; The University of Sydney; University of Ulsan; Yonsei University; Yonsei University Health System,AU; JP; KR; US,yes,304,Mutations in NEK1 cause ciliary dysfunction as a novel pathogenic mechanism in amyotrophic lateral sclerosis,needs_review
A5040217028,Sung Koo Lee,249,19,P0384; P0444; P0562; P0620; P0755; P1209; P1799; P1954; P1961; P2003; P2009; P2040; P2131; P2170; P2211; P2214; P2310; P2411; P2526,Asan Medical Center; Cleveland Clinic; Dankook University; Dankook University Hospital; Inha University; Inha University Hospital; Inje University; Inje University Ilsan Paik Hospital; Seoul National University Hospital; Soonchunhyang University; Ulsan University Hospital; University of Ulsan; Yonsei University,KR; US,yes,303,Growth Suppression and Induction of Chemosensitivity in Human Gallbladder Epithelial Carcinoma Cells (GBCE) by Adenovirus-Mediated Transfer of the Wild-type p53 Gene,needs_review
A5029061981,Tai Hwan Park,225,27,P0297; P0379; P0380; P0532; P0535; P1412; P1912; P1989; P2005; P2019; P2027; P2031; P2032; P2050; P2084; P2128; P2140; P2271; P2302; P2329; P2331; P2471; P2474; P2490; P2518; P2522; P2689,"Asan Medical Center; Chonnam National University; Chonnam National University Hospital; Chungbuk National University; Chungbuk National University Hospital; Daejeon Eulji Medical Center, Eulji University; Dong-A University Hospital; Dongguk University; Dongguk University Ilsan Hospital; Eulji Medical Center; Eulji University; Eulji University Nowon Eulji Medical Center; Eulji University Uijeongbu Eulji Medical Center; Hallym University Dongtan Sacred Heart Hospital; Hallym University Sacred Heart Hospital; Inje University; Inje University Ilsan Paik Hospital; Korea University; Samsung Medical Center; Seoul Medical Center; Seoul National University; Seoul National University Bundang Hospital; Seoul National University Hospital; Soonchunhyang University; Soonchunhyang University Hospital Seoul; St. Michael's Hospital; Sungkyunkwan University; The University of Texas MD Anderson Cancer Center; Ulsan University Hospital; University of Southern California; University of Toronto; University of Ulsan; University of Wisconsin–Madison; Yeungnam University; Yeungnam University Medical Center",CA; KR; US,yes,303,Executive Summary of Stroke Statistics in Korea 2018: A Report from the Epidemiology Research Council of the Korean Stroke Society,needs_review
A5103121931,Jong-Ho Won,204,34,P0006; P0007; P0013; P0014; P0016; P0020; P0350; P0355; P0449; P0550; P0603; P0670; P1094; P1098; P1209; P1210; P1323; P1526; P1549; P1635; P1637; P1765; P1889; P1968; P1999; P2110; P2132; P2133; P2150; P2207; P2218; P2396; P2423; P2425,Asan Medical Center; Chonnam National University; Chonnam National University Hwasun Hospital; Chung-Ang University; Dong-A University; Ewha Womans University; Ewha Womans University Medical Center; Gachon University Gil Medical Center; Hallym University; Jeonbuk National University; Jeonbuk National University Hospital; Korea University Ansan Hospital; Korea University Medical Center; Kyungpook National University; Kyungpook National University Hospital; Princess Margaret Cancer Centre; Pusan National University Hospital; Samsung Medical Center; Seoul National University; Seoul National University Hospital; Soonchunhyang University; Soonchunhyang University Hospital Bucheon; Soonchunhyang University Hospital Seoul; Sungkyunkwan University; University of Toronto; University of Ulsan; University of Washington; Yonsei University; Yonsei University Health System,CA; KR; US,yes,303,Front & Back Matter,needs_review
A5024239495,Nam‐In Baek,144,54,P0168; P0173; P0174; P0177; P0180; P0182; P0185; P0291; P0297; P0550; P0562; P0589; P0665; P1155; P1156; P1166; P1169; P1188; P1213; P1236; P1333; P1343; P1388; P1396; P1458; P1472; P1475; P1485; P1494; P1505; P1507; P1539; P1665; P1719; P1810; P1813; P1825; P1833; P1841; P1900; P1910; P2000; P2006; P2090; P2105; P2122; P2277; P2332; P2399; P2468; P2478; P2484; P2521; P2533,KT&G (South Korea); Kangwon National University; Kyung Hee University; Kyungpook National University; Pohang University of Science and Technology; Woosuk University,KR,yes,303,Phlorotannins of the edible brown seaweed Ecklonia cava Kjellman induce sleep via positive allosteric modulation of gamma-aminobutyric acid type A–benzodiazepine receptor: A novel neurological activity of seaweed polyphenols,needs_review
A5071649692,Ji Hoon Phi,218,29,P0028; P0057; P0114; P0201; P0250; P0364; P0439; P0484; P0601; P0696; P0722; P0986; P1189; P1195; P1306; P1352; P1465; P1522; P1534; P1575; P1747; P2050; P2069; P2103; P2131; P2211; P2364; P2543; P2563,Armed Forces Capital Hospital; Brigham and Women's Hospital; Chung-Ang University; Ewha Womans University; Gachon University Gil Medical Center; Samsung Medical Center; Seoul National University; Seoul National University Bundang Hospital; Seoul National University Cancer Hospital; Seoul National University Children's Hospital; Seoul National University Hospital; Seoul National University Hospital Biomedical Research Institute; Sunchon National University; Sungkyunkwan University; University of British Columbia; University of British Columbia Hospital; Wooridul Hospital,CA; KR; US,yes,302,The telomere maintenance mechanism spectrum and its dynamics in gliomas,needs_review
A5061532156,Young‐Joon Surh,137,56,P0040; P0053; P0056; P0060; P0245; P0486; P0492; P0564; P0594; P0684; P0689; P0691; P0694; P0713; P0755; P0964; P0968; P0990; P1062; P1119; P1137; P1155; P1166; P1185; P1190; P1237; P1316; P1332; P1334; P1445; P1459; P1471; P1473; P1628; P1636; P1648; P1706; P1812; P1819; P1822; P1889; P1962; P1999; P2101; P2136; P2145; P2203; P2307; P2350; P2456; P2469; P2470; P2483; P2492; P2516; P2572,Advanced Institute of Convergence Technology; Ajou University; Korea Institute of Oriental Medicine; Korea Research Institute of Bioscience and Biotechnology; Kyung Hee University; Nara Women's University; Seoul National University; Sungshin Women's University; University of Minnesota,JP; KR; US,yes,302,[6]-Gingerol inhibits COX-2 expression by blocking the activation of p38 MAP kinase and NF-κB in phorbol ester-stimulated mouse skin,needs_review
A5022379369,Dok Hyun Yoon,187,39,P0013; P0020; P0355; P0362; P0427; P0435; P0603; P0722; P1094; P1098; P1156; P1209; P1323; P1505; P1526; P1527; P1549; P1565; P1568; P1635; P1637; P1685; P1688; P1811; P1945; P1999; P2002; P2040; P2110; P2170; P2176; P2212; P2215; P2218; P2423; P2425; P2459; P2511; P2536,Ajou University; Asan Medical Center; Catholic University of Korea; Kosin University Gospel Hospital; Kyungpook National University Hospital; National Cancer Center; National Cancer Center Hospital; Samsung Medical Center; Seoul National University; Seoul National University Hospital; Severance Hospital; Soonchunhyang University Hospital Seoul; Sungkyunkwan University; The Catholic University of Korea Seoul St. Mary's Hospital; University of Ulsan; Yonsei University,KR,yes,301,Pretreatment whole blood Epstein-Barr virus-DNA is a significant prognostic marker in patients with Hodgkin lymphoma,needs_review
A5012918239,Seung‐Hyuk Choi,184,40,P0007; P0211; P0291; P0446; P0471; P0580; P1181; P1534; P1694; P1774; P1944; P1976; P1994; P2020; P2029; P2042; P2056; P2123; P2164; P2167; P2171; P2210; P2233; P2270; P2272; P2279; P2289; P2338; P2342; P2366; P2414; P2432; P2457; P2475; P2487; P2509; P2542; P2647; P2682; P2689,Ajou University Hospital; Catholic University of Korea; Chung-Ang University; Chung-Ang University Gwangmyeong Hospital; Chungbuk National University; Chungbuk National University Hospital; Emory University; Hallym University; Hallym University Kangnam Sacred Heart Hospital; Hanyang University; Inje University Seoul Paik Hospital; Kangbuk Samsung Hospital; Kangwon National University; Keimyung University Dongsan Hospital; Korea University Anam Hospital; Pukyong National University; Samsung Biomedical Research Institute; Samsung Medical Center; Sejong General Hospital; Seoul National University; Seoul National University Bundang Hospital; Sungkyunkwan University; The Catholic University of Korea Uijeongbu St. Mary's Hospital; Yonsei University; Yonsei University Health System,KR; US,yes,301,Early Growth Response Factor-1 Is Associated With Intraluminal Thrombus Formation in Human Abdominal Aortic Aneurysm,needs_review
A5024506731,Jun Yong Choi,148,52,P0040; P0097; P0347; P0429; P0444; P0679; P0707; P0972; P1008; P1122; P1159; P1195; P1258; P1263; P1281; P1322; P1323; P1327; P1349; P1366; P1417; P1519; P1578; P1581; P1582; P1597; P1604; P1613; P1746; P1748; P1755; P1763; P1790; P1938; P2000; P2038; P2046; P2082; P2098; P2107; P2121; P2141; P2154; P2176; P2241; P2271; P2276; P2291; P2502; P2536; P2544; P2687,Ajou University; Asan Medical Center; Catholic University of Korea; Chungbuk National University; Daegu Catholic University; Ewha Womans University Mokdong Hospital; Hallym University; Hanyang University; Hanyang University Seoul Hospital; Inha University; Inha University Hospital; Konkuk University; Konkuk University Medical Center; Korea Advanced Institute of Science and Technology; Korea Advanced Nano Fab Center; Korea Center for Disease Control and Prevention; Korea Disease Control and Prevention Agency; Korea Kacoh (South Korea); Korea National Institute of Health; Korea University; Pusan National University; Pusan National University Korean Medicine Hospital; Severance Hospital; Ulsan University Hospital; University of Illinois Chicago; University of Ulsan; Yonsei University; Yonsei University Health System,KR; US,yes,301,Developing a Framework for Pandemic COVID-19 Vaccine Allocation: a Modified Delphi Consensus Study in Korea,needs_review
A5044669272,Youngil Koh,139,55,P0002; P0006; P0007; P0008; P0013; P0014; P0020; P0028; P0043; P0079; P0306; P0350; P0355; P0393; P0484; P0603; P0693; P0764; P0774; P1094; P1135; P1181; P1223; P1263; P1315; P1323; P1382; P1526; P1549; P1555; P1567; P1637; P1642; P1700; P1701; P1704; P1705; P1843; P1945; P1960; P1999; P2001; P2030; P2054; P2110; P2218; P2404; P2423; P2425; P2517; P2524; P2536; P2539; P2680; P2718,Broad Institute; Chonnam National University; Chonnam National University Hospital; European Bioinformatics Institute; European Molecular Biology Laboratory; Korea Advanced Institute of Science and Technology; Seoul National University; Seoul National University Hospital; Seoul National University Hospital Biomedical Research Institute; The Korean Society of Hematology,DE; GB; KR; US,yes,301,A database of 5305 healthy Korean individuals reveals genetic and clinical implications for an East Asian population,needs_review
A5100766238,Jung Hee Kim,118,62,P0030; P0060; P0064; P0079; P0083; P0205; P0346; P0358; P0540; P0622; P0679; P0707; P0968; P0991; P0999; P1000; P1080; P1111; P1155; P1156; P1163; P1166; P1176; P1187; P1208; P1326; P1370; P1417; P1430; P1517; P1518; P1522; P1523; P1528; P1565; P1681; P1757; P1762; P1775; P1798; P1799; P1818; P1826; P1890; P1895; P1905; P1913; P1939; P1953; P1999; P2004; P2015; P2035; P2069; P2117; P2183; P2237; P2306; P2313; P2447; P2466; P2680,Ajou University; Bundang Jesaeng Hospital; Catholic University of Korea; Chosun University; Chosun University Hospital; Chungbuk National University; Chungnam National University; Daegu Gyeongbuk Institute of Science and Technology; Dankook University; Eulji University; Eulji University Nowon Eulji Medical Center; Gyeongsang National University; Hallym University; Hallym University Dongtan Sacred Heart Hospital; Hallym University Hangang Sacred Heart Hospital; Hallym University Medical Center; Hanyang University; Inha University; Inha University Hospital; Keimyung University; Keimyung University Dongsan Hospital; Keimyung University Dongsan Medical Center; Konkuk University; Korea Institute of Science and Technology; Korea Research Institute of Bioscience and Biotechnology; Kyung Hee University; Kyungpook National University; National Cancer Center; National Health Insurance Service Ilsan Hospital; Pai Chai University; Sejong General Hospital; Seoul National University; Seoul National University Bundang Hospital; Seoul National University Hospital; Severance Hospital; Sookmyung Women's University; Yonsei University,KR,yes,301,Wogonin induces apoptosis by suppressing E6 and E7 expressions and activating intrinsic signaling pathways in HPV-16 cervical cancer cells,needs_review
A5101478221,Cheol‐Hee Kim,109,65,P0023; P0028; P0076; P0083; P0108; P0155; P0174; P0291; P0297; P0751; P0795; P0868; P0914; P0927; P0968; P1014; P1035; P1159; P1172; P1173; P1174; P1183; P1186; P1190; P1193; P1205; P1209; P1211; P1215; P1220; P1226; P1236; P1264; P1266; P1273; P1292; P1332; P1389; P1407; P1410; P1411; P1424; P1430; P1541; P1703; P1746; P1846; P1864; P1913; P1940; P2006; P2033; P2103; P2182; P2370; P2435; P2472; P2474; P2507; P2554; P2558; P2573; P2594; P2603; P2622,Asan Medical Center; Chosun University; Chungnam National University; Institute for Basic Science; Kangwon National University; Korea Advanced Institute of Science and Technology; Korea Research Institute of Bioscience and Biotechnology; Korea Research Institute of Chemical Technology; Sungkyunkwan University; University of Ulsan,KR,yes,301,PLEKHG3 enhances polarized cell migration by activating actin filaments at the cell front,needs_review
A5013293945,Byeong Chae Kim,176,42,P0068; P0325; P0695; P0722; P0753; P1069; P1181; P1296; P1314; P1585; P1628; P1642; P1654; P1748; P1775; P1804; P1943; P1957; P1963; P2005; P2018; P2020; P2050; P2083; P2144; P2271; P2275; P2287; P2288; P2293; P2315; P2316; P2331; P2471; P2490; P2518; P2568; P2571; P2581; P2585; P2595; P2618,"Alzheimer’s Disease Neuroimaging Initiative; Chonnam National University; Chonnam National University Hospital; Chonnam National University Hwasun Hospital; Chosun University; Chosun University Hospital; Dong-A University; Eulji Medical Center; Eulji University; Hanyang University; Samsung Medical Center; Seoul National University; Seoul National University Bundang Hospital; Seoul National University Hospital; Seoul National University Hospital Biomedical Research Institute; Sungkyunkwan University; University of California System; University of California, Los Angeles; Wonkwang University; Wonkwang University Hospital",KR; US,yes,299,Clinical and Neuropsychological Characteristics of a Nationwide Hospital-Based Registry of Frontotemporal Dementia Patients in Korea: A CREDOS-FTD Study,needs_review
A5100436225,Dong Young Lee,217,28,P0028; P0114; P0325; P0604; P0890; P1014; P1069; P1111; P1518; P1748; P1779; P1800; P1889; P1963; P2006; P2048; P2050; P2275; P2287; P2293; P2451; P2480; P2488; P2491; P2536; P2543; P2578; P2587,Alzheimer’s Disease Neuroimaging Initiative; Chosun University; Dongguk University; Eulji Medical Center; Ewha Womans University; Gyeongsang National University; Gyeongsang National University Changwon Hospital; Hallym University; Hallym University Dongtan Sacred Heart Hospital; Hallym University Hangang Sacred Heart Hospital; Hallym University Sacred Heart Hospital; Inje University; Inje University Sanggye Paik Hospital; Kangwon National University; Kangwon National University Hospital; SNUH SMG-SNU Boramae Medical Center; Samsung (South Korea); Samsung Electronics (South Korea); Samsung Medical Center; Seoul Metropolitan Government; Seoul National University; Seoul National University Bundang Hospital; Seoul National University Hospital; Sungkyunkwan University; The Catholic University of Korea Seoul St. Mary's Hospital; Ulsan University Hospital; University of Ulsan; Yonsei University,KR; US,yes,298,Lack of association of cathepsin D genetic polymorphism with Alzheimer's disease in Koreans,needs_review
A5056221486,Yeo‐Kyeoung Kim,217,28,P0006; P0007; P0013; P0014; P0016; P0020; P0220; P0350; P0355; P0449; P0601; P0616; P1094; P1098; P1210; P1480; P1526; P1549; P1578; P1637; P1762; P1787; P1968; P2104; P2110; P2132; P2133; P2218,Ajou University; Ajou University Hospital; Catholic University of Korea; Chonnam National University; Chonnam National University Hospital; Chonnam National University Hwasun Hospital; Dong-A University; Ewha Womans University; Inje University; Kosin University; Kosin University Gospel Hospital; Kyungpook National University; Kyungpook National University Hospital; National Cancer Centre Japan; Samsung Medical Center; Seonam University; Soonchunhyang University; Soonchunhyang University Hospital Seoul; Sungkyunkwan University; The Catholic University of Korea Seoul St. Mary's Hospital; Ulsan University Hospital; University of Ulsan; Yonsei University; Yonsei University Health System,JP; KR,yes,298,"Clinical Significance Of SF3B1, U2AF1 and SRSF2 Spliceosomal Gene Mutations For The Treatment Of Hypomethylating Agents In Myelodysplastic Syndrome",needs_review
A5100647369,Hyo Jung Kim,118,61,P0007; P0013; P0015; P0020; P0253; P0355; P0362; P0384; P0443; P0550; P0603; P0684; P0689; P0691; P0998; P1094; P1098; P1209; P1226; P1323; P1362; P1411; P1421; P1423; P1443; P1461; P1476; P1506; P1524; P1526; P1531; P1547; P1549; P1555; P1637; P1889; P1893; P2002; P2010; P2016; P2021; P2037; P2038; P2044; P2051; P2074; P2110; P2131; P2136; P2159; P2176; P2194; P2218; P2410; P2414; P2425; P2428; P2511; P2562; P2655; P2661,Ajou University; Ajou University Hospital; CHA University; Chonnam National University Hwasun Hospital; Chubu University; Dong-A University; Dong-A University Hospital; Gachon University Gil Medical Center; Gachon University Medical Center; Gyeongsang National University; Gyeongsang National University Changwon Hospital; Hallym University; Hallym University Hangang Sacred Heart Hospital; Hallym University Medical Center; Hallym University Sacred Heart Hospital; Harvard University; Jeju National University; Konkuk University; Korea Advanced Institute of Science and Technology; Korea Basic Science Institute; Korea University; Korea University Guro Hospital; Kyoto Prefectural University of Medicine; Kyungpook National University; Massachusetts General Hospital; Pfizer (South Korea); Pohang University of Science and Technology; Samsung Medical Center; Seoul National University; Seoul National University Bundang Hospital; Soonchunhyang University Hospital Bucheon; Sungkyunkwan University; Toronto General Hospital; Ulsan University Hospital; University of Ulsan; Yonsei Cancer Hospital; Yonsei University; Yonsei University Health System,CA; JP; KR; US,yes,298,Murine Bone Marrow Stromal Cells: Implications for their Use in Gene Modified Cell Therapy,needs_review
A5079679300,Tae Sung Kim,100,67,P0006; P0014; P0050; P0053; P0057; P0100; P0272; P0295; P0412; P0433; P0492; P0493; P0560; P0564; P0700; P0928; P0990; P1055; P1190; P1199; P1216; P1233; P1323; P1430; P1458; P1518; P1520; P1523; P1524; P1526; P1529; P1531; P1532; P1533; P1537; P1539; P1541; P1542; P1543; P1544; P1553; P1554; P1560; P1563; P1568; P1569; P1571; P1574; P1579; P1582; P1637; P1894; P1919; P1939; P2001; P2008; P2105; P2122; P2237; P2239; P2262; P2285; P2299; P2466; P2535; P2570; P2672,Center for Cancer Research; Chonnam National University; Chonnam National University Hospital; Chungnam National University; Cornell University; Ewha Womans University; Gyeongsangnam-do Agricultural Research and Extension Services; Kongju National University; Korea National Open University; Korea University; Ministry of Food and Drug Safety; National Cancer Center; National Cancer Center Hospital; National Cancer Institute; National Institute of Food and Drug Safety Evaluation; National Institutes of Health; Pusan National University; Samsung Medical Center; Sungkyunkwan University,JP; KR; US,yes,298,Rationally designed redirection of natural killer cells anchoring a cytotoxic ligand for pancreatic cancer treatment,needs_review
A5086828665,Joo‐Yong Hahn,204,32,P0007; P0205; P0234; P0291; P0580; P1181; P1774; P1944; P2020; P2056; P2065; P2123; P2164; P2167; P2171; P2210; P2226; P2233; P2270; P2272; P2279; P2289; P2338; P2342; P2366; P2414; P2452; P2457; P2473; P2509; P2542; P2647,Ajou University; Catholic University of Korea; Chonnam National University; Chonnam National University Hospital; Chosun University; Chosun University Hospital; Chung-Ang University; Chung-Ang University Gwangmyeong Hospital; Chungbuk National University; Chungbuk National University Hospital; Eulji University Uijeongbu Eulji Medical Center; Hanyang University; Kangbuk Samsung Hospital; Keimyung University Dongsan Hospital; Keimyung University Dongsan Medical Center; Korea University Anam Hospital; Kyung Hee University; Kyung Hee University Medical Center; Kyungpook National University Hospital; Samsung (South Korea); Samsung Medical Center; Sejong General Hospital; Seoul National University; Seoul National University Bundang Hospital; Seoul National University Hospital; Sungkyunkwan University; The Catholic University of Korea Uijeongbu St. Mary's Hospital; University of Ulsan; Wenzhou Medical University; Yeungnam University Medical Center; Zhejiang University,CN; KR,yes,297,Effect of P2Y12 Inhibitor Monotherapy vs Dual Antiplatelet Therapy on Cardiovascular Events in Patients Undergoing Percutaneous Coronary Intervention,needs_review
A5081947809,Joon Young Song,201,33,P0099; P0291; P0415; P0444; P0679; P0981; P1135; P1258; P1281; P1467; P1583; P1586; P1588; P1593; P1597; P1599; P1604; P1613; P1627; P1667; P1746; P1751; P1755; P1790; P2024; P2038; P2082; P2121; P2160; P2271; P2379; P2502; P2563,Catholic University of Korea; Chungbuk National University; Chungbuk National University Hospital; Ewha Womans University; Hallym University; Inha University; Inha University Hospital; Korea University; Korea University Guro Hospital; Korea University Medical Center,KR,yes,297,Effects of influenza immunization on pneumonia in the elderly,needs_review
A5041899046,Soo‐Mee Bang,174,42,P0007; P0013; P0014; P0020; P0043; P0075; P0123; P0347; P0350; P0355; P0428; P0603; P0704; P0707; P0722; P1323; P1526; P1527; P1529; P1531; P1549; P1635; P1637; P1787; P1889; P1962; P1968; P1993; P2010; P2018; P2074; P2104; P2110; P2132; P2133; P2176; P2218; P2423; P2425; P2466; P2511; P2512,Asan Medical Center; Chungnam National University Hospital; Dankook University; Gachon University; Gachon University Gil Medical Center; Gyeongsang National University; Gyeongsang National University Hospital; Hallym University; Hallym University Medical Center; Inje University Busan Paik Hospital; Kangdong Sacred Heart Hospital; National Cancer Center; National Cancer Center Hospital; Samsung Medical Center; Seoul National University; Seoul National University Bundang Hospital; Seoul National University Hospital; Severance Hospital; Soonchunhyang University; Sungkyunkwan University; The Korean Society of Hematology; The University of Texas MD Anderson Cancer Center; University of Ulsan; Yonsei Cancer Hospital; Yonsei University; Yonsei University Health System,KR; US,yes,297,"Identification of 13q deletion, trisomy 1q, and IgH rearrangement as the most frequent chromosomal changes found in Korean patients with multiple myeloma",needs_review
A5064370332,In‐Jin Jang,162,46,P0028; P0030; P0068; P0114; P0123; P0200; P0205; P0285; P0364; P0378; P0444; P0631; P0746; P0764; P0920; P0987; P1069; P1185; P1517; P1519; P1531; P1576; P1580; P1594; P1657; P1666; P1699; P1703; P1709; P1719; P1740; P1746; P1755; P1939; P1980; P2103; P2121; P2145; P2164; P2172; P2239; P2304; P2369; P2513; P2523; P2524,Chungbuk National University; Chungbuk National University Hospital; Chungnam National University; Korea Bioinformation Center; Korea Research Institute of Bioscience and Biotechnology; Korea University; National Cancer Center; Seoul National University; Seoul National University Bundang Hospital; Seoul National University Hospital; Seoul National University Hospital Biomedical Research Institute; Yonsei University,KR,yes,297,Korean Variant Archive (KOVA): a reference database of genetic variations in the Korean population,needs_review
A5100338578,So Young Kim,120,60,P0028; P0115; P0168; P0195; P0201; P0337; P0342; P0365; P0376; P0412; P0427; P0440; P0485; P0670; P0704; P0984; P1178; P1472; P1503; P1517; P1518; P1519; P1520; P1524; P1525; P1528; P1529; P1533; P1535; P1540; P1547; P1555; P1563; P1571; P1698; P1742; P1766; P1770; P1782; P1811; P1939; P1947; P2006; P2016; P2021; P2023; P2025; P2047; P2344; P2346; P2362; P2379; P2395; P2408; P2433; P2470; P2474; P2563; P2572; P2681,"Asan Medical Center; CHA University; CHA University Bundang Medical Center; CJ CheilJedang (South Korea); Catholic University of Korea; Cooper Medical School of Rowan University; Ewha Womans University; Hallym University; Hallym University Sacred Heart Hospital; Korea Advanced Institute of Science and Technology; Korea Institute of Radiological and Medical Sciences; Korea University; Korea University Anam Hospital; Kyung Hee University; Kyungpook National University; National Academy of Agricultural Science; National Cancer Center; Pusan National University; Rural Development Administration; Samsung Medical Center; Seoul National University; Seoul National University Hospital; St. Paul's Hospital; Sungkyunkwan University; University Medical Center Groningen; University of California, Davis; University of Illinois Urbana-Champaign; University of Ulsan; Wonkwang University; Wonkwang University Hospital",KR; NL; US,yes,297,Efficacy of pancreatic exocrine replacement therapy for patients with unresectable pancreatic cancer in a randomized trial,needs_review
A5057858888,Jung‐Min Ahn,227,24,P0219; P0562; P0580; P0587; P0722; P0907; P1156; P1517; P1536; P1907; P1944; P1976; P2003; P2105; P2134; P2167; P2171; P2210; P2226; P2233; P2270; P2279; P2337; P2656,Asan Medical Center; Cardiovascular Research Foundation; Catharina Ziekenhuis; Catholic University of Korea; Chungnam National University; Chungnam National University Sejong Hospital; Eulji Medical Center; Inje University; Kangbuk Samsung Hospital; Kangwon National University; Keimyung University; Keimyung University Dongsan Hospital; Keimyung University Dongsan Medical Center; Korea University; Korea University Guro Hospital; Kyung Hee University; Samsung Medical Center; Sejong General Hospital; Seoul National University; Seoul National University Bundang Hospital; Seoul National University Hospital; Stanford Cardiovascular Institute; Stanford University; Sungkyunkwan University; The Catholic University of Korea Seoul St. Mary's Hospital; The Catholic University of Korea Yeouido St. Mary's Hospital; Ulsan University Hospital; University of Ulsan,KR; NL; US,yes,296,Incremental Prognostic Value of Left Ventricular Global Longitudinal Strain in Patients with Preserved Ejection Fraction Undergoing Transcatheter Aortic Valve Implantation,needs_review
A5030743658,Bong Eun Lee,193,35,P0384; P0428; P0445; P0597; P1022; P1517; P1524; P1525; P1528; P1536; P1570; P1961; P2009; P2035; P2040; P2045; P2102; P2111; P2113; P2124; P2125; P2131; P2135; P2139; P2153; P2160; P2164; P2170; P2224; P2334; P2339; P2466; P2489; P2551; P2586,Asan Medical Center; Hanyang University Guri Hospital; Kangbuk Samsung Hospital; Korea University Guro Hospital; Korean College of Helicobacter and Upper Gastrointestinal Research; Korean Society of Neurogastroenterology and Motility; Ministry of Health and Welfare; Pusan National University; Pusan National University Hospital; Pusan National University Yangsan Hospital; Severance Hospital; Soonchunhyang University; Stanford University; Sungkyunkwan University; The Catholic University of Korea Incheon St. Mary's Hospital; Ulsan National Institute of Science and Technology; University of Ulsan; Wonkwang University; Yonsei University; Yonsei University Health System,KR; US,yes,295,Nationwide Multicenter Study for Overlaps of Common Functional Gastrointestinal Disorders in Korean Patients With Constipation,needs_review
A5047330848,Jeong‐Min Kim,124,58,P0007; P0012; P0021; P0050; P0179; P0211; P0379; P0380; P0416; P0532; P0534; P0535; P0541; P1035; P1099; P1119; P1216; P1252; P1294; P1304; P1534; P1754; P1819; P1852; P1940; P1954; P1989; P1996; P2001; P2019; P2027; P2031; P2084; P2104; P2109; P2113; P2125; P2135; P2137; P2138; P2140; P2147; P2151; P2161; P2213; P2302; P2329; P2339; P2466; P2471; P2474; P2518; P2522; P2533; P2618; P2634; P2654; P2689,"Ajou University; Chonnam National University; Chonnam National University Hospital; Chung-Ang University; Chung-Ang University Healthcare System; Chung-Ang University Hospital; Daejeon Eulji Medical Center, Eulji University; Daiichi-Sankyo (South Korea); Eulji Medical Center; Eulji University; Gangnam Severance Hospital; Incheon National University; Inje University Haeundae Paik Hospital; Kangbuk Samsung Hospital; Keimyung University; Konkuk University; Korea Research Institute of Chemical Technology; Korea University Guro Hospital; Kyung Hee University; Kyungpook National University; Neurology, Inc; Pohang University of Science and Technology; Pusan National University; Pusan National University Hospital; Pusan National University Yangsan Hospital; Samsung Biomedical Research Institute; Samsung Medical Center; Sejong University; Seoul National University; Seoul National University Bundang Hospital; Seoul National University Hospital; Seoul National University Hospital Biomedical Research Institute; Severance Hospital; Sungkyunkwan University; Yeungnam University; Yongin Severance Hospital; Yonsei University; Yonsei University Health System",KR; US,yes,295,Deciphering the links: Fragmented polystyrene as a driver of skin inflammation,needs_review
A5100345275,Young‐Hoon Kim,97,67,P0007; P0043; P0064; P0071; P0102; P0123; P0205; P0337; P0434; P0494; P0563; P0600; P0631; P1132; P1214; P1215; P1220; P1292; P1406; P1489; P1522; P1523; P1547; P1555; P1569; P1609; P1620; P1696; P1700; P1701; P1702; P1704; P1713; P1719; P1768; P1773; P1822; P1908; P1944; P1947; P1949; P1955; P2008; P2014; P2017; P2116; P2123; P2124; P2134; P2143; P2145; P2146; P2161; P2164; P2210; P2216; P2289; P2334; P2362; P2371; P2411; P2418; P2458; P2487; P2488; P2491; P2573,Asan Medical Center; Catholic University of Korea; Chung-Ang University; Dong-A University; Dong-A University Hospital; Gachon University Gil Medical Center; Gachon University Medical Center; Hallym University; Hanmi Pharmaceutical (South Korea); Inha University; Inje University Haeundae Paik Hospital; Inje University Ilsan Paik Hospital; Korea Institute of Science & Technology Information; Korea Institute of Science and Technology; Korea University; Korea University Anam Hospital; Korea University Ansan Hospital; Korea University Guro Hospital; Korea University Medical Center; Korean Association Of Science and Technology Studies; Kyungpook National University; Ministry of Food and Drug Safety; National Cancer Center; National Institute of Food and Drug Safety Evaluation; Pusan National University; Seoul National University; Sogang University; Soonchunhyang University Hospital Bucheon; Soonchunhyang University Hospital Seoul; Sungkyunkwan University; The Catholic University of Korea Seoul St. Mary's Hospital; Ulsan University Hospital; University of Suwon; University of Ulsan; Utah Valley Regional Medical Center; Wonkwang University; Wonkwang University Hospital; Yonsei University; Yonsei University Health System,KR; US,yes,295,Meteorological Factors and Air Pollutants Contributing to Seasonal Variation of Acute Exacerbation of Atrial Fibrillation,needs_review
A5010232519,Young Rok Do,210,29,P0007; P0013; P0014; P0020; P0052; P0350; P0355; P0603; P0616; P0706; P1098; P1209; P1323; P1526; P1531; P1549; P1555; P1567; P1575; P1635; P1637; P1787; P1968; P2110; P2187; P2215; P2218; P2423; P2425,Asan Medical Center; Catholic University of Korea; Ewha Womans University; Ewha Womans University Medical Center; Gangneung Asan Hospital; Inje University Busan Paik Hospital; Keimyung University; Keimyung University Daegu Dongsan Hospital; Keimyung University Dongsan Hospital; Keimyung University Dongsan Medical Center; Korea University; Korea University Anam Hospital; Kyung Hee University; Pusan National University Hospital; Samsung Medical Center; Seoul National University Hospital; The Catholic University of Korea Bucheon St. Mary's Hospital; University of Ulsan,KR,yes,294,"Clinical Outcomes of R-CHOP Chemotherapy Alone Compared with R-CHOP Plus Radiotherapy in Patients with Localized, Non-Bulky Diffuse Large B-Cell Lymphoma",needs_review
A5009096636,Byung‐Woo Yoon,162,45,P0007; P0030; P0123; P0219; P0297; P0337; P0379; P0532; P0534; P0535; P0746; P1137; P1162; P1253; P1284; P1294; P1412; P1522; P1539; P1631; P1731; P1746; P1747; P1768; P1779; P1989; P2005; P2019; P2027; P2031; P2032; P2036; P2050; P2084; P2112; P2126; P2140; P2270; P2302; P2329; P2362; P2471; P2474; P2518; P2522,"Asan Medical Center; Chonnam National University Hospital; Chung-Ang University; Daejeon Eulji Medical Center, Eulji University; Dongguk University; Eulji Medical Center; Eulji University; Eulji University Uijeongbu Eulji Medical Center; Hallym University Sacred Heart Hospital; Inje University; Inje University Busan Paik Hospital; Inje University Ilsan Paik Hospital; Korea University Guro Hospital; Korea University Medical Center; Kyung Hee University; Memorial Hermann; Memorial Hermann–Texas Medical Center; Neurology, Inc; Pusan National University; Pusan National University Hospital; Samsung Medical Center; Seoul Medical Center; Seoul National University; Seoul National University Bundang Hospital; Seoul National University Hospital; Seoul National University Hospital Biomedical Research Institute; Soonchunhyang University Hospital Seoul; St. Michael's Hospital; Sungkyunkwan University; Texas Medical Center; The Catholic University of Korea Bucheon St. Mary's Hospital; University of Toronto; University of Ulsan; Yeungnam University",CA; KR; US,yes,294,"Case Characteristics, Hyperacute Treatment, and Outcome Information from the Clinical Research Center for Stroke-Fifth Division Registry in South Korea",needs_review
A5100360863,Min Jung Kim,129,56,P0028; P0040; P0057; P0064; P0100; P0115; P0253; P0350; P0404; P0514; P0631; P0643; P0698; P0811; P0858; P0997; P1021; P1101; P1205; P1266; P1394; P1456; P1457; P1460; P1461; P1463; P1469; P1471; P1473; P1476; P1482; P1496; P1513; P1529; P1540; P1541; P1543; P1544; P1545; P1568; P1936; P1973; P2035; P2107; P2129; P2169; P2211; P2213; P2271; P2276; P2318; P2441; P2489; P2528; P2587; P2682,Catholic University of Korea; Chosun University; European Society of Gastrointestinal Endoscopy; Gangnam Severance Hospital; Gwangju Institute of Science and Technology; Gyeongsang National University; Hallym University; Hallym University Sacred Heart Hospital; Handong Global University; International Vaccine Institute; Jeju National University; Jeju National University Hospital; Keimyung University; Korea Food Research Institute; Korea University; Korea University Medical Center; Korea University of Science and Technology; Kyungpook National University; Kyungpook National University Medical Center; National Cancer Center; National Cancer Center Hospital; SNUH SMG-SNU Boramae Medical Center; Seoul Metropolitan Government; Seoul National University; Seoul National University Bundang Hospital; Seoul National University Cancer Hospital; Seoul National University Children's Hospital; Seoul National University Hospital; Severance Hospital; The Catholic University of Korea Incheon St. Mary's Hospital; Yeungnam University Medical Center; Yongin Severance Hospital; Yonsei University; Yonsei University Health System,DE; JP; KR,yes,294,Multifocal Organoid Capturing of Colon Cancer Reveals Pervasive Intratumoral Heterogenous Drug Responses,needs_review
A5115588184,Dae Ho Lee,99,66,P0013; P0030; P0075; P0083; P0201; P0354; P0394; P0435; P0603; P0670; P0711; P0965; P1209; P1218; P1252; P1323; P1385; P1468; P1517; P1518; P1519; P1526; P1528; P1529; P1537; P1544; P1549; P1570; P1572; P1637; P1709; P1715; P1746; P1786; P1793; P1851; P1889; P1958; P1981; P1982; P1985; P1987; P2051; P2055; P2218; P2270; P2277; P2332; P2333; P2338; P2342; P2375; P2423; P2425; P2466; P2468; P2477; P2490; P2498; P2503; P2511; P2512; P2515; P2519; P2569; P2617,Advanced Institute of Convergence Technology; Asan Medical Center; Beth Israel Deaconess Medical Center; Chosun University; Dankook University; Gachon University; Gachon University Gil Medical Center; Gachon University Medical Center; Harvard University; Jeju National University; Jeju National University Hospital; Keimyung University; National Cancer Center; National Cancer Center Hospital; Samsung Medical Center; Seoul National University; Seoul National University Hospital; Sungkyunkwan University; University of Ulsan; Wonkwang University; Wonkwang University Hospital; Yonsei University; Yonsei University Health System,KR; US,yes,294,Front & Back Matter,needs_review
A5052033483,Tai Hyun Park,181,38,P0002; P0007; P0018; P0030; P0192; P0231; P0303; P0422; P0477; P0550; P0657; P0734; P0745; P0746; P0748; P0774; P0808; P0829; P1116; P1117; P1124; P1133; P1151; P1159; P1204; P1274; P1333; P1395; P1461; P1491; P1666; P1667; P1760; P1784; P1850; P1884; P2099; P2478,Advanced Institute of Convergence Technology; Ewha Womans University; Korea Institute of Science and Technology; Korea University of Science and Technology; Seoul National University; Yonsei University,KR,yes,292,Artificial Rod and Cone Photoreceptors with Human‐Like Spectral Sensitivities,needs_review
A5059865111,Jae Hee Cheon,139,52,P0020; P0092; P0095; P0135; P0144; P0201; P0205; P0337; P0346; P0364; P0384; P0424; P0464; P0509; P0568; P0597; P0868; P0914; P0920; P0923; P0977; P0991; P1323; P1465; P1524; P1525; P1532; P1535; P1536; P1539; P1551; P1555; P1681; P1685; P1694; P1695; P1807; P1835; P1836; P1843; P2009; P2014; P2051; P2211; P2213; P2289; P2296; P2339; P2345; P2489; P2529; P2586,Ajou University; Ewha Womans University; Ewha Womans University Seoul Hospital; Jeju National University; Konyang University; Korea University; Korean Association for the Study of Intestinal Diseases; Kyung Hee University; Kyungpook National University; National Cancer Center; Samsung Medical Center; Severance Hospital; Soonchunhyang University; Sungkyunkwan University; University of Ulsan; Yonsei University; Yonsei University Health System,KR,yes,292,Improvement in Medication Adherence after Pharmacist Intervention Is Associated with Favorable Clinical Outcomes in Patients with Ulcerative Colitis,needs_review
A5100444279,Jin Hee Kim,88,69,P0040; P0042; P0057; P0064; P0068; P0077; P0115; P0230; P0234; P0239; P0386; P0677; P0755; P0925; P1027; P1113; P1185; P1322; P1323; P1324; P1332; P1353; P1355; P1378; P1456; P1460; P1463; P1466; P1469; P1471; P1473; P1482; P1493; P1496; P1497; P1514; P1517; P1527; P1548; P1562; P1577; P1634; P1636; P1648; P1746; P1759; P1811; P1812; P1824; P1826; P1946; P2010; P2016; P2042; P2102; P2120; P2123; P2134; P2229; P2270; P2283; P2303; P2318; P2334; P2408; P2468; P2527; P2529; P2672,Asan Medical Center; Busan Medical Center; Cheongju University; Chonnam National University; Chosun University; Chung-Ang University; Chungnam National University; Chungnam National University Hospital; Daegu Haany University; Gangnam Severance Hospital; Hallym University; Hallym University Sacred Heart Hospital; Korea Food Research Institute; Korea Institute of Oriental Medicine; Korea Institute of Radiological and Medical Sciences; Korea Research Institute of Bioscience and Biotechnology; Korea University; Korea University Anam Hospital; Korea University Medical Center; Korea University of Science and Technology; Kyung Hee University; National Cancer Center; National Cancer Center Hospital; Pusan National University; Pusan National University Hospital; Pusan National University Yangsan Hospital; Sejong University; Seoul National University; Seoul National University Hospital; University of Pittsburgh; University of Seoul; University of Ulsan; Wonkwang University; Yonsei University,KR; US,yes,292,Histone Methyltransferase SETD3 Regulates Muscle Differentiation,needs_review
A5022612041,In‐Ho Chae,198,32,P0030; P0446; P0516; P0580; P0707; P0722; P1273; P1774; P1944; P1949; P1976; P2056; P2105; P2123; P2145; P2167; P2171; P2210; P2226; P2233; P2270; P2272; P2327; P2338; P2342; P2366; P2414; P2452; P2457; P2483; P2509; P2513,Ajou University Hospital; Asan Medical Center; Innovative Research Institute for Cell Therapy; Keimyung University; Korea University Anam Hospital; Samsung Medical Center; Sejong General Hospital; Seoul National University; Seoul National University Bundang Hospital; Seoul National University Hospital; Sungkyunkwan University; Ulsan University Hospital; University of Ulsan,KR,yes,291,Long-term Effects of P2Y12 Inhibitor Monotherapy After Percutaneous Coronary Intervention,needs_review
A5027936126,Young‐Joo Won,165,43,P0428; P1185; P1323; P1328; P1517; P1518; P1519; P1520; P1521; P1523; P1525; P1526; P1527; P1529; P1533; P1535; P1537; P1543; P1544; P1545; P1546; P1547; P1550; P1552; P1553; P1554; P1555; P1558; P1559; P1560; P1563; P1564; P1567; P1568; P1569; P1575; P1746; P1788; P2008; P2117; P2261; P2306; P2503,Catholic University of Korea; National Cancer Center; National Cancer Center Hospital; National Health Insurance Service; Seoul National University; The Catholic University of Korea Yeouido St. Mary's Hospital; Yonsei University; Yonsei University Mirae Campus,KR,yes,291,Association between screening and the thyroid cancer “epidemic” in South Korea: evidence from a nationwide study,needs_review
A5100599601,Jung Eun Lee,123,57,P0028; P0036; P0201; P0231; P0315; P0356; P0388; P0588; P0696; P0707; P1082; P1121; P1194; P1199; P1216; P1457; P1482; P1513; P1521; P1543; P1553; P1554; P1595; P1602; P1620; P1645; P1747; P1749; P1751; P1762; P1893; P1899; P1908; P1930; P1946; P1988; P2001; P2009; P2010; P2059; P2066; P2111; P2121; P2143; P2159; P2263; P2296; P2333; P2334; P2368; P2408; P2414; P2428; P2453; P2456; P2489; P2528,Asan Medical Center; Brown University; CHA University; Catholic University of Korea; Chaum; Chosun University; Chosun University Hospital; Dankook University; Dankook University Hospital; Duksung Women's University; Ewha Womans University; Gyeongsang National University; Gyeongsang National University Hospital; Jeonbuk National University; Jeonbuk National University Hospital; Keimyung University; Konyang University; Korea Hydro and Nuclear Power (Korea); Korea Institute of Oriental Medicine; Korea National Institute of Health; Korea Research Institute of Bioscience and Biotechnology; National Cancer Center; Pusan National University; Pusan National University Hospital; Pusan National University Yangsan Hospital; Samsung Medical Center; Seoul National University; Seoul National University Bundang Hospital; Seoul National University Hospital; Sookmyung Women's University; Soonchunhyang University; Soonchunhyang University Hospital Bucheon; Soonchunhyang University Hospital Seoul; Sungkyunkwan University; The Catholic University of Korea St. Vincent's Hospital; University of Massachusetts Amherst; University of Ulsan; Yonsei University,KR; US,yes,291,Pak1/LIMK1/Cofilin Pathway Contributes to Tumor Migration and Invasion in Human Non-Small Cell Lung Carcinomas and Cell Lines,needs_review
A5012791367,Inpyo Choi,123,57,P0011; P0102; P0135; P0355; P0489; P0493; P0539; P0568; P0670; P0707; P0914; P1000; P1002; P1155; P1156; P1157; P1159; P1160; P1164; P1169; P1174; P1176; P1184; P1187; P1199; P1205; P1211; P1220; P1222; P1293; P1403; P1412; P1413; P1419; P1420; P1421; P1426; P1428; P1447; P1461; P1506; P1684; P1841; P1864; P1894; P1897; P1898; P1923; P2047; P2111; P2299; P2323; P2350; P2529; P2558; P2563; P2606,Chungnam National University; Korea Advanced Institute of Science and Technology; Korea Institute of Science and Technology; Korea Research Institute of Bioscience and Biotechnology; Korea University of Science and Technology; Sookmyung Women's University; University of Ulsan,KR,yes,291,Stage-dependent gene expression profiles during natural killer cell development,needs_review
A5100374569,Dae‐Hyun Kim,99,65,P0066; P0108; P0205; P0246; P0253; P0254; P0256; P0269; P0306; P0491; P0532; P0535; P0568; P0623; P0748; P0848; P0923; P0962; P1038; P1074; P1090; P1115; P1126; P1148; P1295; P1516; P1517; P1525; P1529; P1530; P1540; P1541; P1544; P1554; P1756; P1852; P1907; P1954; P2005; P2008; P2019; P2027; P2032; P2101; P2105; P2120; P2125; P2143; P2183; P2221; P2303; P2329; P2343; P2422; P2427; P2442; P2471; P2474; P2475; P2509; P2518; P2522; P2528; P2530; P2547,Chonnam National University; Chung-Ang University; Chungnam National University; Daegu Catholic University; Daegu Catholic University Medical Center; Dong-A University; Dong-A University Hospital; DongKook Pharmaceutical (South Korea); Dongguk University; Dongguk University Ilsan Hospital; Inha University; Jeonbuk National University; Kangwon National University; Konkuk University; Konkuk University Medical Center; Korea Institute of Oriental Medicine; Korea University; Kyung Hee University East-West Neo Medical Center; National Cancer Center; National Cancer Center Hospital; Pusan National University; Research Institute for Veterinary Science; Seoul National University; Seoul National University Bundang Hospital; Severance Hospital; Soonchunhyang University; Soonchunhyang University Hospital Seoul; Sungkyunkwan University; Yonsei University; Yonsei University College of Dentistry; Yonsei University Dental Hospital; Yonsei University Health System,KR,yes,291,The involvement of serum exosomal miR-500-3p and miR-770-3p in aging: modulation by calorie restriction,needs_review
A5076115706,Jinny Park,152,47,P0007; P0013; P0014; P0236; P0350; P0351; P0355; P0359; P0361; P0388; P0449; P0603; P0604; P0616; P0691; P0707; P1022; P1088; P1098; P1209; P1526; P1536; P1549; P1635; P1637; P1778; P1889; P1940; P1954; P1962; P1968; P1980; P1993; P2090; P2104; P2110; P2218; P2353; P2423; P2425; P2428; P2470; P2492; P2500; P2511; P2515; P2696,Ajou University; Ajou University Hospital; Asan Medical Center; Catholic University of Korea; Chonnam National University; Chungbuk National University; Chungbuk National University Hospital; Dankook University; Dankook University Hospital; Dong-A University; Dongguk University; Ewha Womans University; Gachon University; Gachon University Gil Medical Center; Gachon University Medical Center; Incheon Medical Center; Jeonbuk National University; Korea University Ansan Hospital; Kyungpook National University; Kyungpook National University Hospital; National Cancer Center; Princess Margaret Cancer Centre; Samsung Medical Center; Seoul National University; Soonchunhyang University; Soonchunhyang University Hospital Seoul; Sungkyunkwan University; The Catholic University of Korea Seoul St. Mary's Hospital; Ulsan University Hospital; University of Toronto; University of Ulsan; Wonkwang University; Wonkwang University Hospital; Yonsei University; Yonsei University Health System,CA; KR,yes,290,Gefitinib (ZD1839) Monotherapy as a Salvage Regimen for Previously Treated Advanced Non-Small Cell Lung Cancer,needs_review
A5009075091,Woo Ho Kim,134,53,P0007; P0057; P0068; P0079; P0285; P0326; P0359; P0594; P0707; P0752; P0766; P0903; P0914; P1174; P1175; P1176; P1199; P1323; P1517; P1522; P1533; P1541; P1545; P1551; P1555; P1562; P1563; P1571; P1637; P1697; P1745; P1768; P1775; P1778; P1894; P1897; P1921; P1999; P2002; P2022; P2144; P2169; P2271; P2339; P2458; P2490; P2491; P2515; P2562; P2571; P2587; P2599; P2600,Ajou University; Asan Medical Center; Cancer Research Institute; Gwangju Institute of Science and Technology; Inha University; Inha University Hospital; Inje University Seoul Paik Hospital; National Cancer Center; National Medical Center; Samsung Medical Center; Seoul National University; Seoul National University Hospital; University of Ulsan,KR; US,yes,290,"Establishment and characterization of six human gastric carcinoma cell lines, including one naturally infected with Epstein-Barr virus",needs_review
A5100623844,Jee Hyun Kim,125,56,P0028; P0040; P0079; P0091; P0123; P0250; P0253; P0329; P0342; P0405; P0485; P0498; P0594; P0635; P0643; P0691; P0707; P0823; P0998; P1156; P1518; P1519; P1520; P1527; P1529; P1531; P1532; P1537; P1540; P1541; P1544; P1545; P1546; P1565; P1569; P1634; P1637; P1732; P1734; P1775; P1889; P1939; P1957; P2002; P2018; P2060; P2074; P2136; P2176; P2218; P2345; P2423; P2425; P2475; P2544; P2562,Ajou University; Ajou University Hospital; Asan Medical Center; Dankook University; Dankook University Hospital; Ewha Womans University; Ewha Womans University Medical Center; Ewha Womans University Seoul Hospital; Gangnam Severance Hospital; Genexine (South Korea); Keimyung University; Keimyung University Dongsan Hospital; Keimyung University Dongsan Medical Center; Korea University; Korea University Anam Hospital; Korea University Medical Center; SNUH SMG-SNU Boramae Medical Center; Samsung Medical Center; Seoul National University; Seoul National University Bundang Hospital; Seoul National University Hospital; Severance Hospital; Soonchunhyang University; Sungkyunkwan University; University of Ulsan; Yonsei Cancer Hospital; Yonsei University; Yonsei University Health System,JP; KR,yes,290,Targeting HMG-CoA synthase 2 suppresses tamoxifen-resistant breast cancer growth by augmenting mitochondrial oxidative stress-mediated cell death,needs_review
A5032439705,Cheolju Lee,116,59,P0023; P0063; P0100; P0102; P0135; P0156; P0250; P0404; P0541; P0707; P0749; P0811; P0823; P0842; P0843; P0928; P1027; P1035; P1069; P1113; P1116; P1121; P1124; P1126; P1135; P1143; P1154; P1164; P1188; P1190; P1198; P1258; P1264; P1273; P1282; P1292; P1307; P1426; P1430; P1437; P1447; P1514; P1519; P1534; P1562; P1567; P1572; P1642; P1679; P1768; P1824; P1887; P1965; P2073; P2198; P2410; P2558; P2561; P2650,Chonnam National University; Chonnam National University Hwasun Hospital; Direction des Sciences du Vivant; Korea Institute of Science and Technology; Korea Research Institute of Bioscience and Biotechnology; Korea University of Science and Technology; Korean Association Of Science and Technology Studies; Kyung Hee University; National Cancer Center; Pohang University of Science and Technology; University of Seoul; University of Southern California; Yonsei University; Yonsei University Health System,FR; KR; US,yes,290,Meso–macroporous hydrogel for direct litre-scale isolation of extracellular vesicles,needs_review
A5100324553,Tae Il Kim,113,60,P0028; P0060; P0077; P0090; P0156; P0330; P0337; P0355; P0384; P0388; P0453; P0488; P0562; P0594; P0597; P0691; P0755; P0868; P0920; P0996; P1140; P1155; P1156; P1187; P1207; P1247; P1323; P1461; P1534; P1540; P1541; P1545; P1546; P1548; P1558; P1843; P1953; P1962; P2009; P2014; P2068; P2074; P2079; P2122; P2145; P2153; P2159; P2169; P2213; P2289; P2410; P2414; P2426; P2489; P2493; P2502; P2529; P2538; P2545; P2566,Ajou University; Asan Medical Center; Catholic University of Korea; Chungbuk National University; Ewha Womans University; National Cancer Center; National Institute of Animal Science; Pusan National University; Samsung Medical Center; Seoul National University; Seoul National University Hospital; Severance Hospital; Soonchunhyang University; Sungkyunkwan University; The Catholic University of Korea Bucheon St. Mary's Hospital; Yonsei University; Yonsei University Health System,KR,yes,290,"Korean colonoscopy screening pilot study (K-cospi) for screening colorectal cancer: study protocol for the multicenter, community-based clinical trial",needs_review
A5083433064,Hyuk‐Jae Chang,235,19,P0075; P0201; P0379; P0434; P0446; P0511; P0516; P1517; P1518; P1678; P1955; P2065; P2134; P2270; P2272; P2340; P2346; P2432; P2592,Ajou University; Asan Medical Center; Catholic Kwandong University; Catholic Kwandong University International St. Mary's Hospital; Chung-Ang University; Chung-Ang University Healthcare System; Ewha Womans University; Ewha Womans University Seoul Hospital; Houston Methodist; Myongji Hospital; NewYork–Presbyterian Hospital; Pusan National University Hospital; Sejong General Hospital; Seoul National University Bundang Hospital; Severance Hospital; University of Ulsan; Weill Cornell Medicine; Yonsei University; Yonsei University Health System,KR; US,yes,289,Effects of Statins on Coronary Atherosclerotic Plaques,needs_review
A5102924577,Chang‐Ki Min,193,33,P0006; P0007; P0013; P0020; P0030; P0079; P0291; P0346; P0347; P0355; P0616; P0722; P1094; P1098; P1401; P1517; P1526; P1527; P1534; P1549; P1637; P2000; P2011; P2110; P2136; P2162; P2171; P2215; P2218; P2389; P2425; P2431; P2654,Asan Medical Center; Catholic University of Korea; Chonnam National University Hwasun Hospital; Chung-Ang University Hospital; Dong-A University; Dong-A University Hospital; Janssen Korea (South Korea); Kosin University; Kyungpook National University Hospital; Samsung Medical Center; Seoul National University; Seoul National University Bundang Hospital; Seoul National University Hospital; Sungkyunkwan University; The Catholic University of Korea Seoul St. Mary's Hospital; The Catholic University of Korea Yeouido St. Mary's Hospital; Yeungnam University Medical Center,KR,yes,289,Evidence-based Guidelines for Empirical Therapy of Neutropenic Fever in Korea,needs_review
A5051591744,Daehee Kang,157,45,P0028; P0083; P0104; P0322; P0329; P0331; P0358; P0384; P0573; P0606; P0635; P0696; P0986; P0997; P1021; P1210; P1521; P1527; P1537; P1558; P1569; P1576; P1577; P1580; P1588; P1592; P1594; P1598; P1612; P1615; P1621; P1731; P1751; P1763; P1846; P1873; P1904; P1972; P1999; P2060; P2066; P2177; P2210; P2280; P2339,Asan Medical Center; Cancer Care Ontario; Division of Cancer Epidemiology and Genetics; General Department of Preventive Medicine; Kangwon National University; Konkuk University; Korea Disease Control and Prevention Agency; Korea National Open University; National Cancer Center; National Cancer Institute; National Institutes of Health; Occupational Cancer Research Centre; Seoul National University; Seoul National University Bundang Hospital; Shanghai Cancer Institute; State Key Laboratory of Oncogene and Related Genes; Sunchon National University; University of Ulsan; Vanderbilt University; Vanderbilt-Ingram Cancer Center; Veterans Health Service Medical Center,CA; CN; KR; US; VN,yes,289,A genome-wide association study identifies a breast cancer risk variant in ERBB4 at 2q34: results from the Seoul Breast Cancer Study,needs_review
A5074131405,Minho Shong,102,63,P0028; P0030; P0034; P0054; P0076; P0079; P0201; P0265; P0334; P0574; P0631; P0751; P0786; P0837; P0996; P1000; P1008; P1014; P1090; P1104; P1119; P1156; P1169; P1177; P1184; P1252; P1266; P1269; P1419; P1423; P1441; P1451; P1468; P1523; P1647; P1673; P1731; P1815; P1824; P1825; P1914; P1981; P1982; P2059; P2099; P2111; P2112; P2117; P2121; P2125; P2138; P2168; P2194; P2203; P2367; P2554; P2577; P2583; P2585; P2586; P2592; P2597; P2624,Albert Einstein College of Medicine; Catholic University of Korea; Centre de Recherche Saint-Antoine; Chungnam National University; Chungnam National University Hospital; Friedrich Miescher Institute; Inserm; Keimyung University; Korea Advanced Institute of Science and Technology; Korea Research Institute of Bioscience and Biotechnology; Korea Research Institute of Chemical Technology; Korea Research Institute of Standards and Science; Korea University of Science and Technology; Kyungpook National University; Kyungpook National University Medical Center; Long Island Jewish Medical Center; National Institutes of Health; Saitama Medical University; Seoul National University; Seoul National University Bundang Hospital; Sorbonne Université; Stanford Diabetes Research Center; Stanford Medicine; Stanford University; University of Science and Technology; University of Ulsan; Wellcome Sanger Institute,CH; FR; GB; JP; KR; US; YE,yes,288,Crif1 is a novel transcriptional coactivator of STAT3,needs_review
A5055447223,Kwangmeyung Kim,170,40,P0007; P0050; P0077; P0104; P0105; P0192; P0195; P0208; P0228; P0481; P0562; P0743; P0822; P0868; P0945; P0957; P0969; P0989; P0998; P1057; P1118; P1120; P1121; P1147; P1149; P1297; P1382; P1383; P1397; P1419; P1421; P1424; P1688; P1814; P1857; P1864; P2046; P2140; P2229; P2534,Asan Medical Center; Ewha Womans University; Korea Institute of Science and Technology; Korea University; Korea University Ansan Hospital; Korea University of Science and Technology; Korean Association Of Science and Technology Studies; Kyungpook National University; Sogang University; Sookmyung Women's University; University of Ulsan; Yonsei University,KR,yes,287,Investigation of the Potential Immunological Effects of Boiling Histotripsy for Cancer Treatment,needs_review
A5107638583,Suk‐Kyun Yang,140,50,P0022; P0057; P0063; P0201; P0205; P0345; P0384; P0424; P0509; P0522; P0524; P0562; P0585; P0597; P0599; P0620; P0920; P1022; P1274; P1282; P1465; P1541; P1587; P1807; P1843; P1889; P1954; P1961; P2009; P2014; P2023; P2059; P2063; P2076; P2079; P2159; P2163; P2169; P2211; P2213; P2296; P2330; P2345; P2466; P2489; P2546; P2556; P2580; P2647; P2683,Asan Medical Center; Dankook University Hospital; Hanyang University; Korea University; Korean Association for the Study of Intestinal Diseases; Samsung Medical Center; Sungkyunkwan University; University of Ulsan; Yeungnam University; Yonsei University,KR,yes,287,Germline mutations of thedpc4 gene in Korean juvenile polyposis patients,needs_review
A5107872426,Soo‐Jin Kang,238,17,P0030; P0219; P0580; P0722; P0907; P1156; P1517; P2105; P2171; P2210; P2226; P2233; P2270; P2279; P2337; P2338; P2656,Asan Medical Center; Cardiovascular Research Foundation; Catholic University of Korea; Chungnam National University; Chungnam National University Hospital; Gangneung Asan Hospital; Inje University; Kangbuk Samsung Hospital; Kangwon National University; Kangwon National University Hospital; Keimyung University; Keimyung University Dongsan Hospital; Keimyung University Dongsan Medical Center; Korea University; Korea University Guro Hospital; Seoul National University Hospital; Soonchunhyang University Hospital Bucheon; Sungkyunkwan University; Ulsan University Hospital; University of Ulsan; Wakayama Medical University,JP; KR; US,yes,286,Mechanical complications of everolimus-eluting stents associated with adverse events: an intravascular ultrasound study,needs_review
A5001348492,Murim Choi,94,65,P0013; P0014; P0020; P0028; P0056; P0057; P0060; P0064; P0066; P0067; P0068; P0075; P0079; P0114; P0439; P0477; P0625; P0689; P0695; P0764; P0766; P0769; P0890; P0985; P0986; P0988; P0999; P1069; P1080; P1154; P1177; P1260; P1261; P1300; P1356; P1411; P1438; P1517; P1548; P1762; P1779; P1783; P1890; P1898; P1980; P2008; P2048; P2060; P2072; P2099; P2138; P2155; P2270; P2298; P2475; P2491; P2493; P2524; P2563; P2566; P2582; P2587; P2595; P2603; P2665,Eulji Medical Center; Gwangju Institute of Science and Technology; Korea Disease Control and Prevention Agency; Korea National Institute of Health; Kyung Hee University; Samsung (South Korea); Samsung Electronics (South Korea); Samsung Medical Center; Seoul National University; Seoul National University Children's Hospital; Seoul National University Hospital; Sungkyunkwan University; Ulsan University Hospital; University of Ulsan,KR,yes,286,Conformable Microelectrode Arrays Integrated with a Scoop‐Shaped Slide‐Well for Dynamic Electrophysiological Profiling of Patient‐Derived Cardiac Organoids,needs_review
A5100380841,Hae‐Sim Park,152,45,P0007; P0023; P0043; P0050; P0079; P0200; P0386; P0883; P0920; P1080; P1093; P1098; P1163; P1223; P1237; P1252; P1355; P1411; P1564; P1591; P1634; P1763; P1791; P1798; P1993; P2010; P2016; P2018; P2022; P2071; P2107; P2178; P2201; P2359; P2371; P2432; P2475; P2493; P2529; P2536; P2544; P2560; P2566; P2607; P2616,Ajou Research Institute for Innovative Medicine; Ajou University; Ajou University Hospital; Ajou University Medical Center; Jeonbuk National University; Korea Research Institute of Bioscience and Biotechnology; Kyungpook National University; Kyungpook National University Chilgok Hospital; National Institute of Animal Science; Pohang University of Science and Technology; Pusan National University; Pusan National University Hospital; Pusan National University Yangsan Hospital; Rural Development Administration; Seoul National University; Soonchunhyang University; Ulsan University Hospital; University of Ulsan; Wonkwang University; Wonkwang University Gwangju Medical Center; Yonsei University; Yonsei University Health System,KR,yes,284,A Seroepidemiological Survey for Human Clonorchiasis on Soonchang-gun Near the Sumjin River in Korea,needs_review
A5078895940,Dae‐Duk Kim,143,48,P0032; P0034; P0036; P0038; P0040; P0044; P0050; P0053; P0056; P0090; P0097; P0108; P0149; P0208; P0285; P0295; P0302; P0367; P0464; P0564; P0689; P0691; P0700; P0704; P0706; P0711; P0716; P0868; P0964; P0969; P0972; P1039; P1124; P1137; P1255; P1721; P1776; P1785; P1938; P1985; P2014; P2058; P2103; P2130; P2398; P2412; P2466; P2552,Chonnam National University; Chungnam National University; Kangbuk Samsung Hospital; Kangwon National University; Pusan National University; Seoul National University; Sungkyunkwan University; Yeungnam University; Yeungnam University Medical Center; Yonsei University,KR,yes,284,Glycoengineering of Interferon-β 1a Improves Its Biophysical and Pharmacokinetic Properties,needs_review
A5083751923,Jong Oh Kim,226,20,P0012; P0142; P0149; P0179; P0188; P0204; P0255; P0352; P0706; P1067; P1118; P1442; P1708; P1836; P1985; P2103; P2412; P2440; P2577; P2645,Clinical Orthopaedics and Related Research; Dong-A Pharmaceutical (South Korea); Ewha Womans University; Ewha Womans University Medical Center; Ewha Womans University Seoul Hospital; Hanmi Pharmaceutical (South Korea); Hanyang University; Kangwon National University; Kangwon National University Hospital; Quaid-i-Azam University; Sejong University; Seoul National University; Yeungnam University; Yeungnam University College,KR; PK; US,yes,283,Tie2-mediated vascular remodeling by ferritin-based protein C nanoparticles confers antitumor and anti-metastatic activities,needs_review
A5075143500,Young‐Ger Suh,160,42,P0038; P0040; P0053; P0055; P0056; P0102; P0114; P0486; P0488; P0489; P0492; P0533; P0564; P0698; P0700; P0703; P0707; P0711; P0804; P0914; P0961; P0964; P0990; P1027; P1055; P1137; P1164; P1219; P1252; P1292; P1294; P1648; P1706; P1765; P1776; P1896; P1904; P1938; P1985; P2034; P2261; P2583,Asan Medical Center; CHA University; Center for Cancer Research; Chung-Ang University; Chungbuk National University; Dankook University; Dongguk University; Ewha Womans University; Gangnam Severance Hospital; Gwangju Institute of Science and Technology; Korea Research Institute of Chemical Technology; Korea University of Science and Technology; Medifron (South Korea); National Cancer Center; National Cancer Institute; National Institutes of Health; Seoul National University; Seoul National University Hospital; Seoul National University Hospital Biomedical Research Institute; Sookmyung Women's University; Sungkyunkwan University; Sungshin Women's University; The University of Texas MD Anderson Cancer Center; University of Ulsan; Woosuk University; Yonsei University,KR; US,yes,283,"WS9326H, an Antiangiogenic Pyrazolone-Bearing Peptide from an Intertidal Mudflat Actinomycete",needs_review
A5081007211,Sang Won Seo,154,44,P0028; P0297; P0325; P0439; P0532; P0535; P0722; P1046; P1126; P1143; P1251; P1268; P1293; P1314; P1585; P1622; P1628; P1640; P1702; P1748; P1879; P1945; P1957; P1963; P2005; P2011; P2018; P2019; P2020; P2032; P2048; P2050; P2083; P2172; P2241; P2287; P2450; P2471; P2474; P2490; P2522; P2572; P2601; P2626,"Ajou University Medical Center; Asan Medical Center; Ewha Womans University; Ewha Womans University Mokdong Hospital; Gachon University Gil Medical Center; Gachon University Medical Center Dong Incheon Gil Hospital; Gangnam Severance Hospital; Hanyang University; Inha University; Inha University Hospital; North Florida/South Georgia Veterans Health System; Pyeongtaek University; Samsung Medical Center; Seoul National University; Sungkyunkwan University; University of California, San Francisco; University of Florida; University of Florida Health; University of Ulsan; Yonsei University; Yonsei University Health System",KR; US,yes,283,O2‐05‐06: DIAGNOSING ALZHEIMER'S DISEASE THROUGH DETECTION OF TAU PROTEIN IN HUMAN BLOOD USING ULTRASENSITIVE NANO‐GAP SENSOR: FROM CSF TO BLOOD,needs_review
A5009151086,Boram Park,106,60,P0187; P0342; P0445; P0484; P0722; P0991; P1517; P1518; P1520; P1521; P1523; P1524; P1525; P1526; P1527; P1528; P1529; P1531; P1532; P1533; P1535; P1537; P1538; P1539; P1540; P1541; P1543; P1544; P1545; P1546; P1547; P1550; P1551; P1553; P1554; P1555; P1558; P1560; P1561; P1562; P1563; P1566; P1567; P1568; P1569; P1571; P1573; P1746; P1778; P2008; P2045; P2117; P2127; P2160; P2169; P2189; P2213; P2230; P2246; P2267,Inha University; Kyungwoon University; National Cancer Center; National Cancer Center Hospital; Research Institute for Future Medicine; Samsung Medical Center; Severance Hospital; Sungkyunkwan University; Yonsei University; Yonsei University Health System,KR,yes,283,Effect of endoscopy screening on stage at gastric cancer diagnosis: results of the National Cancer Screening Programme in Korea,needs_review
A5007213477,Hyuk Lee,141,48,P0007; P0028; P0384; P0428; P0445; P0597; P0696; P0718; P0746; P1214; P1220; P1239; P1323; P1326; P1517; P1524; P1525; P1528; P1536; P1561; P1775; P1879; P1961; P1964; P2000; P2009; P2020; P2040; P2045; P2046; P2051; P2060; P2074; P2096; P2102; P2160; P2163; P2170; P2224; P2257; P2334; P2339; P2423; P2477; P2487; P2526; P2562; P2586,Armed Forces Capital Hospital; Asan Medical Center; Dong-A University; Dong-A University Hospital; Ewha Womans University; Ewha Womans University Mokdong Hospital; Ewha Womans University Seoul Hospital; Gangnam Severance Hospital; Hanyang University; Hanyang University Medical Center; Hanyang University Seoul Hospital; Inje University Ilsan Paik Hospital; Institute for Basic Science; Jeonbuk National University Hospital; Korea Research Institute of Chemical Technology; Korea University of Science and Technology; Kosin University; National Cancer Center; Pusan National University; Pusan National University Hospital; Samsung Medical Center; Seoul National University; Seoul National University Bundang Hospital; Seoul National University Hospital; Severance Hospital; Sungkyunkwan University; University of Ulsan; Yonsei University; Yonsei University Health System,KR,yes,282,Determinants of Response and Intrinsic Resistance to PD-1 Blockade in Microsatellite Instability–High Gastric Cancer,needs_review
A5040492383,Su‐Jae Lee,141,48,P0028; P0034; P0056; P0066; P0137; P0157; P0221; P0228; P0698; P0711; P0774; P0855; P1039; P1104; P1260; P1334; P1632; P1636; P1638; P1639; P1641; P1643; P1648; P1649; P1660; P1662; P1731; P1760; P1768; P1809; P1834; P1900; P1914; P1939; P1957; P2012; P2130; P2148; P2410; P2433; P2469; P2470; P2473; P2483; P2492; P2581; P2678; P2705,"Ajou University; Beth Israel Deaconess Medical Center; Ewha Womans University; Gwangju Institute of Science and Technology; Hanyang University; Harvard University; Kangwon National University; Konkuk University; Korea Institute of Radiological and Medical Sciences; Kyung Hee University; National Cancer Center; National Cancer Institute; National Institutes of Health; Pusan National University; Seoul National University; Sungkyunkwan University; University of Maryland Marlene and Stewart Greenebaum Comprehensive Cancer Center; University of Maryland, Baltimore; University of Minnesota; University of North Carolina at Chapel Hill",KR; US,yes,282,Hspa4 (HSP70) is Involved in the Radioadaptive Response: Results from Mouse Splenocytes,needs_review
A5066828733,Boyoung Park,135,50,P0042; P0329; P0354; P0438; P0444; P0517; P0588; P0606; P0764; P1021; P1155; P1187; P1208; P1335; P1517; P1520; P1521; P1523; P1524; P1525; P1526; P1527; P1528; P1529; P1531; P1537; P1545; P1546; P1550; P1552; P1553; P1556; P1558; P1559; P1567; P1569; P1588; P1595; P1634; P1696; P1746; P1788; P1798; P1825; P2008; P2011; P2148; P2359; P2497; P2572,Asan Medical Center; Catholic University of Korea; Hanyang University; Konkuk University; Korea Disease Control and Prevention Agency; Korea Research Institute of Bioscience and Biotechnology; National Cancer Center; National Cancer Center Hospital; Seoul National University; Severance Hospital; Soonchunhyang University; Soonchunhyang University Hospital Seoul; University of Ulsan; Yonsei University,KR; US,yes,282,Effectiveness of the Korean National Cancer Screening Program in Reducing Gastric Cancer Mortality,needs_review
A5100757543,Soo Hyun Lee,105,60,P0006; P0013; P0016; P0028; P0040; P0058; P0079; P0086; P0250; P0253; P0349; P0389; P0394; P0456; P0482; P0487; P0601; P0603; P0631; P0707; P0998; P1120; P1121; P1130; P1145; P1276; P1519; P1521; P1527; P1531; P1534; P1545; P1546; P1550; P1553; P1558; P1562; P1565; P1567; P1575; P1642; P1787; P1827; P1863; P1890; P1938; P2122; P2135; P2150; P2157; P2176; P2212; P2213; P2217; P2425; P2443; P2483; P2562; P2618; P2701,Asan Medical Center; CHA University; Catholic University of Korea; Chonnam National University; Chonnam National University Hwasun Hospital; Chung-Ang University; Chungbuk National University; Chungbuk National University Hospital; Chungnam National University; Daegu Fatima Hospital; Dankook University; Dong-A University; Dong-A University Hospital; ETH Zurich; Ewha Womans University; Institute of Pharmaceutical Sciences; Kongju National University; Konkuk University; Konkuk University Medical Center; Korea Advanced Institute of Science and Technology; Korea Institute of Science and Technology; Korea University; Korea University Anam Hospital; Korea University Medical Center; Kyung Hee University; Lunit (South Korea); National Cancer Center; National Cancer Center Hospital; Pfizer (South Korea); Samsung Medical Center; Seoul National University; Seoul National University Bundang Hospital; Seoul National University Hospital; Severance Hospital; Soonchunhyang University; Stanford University; Sungkyunkwan University; The Catholic University of Korea Seoul St. Mary's Hospital; The University of Texas MD Anderson Cancer Center; University of Ulsan; University of Utah; Yonsei Cancer Hospital; Yonsei University; Yonsei University Health System,CH; JP; KR; US,yes,282,Repurposing the Cord Blood Bank for Haplobanking of HLA-Homozygous iPSCs and Their Usefulness to Multiple Populations,needs_review
A5054304061,Yeong Wook Song,185,33,P0028; P0040; P0075; P0079; P0083; P0100; P0115; P0162; P0337; P0408; P0665; P0744; P1213; P1360; P1516; P1568; P1576; P1634; P1701; P1751; P1775; P2010; P2047; P2121; P2122; P2130; P2208; P2212; P2217; P2466; P2543; P2617; P2707,Chungbuk National University Hospital; Cooper Medical School of Rowan University; Hanmi Pharmaceutical (South Korea); SNUH SMG-SNU Boramae Medical Center; Seoul Metropolitan Government; Seoul National University; Seoul National University Dental Hospital; Seoul National University Hospital; UAB Medicine; University Medical Center Groningen; University of Alabama at Birmingham; Yonsei University,KR; NL; US,yes,281,The clinical significance of serum N-terminal pro-brain natriuretic peptide in systemic sclerosis patients,needs_review
A5080102576,Sung Soon Kim,128,52,P0007; P0030; P0446; P0485; P0631; P0707; P0855; P1153; P1159; P1206; P1258; P1281; P1323; P1398; P1559; P1578; P1579; P1581; P1583; P1586; P1593; P1596; P1597; P1599; P1600; P1604; P1610; P1613; P1746; P1755; P1805; P1944; P1977; P1983; P2011; P2038; P2064; P2072; P2082; P2121; P2148; P2271; P2278; P2284; P2291; P2304; P2322; P2359; P2432; P2450; P2483; P2574,Agency for Defense Development; Ajou University; Asan Medical Center; Catholic Kwandong University; Catholic University of Korea; Celltrion (South Korea); Chungbuk National University; Dongguk University; Hallym University; Jeju National University; Korea Center for Disease Control and Prevention; Korea Disease Control and Prevention Agency; Korea National Institute of Health; Korea Research Institute of Bioscience and Biotechnology; Korea University Anam Hospital; Korea University Guro Hospital; Korea University Medical Center; Kyungpook National University; National Institute of Infectious Diseases; Seoul National University; Severance Hospital; The Catholic University of Korea Seoul St. Mary's Hospital; University of Ulsan; Yonsei University; Yonsei University Health System,JP; KR,yes,281,"Six-month longitudinal immune kinetics after mRNA-1273 vaccination: Correlation of peak antibody response with long-term, cross-reactive immunity",needs_review
A5090254873,Kwang Pyo Kim,86,66,P0007; P0022; P0023; P0060; P0067; P0068; P0163; P0205; P0245; P0253; P0260; P0291; P0475; P0514; P0625; P0752; P0754; P0829; P0837; P0878; P0920; P0989; P1028; P1069; P1082; P1101; P1126; P1143; P1153; P1156; P1190; P1253; P1529; P1535; P1537; P1553; P1560; P1562; P1568; P1610; P1635; P1645; P1665; P1667; P1674; P1679; P1749; P1768; P1778; P1786; P1809; P1813; P1962; P1982; P2008; P2053; P2088; P2099; P2173; P2436; P2545; P2546; P2577; P2624; P2667; P2681,Asan Medical Center; Chung-Ang University; Chungnam National University; Daegu Gyeongbuk Institute of Science and Technology; Institute for Basic Science; Institute of Natural Sciences; Jeju National University; Jeonbuk National University; Keimyung University; Konkuk University; Kyung Hee University; National Cancer Center; Pohang University of Science and Technology; Purdue University West Lafayette; Pusan National University; Seoul National University; Seoul National University Bundang Hospital; Sungkyunkwan University; University of Ulsan; Yonsei University,BE; KR; US,yes,281,Surface‐Functionalizable Plant‐Derived Extracellular Vesicles for Targeted Drug Delivery Carrier Using Grapefruit,needs_review
A5087247994,Hong Euy Lim,223,20,P0007; P0580; P1385; P1483; P1537; P1773; P1839; P1965; P2009; P2045; P2123; P2134; P2140; P2161; P2167; P2216; P2233; P2289; P2338; P2452,CHA University; CHA University Gangnam Medical Center; Chung-Ang University; Chung-Ang University Gwangmyeong Hospital; Chung-Ang University Hospital; Eulji Medical Center; Gachon University; Gachon University Gil Medical Center; Government of the Republic of China; Hallym University Sacred Heart Hospital; Korea University; Korea University Anam Hospital; Korea University Ansan Hospital; Korea University Guro Hospital; Korea University Medical Center; Kosin University; Kosin University Gospel Hospital; Second Hospital of Tianjin Medical University; Soonchunhyang University; Soonchunhyang University Hospital Cheonan; Tianjin Medical University; Tianjin Nankai Hospital; Utah Valley Regional Medical Center; Wonkwang University; Wonkwang University Sanbon Hospital,CN; KR; TW; US,yes,280,Association between epicardial adipose tissue and embolic stroke after catheter ablation of atrial fibrillation,needs_review
A5087463011,Chang‐Wook Nam,181,34,P0580; P0722; P1022; P1184; P1214; P1416; P1518; P1774; P1944; P1949; P1976; P2065; P2123; P2134; P2167; P2171; P2210; P2216; P2226; P2233; P2270; P2272; P2279; P2289; P2338; P2342; P2366; P2414; P2452; P2457; P2475; P2509; P2513; P2647,Ajou University; Asan Medical Center; Catholic University of Korea; Chung-Ang University; Chung-Ang University Gwangmyeong Hospital; Eulji University Uijeongbu Eulji Medical Center; Hanyang University; Kangbuk Samsung Hospital; Keimyung University; Keimyung University Daegu Dongsan Hospital; Keimyung University Dongsan Hospital; Keimyung University Dongsan Medical Center; Keimyung University Gyeongju Dongsan Hospital; Kyung Hee University; Lodestar Research Corporation (United States); NewYork–Presbyterian Hospital; Samsung Medical Center; Seoul National University Hospital; Sungkyunkwan University; The Catholic University of Korea Uijeongbu St. Mary's Hospital; Ulsan University Hospital; University of Iowa Hospitals and Clinics; University of Ulsan; Weill Cornell Medicine; Wenzhou Medical University; Yeungnam University Medical Center; Zhejiang University,CN; KR; US,yes,280,"AI Evaluation of Stenosis on Coronary CTA, Comparison With Quantitative Coronary Angiography and Fractional Flow Reserve",needs_review
A5100404804,Do Young Kim,163,40,P0092; P0144; P0342; P0355; P0557; P0582; P0596; P0912; P0920; P0923; P0926; P1027; P1323; P1326; P1443; P1526; P1532; P1546; P1559; P1623; P1632; P1637; P1747; P1790; P1857; P1975; P1999; P2004; P2017; P2035; P2095; P2096; P2110; P2113; P2117; P2156; P2254; P2296; P2415; P2687,CHA University Bundang Medical Center; Chonnam National University; Gachon University; Gangnam Severance Hospital; Hallym University; Health Insurance Review and Assessment Service; Korea Basic Science Institute; Korea Research Institute of Bioscience and Biotechnology; Korea University; Korea University Anam Hospital; Korea University Medical Center; Korean Association for the Study of the Liver; Kyung Hee University; National Cancer Center; Pusan National University; Seoul National University; Seoul National University Hospital; Severance Hospital; Soonchunhyang University; Soonchunhyang University Hospital Bucheon; Soonchunhyang University Hospital Cheonan; Yonsei Cancer Hospital; Yonsei University; Yonsei University Health System; Yonsei University Mirae Campus,KR,yes,280,The Korean guideline for hepatocellular carcinoma surveillance,needs_review
A5086134599,Moo Hyun Kim,160,41,P0007; P0030; P0446; P0504; P0511; P0515; P0532; P0535; P0580; P0722; P0920; P1773; P1774; P1865; P1944; P1949; P1955; P2000; P2056; P2081; P2104; P2123; P2167; P2171; P2210; P2226; P2233; P2270; P2272; P2279; P2338; P2366; P2414; P2432; P2450; P2452; P2457; P2474; P2475; P2509; P2513,Asan Medical Center; Chonnam National University; Chonnam National University Hospital; Dong-A University; Dong-A University Hospital; Gyeongsang National University; Gyeongsang National University Changwon Hospital; Gyeongsang National University Hospital; Inha University; Inha University Hospital; Inje University; Korea University Anam Hospital; Korea University Medical Center; Seoul National University; Seoul National University Hospital; Severance Hospital; University of Ulsan; Yonsei University; Yonsei University Health System,KR,yes,280,Long-term Effects of P2Y12 Inhibitor Monotherapy After Percutaneous Coronary Intervention,needs_review
A5030455706,Dae Jung Kim,118,55,P0030; P0075; P0095; P0099; P0201; P0333; P0346; P0511; P0604; P0779; P0991; P1003; P1057; P1080; P1089; P1132; P1143; P1215; P1230; P1362; P1370; P1464; P1475; P1546; P1703; P1736; P1775; P1793; P1794; P1799; P1803; P1825; P1911; P1953; P1955; P1960; P1988; P2039; P2056; P2093; P2095; P2096; P2157; P2183; P2270; P2290; P2313; P2323; P2378; P2440; P2472; P2479; P2507; P2508; P2573,Ajou University; Ajou University Hospital; Boehringer Ingelheim (Germany); Boehringer Ingelheim (United States); Chungbuk National University; Dong-A University; Dong-A University Hospital; Gyeongsang National University; Hallym University; Hanyang University; Hanyang University Seoul Hospital; Inje University Ilsan Paik Hospital; Kangdong Sacred Heart Hospital; Kangwon National University; Korea Research Institute of Bioscience and Biotechnology; Korea University; Korea University Medical Center; Korean Diabetes Association; Kyung Hee University; National Health Insurance Service Ilsan Hospital; National Institute of Fisheries Science; Pusan National University; Pusan National University Hospital; Sejong General Hospital; Seoul National University; Severance Hospital; The University of Tokyo; Yonsei University; Yonsei University Health System,DE; JP; KR; US,yes,280,Normal Serum Aminotransferase Levels and the Metabolic Syndrome: Korean National Health and Nutrition Examination Surveys,needs_review
A5026715008,Sang Kyum Kim,100,61,P0034; P0042; P0050; P0055; P0204; P0245; P0297; P0464; P0506; P0689; P0801; P0965; P0984; P0988; P1116; P1160; P1176; P1183; P1193; P1198; P1215; P1226; P1236; P1257; P1263; P1325; P1335; P1387; P1388; P1389; P1393; P1397; P1401; P1403; P1407; P1421; P1518; P1586; P1726; P1779; P1805; P1811; P1829; P1953; P2058; P2077; P2114; P2136; P2194; P2249; P2259; P2268; P2274; P2295; P2300; P2319; P2402; P2405; P2415; P2491; P2672,Catholic University of Korea; Chosun University; Chungnam National University; Dongguk University; Hoseo University; Korea Advanced Institute of Science and Technology; Korea Institute of Toxicology; Korea Research Institute of Bioscience and Biotechnology; Korea Research Institute of Chemical Technology; Korea University of Science and Technology; Pusan National University; Seoul National University,KR,yes,280,AMP-activated protein kinase (AMPK) activators from Myristica fragrans (nutmeg) and their anti-obesity effect,needs_review
A5100348844,Won Kyum Kim,126,52,P0033; P0064; P0075; P0285; P0399; P0442; P0530; P0580; P0689; P0707; P0988; P1252; P1294; P1323; P1326; P1411; P1438; P1482; P1524; P1532; P1574; P1580; P1747; P1754; P1775; P1890; P1905; P1908; P1913; P1979; P1999; P2004; P2035; P2113; P2117; P2122; P2123; P2130; P2214; P2231; P2268; P2287; P2306; P2344; P2364; P2405; P2414; P2456; P2488; P2505; P2543; P2562,Catholic University of Korea; Dong-A University; Dong-A University Hospital; Hallym University; Inje University; Inje University Ilsan Paik Hospital; Inje University Seoul Paik Hospital; Jeonbuk National University; Korea Advanced Institute of Science and Technology; Korea University Ansan Hospital; Kyungpook National University; Naju National Hospital; Paul Scherrer Institute; SNUH SMG-SNU Boramae Medical Center; Seoul Metropolitan Government; Seoul National University; The Catholic University of Korea St. Vincent's Hospital; University of Manchester; Wellcome Centre for Cell-Matrix Research; Wonju Severance Christian Hospital; Yonsei University,CH; GB; KR,yes,279,Scoring system for risk stratification of viral reactivation during prophylactic antiviral treatment in Korean patients with hepatitis B undergoing anticancer chemotherapy: A multicenter study,needs_review
A5100341479,Jong Min Lee,120,54,P0006; P0016; P0027; P0219; P0325; P0329; P0516; P1154; P1162; P1251; P1448; P1517; P1520; P1534; P1572; P1654; P1736; P1748; P1754; P1760; P1775; P1945; P1957; P1963; P1997; P2005; P2008; P2010; P2011; P2017; P2018; P2048; P2049; P2050; P2068; P2117; P2127; P2129; P2182; P2216; P2241; P2272; P2274; P2287; P2293; P2331; P2354; P2358; P2388; P2491; P2543; P2572; P2672; P2677,Asan Medical Center; Boston Children's Hospital; Burke Medical Research Institute; Catholic University of Korea; Chung-Ang University; Chungnam National University; Chungnam National University Hospital; Cornell University; Dongguk University; Ewha Womans University; Ewha Womans University Mokdong Hospital; Gachon University Gil Medical Center; Gachon University Medical Center Dong Incheon Gil Hospital; Gangnam Severance Hospital; Hallym University; Hallym University Chuncheon Sacred Heart Hospital; Hanyang University; Harvard University; Inha University; Inha University Hospital; Inje University; Inje University Haeundae Paik Hospital; Inje University Ilsan Paik Hospital; Korea Research Institute of Bioscience and Biotechnology; Korea University; Kyung Hee University; Kyungpook National University; McGill University; Montreal Neurological Institute and Hospital; National Hospital for Neurology and Neurosurgery; North Florida/South Georgia Veterans Health System; Osong Medical Innovation Foundation; Pohang SeMyeong Christianity Hospital; Pukyong National University; Pusan National University; Pusan National University Hospital; Samsung (South Korea); Samsung Biomedical Research Institute; Samsung Medical Center; Seoul National University; Sungkyunkwan University; The Catholic University of Korea Eunpyeong St. Mary's Hospital; The Catholic University of Korea Seoul St. Mary's Hospital; The Catholic University of Korea Uijeongbu St. Mary's Hospital; UCL Queen Square Institute of Neurology; University College London; University of Florida; University of Florida Health; University of Ulsan; Yonsei University; Yonsei University Health System,CA; GB; JP; KR; US,yes,279,Anatomical heterogeneity of Alzheimer disease,needs_review
A5100697610,In‐Kyu Lee,117,55,P0028; P0030; P0042; P0083; P0086; P0138; P0201; P0265; P0286; P0317; P0361; P0492; P0511; P0669; P0753; P0786; P0837; P0958; P1118; P1149; P1215; P1226; P1252; P1273; P1282; P1295; P1310; P1318; P1328; P1342; P1412; P1420; P1421; P1423; P1535; P1843; P1974; P1979; P1982; P2059; P2099; P2101; P2121; P2203; P2213; P2220; P2226; P2350; P2455; P2466; P2533; P2573; P2577; P2583; P2666,Chonnam National University; Chonnam National University Hospital; Chungnam National University; Daegu Catholic University; Dankook University; Gachon University; Gunma University; Gwangju Institute of Science and Technology; Inha University; Inje University; Keimyung University; Keimyung University Dongsan Hospital; Keimyung University Dongsan Medical Center; Korea Research Institute of Standards and Science; Korea University; Kyung Hee University; Kyungpook National University; Kyungpook National University Hospital; Kyungpook National University Medical Center; Pohang University of Science and Technology; Saitama Medical University; Seoul National University; The University of Osaka; The University of Texas Southwestern Medical Center; United Arab Emirates University; University of Southern California; University of Ulsan,AE; JP; KR; US,yes,279,Noncanonical PDK4 action alters mitochondrial dynamics to affect the cellular respiratory status,needs_review
A5003237492,Se‐Young Choi,114,56,P0096; P0226; P0253; P0277; P0422; P0521; P0751; P0786; P0791; P0843; P0847; P0890; P0925; P1002; P1014; P1015; P1033; P1127; P1144; P1253; P1255; P1264; P1269; P1284; P1292; P1293; P1297; P1298; P1300; P1301; P1394; P1423; P1424; P1489; P1516; P1802; P1821; P1858; P1876; P1888; P1930; P2030; P2248; P2348; P2444; P2529; P2533; P2546; P2570; P2582; P2595; P2629; P2633; P2639; P2662; P2669,Daegu Gyeongbuk Institute of Science and Technology; Dankook University; Institute for Basic Science; Johns Hopkins University; Konkuk University; Korea Advanced Institute of Science and Technology; Korea Institute of Science and Technology; Korea University; Korean Association Of Science and Technology Studies; Kyung Hee University; Kyungpook National University; Pohang University of Science and Technology; Seoul National University; Seoul National University Dental Hospital; Yonsei University,KR; US,yes,279,Neural stem cells derived from human midbrain organoids as a stable source for treating Parkinson’s disease,needs_review
A5061203886,Woong Sun,78,68,P0028; P0056; P0076; P0159; P0198; P0203; P0477; P0505; P0536; P0754; P0766; P0791; P0822; P0843; P0855; P0925; P0945; P1002; P1014; P1015; P1033; P1035; P1119; P1141; P1175; P1253; P1257; P1259; P1260; P1261; P1264; P1265; P1282; P1284; P1295; P1296; P1297; P1300; P1301; P1305; P1323; P1356; P1424; P1447; P1478; P1523; P1548; P1597; P1826; P1834; P1914; P1967; P2024; P2107; P2128; P2195; P2275; P2400; P2437; P2450; P2561; P2581; P2595; P2622; P2646; P2647; P2651; P2662,Institute for Basic Science; Korea University; Korea University Medical Center; Seoul National University,JP; KR,yes,279,Autophagic death of neural stem cells mediates chronic stress-induced decline of adult hippocampal neurogenesis and cognitive deficits,needs_review
A5068131006,Sung‐Il Sohn,188,31,P0052; P0099; P0297; P0326; P0379; P0416; P0532; P0535; P1412; P1530; P1746; P1989; P2005; P2018; P2019; P2027; P2031; P2032; P2078; P2084; P2138; P2140; P2238; P2302; P2329; P2471; P2474; P2490; P2512; P2518; P2522,"Asan Medical Center; Chonnam National University; Chonnam National University Hospital; Chungbuk National University; Chungbuk National University Hospital; Daejeon Eulji Medical Center, Eulji University; Dong-A University Hospital; Dongguk University; Dongguk University Ilsan Hospital; Eulji Medical Center; Eulji University; Eulji University Nowon Eulji Medical Center; Hallym University; Hallym University Chuncheon Sacred Heart Hospital; Hallym University Sacred Heart Hospital; Inje University Busan Paik Hospital; Inje University Ilsan Paik Hospital; Keimyung University; Keimyung University Daegu Dongsan Hospital; Keimyung University Dongsan Hospital; Keimyung University Dongsan Medical Center; Korea University Ansan Hospital; Kyung Hee University; Kyungpook National University; Kyungpook National University Hospital; Seoul Medical Center; Seoul National University Bundang Hospital; Seoul National University Hospital; The Catholic University of Korea Seoul St. Mary's Hospital; Ulsan University Hospital; University of Ulsan; Yeungnam University; Yeungnam University Medical Center",KR,yes,278,Serum NOTCH3Extracellular Domain in Patients With CADASIL,needs_review
A5009312981,Myung‐Geun Shin,152,43,P0006; P0013; P0014; P0016; P0020; P0030; P0137; P0220; P0355; P0449; P0527; P0594; P1094; P1113; P1153; P1170; P1524; P1527; P1548; P1578; P1763; P1771; P1798; P1880; P2122; P2132; P2133; P2154; P2271; P2274; P2276; P2291; P2318; P2338; P2342; P2350; P2471; P2518; P2564; P2571; P2573; P2575; P2594,Asan Medical Center; Chonnam National University; Chonnam National University Hospital; Chonnam National University Hwasun Hospital; Chung-Ang University; Dankook University; Gyeongsang National University; Korea Association of Health Promotion; Korea University; Korea University Medical Center; National Cancer Center; National Health Laboratory; Samsung Medical Center; Sungkyunkwan University; Wonkwang University Hospital,KR; MM,yes,278,Changes in Mitochondria-Related Gene Expression upon Acupuncture at LR3 in the D-Galactosamine-Induced Liver Damage Rat Model,needs_review
A5003089475,Yoon‐La Choi,146,45,P0028; P0031; P0040; P0075; P0079; P0097; P0100; P0134; P0250; P0275; P0484; P0588; P0711; P0972; P1135; P1137; P1185; P1323; P1522; P1534; P1545; P1551; P1562; P1570; P1572; P1635; P1657; P1681; P1772; P1778; P1795; P1796; P1889; P1938; P2002; P2008; P2021; P2115; P2265; P2425; P2487; P2538; P2544; P2654; P2669,Chungbuk National University; Chungbuk National University Hospital; National Institutes of Health; Samsung Biomedical Research Institute; Samsung Medical Center; Seoul National University; Sungkyunkwan University,KR; US,yes,278,High MET copy number and MET overexpression: poor outcome in non-small cell lung cancer patients.,needs_review
A5009082444,Hee Jin Cheong,181,33,P0075; P0347; P0415; P0444; P1135; P1322; P1527; P1538; P1559; P1578; P1583; P1586; P1593; P1597; P1599; P1604; P1608; P1613; P1620; P1627; P1746; P1751; P1755; P1772; P1790; P2024; P2038; P2082; P2121; P2199; P2212; P2217; P2252,Chungbuk National University; Chungbuk National University Hospital; Ewha Womans University; Hallym University; Inha University; Konkuk University; Konkuk University Medical Center; Korea University; Korea University Guro Hospital; Korea University Medical Center,JP; KR,yes,277,Effects of influenza immunization on pneumonia in the elderly,needs_review
A5061084622,Soo‐Jeong Cho,169,37,P0428; P0597; P1157; P1323; P1493; P1517; P1518; P1521; P1523; P1524; P1525; P1526; P1527; P1528; P1536; P1544; P1545; P1546; P1551; P1558; P1561; P1563; P1571; P1961; P1964; P2009; P2045; P2102; P2159; P2160; P2182; P2183; P2224; P2284; P2416; P2449; P2542,Chosun University; Gyeongnam National University of Science and Technology; Gyeongsang National University; Memorial Sloan Kettering Cancer Center; National Cancer Center; National Cancer Center Hospital; Seoul National University; Seoul National University Bundang Hospital; Seoul National University Hospital; Sungkyunkwan University,KR; US,yes,277,Association of the interval between endoscopies with gastric cancer stage at diagnosis in a region of high prevalence,needs_review
A5087561050,Sang Hyun Sung,166,38,P0034; P0042; P0050; P0055; P0056; P0102; P0211; P0277; P0337; P0367; P0665; P0691; P0696; P0713; P0801; P0804; P0961; P0962; P0999; P1330; P1386; P1503; P1579; P1706; P1776; P1817; P1840; P1889; P1893; P1896; P1910; P1940; P1942; P2108; P2262; P2268; P2277; P2466,Sejong University; Seoul National University,KR,yes,277,"Jubanines F–J, cyclopeptide alkaloids from the roots of Ziziphus jujuba",needs_review
A5040032962,Keun‐Hwa Jung,121,53,P0068; P0114; P0205; P0297; P0306; P0337; P0379; P0416; P0439; P0454; P0532; P0534; P0535; P0635; P0722; P0738; P0890; P1069; P1119; P1137; P1253; P1294; P1309; P1412; P1539; P1555; P1957; P1963; P1989; P2005; P2019; P2027; P2031; P2032; P2059; P2084; P2140; P2210; P2270; P2302; P2310; P2329; P2331; P2422; P2471; P2474; P2490; P2518; P2522; P2524; P2543; P2618; P2630,Biomedical Research Institute; Hallym University Sacred Heart Hospital; Inje University; Inje University Ilsan Paik Hospital; Konkuk University; Korea Center for Disease Control and Prevention; Korea Disease Control and Prevention Agency; Korea University Guro Hospital; Kyung Hee University Hospital at Gangdong; Kyungpook National University; National Center for Mental Health; Pusan National University; Seoul National University; Seoul National University Bundang Hospital; Seoul National University Hospital; Seoul National University Hospital Biomedical Research Institute; Soonchunhyang University; Soonchunhyang University Hospital Seoul,KR; PH; US,yes,277,"Dynamics of obesity paradox after stroke, related to time from onset, age, and causes of death",needs_review
A5102005392,Cheol Park,204,25,P0527; P0842; P0968; P1154; P1214; P1323; P1809; P2000; P2101; P2108; P2114; P2165; P2188; P2203; P2220; P2239; P2285; P2410; P2433; P2466; P2468; P2469; P2470; P2492; P2529,Dong-Eui University; Jeju National University; Korea University Guro Hospital; Pusan National University,KR,yes,276,Protective Effect of Glutathione against Oxidative Stress-induced Cytotoxicity in RAW 264.7 Macrophages through Activating the Nuclear Factor Erythroid 2-Related Factor-2/Heme Oxygenase-1 Pathway,needs_review
A5055847732,Seung Hwan Han,189,30,P0030; P0580; P0722; P1773; P1774; P1944; P1949; P1952; P1953; P1955; P1968; P1970; P1976; P1983; P2035; P2056; P2123; P2134; P2167; P2171; P2210; P2233; P2270; P2272; P2338; P2342; P2450; P2452; P2457; P2513,Gachon University; Gachon University Gil Medical Center; Gachon University Medical Center; Gachon University Medical Center Dong Incheon Gil Hospital; Hokkaido University; Korea University; Korea University Guro Hospital; National Center for Complementary and Integrative Health; National Institutes of Health; Samsung Medical Center; Sungkyunkwan University,JP; KR; US,yes,276,"Comparison of Fixed-dose Combinations of Amlodipine/Losartan Potassium/Chlorthalidone and Amlodipine/Losartan Potassium in Patients With Stage 2 Hypertension Inadequately Controlled With Amlodipine/Losartan Potassium: A Randomized, Double-blind, Multicenter, Phase III Study",needs_review
A5024891671,Dae Seog Heo,171,36,P0007; P0057; P0064; P0067; P0079; P0115; P0200; P0209; P0326; P0350; P0707; P1000; P1156; P1209; P1325; P1342; P1517; P1522; P1526; P1531; P1545; P1546; P1567; P1568; P1637; P1731; P1894; P1952; P2002; P2070; P2174; P2176; P2218; P2423; P2425; P2497,Ajou University Hospital; Asan Medical Center; Chung-Ang University; Gangneung Asan Hospital; Gyeongsang National University; Hanyang University; Kangdong Sacred Heart Hospital; Keimyung University; Keimyung University Dongsan Medical Center; Korea Advanced Institute of Science and Technology; Korea Institute of Science & Technology Information; Korea University Guro Hospital; Korea University Medical Center; Kyung Hee University; National Cancer Center; SNUH SMG-SNU Boramae Medical Center; Samsung Medical Center; Seoul National University; Seoul National University Bundang Hospital; Seoul National University Hospital; Sungkyunkwan University; The Catholic University of Korea Seoul St. Mary's Hospital; University of Ulsan; Yonsei University; Yonsei University Health System,KR,yes,276,Clonal History and Genetic Predictors of Transformation Into Small-Cell Carcinomas From Lung Adenocarcinomas,needs_review
A5011980528,Min Hee Hong,168,37,P0007; P0028; P0068; P0179; P0253; P0722; P0740; P0774; P0878; P0914; P0945; P1178; P1299; P1519; P1527; P1545; P1562; P1624; P1732; P1759; P1811; P1845; P1874; P2029; P2071; P2074; P2128; P2136; P2169; P2176; P2425; P2475; P2538; P2566; P2615; P2631; P2660,Dana-Farber Cancer Institute; First Affiliated Hospital of Kunming Medical University; Kunming Medical University; Severance Hospital; Yongin Severance Hospital; Yonsei Cancer Hospital; Yonsei University; Yonsei University Health System,CN; KR; US,yes,276,Genome-wide identification of differentially methylated promoters and enhancers associated with response to anti-PD-1 therapy in non-small cell lung cancer,needs_review
A5075925881,Jeong‐Sik Byeon,147,44,P0022; P0205; P0384; P0445; P0522; P0524; P0562; P0597; P0619; P0620; P0722; P1022; P1274; P1282; P1527; P1534; P1536; P1541; P1547; P1587; P1747; P1778; P1807; P1843; P1961; P1964; P1986; P2023; P2040; P2051; P2079; P2131; P2159; P2169; P2170; P2213; P2296; P2330; P2411; P2466; P2489; P2546; P2556; P2580,Asan Medical Center; Casa Sollievo della Sofferenza; Chosun University Hospital; Ewha Womans University; Hanyang University; Kangbuk Samsung Hospital; Konkuk University; Konyang University; Konyang University Hospital; Samsung Medical Center; Soonchunhyang University; Sungkyunkwan University; University of Ulsan; Yeungnam University; Yonsei University; Yonsei University Health System,IT; KR,yes,276,Multi-Spectral Fluorescence Imaging of Colon Dysplasia In Vivo Using a Multi-Spectral Endoscopy System,needs_review
A5100700083,Joo Young Lee,117,54,P0142; P0209; P0238; P0404; P0560; P0562; P0576; P0669; P0689; P0691; P0987; P1000; P1132; P1154; P1155; P1171; P1175; P1257; P1324; P1331; P1334; P1345; P1445; P1453; P1459; P1470; P1502; P1516; P1550; P1630; P1776; P1783; P1850; P1854; P1874; P1941; P1992; P2031; P2036; P2047; P2055; P2101; P2138; P2148; P2271; P2318; P2391; P2392; P2394; P2416; P2581; P2595; P2636; P2669,Anyang University; Catholic University of Korea; Chosun University; Chosun University Hospital; Chungnam National University; Daegu Haany University; Ewha Womans University; Gwangju Institute of Science and Technology; Hallym University; Kangdong Sacred Heart Hospital; Korea Food Research Institute; Korea Institute of Oriental Medicine; Korea Institute of Science and Technology; Kyungpook National University; National Medical Center; Pusan National University; Pusan National University Children's Hospital; Seoul National University; Sungkyunkwan University; Woosuk University,CN; KR,yes,276,Fargesin Inhibits EGF-Induced Cell Transformation and Colon Cancer Cell Growth by Suppression of CDK2/Cyclin E Signaling Pathway,needs_review
A5100431002,Soo Hyun Kim,93,62,P0006; P0007; P0021; P0036; P0053; P0058; P0075; P0095; P0192; P0317; P0355; P0444; P0471; P0514; P0616; P0691; P0740; P0755; P0808; P0821; P0829; P0923; P0968; P1002; P1010; P1030; P1094; P1135; P1146; P1150; P1155; P1166; P1176; P1257; P1383; P1424; P1435; P1533; P1536; P1572; P1748; P1749; P1773; P1774; P1793; P1829; P1877; P1894; P2046; P2064; P2118; P2161; P2223; P2307; P2315; P2436; P2468; P2470; P2525; P2531; P2564; P2640,Ajou University; Badan Strategi Kebijakan Hukum; Biomedical Research Institute; Catholic University of Korea; Chonnam National University; Chonnam National University Hwasun Hospital; Chosun University; Dong-A University; Dong-A University Hospital; Eulji University; Ewha Womans University; Ewha Womans University Medical Center; Hanyang University; Incheon National University; Inha University; Inha University Hospital; Inje University Sanggye Paik Hospital; Jeju National University; KIST Europe; Kangwon National University; Keimyung University; Konkuk University; Konkuk University Chungju Hospital; Korea Advanced Institute of Science and Technology; Korea Institute of Science & Technology Information; Korea Institute of Science and Technology; Korea Research Institute of Bioscience and Biotechnology; Korea University; Korea University Guro Hospital; Korea University of Science and Technology; Korean Association Of Science and Technology Studies; Kyung Hee University; National Cancer Center; National Development Institute of Korean Medicine; National Health Insurance Service Ilsan Hospital; Samsung Medical Center; Seoul National University; Seoul National University Bundang Hospital; Severance Hospital; Ulsan National Institute of Science and Technology; University of Colorado Health; Yonsei University; Yonsei University Health System,DE; ID; KR; US,yes,276,Combinatorial Inhibition of Cell Surface Receptors Using Dual Aptamer-Functionalized Nanoconstructs for Cancer Treatment,needs_review
A5100643175,Yong‐Jin Cho,212,22,P0380; P0532; P0535; P0703; P1284; P1412; P1471; P1746; P1912; P2005; P2019; P2027; P2031; P2032; P2050; P2271; P2302; P2471; P2474; P2490; P2518; P2522,"Asan Medical Center; Catholic University of Korea; Chinese University of Hong Kong; Chonnam National University; Chonnam National University Hospital; Chungbuk National University; Chungbuk National University Hospital; Daejeon Eulji Medical Center, Eulji University; Dong-A University Hospital; Dongguk University; Dongguk University Ilsan Hospital; Eulji Medical Center; Eulji University; Eulji University Nowon Eulji Medical Center; Eulji University Uijeongbu Eulji Medical Center; Hallym University; Hallym University Dongtan Sacred Heart Hospital; Hallym University Sacred Heart Hospital; Inje University; Inje University Busan Paik Hospital; Inje University Ilsan Paik Hospital; Kangdong Sacred Heart Hospital; Keimyung University; Keimyung University Dongsan Medical Center; Korea Food Research Institute; Korea University Ansan Hospital; Kyung Hee University; Kyungpook National University; Kyungpook National University Hospital; Samsung Medical Center; Seoul Medical Center; Seoul National University; Seoul National University Bundang Hospital; Seoul National University Hospital; Soonchunhyang University Hospital Seoul; St. Michael's Hospital; Sungkyunkwan University; The Catholic University of Korea Seoul St. Mary's Hospital; The University of Texas MD Anderson Cancer Center; Ulsan University Hospital; University of California, Los Angeles; University of Southern California; University of Toronto; University of Ulsan; University of Wisconsin–Madison; Yeungnam University; Yeungnam University Medical Center",CA; HK; KR; US,yes,275,"Case Characteristics, Hyperacute Treatment, and Outcome Information from the Clinical Research Center for Stroke-Fifth Division Registry in South Korea",needs_review
A5100652259,Dong‐Eun Kim,98,60,P0050; P0060; P0090; P0209; P0211; P0257; P0272; P0284; P0296; P0333; P0464; P0466; P0489; P0492; P0673; P0704; P0807; P0915; P0991; P1000; P1027; P1028; P1038; P1060; P1062; P1131; P1135; P1143; P1155; P1157; P1164; P1166; P1218; P1219; P1222; P1242; P1249; P1370; P1417; P1426; P1435; P1581; P1608; P1610; P1649; P1674; P1754; P1804; P1947; P1994; P2150; P2168; P2211; P2273; P2410; P2468; P2470; P2471; P2490; P2576,Asan Medical Center; Chonnam National University; Chonnam National University Hospital; Chungbuk National University; Dong-Eui University; Inje University; Jaseng Hospital of Korean Medicine; Kangwon National University; Keimyung University; Konkuk University; Kookmin University; Korea National Institute of Health; Korea Research Institute of Bioscience and Biotechnology; Korea Research Institute of Chemical Technology; Korea University; Shinhan University; Sungkyunkwan University; University of Kentucky; University of Pittsburgh; University of Ulsan,KR; US,yes,275,Advances in covalent organic frameworks for cancer phototherapy,needs_review
A5026903916,Dong‐Seok Lee,95,61,P0014; P0034; P0114; P0149; P0346; P0404; P0562; P0606; P0622; P0670; P0673; P0968; P1043; P1110; P1160; P1169; P1172; P1180; P1184; P1186; P1198; P1200; P1203; P1205; P1206; P1209; P1211; P1235; P1252; P1254; P1271; P1283; P1318; P1360; P1387; P1419; P1423; P1518; P1758; P1824; P1829; P1919; P2033; P2046; P2059; P2067; P2202; P2213; P2358; P2390; P2412; P2417; P2435; P2436; P2455; P2470; P2478; P2517; P2541; P2576; P2654,Asan Medical Center; CHA University; Catholic University of Korea; Dongguk University; Dongguk University Gyeongju Hospital; Inha University; Inje University; Kangwon National University; Korea Research Institute of Bioscience and Biotechnology; Korea University; Korea University of Science and Technology; Kyungpook National University; Seoul National University; Sookmyung Women's University; The Catholic University of Korea Seoul St. Mary's Hospital; University of Ulsan,KR,yes,275,Overexpression of Cathepsin S Induces Chronic Atopic Dermatitis in Mice,needs_review
A5036888293,Joon Ho Moon,187,30,P0007; P0013; P0014; P0020; P0108; P0355; P0449; P0670; P0999; P1027; P1094; P1098; P1210; P1323; P1526; P1549; P1575; P1634; P1637; P1707; P1843; P1964; P2110; P2125; P2176; P2186; P2218; P2425; P2536; P2571,Chonnam National University; Chonnam National University Hospital; Chonnam National University Hwasun Hospital; Daegu Catholic University; Daegu Catholic University Medical Center; Dong-A University; Dong-A University Hospital; Ewha Womans University; Inje University; Inje University Busan Paik Hospital; Kangbuk Samsung Hospital; Kyungpook National University; Kyungpook National University Hospital; Kyungpook National University Medical Center; National Cancer Center; Pusan National University Hospital; Samsung Medical Center; Soonchunhyang University; Soonchunhyang University Hospital Bucheon; Soonchunhyang University Hospital Seoul; Sungkyunkwan University; Ulsan University Hospital; Yonsei University; Yonsei University Health System,KR,yes,274,Front & Back Matter,needs_review
A5006539124,Ji Hoe Heo,166,37,P0099; P0319; P0326; P0379; P0380; P0416; P0434; P0439; P0447; P0532; P0535; P0722; P0919; P0920; P1284; P1412; P1746; P1851; P1944; P1949; P2005; P2018; P2019; P2020; P2027; P2031; P2050; P2064; P2078; P2140; P2302; P2329; P2474; P2518; P2522; P2592; P2617,Ajou University; CHA University; CHA University Bundang Medical Center; CHA University Bundang Women's Medical Center; Chosun University; Ewha Womans University; Ewha Womans University Seoul Hospital; Gangnam Severance Hospital; Harvard University; Hospital de Sant Pau; Inha University; Inha University Hospital; Inje University; Inje University Sanggye Paik Hospital; Institut de Recerca Sant Pau; Keimyung University; Keimyung University Dongsan Medical Center; Korea University; Kyung Hee University Medical Center; Massachusetts General Hospital; Monash Health; Monash University; Samsung Medical Center; Severance Hospital; Sungkyunkwan University; UCL Queen Square Institute of Neurology; Union Hospital; University College London; Yonsei University; Yonsei University Health System,AU; CN; ES; GB; KR; US,yes,274,Stroke Statistics in Korea: Part I. Epidemiology and Risk Factors: A Report from the Korean Stroke Society and Clinical Research Center for Stroke,needs_review
