openalex_id,display_name,current_affiliation,shared_paper_count,seed_connection_count,connected_seed_professor_ids,web_title,web_url,auto_confidence,auto_reason,triage_tier
A5100335103,Young Ho Kim,Chungnam National University,258,122,P0028; P0038; P0040; P0042; P0050; P0055; P0090; P0114; P0145; P0205; P0214; P0278; P0306; P0312; P0346; P0349; P0358; P0371; P0384; P0445; P0447; P0471; P0484; P0597; P0625; P0682; P0684; P0702; P0703; P0707; P0740; P0801; P0804; P0824; P0835; P0907; P0930; P0962; P1000; P1001; P1035; P1038; P1062; P1082; P1089; P1095; P1112; P1115; P1116; P1117; P1124; P1134; P1137; P1144; P1159; P1163; P1167; P1172; P1175; P1178; P1179; P1191; P1199; P1200; P1201; P1217; P1219; P1229; P1231; P1233; P1236; P1239; P1240; P1242; P1248; P1251; P1252; P1255; P1278; P1280; P1298; P1335; P1355; P1359; P1366; P1389; P1413; P1418; P1422; P1427; P1435; P1467; P1472; P1478; P1490; P1534; P1551; P1557; P1586; P1594; P1596; P1611; P1614; P1615; P1620; P1630; P1638; P1641; P1647; P1656; P1665; P1666; P1669; P1670; P1677; P1682; P1701; P1704; P1719; P1748; P1772; P1781,,,0.82,"strong network signal, but no explicit professor title evidence",A_review_first
A5100429324,Sung‐Hoon Kim,Yonsei University; Kyung Hee University; Gangnam Severance Hospital; Kyung Hee University Korean Medicine Hospital,354,110,P0020; P0028; P0031; P0040; P0057; P0083; P0090; P0093; P0098; P0100; P0102; P0107; P0201; P0203; P0211; P0216; P0236; P0252; P0253; P0254; P0255; P0284; P0285; P0291; P0337; P0364; P0481; P0486; P0540; P0589; P0698; P0707; P0751; P0830; P0907; P0991; P0996; P0999; P1000; P1114; P1115; P1117; P1132; P1134; P1144; P1158; P1161; P1162; P1169; P1174; P1176; P1185; P1188; P1196; P1200; P1216; P1238; P1240; P1245; P1260; P1296; P1302; P1304; P1305; P1316; P1319; P1325; P1329; P1340; P1354; P1358; P1372; P1376; P1385; P1412; P1414; P1434; P1436; P1439; P1475; P1486; P1491; P1512; P1536; P1558; P1569; P1572; P1575; P1583; P1588; P1593; P1602; P1614; P1650; P1659; P1661; P1669; P1676; P1682; P1704; P1713; P1715; P1720; P1728; P1743; P1745; P1748; P1773; P1780; P1784,,,0.82,"strong network signal, but no explicit professor title evidence",A_review_first
A5100371180,Hyun Wook Kim,Harvard University; Korea University; Korea University Medical Center; Gwangju Institute of Science and Technology; Jaseng Medical Foundation,141,82,P0006; P0028; P0030; P0042; P0076; P0090; P0114; P0123; P0159; P0254; P0288; P0411; P0429; P0493; P0602; P0612; P0619; P0724; P0748; P0751; P0764; P0766; P0791; P0802; P0824; P0843; P0890; P0935; P1002; P1003; P1011; P1014; P1015; P1030; P1033; P1117; P1137; P1151; P1153; P1172; P1178; P1182; P1186; P1188; P1200; P1204; P1284; P1293; P1296; P1299; P1302; P1303; P1309; P1313; P1314; P1318; P1328; P1330; P1336; P1354; P1355; P1364; P1365; P1367; P1375; P1386; P1390; P1392; P1398; P1441; P1485; P1506; P1533; P1535; P1553; P1557; P1560; P1643; P1683; P1773; P1778; P1779,,,0.82,"strong network signal, but no explicit professor title evidence",A_review_first
A5100614827,Jin‐Man Kim,Konyang University; Yonsei University; Chungnam National University; Severance Hospital; Asan Medical Center; Kyungpook National University; Konyang University Hospital; Chungnam National University Hospital,170,78,P0028; P0034; P0040; P0060; P0083; P0088; P0104; P0205; P0251; P0265; P0281; P0334; P0493; P0536; P0550; P0574; P0622; P0631; P0670; P0673; P0696; P0700; P0751; P0753; P0786; P0802; P0968; P1000; P1003; P1014; P1090; P1104; P1116; P1147; P1151; P1176; P1181; P1187; P1188; P1196; P1199; P1200; P1204; P1210; P1216; P1217; P1220; P1221; P1224; P1227; P1245; P1262; P1282; P1296; P1311; P1322; P1337; P1366; P1386; P1388; P1427; P1467; P1534; P1547; P1549; P1553; P1566; P1571; P1573; P1577; P1583; P1594; P1601; P1623; P1661; P1688; P1722; P1762,,,0.82,"strong network signal, but no explicit professor title evidence",A_review_first
A5027374744,Daehee Hwang,Seoul National University; Yonsei University; Yonsei University Health System,136,76,P0023; P0057; P0067; P0075; P0076; P0078; P0100; P0156; P0157; P0194; P0250; P0337; P0477; P0536; P0560; P0625; P0711; P0751; P0752; P0753; P0766; P0776; P0778; P0786; P0796; P0801; P0822; P0837; P0885; P0905; P0907; P0914; P0927; P0986; P1002; P1027; P1069; P1075; P1114; P1117; P1129; P1137; P1144; P1150; P1151; P1176; P1188; P1204; P1217; P1235; P1245; P1251; P1287; P1293; P1296; P1328; P1340; P1355; P1372; P1386; P1395; P1402; P1425; P1459; P1472; P1479; P1486; P1522; P1536; P1555; P1560; P1583; P1699; P1726; P1735; P1773,,,0.82,"strong network signal, but no explicit professor title evidence",A_review_first
A5057807816,Je Kyung Seong,Seoul National University; Research Institute for Veterinary Science,191,73,P0011; P0028; P0032; P0033; P0034; P0036; P0040; P0091; P0141; P0157; P0257; P0267; P0277; P0279; P0291; P0337; P0404; P0414; P0451; P0496; P0498; P0695; P0696; P0707; P0709; P0711; P0753; P0755; P0766; P0767; P0785; P0837; P0843; P0856; P0868; P0905; P0914; P0923; P0927; P0985; P1027; P1069; P1144; P1178; P1188; P1197; P1217; P1251; P1300; P1307; P1315; P1320; P1340; P1361; P1372; P1466; P1468; P1485; P1501; P1506; P1533; P1535; P1536; P1575; P1584; P1590; P1612; P1661; P1713; P1735; P1736; P1775; P1789,,,0.82,"strong network signal, but no explicit professor title evidence",A_review_first
A5100359560,Hyun‐Jin Kim,Gyeongsang National University; Chungnam National University; Samsung Medical Center; Chungnam National University Sejong Hospital; Sungkyunkwan University,137,70,P0007; P0036; P0188; P0231; P0252; P0384; P0482; P0506; P0511; P0689; P0767; P0786; P0788; P0932; P0991; P1008; P1075; P1077; P1097; P1102; P1142; P1146; P1151; P1158; P1175; P1186; P1203; P1207; P1216; P1226; P1292; P1299; P1300; P1311; P1316; P1323; P1348; P1355; P1455; P1483; P1487; P1496; P1533; P1548; P1556; P1568; P1589; P1598; P1599; P1606; P1607; P1608; P1612; P1618; P1621; P1623; P1625; P1626; P1634; P1635; P1636; P1638; P1641; P1642; P1644; P1647; P1651; P1659; P1715; P1742,,,0.82,"strong network signal, but no explicit professor title evidence",A_review_first
A5100419677,Eun Young Lee,Chungbuk National University; Soonchunhyang University; Soonchunhyang University Hospital Cheonan; Chungbuk National University Hospital; Dankook University,80,65,P0030; P0058; P0093; P0098; P0115; P0135; P0137; P0241; P0317; P0326; P0444; P0453; P0471; P0488; P0493; P0536; P0604; P0703; P0928; P0984; P1114; P1115; P1118; P1121; P1126; P1136; P1144; P1158; P1172; P1175; P1176; P1178; P1188; P1204; P1212; P1224; P1227; P1241; P1255; P1259; P1282; P1284; P1285; P1305; P1312; P1315; P1422; P1423; P1472; P1489; P1492; P1494; P1522; P1525; P1553; P1592; P1595; P1597; P1614; P1635; P1670; P1688; P1701; P1713; P1742,,,0.82,"strong network signal, but no explicit professor title evidence",A_review_first
A5022857079,Eun‐Kyung Kim,Yonsei University; Yongin Severance Hospital,119,62,P0056; P0098; P0141; P0182; P0263; P0291; P0364; P0401; P0409; P0464; P0493; P0523; P0591; P0680; P0744; P0774; P0777; P0914; P0925; P0999; P1112; P1113; P1125; P1127; P1132; P1155; P1161; P1174; P1180; P1185; P1187; P1195; P1215; P1216; P1238; P1250; P1254; P1262; P1271; P1281; P1315; P1321; P1323; P1329; P1340; P1359; P1427; P1463; P1482; P1497; P1521; P1530; P1593; P1659; P1661; P1670; P1676; P1684; P1706; P1713; P1714; P1748,,,0.82,"strong network signal, but no explicit professor title evidence",A_review_first
A5100399223,Seung‐Hoon Lee,"Seoul National University; Hallym University; Asan Medical Center; Seoul National University Hospital; University of Ulsan; STCube (United States); Daejeon Eulji Medical Center, Eulji University; Hallym University Chuncheon Sacred Heart Hospital",111,60,P0022; P0028; P0050; P0067; P0079; P0114; P0205; P0307; P0337; P0379; P0416; P0486; P0532; P0535; P0665; P0729; P0746; P0766; P0989; P1008; P1120; P1123; P1127; P1142; P1158; P1160; P1176; P1177; P1181; P1188; P1200; P1205; P1216; P1236; P1241; P1250; P1300; P1307; P1309; P1315; P1328; P1341; P1363; P1416; P1417; P1444; P1539; P1555; P1592; P1615; P1666; P1670; P1677; P1682; P1686; P1692; P1705; P1738; P1741; P1777,,,0.82,"strong network signal, but no explicit professor title evidence",A_review_first
A5100438953,Hyun Soo Kim,Kyung Hee University; Korea University Ansan Hospital,90,58,P0028; P0030; P0057; P0075; P0079; P0123; P0246; P0249; P0250; P0275; P0306; P0326; P0337; P0384; P0403; P0484; P0498; P0518; P0531; P0550; P0597; P0868; P1054; P1102; P1112; P1115; P1116; P1117; P1125; P1132; P1133; P1136; P1172; P1176; P1206; P1226; P1263; P1294; P1312; P1363; P1386; P1394; P1413; P1414; P1475; P1507; P1557; P1568; P1624; P1656; P1657; P1659; P1665; P1676; P1682; P1692; P1705; P1723,,,0.82,"strong network signal, but no explicit professor title evidence",A_review_first
A5100370205,Dong Hun Lee,Seoul National University; Samsung Medical Center; Seoul National University Hospital; Seoul National University Hospital Biomedical Research Institute; Pusan National University; Sungkyunkwan University; Catholic University of Korea,91,57,P0075; P0078; P0079; P0086; P0135; P0219; P0255; P0257; P0277; P0376; P0439; P0493; P0540; P0542; P0547; P0582; P0657; P0691; P0695; P0935; P0968; P0995; P0996; P0999; P1000; P1021; P1069; P1115; P1117; P1122; P1129; P1131; P1179; P1190; P1221; P1226; P1227; P1232; P1234; P1279; P1296; P1305; P1309; P1354; P1360; P1430; P1477; P1479; P1495; P1555; P1572; P1638; P1659; P1670; P1684; P1707; P1748,,,0.82,"strong network signal, but no explicit professor title evidence",A_review_first
A5100635535,Jae Hyung Park,"Korea Advanced Institute of Science and Technology; Wolfspeed, Inc. (United States); Jeonbuk National University; Sungkyunkwan University; Pukyong National University",174,56,P0007; P0050; P0077; P0097; P0114; P0135; P0175; P0195; P0208; P0228; P0243; P0464; P0511; P0514; P0532; P0535; P0631; P0688; P0753; P0810; P0903; P0907; P0914; P0920; P0989; P1098; P1114; P1120; P1123; P1125; P1126; P1128; P1136; P1140; P1150; P1152; P1155; P1162; P1197; P1213; P1344; P1478; P1480; P1490; P1513; P1549; P1557; P1586; P1595; P1659; P1688; P1699; P1708; P1731; P1736; P1741,,,0.82,"strong network signal, but no explicit professor title evidence",A_review_first
A5100339681,Ji Won Park,Seoul National University; Seoul National University Hospital; Seoul National University Cancer Hospital,173,56,P0057; P0083; P0114; P0137; P0211; P0350; P0354; P0367; P0394; P0409; P0444; P0491; P0492; P0560; P0564; P0594; P0601; P0643; P0696; P0702; P0711; P0714; P0964; P0991; P0997; P1021; P1092; P1112; P1126; P1155; P1173; P1174; P1187; P1246; P1260; P1261; P1320; P1337; P1419; P1421; P1442; P1444; P1592; P1598; P1625; P1665; P1666; P1669; P1682; P1684; P1692; P1702; P1704; P1705; P1707; P1719,,,0.82,"strong network signal, but no explicit professor title evidence",A_review_first
A5106557026,Young Tae Kim,Seoul National University; Seoul National University Hospital,130,56,P0007; P0014; P0057; P0075; P0079; P0114; P0219; P0326; P0337; P0354; P0355; P0394; P0526; P0594; P0707; P0786; P0905; P1014; P1112; P1150; P1204; P1218; P1228; P1230; P1258; P1260; P1280; P1296; P1328; P1338; P1342; P1404; P1405; P1413; P1421; P1442; P1459; P1546; P1548; P1552; P1555; P1592; P1659; P1665; P1669; P1685; P1688; P1692; P1697; P1704; P1705; P1731; P1736; P1738; P1741; P1757,,,0.82,"strong network signal, but no explicit professor title evidence",A_review_first
A5100348065,Nayoung Kim,Seoul National University; University of Alabama; Seoul National University Hospital; Seoul National University Bundang Hospital; Hanmi Pharmaceutical (South Korea); Imperial College London,139,54,P0028; P0040; P0071; P0078; P0093; P0188; P0304; P0384; P0388; P0428; P0445; P0509; P0534; P0536; P0597; P0620; P0696; P0740; P0767; P0992; P0999; P1114; P1117; P1146; P1173; P1174; P1180; P1181; P1207; P1227; P1241; P1316; P1328; P1338; P1349; P1354; P1385; P1387; P1473; P1476; P1481; P1538; P1589; P1594; P1600; P1609; P1611; P1665; P1684; P1736; P1738; P1741; P1755; P1783,,,0.82,"strong network signal, but no explicit professor title evidence",A_review_first
A5100318692,Juneyoung Lee,Korea University; Soonchunhyang University; Soonchunhyang University Hospital Seoul; Asan Medical Center; University of Ulsan; National Health Insurance Service Ilsan Hospital; Yeungnam University Medical Center; Yeungnam University,260,53,P0007; P0028; P0030; P0114; P0281; P0354; P0379; P0380; P0511; P0532; P0535; P0883; P0977; P1000; P1069; P1087; P1110; P1115; P1117; P1118; P1120; P1123; P1173; P1180; P1190; P1206; P1208; P1241; P1304; P1305; P1309; P1313; P1327; P1338; P1353; P1454; P1479; P1538; P1564; P1590; P1592; P1593; P1595; P1622; P1629; P1642; P1683; P1701; P1706; P1714; P1719; P1727; P1760,,,0.82,"strong network signal, but no explicit professor title evidence",A_review_first
A5066161983,Se‐Hoon Lee,Samsung Medical Center; Sungkyunkwan University,213,53,P0028; P0040; P0057; P0079; P0134; P0135; P0163; P0205; P0250; P0326; P0350; P0484; P0485; P0534; P0594; P0603; P0623; P0696; P0703; P0914; P0920; P0961; P1022; P1029; P1088; P1131; P1132; P1140; P1173; P1183; P1190; P1261; P1293; P1321; P1342; P1344; P1404; P1414; P1423; P1536; P1590; P1592; P1616; P1665; P1669; P1677; P1685; P1686; P1688; P1692; P1714; P1726; P1739,,,0.82,"strong network signal, but no explicit professor title evidence",A_review_first
A5080001926,Yung Hyun Choi,Dong-Eui University,137,53,P0056; P0090; P0137; P0209; P0219; P0236; P0241; P0527; P0542; P0544; P0547; P0696; P0842; P0968; P0969; P0978; P1038; P1062; P1080; P1117; P1139; P1140; P1143; P1176; P1178; P1179; P1192; P1199; P1201; P1209; P1227; P1231; P1252; P1261; P1305; P1312; P1319; P1362; P1413; P1423; P1446; P1453; P1457; P1503; P1548; P1561; P1562; P1578; P1632; P1639; P1656; P1670; P1759,,,0.82,"strong network signal, but no explicit professor title evidence",A_review_first
A5084081275,Young Ju Lee,Kyung Hee University; Kyung Hee University Medical Center,84,52,P0028; P0038; P0057; P0083; P0142; P0200; P0201; P0349; P0364; P0390; P0407; P0409; P0415; P0498; P0541; P0560; P0562; P0604; P0674; P0689; P0702; P0707; P0737; P0738; P0836; P0914; P0991; P1123; P1160; P1172; P1194; P1195; P1252; P1270; P1320; P1321; P1354; P1373; P1389; P1443; P1482; P1494; P1503; P1513; P1518; P1533; P1534; P1666; P1670; P1677; P1706; P1714,,,0.82,"strong network signal, but no explicit professor title evidence",A_review_first
A5100360892,Min Jung Kim,University of British Columbia; Pusan National University Yangsan Hospital,90,52,P0057; P0098; P0114; P0115; P0205; P0228; P0275; P0291; P0297; P0401; P0408; P0435; P0493; P0498; P0588; P0755; P0920; P0935; P1114; P1115; P1126; P1161; P1176; P1213; P1234; P1412; P1466; P1480; P1496; P1506; P1518; P1535; P1557; P1596; P1606; P1618; P1621; P1632; P1635; P1643; P1659; P1665; P1666; P1682; P1692; P1705; P1706; P1717; P1719; P1735; P1742; P1748,,,0.5,manual review needed,A_review_first
A5007610160,Jin Tae Hong,CJ CheilJedang (South Korea); Chungbuk National University,446,51,P0060; P0107; P0254; P0284; P0331; P0409; P0486; P0488; P0493; P0506; P0540; P0704; P0830; P0880; P0968; P0970; P0977; P0995; P0996; P0997; P0999; P1000; P1069; P1098; P1115; P1117; P1129; P1130; P1133; P1147; P1182; P1196; P1221; P1224; P1227; P1237; P1261; P1320; P1325; P1362; P1426; P1427; P1563; P1572; P1577; P1596; P1597; P1646; P1676; P1729; P1752,,,0.82,"strong network signal, but no explicit professor title evidence",A_review_first
A5100689633,Kim Ys,Seoul National University; Chungnam National University; Soonchunhyang University Hospital Cheonan,88,50,P0006; P0007; P0023; P0028; P0034; P0071; P0075; P0153; P0200; P0266; P0317; P0346; P0347; P0444; P0489; P0605; P0639; P0673; P0674; P0813; P1058; P1136; P1158; P1167; P1222; P1225; P1231; P1267; P1293; P1299; P1304; P1312; P1326; P1328; P1338; P1412; P1563; P1621; P1659; P1676; P1706; P1713; P1714; P1726; P1727; P1738; P1741; P1751; P1775; P1789,,,0.82,"strong network signal, but no explicit professor title evidence",A_review_first
A5100363762,Ho Kim,Seoul National University; Asan Medical Center; University of Ulsan; National Cancer Center; Pusan National University,78,50,P0007; P0028; P0030; P0034; P0036; P0053; P0057; P0153; P0317; P0334; P0337; P0365; P0407; P0438; P0446; P0573; P0669; P0689; P0696; P0702; P0707; P0714; P0755; P0786; P0832; P0986; P0999; P1076; P1091; P1104; P1154; P1183; P1187; P1188; P1189; P1206; P1242; P1245; P1373; P1389; P1407; P1424; P1445; P1536; P1584; P1684; P1702; P1722; P1754; P1755,,,0.82,"strong network signal, but no explicit professor title evidence",A_review_first
A5100442175,Hyojin Park,Yonsei University; Kyungpook National University; Gangnam Severance Hospital; Gibbeum General Hospital,72,50,P0027; P0201; P0258; P0315; P0326; P0330; P0346; P0364; P0365; P0384; P0428; P0464; P0482; P0521; P0802; P0914; P0920; P0995; P1027; P1059; P1110; P1172; P1173; P1177; P1181; P1182; P1187; P1197; P1229; P1241; P1260; P1296; P1333; P1425; P1453; P1459; P1462; P1478; P1488; P1491; P1492; P1494; P1509; P1525; P1605; P1661; P1699; P1704; P1724; P1746,,,0.82,"strong network signal, but no explicit professor title evidence",A_review_first
A5100681585,Seung Up Kim,Yonsei University; Soonchunhyang University; Severance Hospital; Soonchunhyang University Hospital Seoul; Yonsei University Health System; Soonchunhyang University Hospital Bucheon,478,50,P0056; P0075; P0098; P0142; P0323; P0337; P0342; P0366; P0378; P0482; P0534; P0544; P0777; P0802; P0804; P0912; P0923; P1082; P1112; P1128; P1133; P1147; P1172; P1185; P1204; P1234; P1276; P1281; P1293; P1304; P1305; P1309; P1327; P1335; P1356; P1408; P1413; P1419; P1454; P1459; P1472; P1538; P1550; P1555; P1578; P1659; P1661; P1676; P1686; P1775,,,0.82,"strong network signal, but no explicit professor title evidence",A_review_first
A5005022842,Wonshik Han,Seoul National University; Seoul National University Hospital; Seoul National University Hospital Biomedical Research Institute,123,50,P0028; P0057; P0067; P0079; P0093; P0114; P0329; P0345; P0354; P0394; P0414; P0454; P0464; P0484; P0486; P0588; P0594; P0606; P0689; P0707; P0986; P0990; P0997; P1010; P1069; P1112; P1117; P1144; P1238; P1241; P1474; P1592; P1609; P1652; P1656; P1664; P1665; P1666; P1669; P1675; P1692; P1696; P1702; P1704; P1705; P1706; P1707; P1745; P1749; P1760,,,0.82,"strong network signal, but no explicit professor title evidence",A_review_first
A5014171582,Eui‐Cheol Shin,Korea Advanced Institute of Science and Technology,120,50,P0023; P0027; P0028; P0075; P0079; P0115; P0145; P0400; P0444; P0587; P0605; P0679; P0689; P0782; P0878; P0914; P0920; P1008; P1010; P1014; P1018; P1117; P1127; P1136; P1149; P1172; P1183; P1189; P1296; P1312; P1314; P1321; P1328; P1330; P1340; P1341; P1480; P1483; P1490; P1508; P1560; P1707; P1713; P1724; P1727; P1738; P1741; P1773; P1775; P1779,,,0.82,"strong network signal, but no explicit professor title evidence",A_review_first
A5086899824,Sung Ho Ryu,Pohang University of Science and Technology,238,49,P0011; P0023; P0030; P0040; P0041; P0042; P0090; P0100; P0153; P0213; P0252; P0272; P0560; P0562; P0711; P0751; P0837; P0843; P1002; P1014; P1059; P1129; P1139; P1182; P1187; P1190; P1204; P1215; P1217; P1256; P1286; P1296; P1299; P1316; P1336; P1355; P1359; P1367; P1372; P1386; P1487; P1491; P1521; P1534; P1541; P1549; P1555; P1715; P1773,,,0.82,"strong network signal, but no explicit professor title evidence",A_review_first
A5100694945,Seong‐Eun Kim,Ewha Womans University; Seoul National University; Chosun University; Seoul National University Bundang Hospital; Ewha Womans University Medical Center; Ewha Womans University Mokdong Hospital; Ewha Womans University Seoul Hospital,224,49,P0007; P0257; P0319; P0330; P0355; P0356; P0359; P0379; P0384; P0388; P0393; P0409; P0424; P0428; P0442; P0444; P0445; P0446; P0453; P0482; P0532; P0535; P0597; P0620; P0753; P0822; P0829; P0998; P1118; P1139; P1150; P1211; P1215; P1241; P1261; P1307; P1388; P1441; P1478; P1492; P1513; P1521; P1620; P1661; P1683; P1692; P1706; P1719; P1727,,,0.82,"strong network signal, but no explicit professor title evidence",A_review_first
A5070548379,Hye Gwang Jeong,Chungnam National University,161,49,P0011; P0182; P0204; P0205; P0536; P0560; P0684; P0689; P0965; P1112; P1129; P1132; P1142; P1179; P1196; P1204; P1206; P1240; P1252; P1265; P1287; P1315; P1350; P1356; P1372; P1416; P1417; P1440; P1447; P1479; P1494; P1505; P1515; P1521; P1538; P1541; P1546; P1548; P1550; P1553; P1561; P1562; P1578; P1581; P1586; P1587; P1602; P1628; P1666,,,0.82,"strong network signal, but no explicit professor title evidence",A_review_first
A5100739374,Sohee Park,Yonsei University; Inje University Ilsan Paik Hospital; Yonsei University Health System,92,48,P0030; P0090; P0092; P0260; P0337; P0350; P0475; P0591; P0642; P1003; P1112; P1126; P1155; P1175; P1185; P1187; P1188; P1197; P1321; P1400; P1423; P1460; P1467; P1474; P1547; P1592; P1593; P1621; P1634; P1647; P1652; P1660; P1665; P1666; P1677; P1682; P1684; P1690; P1692; P1699; P1701; P1702; P1704; P1705; P1707; P1708; P1714; P1755,,,0.82,"strong network signal, but no explicit professor title evidence",A_review_first
A5100390285,Jin‐Soo Kim,Seoul National University; Chungnam National University Sejong Hospital,125,47,P0002; P0040; P0056; P0066; P0067; P0083; P0114; P0199; P0230; P0243; P0256; P0306; P0442; P0473; P0707; P0709; P0711; P0718; P0764; P0792; P0795; P0796; P0829; P0914; P0965; P1000; P1012; P1121; P1131; P1168; P1181; P1182; P1188; P1189; P1192; P1217; P1243; P1267; P1281; P1314; P1326; P1341; P1348; P1406; P1473; P1535; P1661,,,0.82,"strong network signal, but no explicit professor title evidence",A_review_first
A5074131405,Minho Shong,Korea Advanced Institute of Science and Technology; Chungnam National University,102,47,P0028; P0030; P0034; P0054; P0076; P0079; P0201; P0265; P0334; P0574; P0631; P0751; P0786; P0837; P0996; P1000; P1008; P1014; P1090; P1104; P1115; P1129; P1151; P1176; P1181; P1188; P1199; P1210; P1217; P1245; P1264; P1296; P1328; P1337; P1388; P1534; P1547; P1549; P1553; P1575; P1583; P1594; P1601; P1615; P1676; P1688; P1773,,,0.82,"strong network signal, but no explicit professor title evidence",A_review_first
A5100697610,In‐Kyu Lee,Kyungpook National University Hospital; Kyungpook National University; The Catholic University of Korea Seoul St. Mary's Hospital; Catholic University of Korea,100,47,P0028; P0030; P0042; P0083; P0086; P0138; P0201; P0265; P0286; P0317; P0361; P0492; P0511; P0669; P0753; P0786; P0837; P0958; P1150; P1169; P1181; P1188; P1245; P1250; P1255; P1282; P1284; P1296; P1320; P1322; P1350; P1358; P1385; P1389; P1407; P1423; P1442; P1444; P1459; P1538; P1546; P1547; P1550; P1553; P1575; P1600; P1601,,,0.82,"strong network signal, but no explicit professor title evidence",A_review_first
A5100773895,So Yeon Park,Seoul National University; Seoul National University Bundang Hospital,87,46,P0021; P0040; P0057; P0064; P0075; P0079; P0091; P0123; P0162; P0337; P0405; P0409; P0414; P0623; P0631; P0691; P0707; P0754; P0903; P0907; P0991; P1000; P1117; P1129; P1147; P1149; P1179; P1183; P1185; P1190; P1193; P1209; P1271; P1321; P1365; P1425; P1441; P1463; P1541; P1659; P1688; P1702; P1719; P1722; P1727; P1729,,,0.82,"strong network signal, but no explicit professor title evidence",A_review_first
A5100734442,Se Hoon Kim,Korea Advanced Institute of Science and Technology; Yonsei University; Korea University; Severance Hospital; Yonsei University Health System; Sungkyunkwan University,83,46,P0095; P0098; P0100; P0137; P0153; P0205; P0291; P0337; P0422; P0439; P0631; P0642; P0696; P0752; P0820; P0914; P0920; P0926; P0986; P1011; P1014; P1027; P1034; P1139; P1144; P1147; P1151; P1183; P1187; P1235; P1299; P1303; P1314; P1321; P1328; P1358; P1402; P1438; P1472; P1484; P1489; P1536; P1659; P1661; P1670; P1686,,,0.82,"strong network signal, but no explicit professor title evidence",A_review_first
A5044181109,Eun Hye Lee,Sahmyook University,84,46,P0021; P0102; P0230; P0325; P0346; P0364; P0409; P0464; P0878; P0907; P0927; P0985; P1010; P1142; P1150; P1158; P1176; P1193; P1197; P1255; P1260; P1282; P1312; P1315; P1334; P1395; P1418; P1437; P1454; P1468; P1500; P1510; P1535; P1547; P1556; P1557; P1565; P1569; P1582; P1594; P1616; P1649; P1706; P1715; P1723; P1783,,,0.5,manual review needed,A_review_first
A5024676627,Sun Young Rha,Yonsei University; Severance Hospital; Yonsei University Health System; Yonsei Cancer Hospital,313,45,P0007; P0028; P0040; P0058; P0104; P0250; P0253; P0350; P0378; P0453; P0503; P0594; P0603; P0740; P0914; P0998; P1112; P1114; P1116; P1119; P1121; P1126; P1140; P1172; P1173; P1185; P1187; P1321; P1413; P1481; P1598; P1654; P1659; P1665; P1668; P1669; P1676; P1682; P1688; P1696; P1698; P1704; P1707; P1724; P1726,,,0.82,"strong network signal, but no explicit professor title evidence",A_review_first
A5052433739,Hyung Sik Kim,Sungkyunkwan University,148,45,P0031; P0042; P0090; P0137; P0142; P0174; P0204; P0260; P0286; P0536; P0560; P0563; P0685; P0689; P0702; P0703; P0763; P0807; P0999; P1053; P1064; P1118; P1142; P1182; P1245; P1283; P1287; P1293; P1295; P1315; P1332; P1361; P1372; P1393; P1411; P1412; P1428; P1479; P1490; P1536; P1546; P1567; P1665; P1717; P1729,,,0.82,"strong network signal, but no explicit professor title evidence",A_review_first
A5025329995,Jin Woo Lee,Seoul National University of Science and Technology; Yonsei University; Korea University; Severance Hospital; Yonsei University Health System,93,44,P0007; P0030; P0036; P0088; P0198; P0200; P0211; P0246; P0366; P0373; P0412; P0455; P0497; P0551; P0699; P0707; P0755; P0766; P0767; P0795; P1039; P1046; P1069; P1112; P1115; P1116; P1126; P1129; P1167; P1172; P1178; P1183; P1187; P1213; P1236; P1259; P1278; P1408; P1413; P1419; P1420; P1435; P1490; P1676,,,0.82,"strong network signal, but no explicit professor title evidence",A_review_first
A5100616675,Sang Yup Lee,Korea Advanced Institute of Science and Technology; Technical University of Denmark,285,43,P0115; P0140; P0205; P0228; P0234; P0245; P0338; P0431; P0469; P0475; P0548; P0550; P0726; P0829; P0830; P0831; P0836; P1102; P1116; P1123; P1145; P1157; P1158; P1159; P1168; P1175; P1187; P1188; P1204; P1211; P1228; P1231; P1301; P1532; P1538; P1548; P1549; P1550; P1631; P1636; P1661; P1775; P1789,,,0.82,"strong network signal, but no explicit professor title evidence",A_review_first
A5102881408,Sung‐Soo Yoon,Seoul National University; Soonchunhyang University; Soonchunhyang University Hospital Seoul; Samsung Medical Center; Seoul National University Hospital; Kyung Hee University; Sungkyunkwan University,207,43,P0007; P0013; P0014; P0020; P0028; P0043; P0079; P0105; P0115; P0306; P0337; P0355; P0362; P0393; P0449; P0484; P0616; P0752; P0764; P0958; P1098; P1115; P1116; P1117; P1132; P1183; P1272; P1300; P1338; P1388; P1413; P1454; P1592; P1655; P1659; P1667; P1678; P1701; P1702; P1707; P1715; P1772; P1778,,,0.82,"strong network signal, but no explicit professor title evidence",A_review_first
A5039708869,Lak Shin Jeong,Seoul National University,181,43,P0036; P0038; P0050; P0056; P0065; P0216; P0222; P0284; P0333; P0409; P0493; P0625; P0685; P0689; P0691; P0696; P0703; P0711; P0714; P0753; P0754; P0795; P0928; P1000; P1053; P1060; P1081; P1114; P1134; P1202; P1260; P1267; P1283; P1291; P1292; P1320; P1340; P1472; P1521; P1773; P1775; P1786; P1789,,,0.82,"strong network signal, but no explicit professor title evidence",A_review_first
A5100387017,Tae‐Hun Kim,Kyung Hee University; Kyung Hee University Korean Medicine Hospital,172,42,P0030; P0069; P0334; P0384; P0409; P0428; P0445; P0542; P0574; P0612; P0632; P0978; P1022; P1098; P1118; P1137; P1151; P1173; P1363; P1412; P1413; P1414; P1421; P1423; P1429; P1430; P1433; P1435; P1439; P1443; P1444; P1448; P1457; P1458; P1462; P1463; P1466; P1467; P1471; P1472; P1618; P1708,,,0.82,"strong network signal, but no explicit professor title evidence",A_review_first
A5100678259,Jae‐Yong Park,Daegu Gyeongbuk Institute of Science and Technology; Korea University,107,42,P0040; P0063; P0076; P0100; P0209; P0669; P0843; P0847; P0998; P1014; P1116; P1120; P1137; P1138; P1148; P1150; P1151; P1169; P1190; P1209; P1217; P1299; P1333; P1354; P1356; P1372; P1390; P1402; P1407; P1442; P1444; P1451; P1484; P1485; P1501; P1538; P1557; P1601; P1619; P1643; P1659; P1729,,,0.82,"strong network signal, but no explicit professor title evidence",A_review_first
A5100643662,Taesung Park,Seoul National University,106,42,P0028; P0040; P0043; P0057; P0078; P0100; P0105; P0201; P0205; P0231; P0240; P0249; P0337; P0463; P0484; P0493; P0503; P0560; P0766; P0792; P0795; P1069; P1132; P1174; P1190; P1293; P1376; P1387; P1441; P1536; P1557; P1573; P1584; P1665; P1688; P1720; P1726; P1732; P1735; P1745; P1749; P1754,,,0.82,"strong network signal, but no explicit professor title evidence",A_review_first
A5034557143,Nam Doo Kim,Catholic University of Korea; Chungbuk National University; Daegu-Gyeongbuk Medical Innovation Foundation; Dana-Farber Cancer Institute; Incheon International Airport Corporation (South Korea); Korea Institute of Science and Technology; Korea University; Kyung Hee University; Soongsil University; Yeungnam University; Yonsei University; Yonsei University Health System,98,41,P0013; P0060; P0090; P0098; P0100; P0145; P0209; P0275; P0486; P0488; P0753; P0855; P0920; P0985; P0988; P0999; P1000; P1069; P1113; P1115; P1133; P1162; P1169; P1176; P1201; P1237; P1270; P1273; P1315; P1423; P1428; P1481; P1538; P1539; P1546; P1556; P1572; P1584; P1586; P1715; P1784,,,0.82,"strong network signal, but no explicit professor title evidence",A_review_first
A5069050806,Seock‐Ah Im,Seoul National University; Seoul National University Hospital,261,41,P0028; P0040; P0057; P0075; P0079; P0114; P0115; P0253; P0337; P0350; P0354; P0355; P0384; P0393; P0414; P0428; P0449; P0456; P0498; P0588; P0594; P0605; P0696; P0774; P0998; P1117; P1131; P1149; P1173; P1176; P1183; P1251; P1444; P1478; P1654; P1666; P1669; P1682; P1696; P1698; P1707,,,0.82,"strong network signal, but no explicit professor title evidence",A_review_first
A5005178090,Hae‐Young Lee,Seoul National University; Yonsei University; Seoul National University Hospital; Yonsei University Health System,200,41,P0007; P0028; P0030; P0043; P0067; P0092; P0383; P0434; P0446; P0477; P0532; P0580; P1000; P1093; P1112; P1113; P1114; P1121; P1154; P1174; P1186; P1232; P1262; P1279; P1300; P1305; P1323; P1350; P1428; P1478; P1489; P1536; P1545; P1584; P1592; P1595; P1666; P1683; P1688; P1692; P1714,,,0.82,"strong network signal, but no explicit professor title evidence",A_review_first
A5100719069,Tae Min Kim,Seoul National University; Seoul National University Hospital,177,41,P0007; P0028; P0043; P0057; P0064; P0067; P0076; P0077; P0079; P0083; P0115; P0134; P0205; P0209; P0355; P0498; P0603; P0622; P0635; P0696; P1014; P1114; P1140; P1141; P1147; P1296; P1321; P1342; P1441; P1444; P1558; P1645; P1653; P1667; P1669; P1677; P1682; P1685; P1686; P1692; P1701,,,0.82,"strong network signal, but no explicit professor title evidence",A_review_first
A5100649967,Jae Ho Kim,Chosun University; Chosun University Hospital; Pusan National University,103,41,P0007; P0021; P0023; P0090; P0100; P0104; P0137; P0483; P0657; P0748; P0783; P1015; P1059; P1111; P1112; P1119; P1132; P1150; P1178; P1186; P1217; P1221; P1232; P1255; P1267; P1283; P1284; P1295; P1307; P1338; P1355; P1367; P1386; P1390; P1473; P1487; P1507; P1555; P1563; P1621; P1773,,,0.82,"strong network signal, but no explicit professor title evidence",A_review_first
A5044669272,Youngil Koh,Seoul National University; Seoul National University Hospital; Seoul National University Hospital Biomedical Research Institute,143,40,P0002; P0006; P0007; P0008; P0013; P0014; P0020; P0028; P0043; P0079; P0306; P0350; P0355; P0393; P0484; P0603; P0693; P0764; P0774; P1094; P1132; P1140; P1183; P1190; P1237; P1272; P1300; P1330; P1404; P1413; P1454; P1474; P1564; P1592; P1667; P1670; P1701; P1715; P1772; P1778,,,0.82,"strong network signal, but no explicit professor title evidence",A_review_first
A5100700083,Joo Young Lee,Pusan National University Yangsan Hospital; Pusan National University Children's Hospital; Pusan National University; Catholic University of Korea,132,40,P0142; P0209; P0238; P0404; P0560; P0562; P0576; P0669; P0689; P0691; P0987; P1000; P1115; P1162; P1178; P1179; P1204; P1219; P1226; P1273; P1307; P1315; P1402; P1416; P1424; P1431; P1446; P1447; P1482; P1532; P1539; P1547; P1571; P1587; P1594; P1603; P1616; P1656; P1676; P1788,,,0.82,"strong network signal, but no explicit professor title evidence",A_review_first
A5033050173,Aesun Shin,Seoul National University,204,39,P0354; P0394; P0428; P0438; P0445; P0526; P0606; P0696; P0997; P1054; P1112; P1173; P1186; P1423; P1460; P1547; P1592; P1652; P1660; P1663; P1664; P1665; P1669; P1675; P1682; P1684; P1688; P1690; P1692; P1699; P1702; P1704; P1705; P1707; P1708; P1722; P1750; P1755; P1760,,,0.82,"strong network signal, but no explicit professor title evidence",A_review_first
A5034739279,Myung‐Ju Ahn,Samsung Medical Center; Hanyang University Seoul Hospital; Hanyang University Medical Center; Hanyang University; Sungkyunkwan University,196,39,P0013; P0028; P0040; P0079; P0134; P0135; P0156; P0163; P0200; P0253; P0337; P0355; P0484; P0511; P0603; P0622; P0691; P0914; P0920; P1114; P1129; P1132; P1183; P1190; P1293; P1307; P1402; P1423; P1481; P1522; P1653; P1659; P1677; P1681; P1685; P1692; P1695; P1707; P1726,,,0.82,"strong network signal, but no explicit professor title evidence",A_review_first
A5078895940,Dae‐Duk Kim,Seoul National University,128,39,P0032; P0034; P0036; P0038; P0040; P0044; P0050; P0053; P0056; P0090; P0097; P0108; P0149; P0208; P0285; P0295; P0302; P0367; P0464; P0564; P0689; P0691; P0700; P0704; P0706; P0711; P0716; P0868; P0964; P0969; P0972; P1039; P1120; P1123; P1142; P1192; P1303; P1389; P1472,,,0.82,"strong network signal, but no explicit professor title evidence",A_review_first
A5006412769,Sang Hoon Ahn,Yonsei University; Severance Hospital; Yonsei University Health System,546,38,P0098; P0342; P0405; P0409; P0745; P0777; P0912; P0920; P0923; P1112; P1117; P1132; P1154; P1172; P1185; P1193; P1304; P1354; P1413; P1419; P1454; P1459; P1541; P1578; P1593; P1659; P1661; P1665; P1669; P1676; P1683; P1684; P1704; P1705; P1708; P1775; P1778; P1779,,,0.82,"strong network signal, but no explicit professor title evidence",A_review_first
A5047490140,Hye Ryun Kim,Yonsei University; Severance Hospital; Seoul National University Bundang Hospital; Yonsei University Health System; Yonsei Cancer Hospital; Seoul Women's University,238,38,P0040; P0068; P0104; P0157; P0221; P0250; P0253; P0260; P0265; P0438; P0475; P0488; P0878; P0905; P0914; P0920; P0925; P0991; P1114; P1172; P1199; P1215; P1235; P1314; P1321; P1366; P1372; P1433; P1598; P1600; P1653; P1659; P1677; P1695; P1707; P1714; P1760; P1776,,,0.82,"strong network signal, but no explicit professor title evidence",A_review_first
A5100704613,Yong‐Jae Kim,Hallym University; Kangdong Sacred Heart Hospital; Catholic University of Korea; Dankook University,131,38,P0040; P0240; P0267; P0281; P0297; P0325; P0379; P0413; P0416; P0428; P0447; P0471; P0532; P0544; P0587; P0619; P0636; P0959; P1131; P1168; P1175; P1179; P1224; P1260; P1299; P1304; P1419; P1479; P1481; P1534; P1536; P1538; P1605; P1606; P1634; P1647; P1706; P1754,,,0.82,"strong network signal, but no explicit professor title evidence",A_review_first
A5100360863,Min Jung Kim,Seoul National University; Korea University; Dongguk University; Seoul National University Hospital,119,38,P0028; P0040; P0057; P0064; P0100; P0115; P0253; P0350; P0404; P0514; P0631; P0643; P0698; P0811; P0858; P0997; P1021; P1101; P1212; P1232; P1245; P1304; P1337; P1504; P1597; P1598; P1602; P1606; P1614; P1618; P1621; P1625; P1628; P1635; P1669; P1670; P1692; P1705,,,0.82,"strong network signal, but no explicit professor title evidence",A_review_first
A5091726021,Sue K. Park,Seoul National University; Seoul Metropolitan Government; SNUH SMG-SNU Boramae Medical Center,188,37,P0028; P0064; P0115; P0322; P0329; P0358; P0384; P0606; P0624; P0986; P0997; P1021; P1114; P1300; P1342; P1423; P1428; P1460; P1581; P1592; P1593; P1652; P1660; P1663; P1664; P1669; P1675; P1684; P1688; P1690; P1692; P1699; P1702; P1727; P1745; P1755; P1760,,,0.82,"strong network signal, but no explicit professor title evidence",A_review_first
A5070098382,Yoon Kyung Jeon,Seoul National University; Seoul National University Hospital,208,36,P0007; P0028; P0057; P0060; P0064; P0075; P0076; P0079; P0114; P0115; P0209; P0306; P0493; P0605; P0631; P0689; P0696; P0707; P0927; P1120; P1197; P1225; P1312; P1328; P1340; P1405; P1497; P1665; P1669; P1714; P1726; P1729; P1738; P1741; P1754; P1775,,,0.82,"strong network signal, but no explicit professor title evidence",A_review_first
A5051591744,Daehee Kang,Seoul National University; Ulsan National Institute of Science and Technology,193,36,P0028; P0083; P0104; P0322; P0329; P0331; P0358; P0384; P0573; P0606; P0635; P0696; P0986; P0997; P1021; P1188; P1581; P1592; P1593; P1652; P1660; P1663; P1664; P1669; P1675; P1684; P1692; P1702; P1720; P1722; P1732; P1739; P1745; P1749; P1750; P1760,,,0.82,"strong network signal, but no explicit professor title evidence",A_review_first
A5058516635,Sung‐Hye Park,Seoul National University; Seoul National University Hospital,168,36,P0028; P0057; P0068; P0079; P0250; P0439; P0442; P0532; P0601; P0696; P0986; P1014; P1115; P1117; P1129; P1136; P1140; P1144; P1147; P1174; P1182; P1299; P1309; P1316; P1342; P1344; P1348; P1356; P1359; P1386; P1501; P1522; P1560; P1669; P1686; P1734,,,0.82,"strong network signal, but no explicit professor title evidence",A_review_first
A5105873384,Seung‐Jae Myung,Asan Medical Center; University of Ulsan,147,36,P0022; P0032; P0205; P0384; P0428; P0522; P0524; P0562; P0585; P0597; P0619; P0620; P0699; P0755; P0989; P1018; P1020; P1022; P1120; P1123; P1140; P1148; P1150; P1173; P1194; P1197; P1226; P1241; P1316; P1348; P1401; P1509; P1659; P1742; P1790; P1793,,,0.82,"strong network signal, but no explicit professor title evidence",A_review_first
A5018929039,Do‐Hyun Nam,Samsung Medical Center; Sungkyunkwan University,127,36,P0007; P0028; P0031; P0078; P0205; P0213; P0250; P0361; P0389; P0443; P0484; P0589; P0602; P0746; P0753; P0802; P1112; P1117; P1136; P1137; P1144; P1238; P1293; P1296; P1312; P1344; P1367; P1413; P1454; P1486; P1677; P1681; P1686; P1692; P1715; P1724,,,0.82,"strong network signal, but no explicit professor title evidence",A_review_first
A5044597411,Sun Ha Jee,Yonsei University; Yonsei University Health System,117,36,P0383; P0408; P0428; P0445; P0572; P0907; P0997; P1117; P1122; P1168; P1304; P1325; P1331; P1387; P1423; P1431; P1587; P1592; P1652; P1659; P1660; P1663; P1664; P1675; P1684; P1690; P1705; P1714; P1718; P1720; P1722; P1732; P1745; P1749; P1750; P1755,,,0.82,"strong network signal, but no explicit professor title evidence",A_review_first
A5089673584,Sung-Ae Jung,Ewha Womans University; Ewha Womans University Medical Center; Ewha Womans University Seoul Hospital,217,35,P0201; P0317; P0319; P0330; P0351; P0355; P0356; P0359; P0361; P0384; P0388; P0393; P0408; P0424; P0428; P0444; P0445; P0446; P0453; P0482; P0509; P0562; P0596; P0597; P0620; P0753; P0958; P1118; P1150; P1173; P1560; P1611; P1665; P1699; P1719,,,0.82,"strong network signal, but no explicit professor title evidence",A_review_first
A5054492574,Hae Young Chung,Pusan National University,151,35,P0007; P0036; P0090; P0107; P0174; P0700; P0711; P0801; P1010; P1053; P1129; P1142; P1193; P1219; P1315; P1358; P1372; P1411; P1418; P1428; P1435; P1461; P1478; P1488; P1497; P1505; P1507; P1606; P1618; P1621; P1633; P1635; P1644; P1735; P1746,,,0.82,"strong network signal, but no explicit professor title evidence",A_review_first
A5082025437,Jin Seok Ahn,Samsung Medical Center; Sungkyunkwan University,139,35,P0007; P0014; P0028; P0040; P0079; P0134; P0135; P0156; P0163; P0350; P0355; P0484; P0603; P0622; P0703; P0914; P0998; P1114; P1132; P1183; P1190; P1264; P1309; P1423; P1464; P1522; P1595; P1677; P1685; P1688; P1702; P1705; P1707; P1715; P1726,,,0.82,"strong network signal, but no explicit professor title evidence",A_review_first
A5047165960,Seung‐Yong Jeong,Seoul National University; Seoul National University Hospital; Seoul National University Cancer Hospital,130,35,P0028; P0057; P0077; P0079; P0350; P0354; P0367; P0394; P0484; P0643; P0997; P1021; P1054; P1069; P1112; P1126; P1173; P1174; P1181; P1246; P1265; P1321; P1337; P1592; P1598; P1625; P1665; P1666; P1669; P1682; P1692; P1699; P1704; P1705; P1707,,,0.82,"strong network signal, but no explicit professor title evidence",A_review_first
A5100779305,Ho Jae Han,Seoul National University; Research Institute for Veterinary Science,130,35,P0007; P0014; P0065; P0157; P0200; P0224; P0234; P0254; P0297; P0415; P0625; P0754; P0773; P0928; P0935; P0975; P0977; P0978; P0995; P0999; P1127; P1142; P1159; P1193; P1197; P1202; P1219; P1221; P1315; P1408; P1468; P1504; P1535; P1549; P1715,,,0.82,"strong network signal, but no explicit professor title evidence",A_review_first
A5101626383,Yon Su Kim,Seoul National University; Seoul National University Hospital; Keimyung University,129,35,P0028; P0030; P0034; P0040; P0043; P0056; P0064; P0068; P0076; P0079; P0083; P0115; P0317; P0403; P0691; P0696; P0986; P0991; P1080; P1117; P1147; P1158; P1174; P1208; P1279; P1300; P1320; P1357; P1475; P1486; P1521; P1536; P1584; P1592; P1762,,,0.82,"strong network signal, but no explicit professor title evidence",A_review_first
A5100348844,Won Kyum Kim,Seoul National University; Seoul Metropolitan Government; SNUH SMG-SNU Boramae Medical Center,118,35,P0033; P0064; P0075; P0285; P0399; P0442; P0530; P0580; P0689; P0702; P0707; P0802; P0988; P1112; P1117; P1126; P1142; P1172; P1174; P1188; P1296; P1356; P1359; P1413; P1419; P1536; P1540; P1547; P1560; P1584; P1592; P1635; P1683; P1708; P1732,,,0.82,"strong network signal, but no explicit professor title evidence",A_review_first
A5100764546,Jung‐Sun Kim,Yonsei University; Severance Hospital; Samsung Medical Center; Dongguk University Ilsan Hospital; Hallym University Sacred Heart Hospital; Yonsei University Health System; Korea University Guro Hospital; Sungkyunkwan University,270,34,P0007; P0030; P0032; P0034; P0050; P0319; P0379; P0416; P0434; P0485; P0491; P0562; P0580; P0641; P0907; P1114; P1116; P1121; P1173; P1177; P1189; P1263; P1277; P1366; P1472; P1514; P1581; P1592; P1595; P1659; P1661; P1665; P1683; P1705,,,0.82,"strong network signal, but no explicit professor title evidence",A_review_first
A5039821208,Eun‐Hee Ha,Ewha Womans University,161,34,P0079; P0317; P0319; P0327; P0334; P0335; P0337; P0347; P0349; P0351; P0354; P0364; P0365; P0391; P0393; P0407; P0408; P0409; P0422; P0424; P0430; P0434; P0438; P0444; P0446; P0453; P0517; P0573; P1008; P1189; P1428; P1659; P1722; P1754,,,0.82,"strong network signal, but no explicit professor title evidence",A_review_first
A5064697305,Byoung Chul Cho,Yonsei University; Severance Hospital; Yonsei University Health System; Yonsei Cancer Hospital,230,33,P0068; P0104; P0179; P0205; P0250; P0631; P0774; P0878; P0905; P0914; P0920; P0925; P1136; P1154; P1176; P1190; P1195; P1199; P1235; P1265; P1321; P1372; P1413; P1480; P1551; P1610; P1653; P1659; P1661; P1677; P1685; P1695; P1726,,,0.82,"strong network signal, but no explicit professor title evidence",A_review_first
A5075143500,Young‐Ger Suh,Asan Medical Center; CHA University; Center for Cancer Research; Chung-Ang University; Chungbuk National University; Dankook University; Dongguk University; Ewha Womans University; Gangnam Severance Hospital; Gwangju Institute of Science and Technology; Korea Research Institute of Chemical Technology; Korea University of Science and Technology; Medifron (South Korea); National Cancer Institute; National Institutes of Health; Seoul National University; Seoul National University Hospital; Seoul National University Hospital Biomedical Research Institute; Sookmyung Women's University; Sungkyunkwan University; Sungshin Women's University; The University of Texas MD Anderson Cancer Center; University of Ulsan; Woosuk University; Yonsei University,148,33,P0038; P0040; P0053; P0055; P0056; P0102; P0114; P0486; P0488; P0489; P0492; P0533; P0564; P0698; P0700; P0703; P0707; P0711; P0804; P0914; P0961; P0964; P0990; P1027; P1055; P1128; P1203; P1251; P1253; P1260; P1296; P1356; P1729,,,0.82,"strong network signal, but no explicit professor title evidence",A_review_first
A5004166441,Seok Jin Kim,Seoul National University; Samsung Medical Center; Seoul National University Bundang Hospital; Sungkyunkwan University,266,32,P0006; P0007; P0013; P0014; P0020; P0028; P0050; P0201; P0355; P0359; P0393; P0456; P0484; P0542; P0603; P0693; P1001; P1098; P1113; P1144; P1183; P1264; P1413; P1425; P1454; P1472; P1595; P1667; P1701; P1715; P1719; P1726,,,0.82,"strong network signal, but no explicit professor title evidence",A_review_first
A5006050449,Ki Won Lee,Seoul National University; Korea University; Advanced Institute of Convergence Technology,161,32,P0002; P0034; P0050; P0060; P0182; P0231; P0233; P0245; P0277; P0461; P0684; P0961; P1062; P1074; P1122; P1142; P1201; P1209; P1252; P1261; P1301; P1314; P1358; P1508; P1535; P1538; P1557; P1565; P1573; P1593; P1614; P1650,,,0.82,"strong network signal, but no explicit professor title evidence",A_review_first
A5046657476,Jae‐Weon Kim,Seoul National University; Seoul National University Hospital,144,32,P0006; P0028; P0057; P0064; P0068; P0318; P0329; P0337; P0342; P0484; P0503; P0511; P0526; P0587; P0594; P0631; P0691; P0696; P0707; P1062; P1092; P1112; P1159; P1423; P1441; P1592; P1654; P1670; P1677; P1682; P1688; P1751,,,0.82,"strong network signal, but no explicit professor title evidence",A_review_first
A5066303894,Bang Yeon Hwang,Chungbuk National University,280,31,P0028; P0036; P0055; P0277; P0486; P0488; P0700; P0804; P0962; P0996; P0999; P1000; P1069; P1115; P1119; P1133; P1179; P1196; P1201; P1202; P1209; P1219; P1231; P1325; P1416; P1419; P1426; P1445; P1572; P1593; P1772,,,0.82,"strong network signal, but no explicit professor title evidence",A_review_first
A5009075091,Woo Ho Kim,Seoul National University,193,31,P0007; P0057; P0068; P0079; P0285; P0326; P0359; P0594; P0707; P0752; P0766; P0903; P0914; P1174; P1176; P1182; P1187; P1195; P1199; P1224; P1226; P1227; P1311; P1387; P1413; P1454; P1665; P1669; P1686; P1692; P1711,,,0.82,"strong network signal, but no explicit professor title evidence",A_review_first
A5100692942,Hee‐Jin Kim,Seoul National University; Samsung Medical Center; Seoul National University Hospital; Pusan National University Hospital; Pusan National University; Sungkyunkwan University,189,31,P0006; P0013; P0014; P0028; P0040; P0162; P0250; P0325; P0350; P0355; P0429; P0449; P0456; P0484; P0601; P0603; P0704; P0958; P1175; P1176; P1305; P1321; P1413; P1542; P1549; P1564; P1595; P1633; P1661; P1702; P1715,,,0.82,"strong network signal, but no explicit professor title evidence",A_review_first
A5012503420,Sun Yeou Kim,Gachon University; Chungbuk National University; Konkuk University,180,31,P0038; P0168; P0173; P0174; P0179; P0187; P0239; P0285; P0691; P0700; P0804; P0999; P1027; P1112; P1168; P1175; P1240; P1354; P1359; P1361; P1441; P1462; P1535; P1547; P1551; P1593; P1602; P1613; P1627; P1684; P1728,,,0.82,"strong network signal, but no explicit professor title evidence",A_review_first
A5101629084,Jeong Eon Lee,Seoul National University; Soonchunhyang University; Soonchunhyang University Hospital Seoul; Samsung Medical Center; Sungkyunkwan University,131,31,P0014; P0028; P0040; P0275; P0297; P0350; P0354; P0394; P0414; P0444; P0454; P0484; P0495; P0588; P0616; P0622; P0703; P0774; P1112; P1149; P1293; P1309; P1337; P1592; P1665; P1682; P1696; P1702; P1705; P1726; P1766,,,0.82,"strong network signal, but no explicit professor title evidence",A_review_first
A5090832721,Hyun Cheol Chung,Yonsei University; Yonsei University Health System; Yonsei Cancer Hospital,191,30,P0007; P0028; P0058; P0142; P0253; P0463; P0560; P0740; P0920; P0998; P1112; P1119; P1126; P1140; P1172; P1173; P1183; P1185; P1321; P1413; P1598; P1665; P1669; P1688; P1692; P1704; P1706; P1707; P1708; P1726,,,0.82,"strong network signal, but no explicit professor title evidence",A_review_first
A5077530265,Jong‐Seok Lim,Sookmyung Women's University; Sungkyunkwan University,143,30,P0042; P0204; P0288; P0463; P0493; P0568; P0766; P0836; P0958; P0968; P0984; P1000; P1002; P1178; P1182; P1188; P1193; P1195; P1196; P1197; P1209; P1216; P1217; P1224; P1227; P1388; P1478; P1549; P1550; P1562,,,0.82,"strong network signal, but no explicit professor title evidence",A_review_first
A5044079996,Se Jin Jang,Asan Medical Center; University of Ulsan,134,30,P0028; P0056; P0079; P0090; P0163; P0391; P0488; P0562; P0673; P0764; P1112; P1131; P1149; P1173; P1175; P1176; P1194; P1419; P1472; P1479; P1492; P1575; P1593; P1666; P1676; P1697; P1735; P1759; P1777; P1778,,,0.82,"strong network signal, but no explicit professor title evidence",A_review_first
A5086377751,Youngkeun Ahn,Chonnam National University; Chonnam National University Hospital; Chung-Ang University Gwangmyeong Hospital; Chung-Ang University Healthcare System; Chung-Ang University,200,29,P0007; P0030; P0042; P0201; P0446; P0580; P0600; P0740; P0920; P0965; P1010; P1113; P1114; P1178; P1188; P1208; P1217; P1225; P1339; P1354; P1430; P1495; P1499; P1533; P1560; P1595; P1604; P1659; P1714,,,0.82,"strong network signal, but no explicit professor title evidence",A_review_first
A5045827347,Jongheon Shin,Seoul National University,138,29,P0035; P0036; P0038; P0042; P0044; P0050; P0086; P0295; P0486; P0691; P0696; P0700; P0703; P0716; P1055; P1115; P1134; P1181; P1193; P1196; P1201; P1240; P1304; P1325; P1326; P1403; P1481; P1516; P1567,,,0.82,"strong network signal, but no explicit professor title evidence",A_review_first
A5037540651,Kwang‐Hyub Han,Yonsei University; Severance Hospital; Yonsei University Health System,419,28,P0098; P0342; P0777; P0912; P0920; P1112; P1117; P1154; P1172; P1185; P1193; P1341; P1354; P1413; P1419; P1534; P1578; P1587; P1656; P1659; P1661; P1676; P1683; P1708; P1773; P1775; P1778; P1779,,,0.82,"strong network signal, but no explicit professor title evidence",A_review_first
A5022379369,Dok Hyun Yoon,Asan Medical Center; University of Ulsan,191,28,P0013; P0020; P0355; P0362; P0427; P0435; P0603; P1094; P1098; P1114; P1116; P1129; P1140; P1149; P1182; P1183; P1190; P1192; P1194; P1264; P1413; P1454; P1472; P1564; P1667; P1670; P1701; P1702,,,0.82,"strong network signal, but no explicit professor title evidence",A_review_first
A5009312981,Myung‐Geun Shin,Chonnam National University; Chonnam National University Hospital; Chonnam National University Hwasun Hospital,173,28,P0006; P0013; P0014; P0016; P0020; P0030; P0137; P0220; P0355; P0449; P0527; P0594; P1094; P1118; P1126; P1174; P1176; P1177; P1183; P1204; P1208; P1218; P1225; P1420; P1659; P1702; P1715; P1727,,,0.82,"strong network signal, but no explicit professor title evidence",A_review_first
A5115587920,Dong Soo Lee,Pohang University of Science and Technology; Seoul National University; National Institute of Horticultural and Herbal Science,157,28,P0021; P0067; P0075; P0079; P0114; P0123; P0205; P0228; P0337; P0486; P0526; P0534; P0689; P0711; P0734; P0746; P0802; P0823; P1069; P1128; P1140; P1150; P1168; P1300; P1314; P1472; P1686; P1706,,,0.82,"strong network signal, but no explicit professor title evidence",A_review_first
A5101615430,Dae Won Kim,Gangneung–Wonju National University; Kangwon National University; Korea University; Cornell University; Moffitt Cancer Center; The Catholic University of Korea St. Vincent's Hospital; Sungkyunkwan University; Catholic University of Korea; Dankook University,148,28,P0168; P0211; P0267; P0275; P0429; P0550; P0619; P0684; P0984; P1031; P1093; P1111; P1118; P1137; P1161; P1302; P1309; P1320; P1428; P1533; P1557; P1573; P1594; P1595; P1603; P1741; P1763; P1780,,,0.82,"strong network signal, but no explicit professor title evidence",A_review_first
A5076096527,Sang‐Yoon Park,Hallym University; National Cancer Center; Hallym University Sacred Heart Hospital; Hallym University Medical Center,147,28,P0329; P0337; P0342; P0484; P0492; P0802; P1126; P1182; P1188; P1216; P1224; P1227; P1414; P1423; P1468; P1534; P1547; P1572; P1601; P1654; P1656; P1665; P1666; P1682; P1701; P1702; P1704; P1705,,,0.82,"strong network signal, but no explicit professor title evidence",A_review_first
A5024891671,Dae Seog Heo,Seoul National University; Seoul National University Hospital,142,28,P0007; P0057; P0064; P0067; P0079; P0115; P0200; P0209; P0326; P0350; P0707; P1000; P1112; P1117; P1129; P1140; P1195; P1321; P1417; P1444; P1592; P1659; P1665; P1669; P1686; P1692; P1701; P1707,,,0.82,"strong network signal, but no explicit professor title evidence",A_review_first
A5035547791,Ji Sung Lee,Korea University; Soonchunhyang University; Soonchunhyang University Hospital Seoul; Asan Medical Center; University of Ulsan; Yeungnam University Medical Center; Yeungnam University,226,27,P0297; P0317; P0346; P0364; P0379; P0380; P0416; P0532; P0534; P0535; P0588; P0597; P0802; P1120; P1123; P1149; P1173; P1194; P1197; P1241; P1419; P1538; P1609; P1659; P1705; P1706; P1731,,,0.82,"strong network signal, but no explicit professor title evidence",A_review_first
A5102764867,You‐Jin Jeon,Jeju National University,281,26,P0075; P0173; P0239; P0281; P0968; P1112; P1122; P1132; P1143; P1201; P1225; P1401; P1463; P1485; P1490; P1543; P1557; P1568; P1589; P1605; P1615; P1623; P1637; P1639; P1649; P1791,,,0.82,"strong network signal, but no explicit professor title evidence",A_review_first
A5011980528,Min Hee Hong,Yonsei University; Severance Hospital; Yonsei University Health System; Yonsei Cancer Hospital; Yongin Severance Hospital,181,26,P0007; P0028; P0068; P0179; P0253; P0740; P0774; P0878; P0914; P1114; P1149; P1159; P1199; P1215; P1235; P1265; P1321; P1366; P1372; P1600; P1653; P1677; P1685; P1695; P1702; P1776,,,0.82,"strong network signal, but no explicit professor title evidence",A_review_first
A5019406140,Jeeyun Lee,Samsung Medical Center; Sungkyunkwan University,163,26,P0028; P0250; P0350; P0484; P0603; P0647; P0811; P0920; P0986; P0998; P1112; P1125; P1129; P1136; P1144; P1155; P1173; P1183; P1189; P1261; P1321; P1665; P1669; P1677; P1705; P1726,,,0.82,"strong network signal, but no explicit professor title evidence",A_review_first
A5052064676,Byung‐Hee Oh,Sejong General Hospital; Sungkyunkwan University,161,26,P0007; P0028; P0030; P0064; P0067; P0083; P0477; P0526; P0533; P0600; P0707; P1113; P1114; P1117; P1128; P1129; P1300; P1305; P1323; P1350; P1478; P1595; P1669; P1683; P1692; P1714,,,0.82,"strong network signal, but no explicit professor title evidence",A_review_first
A5100743828,Hye‐Jeong Lee,Yonsei University; Severance Hospital; Yonsei University Health System,146,26,P0330; P0401; P0439; P0446; P0485; P0786; P0855; P1075; P1102; P1121; P1146; P1190; P1215; P1221; P1222; P1433; P1448; P1457; P1479; P1536; P1561; P1603; P1659; P1676; P1683; P1748,,,0.82,"strong network signal, but no explicit professor title evidence",A_review_first
A5080295544,Bhumsuk Keam,Seoul National University; Seoul National University Hospital; Seoul National University Cancer Hospital,144,26,P0023; P0028; P0057; P0064; P0067; P0079; P0200; P0209; P0250; P0253; P0350; P0696; P0998; P1112; P1114; P1116; P1140; P1653; P1677; P1682; P1707; P1714; P1720; P1732; P1749; P1775,,,0.82,"strong network signal, but no explicit professor title evidence",A_review_first
A5071829277,Hee‐Joon Bae,Seoul National University; Monash Medical Centre; Seoul National University Bundang Hospital; Monash Health,298,25,P0219; P0297; P0325; P0367; P0379; P0380; P0532; P0534; P0535; P1116; P1168; P1241; P1309; P1338; P1342; P1349; P1378; P1437; P1474; P1538; P1683; P1692; P1706; P1714; P1734,,,0.82,"strong network signal, but no explicit professor title evidence",A_review_first
A5043824226,June‐Won Cheong,Yonsei University; Severance Hospital; Yonsei University Health System,222,25,P0007; P0013; P0014; P0020; P0253; P0355; P0903; P0914; P0920; P0923; P1027; P1098; P1159; P1178; P1183; P1192; P1217; P1296; P1413; P1454; P1655; P1667; P1701; P1715; P1724,,,0.82,"strong network signal, but no explicit professor title evidence",A_review_first
A5049348377,Kyung Hae Jung,Asan Medical Center; University of Ulsan,175,25,P0028; P0337; P0350; P0354; P0394; P0435; P0594; P0603; P0858; P0998; P1112; P1149; P1173; P1190; P1285; P1592; P1600; P1654; P1665; P1666; P1692; P1702; P1704; P1705; P1707,,,0.82,"strong network signal, but no explicit professor title evidence",A_review_first
A5030577122,Joohyuk Sohn,Yonsei University; Yonsei University Health System; Yonsei Cancer Hospital,168,25,P0007; P0028; P0199; P0389; P0485; P0498; P0603; P0925; P0926; P0998; P1149; P1172; P1187; P1285; P1313; P1321; P1350; P1413; P1480; P1654; P1682; P1697; P1702; P1707; P1726,,,0.82,"strong network signal, but no explicit professor title evidence",A_review_first
A5050684671,Yung‐Jue Bang,Seoul National University,165,25,P0057; P0079; P0253; P0326; P0350; P0498; P0526; P0594; P0707; P0786; P0998; P1062; P1112; P1117; P1131; P1414; P1444; P1653; P1654; P1665; P1669; P1677; P1692; P1696; P1707,,,0.82,"strong network signal, but no explicit professor title evidence",A_review_first
A5015112169,Chul Won Jung,Samsung Medical Center; Sungkyunkwan University,155,25,P0006; P0007; P0013; P0014; P0020; P0251; P0253; P0326; P0350; P0355; P0449; P0603; P0605; P1027; P1088; P1094; P1098; P1183; P1235; P1595; P1670; P1692; P1701; P1707; P1715,,,0.82,"strong network signal, but no explicit professor title evidence",A_review_first
A5043085745,Ki Woong Kim,Seoul National University; Seoul National University Bundang Hospital,152,25,P0007; P0028; P0075; P0123; P0352; P0604; P0707; P0738; P0999; P1098; P1111; P1114; P1117; P1144; P1174; P1213; P1341; P1354; P1532; P1550; P1659; P1666; P1669; P1670; P1745,,,0.82,"strong network signal, but no explicit professor title evidence",A_review_first
A5064174334,Seong‐Ho Kong,Seoul National University; Seoul National University Hospital,260,24,P0078; P0079; P0114; P0359; P0405; P0428; P0445; P0550; P0616; P0752; P1069; P1126; P1321; P1423; P1541; P1652; P1659; P1660; P1663; P1665; P1669; P1692; P1704; P1711,,,0.82,"strong network signal, but no explicit professor title evidence",A_review_first
A5056221486,Yeo‐Kyeoung Kim,Chonnam National University Hwasun Hospital; The Catholic University of Korea Seoul St. Mary's Hospital; Catholic University of Korea,217,24,P0006; P0007; P0013; P0014; P0016; P0020; P0220; P0350; P0355; P0449; P0601; P0616; P1094; P1098; P1183; P1225; P1405; P1420; P1633; P1692; P1701; P1715; P1727; P1739,Impact of Community-Onset Methicillin-Resistant ...,https://pubmed.ncbi.nlm.nih.gov/30430778/,0.82,"strong network signal, but no explicit professor title evidence",A_review_first
A5013169133,Hee Jin Chang,National Cancer Centre Japan; National Cancer Center; National Cancer Center Hospital,177,24,P0057; P0285; P0354; P0751; P0997; P1054; P1173; P1186; P1337; P1593; P1598; P1665; P1666; P1669; P1682; P1684; P1699; P1702; P1704; P1705; P1707; P1708; P1755; P1762,,,0.82,"strong network signal, but no explicit professor title evidence",A_review_first
A5057387325,Seung‐Ki Kim,Seoul National University; Seoul National University Hospital; Seoul National University Children's Hospital,277,23,P0028; P0057; P0060; P0114; P0250; P0364; P0442; P0484; P0601; P0606; P0695; P0696; P0986; P1174; P1175; P1178; P1344; P1375; P1386; P1392; P1460; P1553; P1686,,,0.82,"strong network signal, but no explicit professor title evidence",A_review_first
A5006618457,Eun‐Seok Jeon,Samsung Medical Center; Sungkyunkwan University,244,23,P0007; P0021; P0030; P0050; P0205; P0211; P0446; P0541; P1113; P1114; P1117; P1144; P1172; P1258; P1296; P1300; P1363; P1428; P1595; P1630; P1713; P1714; P1719,,,0.82,"strong network signal, but no explicit professor title evidence",A_review_first
A5102924577,Chang‐Ki Min,The Catholic University of Korea Seoul St. Mary's Hospital; Catholic University of Korea,194,23,P0006; P0007; P0013; P0020; P0030; P0079; P0291; P0346; P0347; P0355; P0616; P1094; P1098; P1114; P1116; P1183; P1234; P1245; P1366; P1522; P1665; P1701; P1702,,,0.82,"strong network signal, but no explicit professor title evidence",A_review_first
A5101445353,Yeon Hee Park,Samsung Medical Center; The Catholic University of Korea Daejeon St. Mary's Hospital; Sungkyunkwan University; Catholic University of Korea,166,23,P0013; P0028; P0075; P0350; P0355; P0414; P0484; P0498; P0703; P0774; P0998; P1114; P1149; P1264; P1309; P1522; P1654; P1666; P1677; P1696; P1702; P1707; P1726,,,0.82,"strong network signal, but no explicit professor title evidence",A_review_first
A5010733573,Jae‐Hyun Lee,Seoul National University; Sungkyunkwan University,158,23,P0006; P0042; P0055; P0105; P0115; P0386; P0536; P0596; P0631; P0801; P1098; P1141; P1183; P1188; P1190; P1238; P1240; P1304; P1459; P1661; P1676; P1692; P1786,,,0.82,"strong network signal, but no explicit professor title evidence",A_review_first
A5100681582,Beom Kyung Kim,Yonsei University; Severance Hospital; Yonsei University Health System,326,22,P0092; P0099; P0211; P0340; P0342; P0532; P0541; P0777; P0912; P0923; P0926; P1172; P1185; P1413; P1419; P1454; P1459; P1659; P1661; P1676; P1708; P1775,,,0.82,"strong network signal, but no explicit professor title evidence",A_review_first
A5084410026,Yung‐Eun Sung,Tech University of Korea; Seoul National University; Institute for Basic Science,188,22,P0007; P0022; P0589; P0718; P0734; P0738; P0740; P0743; P0744; P0746; P0755; P0813; P0820; P0832; P1019; P1075; P1180; P1239; P1269; P1271; P1341; P1557,,,0.82,"strong network signal, but no explicit professor title evidence",A_review_first
A5102784882,Ho‐Jin Shin,Pusan National University Hospital; Pusan National University,187,22,P0007; P0013; P0014; P0016; P0020; P0078; P0253; P0355; P0550; P0603; P0616; P0703; P1098; P1183; P1304; P1413; P1420; P1667; P1670; P1701; P1702; P1715,High one-hour plasma glucose is an intermediate risk state ...,https://pubmed.ncbi.nlm.nih.gov/39617334/,0.82,"strong network signal, but no explicit professor title evidence",A_review_first
A5052740970,Chan Soo Shin,Seoul National University; Seoul National University Hospital,161,22,P0028; P0083; P0346; P0511; P0622; P0665; P0753; P0920; P0991; P1117; P1129; P1181; P1204; P1344; P1372; P1470; P1475; P1541; P1669; P1688; P1720; P1724,,,0.82,"strong network signal, but no explicit professor title evidence",A_review_first
A5111748368,Sung‐Hwan Park,Central Research Institute; The Catholic University of Korea Seoul St. Mary's Hospital; Catholic University of Korea,188,21,P0090; P0263; P0364; P0408; P0588; P0751; P0842; P1127; P1139; P1188; P1234; P1281; P1327; P1541; P1593; P1603; P1656; P1661; P1688; P1735; P1742,,,0.82,"strong network signal, but no explicit professor title evidence",A_review_first
A5048695610,Ju Han Kim,Chonnam National University; Chonnam National University Hospital,175,21,P0021; P0028; P0030; P0173; P0319; P0349; P0434; P0446; P0580; P0702; P0836; P0920; P0978; P1080; P1141; P1158; P1486; P1499; P1683; P1706; P1714,,,0.82,"strong network signal, but no explicit professor title evidence",A_review_first
A5029637939,Seo Young Jeong,Chung-Ang University; Inha University; Japan Advanced Institute of Science and Technology; Konkuk University; Korea Advanced Institute of Science and Technology; Korea Institute of Science and Technology; Korea University; Korean Association Of Science and Technology Studies; Kyung Hee University; Kyung Hee University Dental Hospital; Purdue University West Lafayette; Samsung Medical Center; Seoul National University; Sungkyunkwan University,167,21,P0007; P0021; P0050; P0068; P0114; P0195; P0989; P1057; P1120; P1123; P1128; P1140; P1150; P1152; P1155; P1243; P1320; P1472; P1480; P1557; P1659,,,0.82,"strong network signal, but no explicit professor title evidence",A_review_first
A5090893923,Jae Min Jeong,Cancer Research Institute; Ewha Womans University; Pohang University of Science and Technology; Seoul National University; Seoul National University Hospital; Seoul National University Hospital Biomedical Research Institute,157,21,P0067; P0114; P0115; P0123; P0200; P0337; P0345; P0361; P0399; P0486; P0711; P0746; P1069; P1113; P1126; P1128; P1168; P1181; P1300; P1472; P1686,,,0.82,"strong network signal, but no explicit professor title evidence",A_review_first
A5053575162,Myeong‐Ki Hong,Yonsei University; Severance Hospital; Yonsei University Health System,429,20,P0007; P0030; P0319; P0346; P0434; P0580; P0641; P0753; P1114; P1121; P1129; P1172; P1173; P1177; P1472; P1581; P1592; P1659; P1665; P1683,,,0.82,"strong network signal, but no explicit professor title evidence",A_review_first
A5081680751,Young‐Guk Ko,Yonsei University; Severance Hospital; Yonsei University Health System,259,20,P0007; P0030; P0319; P0333; P0434; P0471; P0580; P0641; P1121; P1155; P1185; P1244; P1472; P1581; P1592; P1656; P1659; P1665; P1683; P1714,,,0.82,"strong network signal, but no explicit professor title evidence",A_review_first
A5071649692,Ji Hoon Phi,Seoul National University; Seoul National University Hospital; Seoul National University Children's Hospital,211,19,P0028; P0057; P0114; P0201; P0250; P0364; P0439; P0484; P0601; P0696; P0986; P1114; P1117; P1174; P1182; P1386; P1460; P1611; P1686,,,0.82,"strong network signal, but no explicit professor title evidence",A_review_first
A5011107729,Do Joong Park,Seoul National University; Seoul National University Hospital; Seoul National University Bundang Hospital; The Catholic University of Korea Seoul St. Mary's Hospital; Catholic University of Korea,185,19,P0078; P0079; P0114; P0123; P0367; P0383; P0405; P0542; P0550; P0587; P0606; P0616; P1197; P1437; P1665; P1669; P1692; P1704; P1719,,,0.82,"strong network signal, but no explicit professor title evidence",A_review_first
A5009690700,Kangmo Ahn,Samsung (South Korea); Samsung Medical Center; Sungkyunkwan University,178,19,P0040; P0163; P0337; P0391; P0532; P0535; P0572; P0605; P0685; P0823; P0920; P1114; P1116; P1117; P1305; P1661; P1666; P1730; P1756,,,0.82,"strong network signal, but no explicit professor title evidence",A_review_first
A5033463484,Keun‐Sik Hong,Inje University; Inje University Ilsan Paik Hospital,224,18,P0030; P0297; P0379; P0380; P0532; P0535; P0569; P0702; P1114; P1168; P1208; P1241; P1309; P1338; P1538; P1686; P1692; P1706,,,0.82,"strong network signal, but no explicit professor title evidence",A_review_first
A5066708574,Hyuk‐Joon Lee,Seoul National University; Seoul National University Hospital,192,18,P0075; P0078; P0079; P0114; P0359; P0367; P0405; P0445; P0616; P0752; P1197; P1423; P1541; P1659; P1665; P1669; P1704; P1711,,,0.82,"strong network signal, but no explicit professor title evidence",A_review_first
A5002716006,In‐Soo Choi,Konkuk University,177,18,P0230; P0236; P0255; P0257; P0263; P0266; P0292; P0312; P1131; P1158; P1192; P1315; P1334; P1341; P1360; P1443; P1450; P1692,,,0.82,"strong network signal, but no explicit professor title evidence",A_review_first
A5074131210,Jong Kwan Jun,Ewha Womans University; Seoul National University; Seoul National University Hospital; Ewha Womans University Mokdong Hospital,328,17,P0115; P0163; P0337; P0376; P0766; P1002; P1174; P1176; P1263; P1305; P1401; P1463; P1499; P1592; P1670; P1686; P1723,,,0.82,"strong network signal, but no explicit professor title evidence",A_review_first
A5061179490,Yun‐Suhk Suh,Seoul National University; Seoul National University Hospital; Seoul National University Bundang Hospital,171,17,P0075; P0078; P0079; P0114; P0359; P0405; P0616; P0752; P1054; P1423; P1427; P1541; P1659; P1665; P1669; P1692; P1704,,,0.82,"strong network signal, but no explicit professor title evidence",A_review_first
A5022535671,Kang Ro Lee,Sungkyunkwan University,178,15,P0055; P0168; P0187; P0208; P0562; P0700; P0703; P0987; P0999; P1112; P1181; P1240; P1279; P1361; P1602,,,0.82,"strong network signal, but no explicit professor title evidence",A_review_first
A5052199736,Jin Cheon Kim,Asan Medical Center; University of Ulsan,366,14,P0163; P0384; P0585; P0673; P1126; P1149; P1173; P1176; P1194; P1199; P1282; P1413; P1472; P1705,,,0.82,"strong network signal, but no explicit professor title evidence",A_review_first
A5042207335,Seok‐Byung Lim,Asan Medical Center; University of Ulsan,246,14,P0057; P0542; P0673; P1126; P1128; P1148; P1149; P1173; P1194; P1282; P1666; P1699; P1705; P1707,,,0.82,"strong network signal, but no explicit professor title evidence",A_review_first
A5083751923,Jong Oh Kim,Yeungnam University; Sungkyunkwan University,219,14,P0012; P0142; P0149; P0179; P0188; P0204; P0255; P0352; P0706; P1067; P1148; P1150; P1589; P1692,,,0.82,"strong network signal, but no explicit professor title evidence",A_review_first
A5004789784,Byeong‐Keuk Kim,Yonsei University; Severance Hospital; Yonsei University Health System; Korea University Guro Hospital,212,14,P0030; P0319; P0379; P0434; P0580; P0641; P1113; P1121; P1472; P1581; P1592; P1659; P1665; P1683,,,0.82,"strong network signal, but no explicit professor title evidence",A_review_first
A5072472240,Jay Chol Choi,Seoul Medical Center; Jeju National University Hospital; Jeju National University,207,14,P0050; P0297; P0379; P0380; P0416; P0532; P0535; P1142; P1146; P1241; P1304; P1538; P1706; P1714,,,0.82,"strong network signal, but no explicit professor title evidence",A_review_first
A5006268543,Eisuke Kobayashi,National Cancer Centre Japan; National Cancer Center Hospital,180,14,P1653; P1654; P1657; P1662; P1668; P1672; P1674; P1679; P1681; P1691; P1696; P1703; P1709; P1711,,,0.82,"strong network signal, but no explicit professor title evidence",A_review_first
A5008573288,Kyung‐Ho Yu,Hallym University; Hallym University Sacred Heart Hospital,198,13,P0297; P0325; P0379; P0380; P0532; P0535; P1168; P1241; P1309; P1338; P1349; P1538; P1692,,,0.82,"strong network signal, but no explicit professor title evidence",A_review_first
A5076037043,Seong‐Wook Park,Asan Medical Center; University of Ulsan; Ulsan University Hospital,246,12,P0075; P0219; P0346; P0580; P0753; P0907; P1114; P1129; P1486; P1592; P1665; P1714,,,0.82,"strong network signal, but no explicit professor title evidence",A_review_first
A5080532129,Yong Sik Yoon,Asan Medical Center; University of Ulsan,245,12,P0022; P0351; P0597; P0619; P0673; P1126; P1173; P1176; P1194; P1199; P1264; P1282,,,0.82,"strong network signal, but no explicit professor title evidence",A_review_first
A5010721594,In Ja Park,Asan Medical Center; University of Ulsan,217,11,P0542; P0673; P1126; P1149; P1173; P1176; P1194; P1199; P1282; P1621; P1705,,,0.82,"strong network signal, but no explicit professor title evidence",A_review_first
A5086090575,Chul Soon Yong,Yeungnam University,231,10,P0142; P0149; P0179; P0204; P0706; P1117; P1148; P1150; P1216; P1692,,,0.82,"strong network signal, but no explicit professor title evidence",A_review_first
A5020275467,Shizuka Sasazuki,Aichi Cancer Center; Ehime University; Hamamatsu University; Hiraka General Hospital; Ibaraki Prefectural Government; Japan Society for the Promotion of Science; Kobe University; Kyorin University; Kyoto University; Kyushu University; Kōchi University; Ministry of Health Labour and Welfare; Nagoya City University; Nagoya University; National Cancer Center; National Cancer Center Hospital East; National Cancer Centre Japan; National Center for Global Health and Medicine; National Institute for Environmental Studies; Niigata University; Osaka International Cancer Institute; Research Institute for Brain and Blood Vessels Akita; Sendai University; The University of Osaka; The University of Tokyo; Tohoku University; Tokyo Medical and Dental University; Tokyo University of Agriculture; University of Kochi; University of Tsukuba,240,8,P1652; P1660; P1663; P1664; P1672; P1675; P1684; P1690,,,0.82,"strong network signal, but no explicit professor title evidence",A_review_first
A5048764382,Cheol Whan Lee,Yonsei University; Severance Hospital; Asan Medical Center; University of Ulsan; Yonsei University Health System,223,7,P0219; P0346; P0524; P0580; P0907; P1114; P1129,,,0.82,"strong network signal, but no explicit professor title evidence",A_review_first
A5044045541,Kanhaiya L. Poddar,Korea University; Korea University Guro Hospital; Korea University Medical Center; Second Hospital of Tianjin Medical University; Tianjin Medical University,210,3,P1113; P1197; P1472,,,0.82,"strong network signal, but no explicit professor title evidence",A_review_first
A5100647740,Young Joo Park,Sutro Biopharma (United States),164,44,P0007; P0014; P0028; P0034; P0057; P0075; P0083; P0123; P0205; P0322; P0432; P0475; P0482; P0604; P0623; P0696; P0707; P0878; P0914; P0991; P1098; P1104; P1117; P1129; P1172; P1176; P1183; P1197; P1199; P1296; P1299; P1322; P1328; P1342; P1372; P1413; P1472; P1491; P1541; P1564; P1684; P1686; P1688; P1745,,,0.5,manual review needed,C_manual
A5066277266,Keitaro Matsuo,Aichi Cancer Center; Nagoya University,307,37,P0028; P0162; P0329; P0696; P0997; P1172; P1197; P1593; P1652; P1655; P1660; P1663; P1664; P1665; P1667; P1668; P1675; P1678; P1680; P1684; P1685; P1689; P1690; P1695; P1697; P1699; P1702; P1703; P1705; P1709; P1711; P1718; P1732; P1745; P1760; P1769; P1771,,,0.5,manual review needed,C_manual
A5025520229,Takashi Kohno,National Cancer Centre Japan,380,33,P1652; P1653; P1654; P1655; P1657; P1660; P1662; P1663; P1664; P1667; P1668; P1671; P1672; P1675; P1678; P1679; P1680; P1681; P1685; P1689; P1690; P1693; P1694; P1695; P1696; P1697; P1698; P1702; P1703; P1709; P1710; P1714; P1720,,,0.5,manual review needed,C_manual
A5072404313,Koichi Matsuda,Kyoto University; The University of Tokyo,155,31,P0028; P0162; P0329; P1172; P1652; P1654; P1657; P1658; P1659; P1662; P1663; P1664; P1674; P1675; P1684; P1685; P1695; P1696; P1697; P1702; P1703; P1705; P1716; P1718; P1720; P1732; P1739; P1745; P1749; P1769; P1771,,,0.5,manual review needed,C_manual
A5065196329,Yasushi Yatabe,Juntendo University; National Cancer Centre Japan,226,31,P1172; P1197; P1337; P1653; P1654; P1657; P1658; P1660; P1662; P1663; P1664; P1668; P1672; P1674; P1675; P1678; P1679; P1680; P1681; P1685; P1689; P1690; P1694; P1695; P1696; P1697; P1698; P1700; P1703; P1709; P1710,,,0.5,manual review needed,C_manual
A5054227742,Byung‐Yong Kim,Chong Kun Dang Bio (South Korea),150,30,P0044; P0176; P0179; P0180; P0182; P0184; P0185; P0257; P0295; P0700; P0703; P0984; P1115; P1119; P1184; P1218; P1304; P1333; P1344; P1357; P1454; P1460; P1539; P1552; P1562; P1598; P1599; P1624; P1630; P1740,,,0.5,manual review needed,C_manual
A5090846902,Yuichiro Ohe,National Cancer Centre Japan,437,29,P1653; P1654; P1655; P1657; P1658; P1662; P1663; P1664; P1667; P1668; P1671; P1672; P1674; P1675; P1677; P1679; P1680; P1681; P1685; P1691; P1694; P1695; P1696; P1697; P1698; P1700; P1703; P1709; P1710,,,0.5,manual review needed,C_manual
A5082832235,Ken Kato,National Cancer Centre Japan; Osaka National Hospital,242,27,P0028; P0253; P1652; P1653; P1654; P1655; P1657; P1658; P1662; P1668; P1669; P1672; P1675; P1679; P1680; P1681; P1690; P1691; P1694; P1695; P1696; P1697; P1698; P1700; P1703; P1709; P1711,,,0.5,manual review needed,C_manual
A5076696174,Takuji Okusaka,National Cancer Centre Japan,395,27,P1652; P1653; P1654; P1657; P1658; P1662; P1663; P1664; P1666; P1668; P1672; P1674; P1675; P1679; P1680; P1681; P1685; P1689; P1690; P1691; P1695; P1697; P1698; P1700; P1703; P1708; P1709,,,0.5,manual review needed,C_manual
A5074229876,Kazuki Sudo,National Cancer Centre Japan; National Cancer Center Hospital East,387,25,P1652; P1653; P1654; P1655; P1657; P1658; P1660; P1662; P1667; P1668; P1672; P1674; P1675; P1679; P1680; P1681; P1691; P1693; P1695; P1696; P1697; P1698; P1700; P1703; P1709,,,0.5,manual review needed,C_manual
A5038375140,Atsushi Ochiai,Tokyo University of Science,157,23,P1653; P1654; P1657; P1658; P1662; P1664; P1668; P1672; P1679; P1680; P1681; P1685; P1689; P1690; P1691; P1693; P1695; P1696; P1697; P1698; P1700; P1709; P1711,,,0.5,manual review needed,C_manual
A5075849177,Yasuhiro Fujiwara,Yokohama City University,265,23,P1387; P1652; P1653; P1654; P1655; P1657; P1660; P1662; P1664; P1667; P1668; P1671; P1672; P1677; P1679; P1681; P1685; P1691; P1695; P1696; P1698; P1707; P1721,,,0.5,manual review needed,C_manual
A5108388975,Byung‐Ho Nam,National Cancer Center,161,23,P0040; P0329; P0597; P0703; P0707; P1112; P1126; P1173; P1427; P1665; P1666; P1669; P1677; P1682; P1684; P1688; P1699; P1701; P1702; P1704; P1705; P1707; P1708,,,0.5,manual review needed,C_manual
A5033956905,Yasushi Goto,Jikei University School of Medicine; National Cancer Centre Japan; National Cancer Center Hospital East,219,22,P1653; P1654; P1655; P1662; P1663; P1664; P1668; P1672; P1674; P1675; P1677; P1679; P1681; P1685; P1691; P1695; P1696; P1697; P1698; P1703; P1709; P1710,,,0.5,manual review needed,C_manual
A5100401143,Wei Zheng,National Institutes of Health; Shandong University of Traditional Chinese Medicine; Central South University; Vanderbilt University; Sheng Jing Hospital; Changchun University of Chinese Medicine; The Affiliated Hospital to Changchun University of Chinese Medicine; National Center for Advancing Translational Sciences; Wuyi University; Affiliated Hospital of Shandong University of Traditional Chinese Medicine; Chinese People's Liberation Army; Vanderbilt-Ingram Cancer Center; Vanderbilt University Medical Center; China Medical University; Wuyi University,167,23,P0329; P0696; P0997; P1593; P1652; P1660; P1663; P1664; P1675; P1684; P1685; P1690; P1697; P1702; P1705; P1718; P1720; P1722; P1732; P1745; P1749; P1767; P1769,,,0.5,manual review needed,C_manual
A5010090426,Narikazu Boku,National Cancer Centre Japan; The University of Tokyo,209,21,P0253; P1653; P1654; P1655; P1658; P1662; P1665; P1667; P1668; P1669; P1672; P1679; P1680; P1685; P1690; P1691; P1696; P1698; P1700; P1704; P1711,,,0.5,manual review needed,C_manual
A5074636897,Zigang Dong,Ministry of Education of the People's Republic of China; Zhengzhou University; China-US (Henan) Hormel Cancer Institute; Henan Cancer Hospital; Henan Medical College,182,21,P0060; P0253; P0496; P0569; P0574; P0670; P0684; P0804; P0968; P1000; P1074; P1115; P1179; P1201; P1209; P1422; P1538; P1593; P1614; P1650; P1752,,,0.5,manual review needed,C_manual
A5001211200,Shigeki Sekine,Keio University; National Cancer Centre Japan,167,21,P1337; P1653; P1654; P1657; P1658; P1662; P1668; P1673; P1679; P1680; P1681; P1689; P1690; P1691; P1693; P1694; P1697; P1698; P1700; P1703; P1711,,,0.5,manual review needed,C_manual
A5085657415,Xiao‐Ou Shu,Memorial Sloan Kettering Cancer Center; Vanderbilt University; Vanderbilt-Ingram Cancer Center; Vanderbilt University Medical Center,154,22,P0329; P1593; P1652; P1660; P1663; P1664; P1675; P1684; P1685; P1690; P1697; P1702; P1705; P1712; P1718; P1720; P1722; P1732; P1745; P1749; P1767; P1769,,,0.5,manual review needed,C_manual
A5006840327,Akihiko Yoshida,National Cancer Centre Japan,384,21,P1653; P1654; P1657; P1662; P1667; P1668; P1671; P1672; P1674; P1679; P1680; P1681; P1685; P1693; P1695; P1696; P1697; P1703; P1709; P1710; P1711,,,0.5,manual review needed,C_manual
A5067881155,Satoru Iwasa,National Cancer Centre Japan,361,21,P1652; P1653; P1654; P1655; P1657; P1658; P1662; P1667; P1668; P1672; P1675; P1679; P1680; P1681; P1685; P1691; P1695; P1696; P1698; P1700; P1711,,,0.5,manual review needed,C_manual
A5020020643,Myeong‐Cherl Kook,National Cancer Center,180,21,P0040; P0079; P0275; P0445; P0594; P1126; P1186; P1187; P1321; P1413; P1665; P1666; P1669; P1684; P1688; P1699; P1701; P1702; P1704; P1708; P1711,,,0.5,manual review needed,C_manual
A5054256781,Tatsuhiro Shibata,Kurume University; National Cancer Centre Japan; The University of Tokyo,230,21,P1653; P1654; P1658; P1660; P1662; P1664; P1667; P1668; P1672; P1674; P1675; P1678; P1679; P1680; P1685; P1689; P1695; P1697; P1703; P1709; P1711,,,0.5,manual review needed,C_manual
A5019998656,Shun-ichi I. WATANABE,Japan Meteorological Agency; National Cancer Centre Japan; Meteorological Research Institute,281,20,P1653; P1654; P1657; P1662; P1663; P1664; P1668; P1672; P1675; P1679; P1680; P1685; P1691; P1694; P1695; P1697; P1698; P1703; P1709; P1710,,,0.5,manual review needed,C_manual
A5039783762,Junki Mizusawa,National Cancer Centre Japan; National Cancer Center Hospital East,224,19,P1652; P1653; P1654; P1658; P1662; P1664; P1665; P1668; P1669; P1672; P1673; P1674; P1679; P1680; P1691; P1692; P1694; P1698; P1709,,,0.5,manual review needed,C_manual
A5024768100,Bang Wool Eom,National Cancer Center,172,19,P0445; P0550; P1126; P1321; P1413; P1423; P1427; P1600; P1601; P1659; P1665; P1669; P1677; P1682; P1684; P1688; P1699; P1702; P1704,,,0.5,manual review needed,C_manual
A5080299485,Shunsuke Kondo,University of Hawaiʻi at Mānoa; University of Hawaii System; University of the Ryukyus; National Cancer Centre Japan; Tokyo Women's Medical University; National Cancer Center Hospital East; Scientific Research WorkS Peer Support Group,376,18,P1653; P1654; P1657; P1658; P1662; P1668; P1672; P1679; P1680; P1681; P1685; P1690; P1695; P1696; P1697; P1700; P1703; P1709,,,0.5,manual review needed,C_manual
A5015229603,Shigehisa Kitano,The Cancer Institute Hospital; Japanese Foundation For Cancer Research,207,18,P1653; P1654; P1655; P1657; P1662; P1667; P1668; P1672; P1674; P1679; P1681; P1682; P1685; P1694; P1695; P1696; P1698; P1709,,,0.5,manual review needed,C_manual
A5017061681,Tatsunori Shimoi,National Cancer Centre Japan,309,18,P1653; P1654; P1655; P1657; P1660; P1662; P1667; P1668; P1672; P1674; P1681; P1690; P1693; P1695; P1696; P1697; P1698; P1703,,,0.5,manual review needed,C_manual
A5101435028,Kenichi Nakamura,National Cancer Centre Japan,252,19,P1652; P1653; P1654; P1657; P1660; P1662; P1663; P1664; P1668; P1672; P1675; P1679; P1680; P1681; P1690; P1691; P1694; P1695; P1698,,,0.5,manual review needed,C_manual
A5059834800,Natsuko Tsuda Okita,National Cancer Centre Japan,188,18,P1652; P1653; P1654; P1655; P1658; P1662; P1667; P1668; P1672; P1675; P1679; P1680; P1681; P1691; P1695; P1696; P1697; P1698,,,0.5,manual review needed,C_manual
A5015384004,Hitoshi Ichikawa,National Cancer Centre Japan,259,17,P1653; P1654; P1657; P1662; P1668; P1672; P1674; P1679; P1681; P1685; P1689; P1693; P1695; P1696; P1697; P1703; P1711,,,0.5,manual review needed,C_manual
A5035863117,Tomoyasu Kato,National Cancer Centre Japan,194,17,P1653; P1654; P1655; P1657; P1662; P1672; P1679; P1680; P1681; P1689; P1690; P1691; P1696; P1697; P1698; P1703; P1709,,,0.5,manual review needed,C_manual
A5079864042,Yasuhide Yamada,National Center for Global Health and Medicine,180,17,P1652; P1653; P1654; P1655; P1657; P1658; P1668; P1675; P1679; P1680; P1685; P1691; P1696; P1698; P1699; P1700; P1711,,,0.5,manual review needed,C_manual
A5022537134,Masafumi Ikeda,National Cancer Centre Japan; National Cancer Center Hospital East,313,16,P0707; P1114; P1653; P1654; P1657; P1666; P1668; P1672; P1679; P1680; P1681; P1691; P1694; P1696; P1698; P1708,,,0.5,manual review needed,C_manual
A5069272944,Kenji Tamura,National Cancer Centre Japan; Shimane University Hospital,250,16,P1653; P1654; P1655; P1657; P1662; P1668; P1672; P1679; P1681; P1685; P1691; P1693; P1695; P1696; P1697; P1707,,,0.5,manual review needed,C_manual
A5112010683,Tetsuya Hamaguchi,Saitama International Medical Center; Saitama Medical University,180,16,P1652; P1653; P1654; P1655; P1658; P1668; P1675; P1679; P1680; P1690; P1691; P1694; P1696; P1698; P1700; P1711,,,0.5,manual review needed,C_manual
A5109949257,Koji Tsuta,Kansai Medical University,174,16,P1652; P1653; P1654; P1662; P1664; P1672; P1675; P1679; P1685; P1689; P1693; P1694; P1697; P1698; P1709; P1710,,,0.5,manual review needed,C_manual
A5006913863,Ryo Sadachi,National Cancer Centre Japan,184,15,P1653; P1654; P1657; P1667; P1668; P1672; P1678; P1679; P1680; P1681; P1691; P1696; P1698; P1700; P1709,,,0.5,manual review needed,C_manual
A5007635404,Noriko Motoi,Saitama Cancer Center,179,15,P1653; P1654; P1657; P1662; P1663; P1664; P1668; P1675; P1679; P1681; P1685; P1695; P1697; P1709; P1710,,,0.5,manual review needed,C_manual
A5011357939,Hitomi Sumiyoshi Okuma,Harvard University; National Cancer Centre Japan; Massachusetts General Hospital,244,14,P1653; P1654; P1657; P1660; P1662; P1667; P1668; P1672; P1679; P1681; P1685; P1698; P1703; P1714,,,0.5,manual review needed,C_manual
A5023648418,Seiichiro Abe,National Cancer Centre Japan,204,14,P1655; P1657; P1658; P1662; P1667; P1672; P1680; P1690; P1691; P1694; P1697; P1698; P1700; P1709,,,0.5,manual review needed,C_manual
A5061760818,Yutaka Fujiwara,Aichi Cancer Center,183,14,P1653; P1654; P1655; P1657; P1662; P1668; P1677; P1681; P1685; P1691; P1695; P1696; P1697; P1698,,,0.5,manual review needed,C_manual
A5009975594,Yoshinobu Kanda,Jichi Medical University; Jichi Medical University Hospital; Jichi Medical University Saitama Medical Center; Saitama Medical University,309,14,P0013; P0014; P0355; P1652; P1654; P1655; P1660; P1662; P1663; P1664; P1667; P1675; P1678; P1690,,,0.5,manual review needed,C_manual
A5015262464,Takeshi Nakajima,National Cancer Centre Japan; Senju Pharmaceutical (Japan); Osaka International Cancer Institute,198,13,P1652; P1655; P1657; P1658; P1662; P1664; P1669; P1675; P1679; P1680; P1690; P1700; P1703,,,0.5,manual review needed,C_manual
A5046628885,Toshio Shimizu,Kansai Medical University; Wakayama Medical University; National Cancer Centre Japan,362,12,P1653; P1654; P1657; P1662; P1667; P1668; P1677; P1679; P1681; P1695; P1696; P1703,,,0.5,manual review needed,C_manual
A5062602632,Takahisa Matsuda,Toho University; Toho University Omori Medical Center,358,12,P1652; P1655; P1658; P1664; P1675; P1680; P1691; P1694; P1698; P1700; P1703; P1710,,,0.5,manual review needed,C_manual
A5083342160,Koichi Ichimura,Kyorin University; National Cancer Centre Japan,220,11,P1653; P1654; P1655; P1662; P1671; P1672; P1678; P1679; P1681; P1691; P1703,,,0.5,manual review needed,C_manual
A5042828451,Yuki Kojima,National Cancer Centre Japan; Japanese Red Cross Nagoya Daiichi Hospital,216,11,P1653; P1654; P1657; P1662; P1667; P1668; P1672; P1681; P1690; P1696; P1697,,,0.5,manual review needed,C_manual
A5056197140,Junji Furuse,Kyorin University Hospital; Kanagawa Cancer Center,200,12,P1653; P1654; P1657; P1668; P1679; P1680; P1681; P1691; P1694; P1696; P1698; P1708,,,0.5,manual review needed,C_manual
A5020327537,Hiroshi Nokihara,National Center for Global Health and Medicine; Tokushima University,214,10,P1653; P1654; P1671; P1677; P1685; P1691; P1695; P1697; P1698; P1710,,,0.5,manual review needed,C_manual
A5070493419,Yuki Katsuya,National Cancer Centre Japan; National Cancer Center Hospital East,202,8,P1653; P1654; P1667; P1681; P1685; P1695; P1698; P1703,,,0.5,manual review needed,C_manual
A5071673879,Taku Sakamoto,University of Tsukuba; National Cancer Centre Japan,208,7,P1658; P1664; P1668; P1675; P1680; P1690; P1700,,,0.5,manual review needed,C_manual
A5000202667,Y. James Kang,Hainan General Hospital; Dali University,342,2,P1472; P1713,,,0.5,manual review needed,C_manual
A5100608883,Kyung‐Hee Kim,Florida State University; Kookmin University; Emory University; Chungnam National University; Korea Polar Research Institute; Ajou University,124,80,P0007; P0040; P0042; P0057; P0090; P0097; P0161; P0211; P0250; P0256; P0257; P0265; P0342; P0359; P0365; P0404; P0422; P0439; P0444; P0456; P0525; P0538; P0605; P0609; P0703; P0711; P0753; P0804; P0880; P0968; P0972; P0998; P0999; P1097; P1098; P1137; P1142; P1154; P1169; P1176; P1182; P1198; P1200; P1204; P1207; P1216; P1222; P1236; P1247; P1250; P1251; P1309; P1321; P1355; P1358; P1367; P1423; P1425; P1426; P1441; P1519; P1536; P1566; P1593; P1618; P1639; P1665; P1666; P1669; P1670; P1677; P1682; P1683; P1686; P1699; P1701; P1702; P1705; P1717; P1794,,,0.5,manual review needed,D_noise_check
A5022219891,Jong‐Il Kim,Seoul National University; Kangwon National University; Agency for Defense Development; Seoul National University Hospital; Seoul National University Bundang Hospital; Korea Institute of Ceramic Engineering and Technology,137,63,P0028; P0066; P0067; P0079; P0115; P0233; P0337; P0359; P0370; P0439; P0477; P0542; P0547; P0625; P0631; P0687; P0696; P0991; P0999; P1112; P1117; P1136; P1137; P1151; P1173; P1174; P1187; P1204; P1232; P1238; P1246; P1263; P1309; P1314; P1329; P1356; P1375; P1392; P1412; P1423; P1466; P1478; P1488; P1519; P1522; P1529; P1560; P1594; P1618; P1619; P1656; P1659; P1661; P1665; P1669; P1670; P1677; P1684; P1688; P1702; P1720; P1749; P1790,,,0.5,manual review needed,D_noise_check
A5100337398,Sung Soo Kim,Kyung Hee University,101,61,P0192; P0200; P0201; P0208; P0291; P0337; P0408; P0422; P0486; P0493; P0625; P0691; P0707; P0753; P0843; P0855; P1027; P1083; P1116; P1129; P1132; P1139; P1142; P1176; P1183; P1200; P1208; P1252; P1255; P1264; P1267; P1303; P1344; P1370; P1374; P1380; P1414; P1419; P1563; P1564; P1593; P1597; P1602; P1608; P1609; P1613; P1621; P1626; P1659; P1686; P1701; P1720; P1726; P1732; P1745; P1749; P1750; P1755; P1760; P1779; P1781,,,0.5,manual review needed,D_noise_check
A5100454659,Dong‐Hyun Kim,Sahmyook University,87,61,P0050; P0066; P0068; P0075; P0134; P0142; P0149; P0204; P0272; P0277; P0285; P0299; P0477; P0494; P0495; P0498; P0572; P0589; P0597; P0682; P0685; P0687; P0691; P0737; P0968; P1046; P1051; P1108; P1118; P1129; P1144; P1153; P1176; P1198; P1216; P1256; P1263; P1301; P1309; P1315; P1329; P1366; P1368; P1382; P1426; P1439; P1462; P1489; P1492; P1494; P1536; P1551; P1552; P1567; P1588; P1643; P1661; P1666; P1684; P1692; P1715,,,0.5,manual review needed,D_noise_check
A5008074124,Kyong Soo Park,Seoul National University; National Health Research Institutes; Konkuk University; Seoul National University Hospital; Taipei Veterans General Hospital; Taichung Veterans General Hospital; Konkuk University Medical Center; National Yang Ming University; National Defense Medical Center,152,60,P0023; P0030; P0042; P0058; P0060; P0075; P0079; P0083; P0123; P0201; P0211; P0481; P0511; P0589; P0623; P0696; P0746; P0753; P0837; P0868; P0920; P0990; P0991; P1021; P1069; P1117; P1125; P1127; P1144; P1174; P1307; P1321; P1344; P1350; P1354; P1355; P1372; P1386; P1421; P1464; P1473; P1541; P1615; P1659; P1669; P1670; P1684; P1688; P1716; P1718; P1720; P1730; P1732; P1745; P1749; P1756; P1760; P1767; P1769; P1771,,,0.5,manual review needed,D_noise_check
A5100413485,Ji‐Hyun Lee,Brigham and Women's Hospital; Chungnam National University; University of Florida Health; University of Florida; Ajou University Hospital; Chungnam National University Hospital; Kyung Hee University Hospital at Gangdong; UF Health Cancer Center,99,57,P0013; P0020; P0030; P0056; P0090; P0093; P0100; P0200; P0205; P0230; P0236; P0256; P0342; P0354; P0355; P0356; P0374; P0384; P0393; P0409; P0414; P0428; P0445; P0454; P0603; P0795; P0837; P0914; P0920; P1053; P1069; P1080; P1098; P1112; P1117; P1181; P1182; P1187; P1226; P1235; P1258; P1270; P1304; P1338; P1472; P1474; P1514; P1526; P1575; P1588; P1592; P1601; P1641; P1661; P1701; P1721; P1752,,,0.5,manual review needed,D_noise_check
A5100704837,Jong Eun Lee,Ewha Womans University; Yonsei University; Soonchunhyang University; Asan Medical Center; University of Ulsan; Soonchunhyang University Hospital Cheonan; Yonsei University Health System; Ewha Womans University Mokdong Hospital,73,57,P0028; P0115; P0134; P0168; P0205; P0260; P0325; P0361; P0409; P0414; P0422; P0431; P0449; P0456; P0484; P0496; P0564; P0676; P0691; P0698; P0764; P0843; P0920; P1034; P1080; P1120; P1139; P1142; P1147; P1161; P1187; P1234; P1265; P1293; P1314; P1343; P1347; P1363; P1413; P1455; P1656; P1659; P1661; P1670; P1677; P1682; P1684; P1714; P1715; P1719; P1720; P1726; P1732; P1745; P1749; P1767; P1769,,,0.5,manual review needed,D_noise_check
A5042426937,Goo Taeg Oh,Ewha Womans University,123,57,P0028; P0034; P0042; P0204; P0205; P0220; P0277; P0315; P0317; P0319; P0361; P0388; P0441; P0447; P0493; P0568; P0669; P0702; P0711; P0714; P0753; P0767; P0786; P0837; P0905; P0968; P0996; P1000; P1002; P1117; P1119; P1120; P1144; P1150; P1176; P1178; P1179; P1188; P1195; P1215; P1217; P1224; P1227; P1241; P1257; P1296; P1300; P1307; P1359; P1408; P1536; P1541; P1549; P1577; P1670; P1714; P1724,,,0.5,manual review needed,D_noise_check
A5101478221,Cheol‐Hee Kim,Chungnam National University,97,54,P0023; P0028; P0076; P0083; P0108; P0155; P0174; P0291; P0297; P0751; P0795; P0868; P0914; P0927; P0968; P1014; P1035; P1144; P1169; P1176; P1181; P1183; P1189; P1191; P1192; P1204; P1221; P1222; P1224; P1243; P1255; P1262; P1284; P1309; P1315; P1324; P1336; P1337; P1350; P1362; P1427; P1467; P1493; P1516; P1534; P1536; P1547; P1557; P1565; P1575; P1587; P1594; P1762; P1773,,,0.5,manual review needed,D_noise_check
A5100444279,Jin Hee Kim,Kyung Hee University,70,52,P0040; P0042; P0057; P0064; P0068; P0077; P0115; P0230; P0234; P0239; P0386; P0677; P0755; P0925; P1027; P1112; P1118; P1128; P1132; P1133; P1197; P1212; P1225; P1248; P1326; P1329; P1412; P1413; P1416; P1427; P1462; P1466; P1491; P1495; P1547; P1596; P1597; P1606; P1612; P1614; P1618; P1621; P1635; P1648; P1661; P1664; P1665; P1685; P1690; P1697; P1702; P1722,,,0.5,manual review needed,D_noise_check
A5100459358,Ki Hyun Kim,Sungkyunkwan University,237,52,P0026; P0040; P0042; P0055; P0097; P0138; P0168; P0187; P0209; P0222; P0258; P0286; P0295; P0303; P0337; P0405; P0562; P0631; P0700; P0740; P0783; P0804; P0810; P0962; P0972; P0987; P0996; P1010; P1112; P1134; P1153; P1182; P1235; P1240; P1251; P1318; P1321; P1358; P1424; P1428; P1441; P1487; P1501; P1539; P1593; P1596; P1602; P1606; P1627; P1649; P1707; P1724,,,0.5,manual review needed,D_noise_check
A5100431002,Soo Hyun Kim,Chonnam National University; Korea Institute of Oriental Medicine; National Development Institute of Korean Medicine; Chonnam National University Hwasun Hospital; Korea University of Science and Technology,168,51,P0006; P0007; P0021; P0036; P0053; P0058; P0075; P0095; P0192; P0317; P0355; P0444; P0471; P0514; P0616; P0691; P0740; P0755; P0829; P0923; P0968; P1002; P1010; P1030; P1094; P1113; P1117; P1125; P1153; P1157; P1167; P1176; P1179; P1181; P1197; P1209; P1225; P1227; P1234; P1300; P1307; P1359; P1361; P1441; P1478; P1480; P1557; P1572; P1661; P1683; P1719,,,0.5,manual review needed,D_noise_check
A5036364665,Keon Wook Kang,Seoul National University; Seoul National University Hospital; Seoul National University Hospital Biomedical Research Institute,115,51,P0033; P0040; P0042; P0050; P0067; P0075; P0079; P0114; P0123; P0204; P0245; P0306; P0317; P0337; P0505; P0526; P0594; P0623; P0696; P0698; P0702; P0704; P0707; P0711; P0977; P0988; P1000; P1122; P1128; P1168; P1204; P1216; P1294; P1300; P1325; P1418; P1460; P1472; P1541; P1546; P1547; P1583; P1665; P1666; P1669; P1670; P1677; P1686; P1702; P1704; P1708,,,0.5,manual review needed,D_noise_check
A5100384058,Jiyoung Kim,Eulji University,68,51,P0036; P0075; P0078; P0142; P0182; P0210; P0272; P0277; P0309; P0337; P0536; P0560; P0617; P0677; P0686; P0704; P0754; P0786; P0801; P0804; P0822; P0848; P0914; P0969; P0978; P1129; P1140; P1142; P1168; P1208; P1305; P1355; P1372; P1389; P1463; P1467; P1477; P1486; P1489; P1492; P1493; P1494; P1513; P1515; P1543; P1547; P1571; P1593; P1619; P1632; P1650,,,0.5,manual review needed,D_noise_check
A5100648374,Jong‐Won Kim,Samsung Medical Center; Sungkyunkwan University,99,50,P0014; P0028; P0114; P0162; P0201; P0205; P0258; P0429; P0449; P0461; P0560; P0631; P0680; P0703; P0802; P0975; P0977; P0978; P0983; P0988; P0995; P1112; P1116; P1144; P1172; P1176; P1182; P1184; P1201; P1204; P1219; P1225; P1241; P1295; P1309; P1335; P1479; P1486; P1548; P1578; P1593; P1624; P1659; P1666; P1669; P1676; P1683; P1702; P1714; P1715,,,0.5,manual review needed,D_noise_check
A5026715008,Sang Kyum Kim,Chungnam National University; Pusan National University,97,50,P0034; P0042; P0050; P0055; P0204; P0245; P0297; P0464; P0506; P0689; P0702; P0801; P0965; P0984; P0988; P1136; P1182; P1188; P1193; P1196; P1204; P1227; P1255; P1282; P1284; P1307; P1325; P1330; P1417; P1418; P1432; P1472; P1478; P1479; P1489; P1492; P1493; P1494; P1505; P1507; P1513; P1515; P1521; P1522; P1524; P1525; P1546; P1571; P1666; P1741,,,0.5,manual review needed,D_noise_check
A5033232203,Hye Sun Lee,Yonsei University; Korea Institute of Ceramic Engineering and Technology; Hanyang University Seoul Hospital; Yonsei University Health System; Hanyang University,200,48,P0023; P0099; P0326; P0337; P0379; P0389; P0401; P0416; P0434; P0527; P0535; P0696; P0707; P0753; P0769; P0811; P0829; P0920; P0991; P1114; P1122; P1139; P1161; P1172; P1183; P1192; P1250; P1296; P1300; P1311; P1428; P1459; P1463; P1534; P1595; P1656; P1659; P1661; P1670; P1676; P1683; P1701; P1702; P1706; P1714; P1723; P1724; P1743,,,0.5,manual review needed,D_noise_check
A5008942832,Yangsoo Jang,Yonsei University; Severance Hospital; CHA University Bundang Medical Center; CHA University; Yonsei University Health System; CHA University Gangnam Medical Center,420,45,P0007; P0030; P0100; P0107; P0214; P0319; P0333; P0361; P0434; P0446; P0447; P0462; P0471; P0481; P0527; P0541; P0580; P0641; P0920; P0926; P1113; P1114; P1121; P1125; P1139; P1155; P1167; P1177; P1187; P1307; P1472; P1514; P1535; P1547; P1581; P1592; P1656; P1659; P1665; P1683; P1714; P1718; P1732; P1745; P1749,,,0.5,manual review needed,D_noise_check
A5100609750,Dongho Lee,Agricultural Research Service; United States Department of Agriculture; Korea University; University of Arkansas System; Kyungpook National University; Beltsville Agricultural Research Center; University of Arkansas at Fayetteville,125,43,P0055; P0100; P0149; P0200; P0210; P0220; P0230; P0285; P0307; P0466; P0471; P0486; P0703; P0707; P0783; P0848; P0975; P0981; P0999; P1000; P1092; P1102; P1115; P1129; P1149; P1154; P1179; P1185; P1196; P1201; P1209; P1219; P1220; P1236; P1259; P1325; P1424; P1426; P1449; P1453; P1456; P1707; P1772,,,0.5,manual review needed,D_noise_check
A5101781254,Jin Soo Lee,Hallym University; Inha University; Korea University; Korea University Medical Center; Hallym University Kangnam Sacred Heart Hospital; Inha University Hospital; Ajou University,104,43,P0012; P0030; P0075; P0099; P0205; P0370; P0379; P0444; P0532; P0560; P0639; P1133; P1213; P1257; P1262; P1270; P1273; P1278; P1436; P1472; P1479; P1484; P1485; P1489; P1494; P1495; P1505; P1510; P1531; P1532; P1538; P1547; P1592; P1665; P1677; P1684; P1688; P1699; P1702; P1733; P1738; P1763; P1768,,,0.5,manual review needed,D_noise_check
A5101911180,Myung Ho Jeong,Chonnam National University; Chonnam National University Hospital; Chung-Ang University Gwangmyeong Hospital; Chung-Ang University Healthcare System; Chung-Ang University,308,42,P0007; P0021; P0026; P0030; P0064; P0204; P0214; P0265; P0364; P0446; P0516; P0524; P0580; P0600; P0920; P1113; P1114; P1121; P1139; P1155; P1157; P1167; P1197; P1208; P1225; P1250; P1305; P1413; P1472; P1495; P1499; P1509; P1546; P1547; P1577; P1592; P1595; P1601; P1659; P1683; P1692; P1714,,,0.5,manual review needed,D_noise_check
A5100737773,Jong Seung Kim,Korea University; Korea University,158,42,P0108; P0149; P0253; P0255; P0466; P0486; P0691; P0709; P0726; P0746; P0804; P0820; P0855; P0920; P0958; P0959; P1115; P1118; P1131; P1152; P1157; P1169; P1172; P1182; P1193; P1197; P1235; P1251; P1307; P1354; P1493; P1538; P1541; P1550; P1557; P1562; P1574; P1575; P1582; P1588; P1593; P1666,,,0.5,manual review needed,D_noise_check
A5100609256,Hyo‐Jung Lee,Seoul National University; Seoul National University Bundang Hospital,115,42,P0030; P0077; P0195; P0216; P0291; P0346; P0367; P0379; P0503; P0542; P0631; P0686; P0822; P0905; P0927; P0959; P1069; P1112; P1114; P1129; P1190; P1198; P1202; P1207; P1225; P1241; P1296; P1307; P1329; P1412; P1414; P1419; P1434; P1567; P1715; P1728; P1729; P1730; P1732; P1745; P1756; P1775,,,0.5,manual review needed,D_noise_check
A5100780621,Jin Seok Kim,Yonsei University; Severance Hospital; University of Ulsan; Yonsei University Health System,327,40,P0007; P0013; P0014; P0020; P0355; P0429; P0481; P0603; P0670; P0704; P0707; P0920; P1027; P1098; P1112; P1113; P1116; P1120; P1123; P1129; P1179; P1183; P1188; P1209; P1246; P1264; P1296; P1323; P1413; P1428; P1454; P1546; P1565; P1655; P1667; P1683; P1701; P1702; P1715; P1724,Jin Seok Kim,https://orcid.org/0000-0001-8986-8436,0.5,manual review needed,D_noise_check
A5073243425,Kyung‐Tae Lee,Kyung Hee University; Hanyang University,178,40,P0021; P0028; P0069; P0195; P0200; P0291; P0376; P0560; P0691; P0703; P0711; P0872; P0920; P0962; P1134; P1137; P1153; P1169; P1176; P1179; P1210; P1254; P1273; P1278; P1414; P1424; P1426; P1447; P1456; P1475; P1608; P1613; P1626; P1636; P1682; P1730; P1756; P1772; P1781; P1792,,,0.5,manual review needed,D_noise_check
A5089590792,Dohyun Han,Seoul National University; Seoul National University Hospital; Seoul National University Hospital Biomedical Research Institute,139,40,P0007; P0034; P0058; P0060; P0064; P0067; P0068; P0071; P0083; P0115; P0205; P0318; P0337; P0481; P0505; P0526; P0587; P0699; P0707; P0905; P0927; P1008; P1069; P1081; P1117; P1151; P1174; P1176; P1193; P1204; P1261; P1342; P1358; P1406; P1427; P1468; P1536; P1665; P1713; P1754,,,0.5,manual review needed,D_noise_check
A5006728335,Young Dae Kim,Yonsei University; Severance Hospital; Yonsei University Health System,141,39,P0007; P0014; P0030; P0034; P0052; P0068; P0099; P0253; P0291; P0319; P0326; P0379; P0380; P0416; P0434; P0446; P0504; P0515; P0535; P0601; P0829; P1114; P1117; P1118; P1120; P1122; P1123; P1132; P1161; P1172; P1183; P1261; P1309; P1413; P1442; P1489; P1534; P1706; P1719,,,0.5,manual review needed,D_noise_check
A5012866137,Kyoungho Suk,Kyungpook National University,157,38,P0209; P0669; P0673; P0678; P0691; P0890; P1014; P1098; P1146; P1150; P1151; P1168; P1169; P1188; P1229; P1238; P1284; P1303; P1311; P1357; P1361; P1362; P1364; P1374; P1382; P1386; P1407; P1409; P1428; P1484; P1531; P1563; P1597; P1601; P1613; P1643; P1730; P1734,,,0.5,manual review needed,D_noise_check
A5100399420,Ji Young Park,Korea University; Korea University Anam Hospital,122,38,P0006; P0102; P0104; P0200; P0204; P0312; P0337; P0346; P0409; P0493; P0511; P0596; P0742; P0765; P0801; P0802; P0804; P0842; P1003; P1053; P1069; P1102; P1113; P1119; P1183; P1243; P1255; P1261; P1282; P1414; P1418; P1432; P1454; P1461; P1469; P1472; P1529; P1532,,,0.5,manual review needed,D_noise_check
A5100758570,Sungha Park,Yonsei University; Severance Hospital; Yonsei University Health System,143,37,P0007; P0027; P0030; P0075; P0079; P0317; P0319; P0326; P0379; P0408; P0416; P0434; P0439; P0446; P0471; P0527; P0535; P0580; P0804; P0920; P0926; P1113; P1114; P1132; P1155; P1174; P1177; P1235; P1304; P1459; P1475; P1535; P1612; P1621; P1659; P1683; P1714,,,0.5,manual review needed,D_noise_check
A5026549320,Hong Bin Kim,Seoul National University; Seoul National University Bundang Hospital,141,37,P0028; P0064; P0071; P0083; P0099; P0326; P0347; P0444; P0643; P0696; P0785; P0905; P0927; P1069; P1080; P1098; P1174; P1190; P1191; P1197; P1261; P1338; P1372; P1412; P1465; P1470; P1558; P1611; P1619; P1633; P1688; P1714; P1726; P1727; P1751; P1765; P1786,,,0.5,manual review needed,D_noise_check
A5049627091,Jong-Choon Kim,Chonnam National University; Korea Institute of Radiological and Medical Sciences,124,36,P0188; P0205; P0560; P0740; P0984; P1114; P1133; P1179; P1192; P1193; P1209; P1270; P1320; P1359; P1416; P1417; P1424; P1432; P1440; P1446; P1449; P1465; P1473; P1476; P1479; P1481; P1484; P1485; P1486; P1492; P1504; P1508; P1513; P1529; P1683; P1741,,,0.5,manual review needed,D_noise_check
A5061532156,Young‐Joon Surh,Seoul National University,123,36,P0040; P0053; P0056; P0060; P0245; P0486; P0492; P0564; P0594; P0684; P0689; P0691; P0694; P0755; P0964; P0968; P0990; P1062; P1112; P1133; P1151; P1179; P1209; P1340; P1408; P1415; P1427; P1431; P1478; P1593; P1603; P1609; P1618; P1621; P1724; P1783,,,0.5,manual review needed,D_noise_check
A5013507111,Bo Yeon Kim,Dong-A University,162,36,P0042; P0044; P0060; P0102; P0230; P0245; P0251; P0253; P0684; P0786; P0996; P1000; P1117; P1118; P1132; P1144; P1175; P1179; P1181; P1184; P1188; P1192; P1201; P1204; P1209; P1216; P1217; P1219; P1221; P1227; P1401; P1464; P1553; P1565; P1587; P1601,,,0.5,manual review needed,D_noise_check
A5084665044,Seung-Yeol Nah,Konkuk University,117,35,P0077; P0142; P0256; P0263; P0265; P0272; P0277; P0278; P0340; P0631; P0635; P0689; P0773; P0802; P0843; P0975; P0984; P1030; P1115; P1137; P1142; P1153; P1182; P1192; P1212; P1260; P1299; P1331; P1371; P1400; P1414; P1549; P1683; P1728; P1735,,,0.5,manual review needed,D_noise_check
A5022308730,Deok‐Hwan Yang,Chonnam National University; Chonnam National University Hwasun Hospital,347,34,P0006; P0007; P0013; P0014; P0016; P0020; P0052; P0137; P0220; P0337; P0355; P0362; P0449; P0536; P0603; P0959; P1094; P1098; P1183; P1192; P1225; P1327; P1405; P1413; P1454; P1509; P1564; P1633; P1667; P1670; P1701; P1715; P1727; P1739,,,0.5,manual review needed,D_noise_check
A5022383639,Donghoon Choi,"Yonsei University; Severance Hospital; Yonsei University Health System; NeoImmuneTech, Inc. (United States)",319,34,P0007; P0030; P0079; P0095; P0319; P0333; P0379; P0434; P0446; P0471; P0580; P0600; P0641; P0746; P0920; P1111; P1113; P1120; P1121; P1125; P1139; P1155; P1177; P1187; P1307; P1459; P1487; P1491; P1581; P1592; P1659; P1665; P1683; P1714,,,0.5,manual review needed,D_noise_check
A5100454615,Seung Hyun Kim,University of Ulsan; Pusan National University Hospital; Hanyang University Seoul Hospital; Hanyang University Medical Center; Hanyang University; Pusan National University,144,34,P0014; P0079; P0152; P0153; P0154; P0284; P0422; P0429; P0582; P0691; P0999; P1112; P1139; P1151; P1168; P1182; P1187; P1215; P1302; P1309; P1311; P1314; P1358; P1373; P1383; P1395; P1407; P1416; P1535; P1542; P1570; P1627; P1659; P1702,,,0.5,manual review needed,D_noise_check
A5008009334,Hyesook Park,Korea Meteorological Administration; Ewha Womans University; National Institute of Meteorological Sciences,171,33,P0219; P0317; P0325; P0337; P0347; P0365; P0384; P0393; P0407; P0408; P0409; P0422; P0424; P0428; P0430; P0438; P0444; P0449; P0453; P0572; P0998; P1093; P1118; P1293; P1341; P1428; P1489; P1517; P1534; P1596; P1659; P1692; P1714,,,0.5,manual review needed,D_noise_check
A5067997284,Seung Hong Choi,Seoul National University; Seoul National University Hospital,145,33,P0026; P0028; P0050; P0057; P0083; P0114; P0530; P0589; P0623; P0625; P0635; P0696; P0703; P0718; P0746; P0748; P0832; P1019; P1046; P1057; P1117; P1120; P1123; P1126; P1140; P1147; P1200; P1300; P1332; P1342; P1557; P1676; P1686,,,0.5,manual review needed,D_noise_check
A5036060341,Myeong‐Jin Kim,University of Seoul; Memorial Sloan Kettering Cancer Center; Hallym University; Yonsei University; Severance Hospital; Rural Development Administration; Asan Medical Center; University of Ulsan; Gachon University Gil Medical Center; Hallym University Sacred Heart Hospital; Yonsei University Health System; Sungkyunkwan University; Myongji University,233,32,P0040; P0115; P0253; P0306; P0401; P0415; P0511; P0596; P0623; P0689; P0714; P0777; P0856; P0907; P1126; P1132; P1133; P1147; P1172; P1187; P1216; P1413; P1656; P1659; P1661; P1665; P1676; P1704; P1705; P1708; P1721; P1784,,,0.5,manual review needed,D_noise_check
A5100778884,Soo‐Jeong Kim,Memorial Sloan Kettering Cancer Center; Yonsei University; CHA University; Yonsei University Health System; CHA Advanced Research Institute; Yongin Severance Hospital; Ajou University,131,32,P0013; P0014; P0020; P0205; P0253; P0355; P0536; P0550; P0601; P0920; P1027; P1090; P1098; P1115; P1132; P1137; P1151; P1156; P1183; P1188; P1195; P1234; P1246; P1295; P1296; P1326; P1413; P1441; P1454; P1553; P1678; P1701,,,0.5,manual review needed,D_noise_check
A5060322031,Seok‐Min Kang,Yonsei University; Severance Hospital; Yonsei University Health System,209,31,P0007; P0030; P0253; P0434; P0446; P0471; P0511; P0580; P0963; P1113; P1114; P1139; P1172; P1177; P1296; P1299; P1321; P1356; P1388; P1428; P1535; P1536; P1595; P1596; P1621; P1634; P1659; P1661; P1683; P1714; P1723,,,0.5,manual review needed,D_noise_check
A5044958787,Cheolwon Suh,Akita University Hospital; Asan Medical Center; Catholic University of Korea; Chonnam National University Hwasun Hospital; Dankook University; Dong-A University; Ewha Womans University; Fukuoka University; Gachon University Gil Medical Center; Hanyang University; Jeonbuk National University; Juntendo University; Kanagawa Cancer Center; Korea University; Mie University; Moffitt Cancer Center; NTT Medical Center; National Cancer Center; National Cancer Center Hospital; National Hospital Organization Kyushu Cancer Center; Okayama University; Saga University; Saitama International Medical Center; Samsung Medical Center; Seoul National University; Severance Hospital; Shinshu University; Sungkyunkwan University; The Catholic University of Korea Seoul St. Mary's Hospital; The Korean Society of Hematology; Tokai University; Toronto General Hospital; Ulsan University Hospital; University of Ulsan; Veterans Health Service Medical Center; Yokohama City University Hospital; Yonsei University; Yonsei University Health System,216,30,P0007; P0013; P0014; P0020; P0350; P0355; P0427; P0435; P0603; P0691; P0704; P1088; P1098; P1114; P1129; P1142; P1149; P1176; P1183; P1190; P1224; P1264; P1266; P1413; P1454; P1667; P1670; P1701; P1702; P1715,,,0.5,manual review needed,D_noise_check
A5047846074,Kyungdo Han,"University of Nevada, Las Vegas; Soongsil University; Samsung Medical Center; Korea University Ansan Hospital; Sungkyunkwan University",143,30,P0030; P0201; P0205; P0333; P0349; P0399; P0405; P0454; P0522; P0527; P0691; P1080; P1116; P1117; P1121; P1139; P1141; P1147; P1154; P1172; P1177; P1266; P1300; P1311; P1454; P1576; P1665; P1706; P1721; P1724,,,0.5,manual review needed,D_noise_check
A5101805052,Jae Il Shin,Yonsei University; Yale University; Yonsei University Health System,166,29,P0028; P0201; P0205; P0228; P0266; P0378; P0379; P0380; P0407; P0416; P0484; P0527; P0601; P0628; P0854; P0914; P0991; P1116; P1142; P1147; P1158; P1161; P1185; P1226; P1404; P1413; P1508; P1706; P1724,,,0.5,manual review needed,D_noise_check
A5071885891,Won Seog Kim,Samsung Medical Center; Sungkyunkwan University,182,28,P0006; P0007; P0013; P0014; P0020; P0028; P0326; P0350; P0355; P0359; P0484; P0542; P0603; P0693; P1098; P1129; P1183; P1264; P1413; P1454; P1595; P1667; P1678; P1701; P1707; P1715; P1719; P1726,Yhim Ho-Young - Google 학술 검색,https://scholar.google.com/citations?user=GJH-aVIAAAAJ&hl=ko,0.5,manual review needed,D_noise_check
A5100404804,Do Young Kim,Yonsei University; Severance Hospital; Yonsei University Health System,338,27,P0092; P0144; P0342; P0355; P0557; P0582; P0596; P0777; P0912; P0920; P0923; P0926; P1027; P1112; P1154; P1172; P1183; P1413; P1419; P1459; P1578; P1676; P1683; P1701; P1708; P1775; P1790,,,0.5,manual review needed,D_noise_check
A5041807954,Myeong‐Chan Cho,Chungbuk National University,182,27,P0007; P0030; P0214; P0434; P0446; P0600; P0920; P1113; P1114; P1180; P1250; P1252; P1300; P1307; P1428; P1547; P1561; P1595; P1601; P1692; P1714; P1718; P1720; P1732; P1745; P1749; P1756,,,0.5,manual review needed,D_noise_check
A5072015543,Jong‐Won Ha,Yonsei University; Severance Hospital; Yonsei University Health System,142,27,P0007; P0030; P0234; P0361; P0434; P0439; P0446; P0462; P0471; P0580; P1114; P1132; P1139; P1172; P1177; P1183; P1208; P1262; P1300; P1404; P1428; P1592; P1595; P1659; P1665; P1683; P1720,,,0.5,manual review needed,D_noise_check
A5054304061,Yeong Wook Song,Seoul National University,180,25,P0028; P0040; P0075; P0079; P0083; P0100; P0115; P0162; P0337; P0408; P0665; P0744; P1122; P1127; P1128; P1132; P1142; P1174; P1240; P1276; P1304; P1470; P1656; P1692; P1720,,,0.5,manual review needed,D_noise_check
A5017419314,Chi Young Shim,Yonsei University; Severance Hospital; Yonsei University Health System,177,25,P0007; P0326; P0379; P0434; P0471; P0516; P0580; P0641; P1113; P1121; P1139; P1161; P1172; P1183; P1300; P1321; P1428; P1581; P1592; P1595; P1659; P1666; P1683; P1714; P1720,,,0.5,manual review needed,D_noise_check
A5029960265,Geu‐Ru Hong,Yonsei University; Severance Hospital; Yonsei University Health System,156,24,P0007; P0326; P0379; P0434; P0618; P0641; P1022; P1113; P1114; P1121; P1129; P1139; P1161; P1183; P1232; P1321; P1428; P1547; P1571; P1581; P1594; P1595; P1601; P1659,,,0.5,manual review needed,D_noise_check
A5072778265,Seung‐Woon Rha,Korea University; Korea University Guro Hospital,787,23,P0030; P0075; P0291; P0379; P0434; P0446; P0580; P0600; P0920; P1113; P1114; P1139; P1197; P1208; P1232; P1300; P1472; P1484; P1509; P1592; P1595; P1636; P1683,,,0.5,manual review needed,D_noise_check
A5002067880,In Koo Hwang,Gangneung–Wonju National University; Seoul National University; Research Institute for Veterinary Science,289,22,P0180; P0238; P0267; P0751; P0984; P1031; P1112; P1303; P1320; P1428; P1478; P1533; P1557; P1571; P1573; P1577; P1593; P1594; P1597; P1601; P1603; P1635,,,0.5,manual review needed,D_noise_check
A5088274241,Jong‐Moo Park,Eulji University; Eulji Medical Center; Samsung Changwon Hospital; Eulji University Uijeongbu Eulji Medical Center; The Catholic University of Korea Eunpyeong St. Mary's Hospital; Sungkyunkwan University; Catholic University of Korea,268,22,P0297; P0337; P0379; P0380; P0416; P0434; P0446; P0532; P0533; P0534; P0535; P0595; P1111; P1241; P1309; P1338; P1474; P1538; P1683; P1692; P1714; P1734,,,0.5,manual review needed,D_noise_check
A5006422911,Jae‐Sook Ahn,Chonnam National University; Chonnam National University Hwasun Hospital,229,22,P0006; P0007; P0013; P0014; P0020; P0220; P0333; P0355; P0449; P0695; P1027; P1094; P1098; P1183; P1225; P1405; P1413; P1420; P1701; P1702; P1715; P1727,,,0.5,manual review needed,D_noise_check
A5032997162,Jong Seog Ahn,Korea Research Institute of Bioscience and Biotechnology; Korea University of Science and Technology,174,22,P0042; P0044; P0060; P0245; P0968; P0999; P1000; P1117; P1132; P1164; P1179; P1184; P1201; P1204; P1209; P1217; P1219; P1224; P1227; P1401; P1553; P1565,,,0.5,manual review needed,D_noise_check
A5069866514,Dong‐Eog Kim,Dongguk University; Dong-A University Hospital; Seoul National University Bundang Hospital; Dongguk University Ilsan Hospital; Dong-A University,216,21,P0007; P0096; P0258; P0284; P0297; P0325; P0380; P0532; P0535; P1120; P1123; P1168; P1188; P1241; P1299; P1309; P1365; P1538; P1558; P1701; P1714,,,0.5,manual review needed,D_noise_check
A5016608182,Dong‐Ju Choi,Seoul National University; Seoul National University Bundang Hospital; The Catholic University of Korea St. Vincent's Hospital; Catholic University of Korea,173,21,P0007; P0030; P0427; P0446; P0526; P0600; P0707; P0920; P1113; P1114; P1250; P1300; P1305; P1428; P1547; P1592; P1595; P1665; P1683; P1692; P1714,,,0.5,manual review needed,D_noise_check
A5100661072,Beom Joon Kim,Seoul National University; Asan Medical Center; Seoul National University Bundang Hospital; University of Ulsan,223,20,P0325; P0337; P0379; P0380; P0416; P0532; P0535; P1131; P1168; P1174; P1241; P1300; P1309; P1349; P1437; P1538; P1665; P1692; P1706; P1714,,,0.5,manual review needed,D_noise_check
A5000750700,Ho‐Seong Han,Seoul National University; Seoul National University Hospital; Seoul National University Bundang Hospital; Seongnam Citizens Medical Center,220,20,P0075; P0123; P0342; P0356; P0393; P0456; P0609; P0630; P0878; P1293; P1304; P1413; P1419; P1423; P1437; P1441; P1478; P1665; P1696; P1705,,,0.5,manual review needed,D_noise_check
A5021269581,Seung Mi Lee,Seoul National University; Seoul National University Hospital; University of Ulsan; Ulsan University Hospital,174,20,P0040; P0115; P0209; P0317; P0337; P0342; P0702; P0711; P1021; P1174; P1176; P1255; P1263; P1282; P1340; P1401; P1536; P1584; P1682; P1692,,,0.5,manual review needed,D_noise_check
A5103193360,Sang Kyun Sohn,Kyungpook National University Hospital; Kyungpook National University; Kyungpook National University Medical Center; Kyungpook National University Chilgok Hospital,169,20,P0007; P0013; P0014; P0020; P0108; P0355; P0449; P0616; P0999; P1027; P1094; P1098; P1174; P1183; P1190; P1235; P1665; P1701; P1702; P1715,,,0.5,manual review needed,D_noise_check
A5103570650,Namsik Chung,Severance Hospital; Ajou University Hospital; Yonsei University Health System,162,20,P0007; P0434; P0439; P0446; P0462; P0471; P0580; P1113; P1177; P1244; P1514; P1547; P1592; P1600; P1659; P1665; P1666; P1683; P1712; P1714,,,0.5,manual review needed,D_noise_check
A5090733758,Kyusik Kang,"Eulji University; Daejeon Eulji Medical Center, Eulji University; Eulji University Nowon Eulji Medical Center",229,19,P0337; P0379; P0380; P0416; P0532; P0533; P0534; P0535; P1111; P1114; P1116; P1168; P1186; P1241; P1309; P1538; P1624; P1670; P1714,,,0.5,manual review needed,D_noise_check
A5102771863,Jae‐Yong Kwak,Jeonbuk National University Hospital; Jeonbuk National University,172,19,P0007; P0013; P0014; P0020; P0355; P0362; P0603; P0616; P0670; P0706; P1098; P1183; P1304; P1413; P1454; P1564; P1667; P1670; P1701,,,0.5,manual review needed,D_noise_check
A5107025578,Young Joon Hong,Chonnam National University; Ministry of Health and Welfare; Chonnam National University Hospital; Chung-Ang University Gwangmyeong Hospital; Chung-Ang University Healthcare System; Chung-Ang University,170,19,P0007; P0021; P0026; P0050; P0379; P0446; P0511; P0580; P0802; P0920; P1113; P1121; P1157; P1225; P1472; P1499; P1592; P1666; P1683,,,0.5,manual review needed,D_noise_check
A5010232519,Young Rok Do,Keimyung University Dongsan Medical Center; Keimyung University Dongsan Hospital; Keimyung University,164,19,P0007; P0013; P0014; P0020; P0052; P0350; P0355; P0603; P0616; P0706; P1098; P1116; P1176; P1183; P1204; P1413; P1659; P1701; P1707,,,0.5,manual review needed,D_noise_check
A5071539415,Moo‐Ho Won,Kangwon National University; Kangwon National University Hospital,207,18,P0267; P0447; P0619; P0691; P0984; P1139; P1287; P1296; P1371; P1385; P1428; P1478; P1533; P1557; P1573; P1577; P1594; P1603,,,0.5,manual review needed,D_noise_check
A5008436686,Jin Oh Na,Korea University Guro Hospital,541,17,P0075; P0434; P0446; P0511; P0580; P1113; P1114; P1129; P1139; P1197; P1262; P1300; P1428; P1472; P1484; P1636; P1659,,,0.5,manual review needed,D_noise_check
A5100613936,Hyung‐Kwan Kim,Seoul National University; Seoul National University Hospital; Seoul National University Bundang Hospital,175,17,P0114; P0205; P0294; P0477; P0516; P1116; P1129; P1286; P1300; P1404; P1412; P1428; P1535; P1595; P1659; P1661; P1683,,,0.5,manual review needed,D_noise_check
A5100754107,Chang Gyu Park,Korea University Guro Hospital,806,16,P0007; P0030; P0075; P0291; P0379; P0434; P0446; P0580; P1113; P1114; P1139; P1197; P1472; P1484; P1581; P1592,,,0.5,manual review needed,D_noise_check
A5032246382,Eung Ju Kim,Gachon University; Korea University; Korea University Medical Center; Korea University Guro Hospital,693,15,P0075; P0361; P0434; P0446; P0580; P1113; P1114; P1116; P1197; P1428; P1472; P1484; P1592; P1595; P1636,,,0.5,manual review needed,D_noise_check
A5029282055,Cheol Ung Choi,Korea University; Korea University Guro Hospital,690,15,P0043; P0075; P0105; P0291; P0434; P0446; P0580; P0801; P1113; P1139; P1197; P1472; P1484; P1592; P1636,,,0.5,manual review needed,D_noise_check
A5046239431,Byung‐Chul Lee,Hallym University; Hallym University Sacred Heart Hospital,192,15,P0297; P0379; P0380; P0532; P0535; P0940; P1114; P1118; P1241; P1338; P1349; P1538; P1669; P1692; P1714,,,0.5,manual review needed,D_noise_check
A5022150256,Mi Sun Oh,Hallym University Sacred Heart Hospital,178,15,P0297; P0379; P0380; P0416; P0532; P0535; P0940; P1116; P1168; P1241; P1309; P1338; P1349; P1538; P1714,,,0.5,manual review needed,D_noise_check
A5100652725,Jin Won Kim,Seoul National University; Seoul National University Bundang Hospital; Korea University Guro Hospital; Catholic University of Korea,549,14,P0075; P0379; P0446; P0619; P1113; P1139; P1175; P1197; P1262; P1472; P1484; P1557; P1589; P1683,,,0.5,manual review needed,D_noise_check
A5070052023,Jae‐Kwan Cha,Dong-A University Hospital; Dong-A University,234,14,P0052; P0297; P0379; P0380; P0532; P0535; P0536; P1168; P1241; P1309; P1365; P1538; P1706; P1714,,,0.5,manual review needed,D_noise_check
A5052727983,In Su Kim,Sungkyunkwan University,201,14,P0086; P0257; P0685; P0711; P0716; P0807; P1001; P1064; P1065; P1114; P1283; P1287; P1295; P1326,,,0.5,manual review needed,D_noise_check
A5111816362,Dong Joo Oh,Na Eun Hospital; Korea University Guro Hospital,725,13,P0007; P0075; P0434; P0580; P1113; P1139; P1175; P1197; P1262; P1472; P1484; P1592; P1714,,,0.5,manual review needed,D_noise_check
A5110012835,Seungjoo Haam,Yonsei University,183,13,P0068; P0388; P0958; P1187; P1211; P1215; P1217; P1222; P1304; P1373; P1459; P1480; P1776,,,0.5,manual review needed,D_noise_check
A5029061981,Tai Hwan Park,Seoul National University; Seoul Metropolitan Government; Seoul Medical Center; SNUH SMG-SNU Boramae Medical Center,210,11,P0297; P0379; P0380; P0532; P0535; P1116; P1168; P1241; P1309; P1538; P1714,,,0.5,manual review needed,D_noise_check
A5110279936,Kyung Bok Lee,Korea University; Soonchunhyang University; Soonchunhyang University Hospital Seoul; Asan Medical Center; Yeungnam University Medical Center; Korea University; Korea University Guro Hospital,205,11,P0297; P0379; P0380; P0532; P0535; P1125; P1129; P1168; P1241; P1309; P1714,,,0.5,manual review needed,D_noise_check
A5100643175,Yong‐Jin Cho,Inje University; Inje University Ilsan Paik Hospital,194,11,P0380; P0532; P0535; P0702; P0703; P1116; P1241; P1338; P1538; P1618; P1692,,,0.5,manual review needed,D_noise_check
A5087247994,Hong Euy Lim,Chung-Ang University Gwangmyeong Hospital; Chung-Ang University,565,10,P0007; P0580; P1113; P1139; P1197; P1234; P1472; P1484; P1595; P1636,,,0.5,manual review needed,D_noise_check
A5011446304,Do Hyun Park,Asan Medical Center; University of Ulsan; Massachusetts Institute of Technology,227,10,P0444; P0562; P0620; P0852; P0907; P0940; P1129; P1149; P1264; P1353,,,0.5,manual review needed,D_noise_check
A5017869417,Myung‐Hwan Kim,Asan Medical Center; University of Ulsan; Changwon Hanmaeum Hospital; Hanyang University,257,9,P0230; P0384; P0562; P0620; P0755; P0852; P1149; P1224; P1264,,,0.5,manual review needed,D_noise_check
A5101691463,Byoung Geol Choi,Honam University; Korea University; Korea University Guro Hospital,521,8,P0291; P0580; P1113; P1197; P1472; P1484; P1592; P1595,,,0.5,manual review needed,D_noise_check
A5040217028,Sung Koo Lee,Asan Medical Center; University of Ulsan,243,7,P0384; P0444; P0562; P0620; P0755; P1149; P1264,,,0.5,manual review needed,D_noise_check
A5015538936,Se Yeon Choi,"Korea University; Daejeon Eulji Medical Center, Eulji University; Korea University Guro Hospital",254,6,P0580; P1113; P1197; P1472; P1592; P1636,,,0.5,manual review needed,D_noise_check
