relationship_id,professor_a_id,professor_b_id,relationship_type,collaboration_paper_count,evidence_url,verified,notes,collaboration_strength,first_year,last_year,source,target
AUTO000001,P0002,P0008,collaboration,45,,auto,OpenAlex coauthorship between confirmed professors,7.808,2009,2026,P0002,P0008
AUTO000002,P0002,P0010,collaboration,17,,auto,OpenAlex coauthorship between confirmed professors,1.958,2012,2025,P0002,P0010
AUTO000003,P0002,P0012,collaboration,6,,auto,OpenAlex coauthorship between confirmed professors,0.651,2012,2015,P0002,P0012
AUTO000004,P0002,P0015,collaboration,15,,auto,OpenAlex coauthorship between confirmed professors,2.164,2011,2025,P0002,P0015
AUTO000005,P0002,P0018,collaboration,13,,auto,OpenAlex coauthorship between confirmed professors,3.016,2020,2026,P0002,P0018
AUTO000006,P0002,P0023,collaboration,7,,auto,OpenAlex coauthorship between confirmed professors,0.511,2010,2014,P0002,P0023
AUTO000007,P0002,P0063,collaboration,2,,auto,OpenAlex coauthorship between confirmed professors,0.388,2025,2026,P0002,P0063
AUTO000009,P0006,P0009,collaboration,8,,auto,OpenAlex coauthorship between confirmed professors,0.796,2020,2024,P0006,P0009
AUTO000010,P0006,P0013,collaboration,42,,auto,OpenAlex coauthorship between confirmed professors,1.839,2002,2025,P0006,P0013
AUTO000011,P0006,P0014,collaboration,27,,auto,OpenAlex coauthorship between confirmed professors,0.719,2002,2022,P0006,P0014
AUTO000012,P0006,P0016,collaboration,30,,auto,OpenAlex coauthorship between confirmed professors,1.779,2006,2026,P0006,P0016
AUTO000013,P0006,P0020,collaboration,8,,auto,OpenAlex coauthorship between confirmed professors,0.592,2019,2025,P0006,P0020
AUTO000014,P0006,P0024,collaboration,6,,auto,OpenAlex coauthorship between confirmed professors,0.439,2016,2023,P0006,P0024
AUTO000015,P0006,P0026,collaboration,2,,auto,OpenAlex coauthorship between confirmed professors,0.182,2024,2024,P0006,P0026
AUTO000016,P0006,P0027,collaboration,5,,auto,OpenAlex coauthorship between confirmed professors,0.511,2020,2023,P0006,P0027
AUTO000017,P0006,P0028,collaboration,3,,auto,OpenAlex coauthorship between confirmed professors,0.219,2019,2022,P0006,P0028
AUTO000018,P0006,P0030,collaboration,3,,auto,OpenAlex coauthorship between confirmed professors,0.152,2014,2023,P0006,P0030
AUTO000019,P0006,P0031,collaboration,2,,auto,OpenAlex coauthorship between confirmed professors,0.167,2023,2024,P0006,P0031
AUTO000020,P0006,P0137,collaboration,5,,auto,OpenAlex coauthorship between confirmed professors,0.116,2004,2007,P0006,P0137
AUTO000021,P0006,P1111,collaboration,14,,auto,OpenAlex coauthorship between confirmed professors,2.031,2016,2025,P0006,P1111
AUTO000027,P0007,P0013,collaboration,7,,auto,OpenAlex coauthorship between confirmed professors,0.108,2005,2014,P0007,P0013
AUTO000028,P0007,P0014,collaboration,9,,auto,OpenAlex coauthorship between confirmed professors,0.224,2005,2024,P0007,P0014
AUTO000029,P0007,P0021,collaboration,7,,auto,OpenAlex coauthorship between confirmed professors,0.366,2006,2018,P0007,P0021
AUTO000030,P0007,P0022,collaboration,5,,auto,OpenAlex coauthorship between confirmed professors,0.178,2007,2015,P0007,P0022
AUTO000031,P0007,P0030,collaboration,2,,auto,OpenAlex coauthorship between confirmed professors,0.025,2015,2016,P0007,P0030
AUTO000032,P0007,P0031,collaboration,3,,auto,OpenAlex coauthorship between confirmed professors,0.08,2005,2006,P0007,P0031
AUTO000033,P0007,P0038,collaboration,7,,auto,OpenAlex coauthorship between confirmed professors,0.515,2015,2019,P0007,P0038
AUTO000034,P0007,P0228,collaboration,3,,auto,OpenAlex coauthorship between confirmed professors,0.128,2007,2020,P0007,P0228
AUTO000035,P0007,P0246,collaboration,22,,auto,OpenAlex coauthorship between confirmed professors,2.018,2012,2020,P0007,P0246
AUTO000036,P0007,P0303,collaboration,3,,auto,OpenAlex coauthorship between confirmed professors,0.23,2013,2017,P0007,P0303
AUTO000037,P0007,P0355,collaboration,7,,auto,OpenAlex coauthorship between confirmed professors,0.118,2009,2016,P0007,P0355
AUTO000038,P0007,P0403,collaboration,2,,auto,OpenAlex coauthorship between confirmed professors,0.096,2010,2011,P0007,P0403
AUTO000039,P0007,P0471,collaboration,4,,auto,OpenAlex coauthorship between confirmed professors,0.153,2005,2005,P0007,P0471
AUTO000040,P0007,P0480,collaboration,2,,auto,OpenAlex coauthorship between confirmed professors,0.098,2008,2013,P0007,P0480
AUTO000041,P0007,P0716,collaboration,7,,auto,OpenAlex coauthorship between confirmed professors,0.515,2015,2019,P0007,P0716
AUTO000042,P0007,P0718,collaboration,2,,auto,OpenAlex coauthorship between confirmed professors,0.301,2019,2020,P0007,P0718
AUTO000043,P0007,P0734,collaboration,2,,auto,OpenAlex coauthorship between confirmed professors,0.101,2011,2014,P0007,P0734
AUTO000044,P0007,P0740,collaboration,8,,auto,OpenAlex coauthorship between confirmed professors,0.452,2011,2019,P0007,P0740
AUTO000045,P0007,P0746,collaboration,11,,auto,OpenAlex coauthorship between confirmed professors,0.587,2014,2023,P0007,P0746
AUTO000046,P0007,P0748,collaboration,6,,auto,OpenAlex coauthorship between confirmed professors,0.415,2012,2022,P0007,P0748
AUTO000064,P0008,P0010,collaboration,9,,auto,OpenAlex coauthorship between confirmed professors,1.008,2013,2024,P0008,P0010
AUTO000065,P0008,P0012,collaboration,2,,auto,OpenAlex coauthorship between confirmed professors,0.103,2013,2014,P0008,P0012
AUTO000066,P0008,P0015,collaboration,8,,auto,OpenAlex coauthorship between confirmed professors,1.102,2013,2024,P0008,P0015
AUTO000067,P0008,P0018,collaboration,6,,auto,OpenAlex coauthorship between confirmed professors,1.451,2021,2025,P0008,P0018
AUTO000068,P0008,P0023,collaboration,2,,auto,OpenAlex coauthorship between confirmed professors,0.119,2012,2014,P0008,P0023
AUTO000069,P0009,P0016,collaboration,2,,auto,OpenAlex coauthorship between confirmed professors,0.167,2023,2024,P0009,P0016
AUTO000070,P0009,P0024,collaboration,2,,auto,OpenAlex coauthorship between confirmed professors,0.18,2020,2023,P0009,P0024
AUTO000071,P0009,P0027,collaboration,3,,auto,OpenAlex coauthorship between confirmed professors,0.351,2020,2023,P0009,P0027
AUTO000072,P0009,P0031,collaboration,2,,auto,OpenAlex coauthorship between confirmed professors,0.167,2023,2024,P0009,P0031
AUTO000073,P0010,P0015,collaboration,7,,auto,OpenAlex coauthorship between confirmed professors,0.911,2013,2025,P0010,P0015
AUTO000074,P0010,P0018,collaboration,3,,auto,OpenAlex coauthorship between confirmed professors,0.34,2021,2024,P0010,P0018
AUTO000075,P0011,P0914,collaboration,3,,auto,OpenAlex coauthorship between confirmed professors,0.15,2017,2017,P0011,P0914
AUTO000089,P0012,P0215,collaboration,2,,auto,OpenAlex coauthorship between confirmed professors,0.278,2024,2024,P0012,P0215
AUTO000094,P0013,P0014,collaboration,262,,auto,OpenAlex coauthorship between confirmed professors,12.225,2000,2025,P0013,P0014
AUTO000095,P0013,P0016,collaboration,27,,auto,OpenAlex coauthorship between confirmed professors,1.247,2006,2025,P0013,P0016
AUTO000096,P0013,P0020,collaboration,199,,auto,OpenAlex coauthorship between confirmed professors,15.193,2011,2026,P0013,P0020
AUTO000097,P0013,P0030,collaboration,2,,auto,OpenAlex coauthorship between confirmed professors,0.068,2014,2015,P0013,P0030
AUTO000098,P0013,P0220,collaboration,2,,auto,OpenAlex coauthorship between confirmed professors,0.082,2011,2019,P0013,P0220
AUTO000099,P0013,P0355,collaboration,56,,auto,OpenAlex coauthorship between confirmed professors,1.89,2005,2025,P0013,P0355
AUTO000100,P0013,P0449,collaboration,2,,auto,OpenAlex coauthorship between confirmed professors,0.038,2012,2012,P0013,P0449
AUTO000101,P0013,P0603,collaboration,3,,auto,OpenAlex coauthorship between confirmed professors,0.048,2012,2016,P0013,P0603
AUTO000102,P0013,P1094,collaboration,10,,auto,OpenAlex coauthorship between confirmed professors,0.886,2013,2025,P0013,P1094
AUTO000103,P0013,P1098,collaboration,2,,auto,OpenAlex coauthorship between confirmed professors,0.025,2015,2017,P0013,P1098
AUTO000113,P0014,P0016,collaboration,12,,auto,OpenAlex coauthorship between confirmed professors,0.492,2006,2025,P0014,P0016
AUTO000114,P0014,P0020,collaboration,133,,auto,OpenAlex coauthorship between confirmed professors,8.102,2011,2026,P0014,P0020
AUTO000115,P0014,P0137,collaboration,2,,auto,OpenAlex coauthorship between confirmed professors,0.049,2006,2007,P0014,P0137
AUTO000116,P0014,P0220,collaboration,4,,auto,OpenAlex coauthorship between confirmed professors,0.139,2004,2019,P0014,P0220
AUTO000117,P0014,P0355,collaboration,28,,auto,OpenAlex coauthorship between confirmed professors,0.861,2005,2025,P0014,P0355
AUTO000118,P0014,P0449,collaboration,6,,auto,OpenAlex coauthorship between confirmed professors,0.161,2011,2012,P0014,P0449
AUTO000119,P0014,P0616,collaboration,7,,auto,OpenAlex coauthorship between confirmed professors,0.174,2011,2017,P0014,P0616
AUTO000120,P0014,P1094,collaboration,5,,auto,OpenAlex coauthorship between confirmed professors,0.438,2023,2025,P0014,P1094
AUTO000127,P0016,P0030,collaboration,3,,auto,OpenAlex coauthorship between confirmed professors,0.152,2014,2023,P0016,P0030
AUTO000128,P0016,P0031,collaboration,2,,auto,OpenAlex coauthorship between confirmed professors,0.167,2023,2024,P0016,P0031
AUTO000129,P0016,P0236,collaboration,5,,auto,OpenAlex coauthorship between confirmed professors,0.179,2007,2022,P0016,P0236
AUTO000130,P0016,P0258,collaboration,2,,auto,OpenAlex coauthorship between confirmed professors,0.4,2025,2025,P0016,P0258
AUTO000134,P0020,P0355,collaboration,21,,auto,OpenAlex coauthorship between confirmed professors,0.981,2014,2025,P0020,P0355
AUTO000138,P0021,P0026,collaboration,29,,auto,OpenAlex coauthorship between confirmed professors,3.684,2018,2023,P0021,P0026
AUTO000144,P0022,P0746,collaboration,3,,auto,OpenAlex coauthorship between confirmed professors,0.267,2024,2025,P0022,P0746
AUTO000147,P0023,P0068,collaboration,3,,auto,OpenAlex coauthorship between confirmed professors,0.078,2008,2011,P0023,P0068
AUTO000148,P0023,P0769,collaboration,9,,auto,OpenAlex coauthorship between confirmed professors,0.747,2019,2025,P0023,P0769
AUTO000149,P0023,P0903,collaboration,2,,auto,OpenAlex coauthorship between confirmed professors,0.093,2019,2019,P0023,P0903
AUTO000155,P0026,P0050,collaboration,2,,auto,OpenAlex coauthorship between confirmed professors,0.166,2020,2025,P0026,P0050
AUTO000156,P0026,P0208,collaboration,4,,auto,OpenAlex coauthorship between confirmed professors,0.237,2020,2021,P0026,P0208
AUTO000157,P0026,P0303,collaboration,3,,auto,OpenAlex coauthorship between confirmed professors,0.325,2024,2025,P0026,P0303
AUTO000158,P0026,P0475,collaboration,2,,auto,OpenAlex coauthorship between confirmed professors,0.233,2019,2022,P0026,P0475
AUTO000159,P0026,P0746,collaboration,7,,auto,OpenAlex coauthorship between confirmed professors,0.293,2011,2016,P0026,P0746
AUTO000162,P0028,P0031,collaboration,2,,auto,OpenAlex coauthorship between confirmed professors,0.129,2020,2020,P0028,P0031
AUTO000163,P0028,P0057,collaboration,2,,auto,OpenAlex coauthorship between confirmed professors,0.093,2023,2024,P0028,P0057
AUTO000164,P0028,P0075,collaboration,10,,auto,OpenAlex coauthorship between confirmed professors,0.295,2021,2023,P0028,P0075
AUTO000165,P0028,P0134,collaboration,4,,auto,OpenAlex coauthorship between confirmed professors,0.232,2019,2022,P0028,P0134
AUTO000166,P0028,P0250,collaboration,13,,auto,OpenAlex coauthorship between confirmed professors,0.363,2019,2023,P0028,P0250
AUTO000167,P0028,P0342,collaboration,2,,auto,OpenAlex coauthorship between confirmed professors,0.08,2010,2010,P0028,P0342
AUTO000168,P0028,P0422,collaboration,2,,auto,OpenAlex coauthorship between confirmed professors,0.286,2026,2026,P0028,P0422
AUTO000169,P0028,P0484,collaboration,111,,auto,OpenAlex coauthorship between confirmed professors,8.567,2014,2025,P0028,P0484
AUTO000170,P0028,P0764,collaboration,3,,auto,OpenAlex coauthorship between confirmed professors,0.128,2017,2022,P0028,P0764
AUTO000171,P0028,P0890,collaboration,2,,auto,OpenAlex coauthorship between confirmed professors,0.163,1995,2025,P0028,P0890
AUTO000172,P0028,P0966,collaboration,4,,auto,OpenAlex coauthorship between confirmed professors,0.199,2017,2021,P0028,P0966
AUTO000173,P0028,P0986,collaboration,4,,auto,OpenAlex coauthorship between confirmed professors,0.232,2012,2019,P0028,P0986
AUTO000191,P0030,P0201,collaboration,4,,auto,OpenAlex coauthorship between confirmed professors,0.176,2020,2024,P0030,P0201
AUTO000192,P0030,P0511,collaboration,4,,auto,OpenAlex coauthorship between confirmed professors,0.219,2011,2024,P0030,P0511
AUTO000193,P0030,P0602,collaboration,2,,auto,OpenAlex coauthorship between confirmed professors,0.039,2001,2005,P0030,P0602
AUTO000194,P0030,P0691,collaboration,2,,auto,OpenAlex coauthorship between confirmed professors,0.273,2009,2024,P0030,P0691
AUTO000200,P0032,P0034,collaboration,21,,auto,OpenAlex coauthorship between confirmed professors,1.842,2011,2024,P0032,P0034
AUTO000201,P0032,P0056,collaboration,3,,auto,OpenAlex coauthorship between confirmed professors,0.5,2024,2024,P0032,P0056
AUTO000202,P0032,P0696,collaboration,4,,auto,OpenAlex coauthorship between confirmed professors,0.538,2014,2024,P0032,P0696
AUTO000203,P0032,P0699,collaboration,3,,auto,OpenAlex coauthorship between confirmed professors,0.302,2025,2026,P0032,P0699
AUTO000204,P0032,P0700,collaboration,2,,auto,OpenAlex coauthorship between confirmed professors,0.126,2022,2026,P0032,P0700
AUTO000205,P0032,P0704,collaboration,2,,auto,OpenAlex coauthorship between confirmed professors,0.222,2026,2026,P0032,P0704
AUTO000206,P0032,P0711,collaboration,2,,auto,OpenAlex coauthorship between confirmed professors,0.274,2023,2024,P0032,P0711
AUTO000209,P0033,P0148,collaboration,2,,auto,OpenAlex coauthorship between confirmed professors,0.273,2017,2017,P0033,P0148
AUTO000210,P0033,P0988,collaboration,8,,auto,OpenAlex coauthorship between confirmed professors,1.728,2015,2021,P0033,P0988
AUTO000212,P0034,P0568,collaboration,2,,auto,OpenAlex coauthorship between confirmed professors,0.187,2018,2020,P0034,P0568
AUTO000213,P0034,P0689,collaboration,2,,auto,OpenAlex coauthorship between confirmed professors,0.193,2021,2021,P0034,P0689
AUTO000214,P0034,P0696,collaboration,5,,auto,OpenAlex coauthorship between confirmed professors,0.26,2008,2025,P0034,P0696
AUTO000215,P0034,P0703,collaboration,2,,auto,OpenAlex coauthorship between confirmed professors,0.26,2018,2020,P0034,P0703
AUTO000216,P0034,P0923,collaboration,2,,auto,OpenAlex coauthorship between confirmed professors,0.187,2018,2020,P0034,P0923
AUTO000221,P0035,P0496,collaboration,2,,auto,OpenAlex coauthorship between confirmed professors,0.129,2019,2020,P0035,P0496
AUTO000222,P0035,P0691,collaboration,17,,auto,OpenAlex coauthorship between confirmed professors,2.418,2011,2020,P0035,P0691
AUTO000223,P0035,P0700,collaboration,2,,auto,OpenAlex coauthorship between confirmed professors,0.216,2011,2011,P0035,P0700
AUTO000224,P0035,P0703,collaboration,13,,auto,OpenAlex coauthorship between confirmed professors,1.688,2012,2023,P0035,P0703
AUTO000225,P0035,P0970,collaboration,2,,auto,OpenAlex coauthorship between confirmed professors,0.129,2019,2020,P0035,P0970
AUTO000226,P0036,P0044,collaboration,3,,auto,OpenAlex coauthorship between confirmed professors,0.362,2023,2025,P0036,P0044
AUTO000227,P0036,P0055,collaboration,4,,auto,OpenAlex coauthorship between confirmed professors,0.446,2021,2024,P0036,P0055
AUTO000228,P0036,P0142,collaboration,5,,auto,OpenAlex coauthorship between confirmed professors,0.635,2014,2016,P0036,P0142
AUTO000229,P0036,P0222,collaboration,2,,auto,OpenAlex coauthorship between confirmed professors,0.131,2023,2023,P0036,P0222
AUTO000230,P0036,P0284,collaboration,6,,auto,OpenAlex coauthorship between confirmed professors,0.509,2019,2022,P0036,P0284
AUTO000231,P0036,P0691,collaboration,4,,auto,OpenAlex coauthorship between confirmed professors,0.248,2008,2021,P0036,P0691
AUTO000232,P0036,P0700,collaboration,5,,auto,OpenAlex coauthorship between confirmed professors,0.409,2015,2021,P0036,P0700
AUTO000233,P0036,P0703,collaboration,7,,auto,OpenAlex coauthorship between confirmed professors,0.529,2002,2025,P0036,P0703
AUTO000234,P0036,P0801,collaboration,3,,auto,OpenAlex coauthorship between confirmed professors,0.179,2004,2022,P0036,P0801
AUTO000237,P0038,P0685,collaboration,4,,auto,OpenAlex coauthorship between confirmed professors,0.052,1998,2000,P0038,P0685
AUTO000238,P0038,P0691,collaboration,2,,auto,OpenAlex coauthorship between confirmed professors,0.081,2003,2003,P0038,P0691
AUTO000239,P0038,P0700,collaboration,4,,auto,OpenAlex coauthorship between confirmed professors,0.417,2021,2024,P0038,P0700
AUTO000240,P0038,P0703,collaboration,8,,auto,OpenAlex coauthorship between confirmed professors,0.87,2015,2024,P0038,P0703
AUTO000241,P0038,P0716,collaboration,40,,auto,OpenAlex coauthorship between confirmed professors,2.934,2011,2022,P0038,P0716
AUTO000242,P0038,P0999,collaboration,2,,auto,OpenAlex coauthorship between confirmed professors,0.055,2004,2007,P0038,P0999
AUTO000251,P0040,P0043,collaboration,2,,auto,OpenAlex coauthorship between confirmed professors,0.118,2018,2020,P0040,P0043
AUTO000252,P0040,P0079,collaboration,6,,auto,OpenAlex coauthorship between confirmed professors,0.108,1998,2002,P0040,P0079
AUTO000253,P0040,P0097,collaboration,5,,auto,OpenAlex coauthorship between confirmed professors,0.305,2014,2020,P0040,P0097
AUTO000254,P0040,P0221,collaboration,12,,auto,OpenAlex coauthorship between confirmed professors,0.674,2016,2023,P0040,P0221
AUTO000255,P0040,P0275,collaboration,6,,auto,OpenAlex coauthorship between confirmed professors,0.117,2000,2003,P0040,P0275
AUTO000256,P0040,P0691,collaboration,2,,auto,OpenAlex coauthorship between confirmed professors,0.118,2013,2023,P0040,P0691
AUTO000257,P0040,P0702,collaboration,3,,auto,OpenAlex coauthorship between confirmed professors,0.121,2007,2009,P0040,P0702
AUTO000258,P0040,P0703,collaboration,4,,auto,OpenAlex coauthorship between confirmed professors,0.16,2017,2018,P0040,P0703
AUTO000259,P0040,P0704,collaboration,7,,auto,OpenAlex coauthorship between confirmed professors,0.372,2016,2023,P0040,P0704
AUTO000260,P0040,P0711,collaboration,12,,auto,OpenAlex coauthorship between confirmed professors,0.612,2015,2023,P0040,P0711
AUTO000261,P0040,P0972,collaboration,5,,auto,OpenAlex coauthorship between confirmed professors,0.305,2014,2020,P0040,P0972
AUTO000265,P0041,P1017,collaboration,2,,auto,OpenAlex coauthorship between confirmed professors,0.147,2016,2023,P0041,P1017
AUTO000268,P0042,P0055,collaboration,5,,auto,OpenAlex coauthorship between confirmed professors,0.5,2020,2025,P0042,P0055
AUTO000269,P0042,P0245,collaboration,5,,auto,OpenAlex coauthorship between confirmed professors,0.184,2006,2010,P0042,P0245
AUTO000270,P0042,P0486,collaboration,5,,auto,OpenAlex coauthorship between confirmed professors,0.376,2010,2020,P0042,P0486
AUTO000271,P0042,P0689,collaboration,13,,auto,OpenAlex coauthorship between confirmed professors,0.696,2009,2014,P0042,P0689
AUTO000272,P0042,P0691,collaboration,2,,auto,OpenAlex coauthorship between confirmed professors,0.088,2018,2018,P0042,P0691
AUTO000273,P0042,P0700,collaboration,5,,auto,OpenAlex coauthorship between confirmed professors,0.493,2015,2022,P0042,P0700
AUTO000274,P0042,P0711,collaboration,2,,auto,OpenAlex coauthorship between confirmed professors,0.406,2018,2021,P0042,P0711
AUTO000275,P0042,P0753,collaboration,3,,auto,OpenAlex coauthorship between confirmed professors,0.122,2006,2022,P0042,P0753
AUTO000276,P0042,P0783,collaboration,2,,auto,OpenAlex coauthorship between confirmed professors,0.176,2022,2023,P0042,P0783
AUTO000284,P0043,P0092,collaboration,3,,auto,OpenAlex coauthorship between confirmed professors,0.156,2016,2016,P0043,P0092
AUTO000285,P0043,P0095,collaboration,2,,auto,OpenAlex coauthorship between confirmed professors,0.108,2011,2011,P0043,P0095
AUTO000286,P0043,P0105,collaboration,14,,auto,OpenAlex coauthorship between confirmed professors,1.733,2006,2025,P0043,P0105
AUTO000287,P0043,P0218,collaboration,3,,auto,OpenAlex coauthorship between confirmed professors,0.186,2016,2017,P0043,P0218
AUTO000288,P0043,P0491,collaboration,4,,auto,OpenAlex coauthorship between confirmed professors,0.305,2009,2019,P0043,P0491
AUTO000289,P0043,P0494,collaboration,20,,auto,OpenAlex coauthorship between confirmed professors,2.77,2011,2025,P0043,P0494
AUTO000290,P0043,P1063,collaboration,2,,auto,OpenAlex coauthorship between confirmed professors,0.75,2024,2025,P0043,P1063
AUTO000292,P0044,P0700,collaboration,29,,auto,OpenAlex coauthorship between confirmed professors,2.211,2018,2025,P0044,P0700
AUTO000293,P0044,P0703,collaboration,21,,auto,OpenAlex coauthorship between confirmed professors,1.431,2018,2025,P0044,P0703
AUTO000294,P0044,P0716,collaboration,9,,auto,OpenAlex coauthorship between confirmed professors,0.554,2020,2025,P0044,P0716
AUTO000295,P0044,P0745,collaboration,2,,auto,OpenAlex coauthorship between confirmed professors,0.174,2024,2025,P0044,P0745
AUTO000296,P0044,P0829,collaboration,2,,auto,OpenAlex coauthorship between confirmed professors,0.055,2006,2008,P0044,P0829
AUTO000297,P0044,P0872,collaboration,3,,auto,OpenAlex coauthorship between confirmed professors,0.16,2017,2019,P0044,P0872
AUTO000298,P0044,P0914,collaboration,3,,auto,OpenAlex coauthorship between confirmed professors,0.208,2019,2021,P0044,P0914
AUTO000300,P0050,P0105,collaboration,2,,auto,OpenAlex coauthorship between confirmed professors,0.218,2016,2019,P0050,P0105
AUTO000301,P0050,P0208,collaboration,2,,auto,OpenAlex coauthorship between confirmed professors,0.097,2020,2021,P0050,P0208
AUTO000302,P0050,P0211,collaboration,2,,auto,OpenAlex coauthorship between confirmed professors,0.034,2005,2005,P0050,P0211
AUTO000303,P0050,P0302,collaboration,4,,auto,OpenAlex coauthorship between confirmed professors,0.282,2016,2017,P0050,P0302
AUTO000304,P0050,P0513,collaboration,2,,auto,OpenAlex coauthorship between confirmed professors,0.054,2006,2010,P0050,P0513
AUTO000305,P0050,P0541,collaboration,2,,auto,OpenAlex coauthorship between confirmed professors,0.034,2005,2005,P0050,P0541
AUTO000306,P0050,P0689,collaboration,2,,auto,OpenAlex coauthorship between confirmed professors,0.102,2022,2026,P0050,P0689
AUTO000307,P0050,P0691,collaboration,2,,auto,OpenAlex coauthorship between confirmed professors,0.076,2010,2010,P0050,P0691
AUTO000308,P0050,P0970,collaboration,2,,auto,OpenAlex coauthorship between confirmed professors,0.076,2010,2010,P0050,P0970
AUTO000315,P0052,P1082,collaboration,14,,auto,OpenAlex coauthorship between confirmed professors,1.556,2026,2026,P0052,P1082
AUTO000316,P0053,P0105,collaboration,2,,auto,OpenAlex coauthorship between confirmed professors,0.227,2021,2023,P0053,P0105
AUTO000317,P0053,P0488,collaboration,2,,auto,OpenAlex coauthorship between confirmed professors,0.114,2018,2018,P0053,P0488
AUTO000318,P0053,P0492,collaboration,8,,auto,OpenAlex coauthorship between confirmed professors,0.454,2015,2018,P0053,P0492
AUTO000319,P0053,P0700,collaboration,2,,auto,OpenAlex coauthorship between confirmed professors,0.079,2018,2018,P0053,P0700
AUTO000320,P0053,P0801,collaboration,4,,auto,OpenAlex coauthorship between confirmed professors,0.612,2020,2023,P0053,P0801
AUTO000321,P0053,P0964,collaboration,6,,auto,OpenAlex coauthorship between confirmed professors,0.334,2009,2015,P0053,P0964
AUTO000322,P0053,P0990,collaboration,6,,auto,OpenAlex coauthorship between confirmed professors,0.32,2017,2018,P0053,P0990
AUTO000323,P0053,P1055,collaboration,5,,auto,OpenAlex coauthorship between confirmed professors,0.587,2017,2021,P0053,P1055
AUTO000325,P0055,P0056,collaboration,6,,auto,OpenAlex coauthorship between confirmed professors,0.332,2012,2015,P0055,P0056
AUTO000326,P0055,P0148,collaboration,3,,auto,OpenAlex coauthorship between confirmed professors,0.485,2016,2019,P0055,P0148
AUTO000327,P0055,P0251,collaboration,3,,auto,OpenAlex coauthorship between confirmed professors,0.128,2015,2018,P0055,P0251
AUTO000328,P0055,P0274,collaboration,3,,auto,OpenAlex coauthorship between confirmed professors,0.128,2015,2018,P0055,P0274
AUTO000329,P0055,P0284,collaboration,5,,auto,OpenAlex coauthorship between confirmed professors,0.62,2016,2023,P0055,P0284
AUTO000330,P0055,P0285,collaboration,65,,auto,OpenAlex coauthorship between confirmed professors,9.776,2011,2026,P0055,P0285
AUTO000331,P0055,P0703,collaboration,3,,auto,OpenAlex coauthorship between confirmed professors,0.442,2019,2020,P0055,P0703
AUTO000332,P0055,P0905,collaboration,3,,auto,OpenAlex coauthorship between confirmed professors,0.292,2017,2018,P0055,P0905
AUTO000333,P0055,P0962,collaboration,2,,auto,OpenAlex coauthorship between confirmed professors,0.257,2013,2013,P0055,P0962
AUTO000341,P0056,P0066,collaboration,9,,auto,OpenAlex coauthorship between confirmed professors,1.157,2020,2024,P0056,P0066
AUTO000342,P0056,P0148,collaboration,1,,auto,OpenAlex coauthorship between confirmed professors,0.578,2013,2013,P0056,P0148
AUTO000343,P0056,P0228,collaboration,10,,auto,OpenAlex coauthorship between confirmed professors,0.573,2013,2022,P0056,P0228
AUTO000344,P0056,P0439,collaboration,4,,auto,OpenAlex coauthorship between confirmed professors,0.083,2022,2022,P0056,P0439
AUTO000345,P0056,P0482,collaboration,3,,auto,OpenAlex coauthorship between confirmed professors,0.112,2009,2013,P0056,P0482
AUTO000346,P0056,P0542,collaboration,2,,auto,OpenAlex coauthorship between confirmed professors,0.082,2020,2021,P0056,P0542
AUTO000347,P0056,P0544,collaboration,3,,auto,OpenAlex coauthorship between confirmed professors,0.241,2015,2021,P0056,P0544
AUTO000348,P0056,P0547,collaboration,2,,auto,OpenAlex coauthorship between confirmed professors,0.082,2020,2021,P0056,P0547
AUTO000349,P0056,P0694,collaboration,2,,auto,OpenAlex coauthorship between confirmed professors,0.308,2023,2026,P0056,P0694
AUTO000350,P0056,P0695,collaboration,4,,auto,OpenAlex coauthorship between confirmed professors,0.083,2022,2022,P0056,P0695
AUTO000351,P0056,P0696,collaboration,6,,auto,OpenAlex coauthorship between confirmed professors,0.84,2023,2025,P0056,P0696
AUTO000352,P0056,P0703,collaboration,4,,auto,OpenAlex coauthorship between confirmed professors,0.314,2022,2025,P0056,P0703
AUTO000353,P0056,P0704,collaboration,3,,auto,OpenAlex coauthorship between confirmed professors,0.239,2018,2021,P0056,P0704
AUTO000354,P0056,P0752,collaboration,2,,auto,OpenAlex coauthorship between confirmed professors,0.082,2020,2021,P0056,P0752
AUTO000355,P0056,P0773,collaboration,2,,auto,OpenAlex coauthorship between confirmed professors,0.082,2020,2021,P0056,P0773
AUTO000356,P0056,P0936,collaboration,3,,auto,OpenAlex coauthorship between confirmed professors,0.182,2017,2017,P0056,P0936
AUTO000365,P0057,P0078,collaboration,11,,auto,OpenAlex coauthorship between confirmed professors,0.285,2020,2025,P0057,P0078
AUTO000366,P0057,P0079,collaboration,18,,auto,OpenAlex coauthorship between confirmed professors,1.528,2013,2024,P0057,P0079
AUTO000367,P0057,P0703,collaboration,5,,auto,OpenAlex coauthorship between confirmed professors,0.387,2020,2023,P0057,P0703
AUTO000368,P0057,P0766,collaboration,8,,auto,OpenAlex coauthorship between confirmed professors,0.204,2020,2023,P0057,P0766
AUTO000372,P0058,P0707,collaboration,2,,auto,OpenAlex coauthorship between confirmed professors,0.14,2022,2022,P0058,P0707
AUTO000373,P0058,P0991,collaboration,5,,auto,OpenAlex coauthorship between confirmed professors,1.15,2021,2023,P0058,P0991
AUTO000374,P0060,P0925,collaboration,5,,auto,OpenAlex coauthorship between confirmed professors,0.304,2005,2010,P0060,P0925
AUTO000386,P0064,P0442,collaboration,6,,auto,OpenAlex coauthorship between confirmed professors,0.387,2013,2024,P0064,P0442
AUTO000387,P0064,P0564,collaboration,1,,auto,OpenAlex coauthorship between confirmed professors,0.75,2024,2024,P0064,P0564
AUTO000390,P0065,P0928,collaboration,3,,auto,OpenAlex coauthorship between confirmed professors,0.257,2009,2019,P0065,P0928
AUTO000392,P0066,P0137,collaboration,3,,auto,OpenAlex coauthorship between confirmed professors,0.232,2018,2021,P0066,P0137
AUTO000393,P0066,P0199,collaboration,3,,auto,OpenAlex coauthorship between confirmed professors,0.433,2017,2019,P0066,P0199
AUTO000394,P0066,P0213,collaboration,2,,auto,OpenAlex coauthorship between confirmed professors,0.125,2025,2025,P0066,P0213
AUTO000395,P0066,P0228,collaboration,2,,auto,OpenAlex coauthorship between confirmed professors,0.124,2020,2022,P0066,P0228
AUTO000396,P0066,P0291,collaboration,2,,auto,OpenAlex coauthorship between confirmed professors,0.125,2025,2025,P0066,P0291
AUTO000397,P0066,P0693,collaboration,4,,auto,OpenAlex coauthorship between confirmed professors,0.414,2023,2024,P0066,P0693
AUTO000398,P0066,P0754,collaboration,3,,auto,OpenAlex coauthorship between confirmed professors,0.231,2020,2025,P0066,P0754
AUTO000399,P0066,P0829,collaboration,2,,auto,OpenAlex coauthorship between confirmed professors,0.18,2016,2017,P0066,P0829
AUTO000400,P0066,P1033,collaboration,11,,auto,OpenAlex coauthorship between confirmed professors,9.634,2020,2023,P0066,P1033
AUTO000408,P0067,P0068,collaboration,2,,auto,OpenAlex coauthorship between confirmed professors,0.103,2018,2021,P0067,P0068
AUTO000409,P0067,P0114,collaboration,9,,auto,OpenAlex coauthorship between confirmed professors,0.802,2019,2025,P0067,P0114
AUTO000410,P0067,P0345,collaboration,4,,auto,OpenAlex coauthorship between confirmed professors,0.257,2022,2025,P0067,P0345
AUTO000413,P0068,P0914,collaboration,2,,auto,OpenAlex coauthorship between confirmed professors,0.096,2018,2020,P0068,P0914
AUTO000419,P0069,P0845,collaboration,2,,auto,OpenAlex coauthorship between confirmed professors,0.28,2022,2022,P0069,P0845
AUTO000424,P0074,P0253,collaboration,4,,auto,OpenAlex coauthorship between confirmed professors,0.399,2021,2024,P0074,P0253
AUTO000425,P0075,P0079,collaboration,15,,auto,OpenAlex coauthorship between confirmed professors,1.307,2007,2023,P0075,P0079
AUTO000426,P0075,P0100,collaboration,3,,auto,OpenAlex coauthorship between confirmed professors,0.259,2024,2024,P0075,P0100
AUTO000427,P0075,P0115,collaboration,4,,auto,OpenAlex coauthorship between confirmed professors,0.401,2016,2020,P0075,P0115
AUTO000428,P0075,P0123,collaboration,6,,auto,OpenAlex coauthorship between confirmed professors,0.459,2006,2018,P0075,P0123
AUTO000435,P0076,P0083,collaboration,2,,auto,OpenAlex coauthorship between confirmed professors,0.322,2021,2022,P0076,P0083
AUTO000436,P0076,P0477,collaboration,32,,auto,OpenAlex coauthorship between confirmed professors,6.584,2014,2026,P0076,P0477
AUTO000439,P0077,P0209,collaboration,21,,auto,OpenAlex coauthorship between confirmed professors,1.396,2009,2023,P0077,P0209
AUTO000440,P0077,P0707,collaboration,3,,auto,OpenAlex coauthorship between confirmed professors,0.085,2008,2010,P0077,P0707
AUTO000446,P0078,P0079,collaboration,2,,auto,OpenAlex coauthorship between confirmed professors,0.25,2021,2022,P0078,P0079
AUTO000447,P0078,P0766,collaboration,8,,auto,OpenAlex coauthorship between confirmed professors,0.204,2020,2023,P0078,P0766
AUTO000451,P0079,P0115,collaboration,4,,auto,OpenAlex coauthorship between confirmed professors,0.174,2008,2021,P0079,P0115
AUTO000452,P0079,P0135,collaboration,2,,auto,OpenAlex coauthorship between confirmed professors,0.184,2021,2021,P0079,P0135
AUTO000453,P0079,P0275,collaboration,6,,auto,OpenAlex coauthorship between confirmed professors,0.111,1998,2001,P0079,P0275
AUTO000454,P0079,P0691,collaboration,8,,auto,OpenAlex coauthorship between confirmed professors,0.382,2005,2014,P0079,P0691
AUTO000455,P0079,P0703,collaboration,2,,auto,OpenAlex coauthorship between confirmed professors,0.023,1991,1994,P0079,P0703
AUTO000456,P0079,P0707,collaboration,2,,auto,OpenAlex coauthorship between confirmed professors,0.065,2005,2015,P0079,P0707
AUTO000457,P0079,P0914,collaboration,8,,auto,OpenAlex coauthorship between confirmed professors,0.783,2015,2025,P0079,P0914
AUTO000458,P0079,P0970,collaboration,2,,auto,OpenAlex coauthorship between confirmed professors,0.093,2011,2014,P0079,P0970
AUTO000459,P0079,P1008,collaboration,1,,auto,OpenAlex coauthorship between confirmed professors,1.157,2021,2021,P0079,P1008
AUTO000465,P0083,P0622,collaboration,4,,auto,OpenAlex coauthorship between confirmed professors,0.168,2013,2016,P0083,P0622
AUTO000466,P0083,P0718,collaboration,3,,auto,OpenAlex coauthorship between confirmed professors,0.244,2016,2018,P0083,P0718
AUTO000467,P0083,P0746,collaboration,3,,auto,OpenAlex coauthorship between confirmed professors,0.244,2016,2018,P0083,P0746
AUTO000473,P0084,P0495,collaboration,2,,auto,OpenAlex coauthorship between confirmed professors,0.202,2020,2020,P0084,P0495
AUTO000474,P0090,P0098,collaboration,5,,auto,OpenAlex coauthorship between confirmed professors,0.438,2023,2025,P0090,P0098
AUTO000475,P0090,P0100,collaboration,7,,auto,OpenAlex coauthorship between confirmed professors,0.788,2023,2026,P0090,P0100
AUTO000476,P0090,P0868,collaboration,2,,auto,OpenAlex coauthorship between confirmed professors,0.321,2021,2026,P0090,P0868
AUTO000481,P0091,P0691,collaboration,16,,auto,OpenAlex coauthorship between confirmed professors,3.075,2018,2024,P0091,P0691
AUTO000482,P0092,P0095,collaboration,7,,auto,OpenAlex coauthorship between confirmed professors,1.042,2017,2023,P0092,P0095
AUTO000483,P0092,P0096,collaboration,2,,auto,OpenAlex coauthorship between confirmed professors,0.4,2025,2025,P0092,P0096
AUTO000484,P0092,P0099,collaboration,4,,auto,OpenAlex coauthorship between confirmed professors,0.629,2019,2023,P0092,P0099
AUTO000485,P0092,P0144,collaboration,18,,auto,OpenAlex coauthorship between confirmed professors,3.339,2020,2026,P0092,P0144
AUTO000486,P0092,P0205,collaboration,2,,auto,OpenAlex coauthorship between confirmed professors,0.16,2019,2020,P0092,P0205
AUTO000487,P0092,P0218,collaboration,5,,auto,OpenAlex coauthorship between confirmed professors,0.685,2016,2020,P0092,P0218
AUTO000488,P0092,P0963,collaboration,2,,auto,OpenAlex coauthorship between confirmed professors,0.338,2021,2023,P0092,P0963
AUTO000489,P0093,P0100,collaboration,9,,auto,OpenAlex coauthorship between confirmed professors,0.721,2014,2026,P0093,P0100
AUTO000492,P0095,P0099,collaboration,4,,auto,OpenAlex coauthorship between confirmed professors,0.597,2019,2023,P0095,P0099
AUTO000493,P0095,P0706,collaboration,6,,auto,OpenAlex coauthorship between confirmed professors,0.811,2014,2018,P0095,P0706
AUTO000494,P0095,P0963,collaboration,4,,auto,OpenAlex coauthorship between confirmed professors,1.128,2019,2024,P0095,P0963
AUTO000495,P0096,P0890,collaboration,2,,auto,OpenAlex coauthorship between confirmed professors,0.072,2015,2021,P0096,P0890
AUTO000505,P0097,P0208,collaboration,2,,auto,OpenAlex coauthorship between confirmed professors,0.21,2022,2022,P0097,P0208
AUTO000506,P0097,P0972,collaboration,45,,auto,OpenAlex coauthorship between confirmed professors,7.119,2012,2024,P0097,P0972
AUTO000507,P0098,P0099,collaboration,2,,auto,OpenAlex coauthorship between confirmed professors,0.602,2019,2021,P0098,P0099
AUTO000508,P0098,P0100,collaboration,6,,auto,OpenAlex coauthorship between confirmed professors,0.476,2019,2025,P0098,P0100
AUTO000509,P0098,P0868,collaboration,3,,auto,OpenAlex coauthorship between confirmed professors,0.212,2019,2021,P0098,P0868
AUTO000511,P0099,P0379,collaboration,6,,auto,OpenAlex coauthorship between confirmed professors,0.143,2020,2023,P0099,P0379
AUTO000512,P0099,P0416,collaboration,2,,auto,OpenAlex coauthorship between confirmed professors,0.049,2022,2022,P0099,P0416
AUTO000513,P0099,P0491,collaboration,9,,auto,OpenAlex coauthorship between confirmed professors,1.397,2014,2020,P0099,P0491
AUTO000514,P0099,P0963,collaboration,2,,auto,OpenAlex coauthorship between confirmed professors,0.338,2021,2023,P0099,P0963
AUTO000516,P0100,P0751,collaboration,15,,auto,OpenAlex coauthorship between confirmed professors,1.112,2016,2023,P0100,P0751
AUTO000523,P0102,P0104,collaboration,13,,auto,OpenAlex coauthorship between confirmed professors,0.744,2014,2026,P0102,P0104
AUTO000524,P0102,P0801,collaboration,21,,auto,OpenAlex coauthorship between confirmed professors,1.821,2014,2026,P0102,P0801
AUTO000525,P0102,P0804,collaboration,12,,auto,OpenAlex coauthorship between confirmed professors,1.001,2016,2023,P0102,P0804
AUTO000538,P0104,P0105,collaboration,2,,auto,OpenAlex coauthorship between confirmed professors,0.249,2021,2023,P0104,P0105
AUTO000539,P0104,P0801,collaboration,18,,auto,OpenAlex coauthorship between confirmed professors,1.064,2013,2026,P0104,P0801
AUTO000540,P0104,P0804,collaboration,7,,auto,OpenAlex coauthorship between confirmed professors,0.432,2016,2023,P0104,P0804
AUTO000541,P0104,P0914,collaboration,2,,auto,OpenAlex coauthorship between confirmed professors,0.115,2019,2025,P0104,P0914
AUTO000543,P0105,P0494,collaboration,5,,auto,OpenAlex coauthorship between confirmed professors,0.897,2018,2026,P0105,P0494
AUTO000544,P0105,P0801,collaboration,4,,auto,OpenAlex coauthorship between confirmed professors,0.611,2023,2026,P0105,P0801
AUTO000545,P0107,P0842,collaboration,2,,auto,OpenAlex coauthorship between confirmed professors,0.17,2009,2017,P0107,P0842
AUTO000546,P0107,P1000,collaboration,2,,auto,OpenAlex coauthorship between confirmed professors,0.095,2025,2026,P0107,P1000
AUTO000547,P0108,P0254,collaboration,3,,auto,OpenAlex coauthorship between confirmed professors,0.222,2016,2022,P0108,P0254
AUTO000548,P0108,P0358,collaboration,2,,auto,OpenAlex coauthorship between confirmed professors,0.2,2025,2025,P0108,P0358
AUTO000549,P0108,P0801,collaboration,3,,auto,OpenAlex coauthorship between confirmed professors,0.188,2023,2024,P0108,P0801
AUTO000554,P0112,P1093,collaboration,45,,auto,OpenAlex coauthorship between confirmed professors,6.368,2018,2026,P0112,P1093
AUTO000555,P0114,P0337,collaboration,13,,auto,OpenAlex coauthorship between confirmed professors,0.761,2006,2024,P0114,P0337
AUTO000556,P0114,P0345,collaboration,6,,auto,OpenAlex coauthorship between confirmed professors,0.401,2022,2025,P0114,P0345
AUTO000557,P0114,P0746,collaboration,2,,auto,OpenAlex coauthorship between confirmed professors,0.114,2015,2024,P0114,P0746
AUTO000563,P0115,P0755,collaboration,2,,auto,OpenAlex coauthorship between confirmed professors,0.068,2017,2017,P0115,P0755
AUTO000564,P0115,P0822,collaboration,4,,auto,OpenAlex coauthorship between confirmed professors,0.163,2011,2013,P0115,P0822
AUTO000565,P0115,P0829,collaboration,2,,auto,OpenAlex coauthorship between confirmed professors,0.071,2012,2012,P0115,P0829
AUTO000566,P0115,P1021,collaboration,2,,auto,OpenAlex coauthorship between confirmed professors,0.278,2026,2026,P0115,P1021
AUTO000573,P0123,P0233,collaboration,19,,auto,OpenAlex coauthorship between confirmed professors,1.349,2010,2020,P0123,P0233
AUTO000574,P0123,P0526,collaboration,7,,auto,OpenAlex coauthorship between confirmed professors,0.896,2014,2017,P0123,P0526
AUTO000575,P0123,P0711,collaboration,5,,auto,OpenAlex coauthorship between confirmed professors,0.373,2013,2018,P0123,P0711
AUTO000583,P0134,P0707,collaboration,5,,auto,OpenAlex coauthorship between confirmed professors,0.143,2006,2015,P0134,P0707
AUTO000584,P0134,P1069,collaboration,2,,auto,OpenAlex coauthorship between confirmed professors,0.048,2008,2008,P0134,P1069
AUTO000586,P0135,P0755,collaboration,2,,auto,OpenAlex coauthorship between confirmed professors,0.099,2013,2015,P0135,P0755
AUTO000593,P0138,P0837,collaboration,2,,auto,OpenAlex coauthorship between confirmed professors,0.081,2013,2023,P0138,P0837
AUTO000594,P0139,P0140,collaboration,2,,auto,OpenAlex coauthorship between confirmed professors,0.133,2025,2026,P0139,P0140
AUTO000595,P0139,P0489,collaboration,5,,auto,OpenAlex coauthorship between confirmed professors,0.659,2021,2026,P0139,P0489
AUTO000596,P0140,P0489,collaboration,2,,auto,OpenAlex coauthorship between confirmed professors,0.133,2025,2026,P0140,P0489
AUTO000600,P0141,P1110,collaboration,4,,auto,OpenAlex coauthorship between confirmed professors,0.314,2014,2023,P0141,P1110
AUTO000602,P0142,P0149,collaboration,2,,auto,OpenAlex coauthorship between confirmed professors,0.081,2013,2014,P0142,P0149
AUTO000603,P0142,P0560,collaboration,5,,auto,OpenAlex coauthorship between confirmed professors,0.523,2019,2026,P0142,P0560
AUTO000604,P0142,P0804,collaboration,4,,auto,OpenAlex coauthorship between confirmed professors,0.209,2012,2014,P0142,P0804
AUTO000607,P0145,P0291,collaboration,2,,auto,OpenAlex coauthorship between confirmed professors,0.017,2010,2010,P0145,P0291
AUTO000611,P0149,P0179,collaboration,5,,auto,OpenAlex coauthorship between confirmed professors,0.257,2005,2013,P0149,P0179
AUTO000612,P0149,P0204,collaboration,3,,auto,OpenAlex coauthorship between confirmed professors,0.094,2009,2017,P0149,P0204
AUTO000614,P0153,P0154,collaboration,9,,auto,OpenAlex coauthorship between confirmed professors,1.182,2022,2025,P0153,P0154
AUTO000615,P0153,P0284,collaboration,4,,auto,OpenAlex coauthorship between confirmed professors,0.161,2016,2016,P0153,P0284
AUTO000621,P0155,P1014,collaboration,4,,auto,OpenAlex coauthorship between confirmed professors,0.232,2016,2025,P0155,P1014
AUTO000622,P0156,P0766,collaboration,7,,auto,OpenAlex coauthorship between confirmed professors,0.841,2013,2023,P0156,P0766
AUTO000623,P0156,P0920,collaboration,5,,auto,OpenAlex coauthorship between confirmed professors,0.695,2016,2023,P0156,P0920
AUTO000625,P0157,P0228,collaboration,2,,auto,OpenAlex coauthorship between confirmed professors,0.035,2004,2008,P0157,P0228
AUTO000626,P0157,P0475,collaboration,2,,auto,OpenAlex coauthorship between confirmed professors,0.094,2006,2018,P0157,P0475
AUTO000627,P0157,P0481,collaboration,2,,auto,OpenAlex coauthorship between confirmed professors,0.155,2004,2025,P0157,P0481
AUTO000629,P0159,P0162,collaboration,2,,auto,OpenAlex coauthorship between confirmed professors,0.115,2024,2025,P0159,P0162
AUTO000635,P0162,P0408,collaboration,4,,auto,OpenAlex coauthorship between confirmed professors,0.092,2014,2020,P0162,P0408
AUTO000642,P0173,P0174,collaboration,4,,auto,OpenAlex coauthorship between confirmed professors,0.336,2008,2010,P0173,P0174
AUTO000643,P0173,P0189,collaboration,19,,auto,OpenAlex coauthorship between confirmed professors,1.475,2014,2018,P0173,P0189
AUTO000644,P0173,P0802,collaboration,2,,auto,OpenAlex coauthorship between confirmed professors,0.099,2012,2013,P0173,P0802
AUTO000646,P0174,P0175,collaboration,5,,auto,OpenAlex coauthorship between confirmed professors,0.424,2014,2018,P0174,P0175
AUTO000647,P0174,P0187,collaboration,2,,auto,OpenAlex coauthorship between confirmed professors,0.268,2024,2025,P0174,P0187
AUTO000648,P0174,P0205,collaboration,3,,auto,OpenAlex coauthorship between confirmed professors,0.186,2016,2018,P0174,P0205
AUTO000651,P0175,P0176,collaboration,2,,auto,OpenAlex coauthorship between confirmed professors,0.109,2010,2010,P0175,P0176
AUTO000652,P0175,P0180,collaboration,2,,auto,OpenAlex coauthorship between confirmed professors,0.219,2010,2014,P0175,P0180
AUTO000653,P0176,P0180,collaboration,2,,auto,OpenAlex coauthorship between confirmed professors,0.152,2016,2021,P0176,P0180
AUTO000654,P0176,P0182,collaboration,2,,auto,OpenAlex coauthorship between confirmed professors,0.126,2014,2015,P0176,P0182
AUTO000655,P0176,P0185,collaboration,2,,auto,OpenAlex coauthorship between confirmed professors,0.126,2014,2015,P0176,P0185
AUTO000656,P0176,P0899,collaboration,2,,auto,OpenAlex coauthorship between confirmed professors,0.054,2000,2004,P0176,P0899
AUTO000657,P0176,P1074,collaboration,2,,auto,OpenAlex coauthorship between confirmed professors,0.138,2017,2017,P0176,P1074
AUTO000658,P0178,P1092,collaboration,4,,auto,OpenAlex coauthorship between confirmed professors,0.48,2019,2021,P0178,P1092
AUTO000659,P0179,P0852,collaboration,4,,auto,OpenAlex coauthorship between confirmed professors,0.412,2015,2017,P0179,P0852
AUTO000660,P0180,P0182,collaboration,11,,auto,OpenAlex coauthorship between confirmed professors,0.95,2008,2019,P0180,P0182
AUTO000661,P0180,P0185,collaboration,6,,auto,OpenAlex coauthorship between confirmed professors,1.124,2019,2025,P0180,P0185
AUTO000662,P0180,P0194,collaboration,3,,auto,OpenAlex coauthorship between confirmed professors,0.341,2019,2025,P0180,P0194
AUTO000663,P0181,P0193,collaboration,1,,auto,OpenAlex coauthorship between confirmed professors,0.5,2026,2026,P0181,P0193
AUTO000664,P0181,P0194,collaboration,78,,auto,OpenAlex coauthorship between confirmed professors,11.77,2017,2026,P0181,P0194
AUTO000666,P0182,P0185,collaboration,19,,auto,OpenAlex coauthorship between confirmed professors,1.758,2007,2023,P0182,P0185
AUTO000667,P0182,P0742,collaboration,4,,auto,OpenAlex coauthorship between confirmed professors,0.448,2017,2017,P0182,P0742
AUTO000675,P0184,P0185,collaboration,21,,auto,OpenAlex coauthorship between confirmed professors,3.565,2009,2025,P0184,P0185
AUTO000678,P0185,P0281,collaboration,2,,auto,OpenAlex coauthorship between confirmed professors,0.162,2016,2017,P0185,P0281
AUTO000682,P0187,P0303,collaboration,2,,auto,OpenAlex coauthorship between confirmed professors,0.292,2025,2026,P0187,P0303
AUTO000685,P0188,P0194,collaboration,2,,auto,OpenAlex coauthorship between confirmed professors,0.048,2007,2014,P0188,P0194
AUTO000686,P0188,P0872,collaboration,4,,auto,OpenAlex coauthorship between confirmed professors,0.112,2015,2026,P0188,P0872
AUTO000688,P0189,P1097,collaboration,3,,auto,OpenAlex coauthorship between confirmed professors,0.313,2024,2025,P0189,P1097
AUTO000690,P0192,P0709,collaboration,2,,auto,OpenAlex coauthorship between confirmed professors,0.323,2022,2023,P0192,P0709
AUTO000699,P0196,P0872,collaboration,2,,auto,OpenAlex coauthorship between confirmed professors,0.38,2017,2018,P0196,P0872
AUTO000704,P0201,P0260,collaboration,2,,auto,OpenAlex coauthorship between confirmed professors,0.225,2024,2025,P0201,P0260
AUTO000705,P0201,P0333,collaboration,2,,auto,OpenAlex coauthorship between confirmed professors,0.093,2024,2024,P0201,P0333
AUTO000706,P0201,P0346,collaboration,14,,auto,OpenAlex coauthorship between confirmed professors,0.455,2004,2013,P0201,P0346
AUTO000707,P0201,P0430,collaboration,3,,auto,OpenAlex coauthorship between confirmed professors,0.317,2025,2026,P0201,P0430
AUTO000708,P0201,P0991,collaboration,3,,auto,OpenAlex coauthorship between confirmed professors,0.145,2021,2024,P0201,P0991
AUTO000712,P0204,P0205,collaboration,37,,auto,OpenAlex coauthorship between confirmed professors,5.78,2006,2025,P0204,P0205
AUTO000713,P0204,P0219,collaboration,4,,auto,OpenAlex coauthorship between confirmed professors,0.337,2017,2021,P0204,P0219
AUTO000714,P0204,P1054,collaboration,4,,auto,OpenAlex coauthorship between confirmed professors,0.419,2015,2017,P0204,P1054
AUTO000719,P0205,P0218,collaboration,11,,auto,OpenAlex coauthorship between confirmed professors,2.573,2016,2023,P0205,P0218
AUTO000720,P0205,P0219,collaboration,7,,auto,OpenAlex coauthorship between confirmed professors,1.498,2017,2023,P0205,P0219
AUTO000721,P0205,P0596,collaboration,2,,auto,OpenAlex coauthorship between confirmed professors,0.179,2008,2012,P0205,P0596
AUTO000722,P0205,P0598,collaboration,2,,auto,OpenAlex coauthorship between confirmed professors,0.12,2008,2012,P0205,P0598
AUTO000723,P0205,P0635,collaboration,4,,auto,OpenAlex coauthorship between confirmed professors,0.376,2018,2021,P0205,P0635
AUTO000724,P0205,P0691,collaboration,5,,auto,OpenAlex coauthorship between confirmed professors,0.148,2003,2006,P0205,P0691
AUTO000725,P0205,P0703,collaboration,4,,auto,OpenAlex coauthorship between confirmed professors,0.106,2003,2004,P0205,P0703
AUTO000726,P0205,P0991,collaboration,2,,auto,OpenAlex coauthorship between confirmed professors,0.177,2020,2020,P0205,P0991
AUTO000727,P0205,P1054,collaboration,12,,auto,OpenAlex coauthorship between confirmed professors,3.519,2014,2021,P0205,P1054
AUTO000728,P0205,P1102,collaboration,2,,auto,OpenAlex coauthorship between confirmed professors,0.183,2015,2015,P0205,P1102
AUTO000740,P0207,P0212,collaboration,113,,auto,OpenAlex coauthorship between confirmed professors,41.056,2009,2026,P0207,P0212
AUTO000741,P0208,P0303,collaboration,2,,auto,OpenAlex coauthorship between confirmed professors,0.13,2022,2022,P0208,P0303
AUTO000742,P0208,P0972,collaboration,2,,auto,OpenAlex coauthorship between confirmed professors,0.21,2022,2022,P0208,P0972
AUTO000748,P0210,P0466,collaboration,16,,auto,OpenAlex coauthorship between confirmed professors,0.883,2007,2019,P0210,P0466
AUTO000749,P0210,P0503,collaboration,4,,auto,OpenAlex coauthorship between confirmed professors,0.405,2010,2016,P0210,P0503
AUTO000750,P0210,P0848,collaboration,3,,auto,OpenAlex coauthorship between confirmed professors,0.16,2008,2018,P0210,P0848
AUTO000753,P0211,P0482,collaboration,2,,auto,OpenAlex coauthorship between confirmed professors,0.052,2009,2010,P0211,P0482
AUTO000754,P0211,P0541,collaboration,12,,auto,OpenAlex coauthorship between confirmed professors,0.22,2004,2008,P0211,P0541
AUTO000756,P0213,P0216,collaboration,2,,auto,OpenAlex coauthorship between confirmed professors,0.459,2023,2023,P0213,P0216
AUTO000757,P0213,P0291,collaboration,2,,auto,OpenAlex coauthorship between confirmed professors,0.125,2025,2025,P0213,P0291
AUTO000761,P0216,P0284,collaboration,4,,auto,OpenAlex coauthorship between confirmed professors,0.11,2008,2011,P0216,P0284
AUTO000762,P0216,P0703,collaboration,2,,auto,OpenAlex coauthorship between confirmed professors,0.051,2011,2015,P0216,P0703
AUTO000763,P0216,P0707,collaboration,3,,auto,OpenAlex coauthorship between confirmed professors,0.213,2021,2025,P0216,P0707
AUTO000764,P0216,P0985,collaboration,6,,auto,OpenAlex coauthorship between confirmed professors,0.516,2024,2026,P0216,P0985
AUTO000765,P0216,P1029,collaboration,3,,auto,OpenAlex coauthorship between confirmed professors,0.153,2012,2013,P0216,P1029
AUTO000770,P0218,P0219,collaboration,6,,auto,OpenAlex coauthorship between confirmed professors,1.249,2019,2024,P0218,P0219
AUTO000775,P0221,P0704,collaboration,8,,auto,OpenAlex coauthorship between confirmed professors,0.434,2016,2026,P0221,P0704
AUTO000776,P0221,P0711,collaboration,23,,auto,OpenAlex coauthorship between confirmed professors,3.779,2014,2026,P0221,P0711
AUTO000778,P0223,P0224,collaboration,2,,auto,OpenAlex coauthorship between confirmed professors,0.137,2012,2018,P0223,P0224
AUTO000779,P0223,P0226,collaboration,3,,auto,OpenAlex coauthorship between confirmed professors,0.6,2014,2024,P0223,P0226
AUTO000780,P0223,P0548,collaboration,4,,auto,OpenAlex coauthorship between confirmed professors,0.159,2008,2011,P0223,P0548
AUTO000784,P0224,P0225,collaboration,2,,auto,OpenAlex coauthorship between confirmed professors,0.184,2018,2018,P0224,P0225
AUTO000785,P0224,P0253,collaboration,9,,auto,OpenAlex coauthorship between confirmed professors,0.397,2011,2016,P0224,P0253
AUTO000791,P0228,P0266,collaboration,2,,auto,OpenAlex coauthorship between confirmed professors,0.083,2020,2021,P0228,P0266
AUTO000799,P0230,P0231,collaboration,3,,auto,OpenAlex coauthorship between confirmed professors,0.475,2017,2020,P0230,P0231
AUTO000800,P0230,P0234,collaboration,3,,auto,OpenAlex coauthorship between confirmed professors,0.273,2016,2020,P0230,P0234
AUTO000801,P0230,P0236,collaboration,22,,auto,OpenAlex coauthorship between confirmed professors,2.397,2011,2024,P0230,P0236
AUTO000802,P0230,P0278,collaboration,11,,auto,OpenAlex coauthorship between confirmed professors,0.664,2004,2016,P0230,P0278
AUTO000803,P0230,P0935,collaboration,10,,auto,OpenAlex coauthorship between confirmed professors,0.225,2005,2008,P0230,P0935
AUTO000808,P0231,P0233,collaboration,3,,auto,OpenAlex coauthorship between confirmed professors,0.345,2015,2019,P0231,P0233
AUTO000809,P0231,P0234,collaboration,2,,auto,OpenAlex coauthorship between confirmed professors,0.172,2020,2020,P0231,P0234
AUTO000810,P0231,P0235,collaboration,2,,auto,OpenAlex coauthorship between confirmed professors,0.5,2026,2026,P0231,P0235
AUTO000811,P0231,P0236,collaboration,5,,auto,OpenAlex coauthorship between confirmed professors,0.506,2013,2025,P0231,P0236
AUTO000812,P0231,P0342,collaboration,2,,auto,OpenAlex coauthorship between confirmed professors,0.343,2024,2025,P0231,P0342
AUTO000818,P0233,P0684,collaboration,6,,auto,OpenAlex coauthorship between confirmed professors,0.549,2022,2025,P0233,P0684
AUTO000819,P0233,P0905,collaboration,2,,auto,OpenAlex coauthorship between confirmed professors,0.16,2014,2016,P0233,P0905
AUTO000822,P0234,P0236,collaboration,5,,auto,OpenAlex coauthorship between confirmed professors,0.435,2016,2020,P0234,P0236
AUTO000827,P0236,P0255,collaboration,6,,auto,OpenAlex coauthorship between confirmed professors,0.342,2017,2021,P0236,P0255
AUTO000828,P0236,P0257,collaboration,6,,auto,OpenAlex coauthorship between confirmed professors,0.342,2017,2021,P0236,P0257
AUTO000833,P0241,P0244,collaboration,2,,auto,OpenAlex coauthorship between confirmed professors,0.333,2025,2025,P0241,P0244
AUTO000837,P0242,P0243,collaboration,4,,auto,OpenAlex coauthorship between confirmed professors,1.14,2021,2023,P0242,P0243
AUTO000838,P0242,P0687,collaboration,4,,auto,OpenAlex coauthorship between confirmed professors,0.251,2017,2019,P0242,P0687
AUTO000839,P0243,P0845,collaboration,2,,auto,OpenAlex coauthorship between confirmed professors,0.146,2008,2021,P0243,P0845
AUTO000841,P0245,P0836,collaboration,6,,auto,OpenAlex coauthorship between confirmed professors,0.325,2012,2016,P0245,P0836
AUTO000842,P0245,P0877,collaboration,16,,auto,OpenAlex coauthorship between confirmed professors,1.636,2012,2017,P0245,P0877
AUTO000846,P0246,P0568,collaboration,3,,auto,OpenAlex coauthorship between confirmed professors,0.23,2019,2026,P0246,P0568
AUTO000847,P0246,P0746,collaboration,3,,auto,OpenAlex coauthorship between confirmed professors,0.136,2017,2020,P0246,P0746
AUTO000848,P0246,P0872,collaboration,8,,auto,OpenAlex coauthorship between confirmed professors,0.727,2024,2025,P0246,P0872
AUTO000851,P0249,P1069,collaboration,9,,auto,OpenAlex coauthorship between confirmed professors,0.955,2017,2020,P0249,P1069
AUTO000852,P0250,P0986,collaboration,2,,auto,OpenAlex coauthorship between confirmed professors,0.051,2025,2026,P0250,P0986
AUTO000857,P0251,P0272,collaboration,3,,auto,OpenAlex coauthorship between confirmed professors,0.34,2014,2022,P0251,P0272
AUTO000858,P0251,P0274,collaboration,7,,auto,OpenAlex coauthorship between confirmed professors,0.481,2015,2024,P0251,P0274
AUTO000859,P0251,P0275,collaboration,17,,auto,OpenAlex coauthorship between confirmed professors,1.753,2012,2024,P0251,P0275
AUTO000860,P0251,P0277,collaboration,2,,auto,OpenAlex coauthorship between confirmed professors,0.085,2010,2010,P0251,P0277
AUTO000861,P0251,P0786,collaboration,10,,auto,OpenAlex coauthorship between confirmed professors,0.386,2001,2021,P0251,P0786
AUTO000862,P0253,P0281,collaboration,3,,auto,OpenAlex coauthorship between confirmed professors,0.404,2019,2026,P0253,P0281
AUTO000863,P0253,P0648,collaboration,4,,auto,OpenAlex coauthorship between confirmed professors,0.315,2018,2020,P0253,P0648
AUTO000864,P0253,P0718,collaboration,2,,auto,OpenAlex coauthorship between confirmed professors,0.091,2021,2021,P0253,P0718
AUTO000865,P0253,P0746,collaboration,2,,auto,OpenAlex coauthorship between confirmed professors,0.091,2021,2021,P0253,P0746
AUTO000866,P0253,P0855,collaboration,5,,auto,OpenAlex coauthorship between confirmed professors,0.715,2020,2022,P0253,P0855
AUTO000867,P0253,P0920,collaboration,2,,auto,OpenAlex coauthorship between confirmed professors,0.273,2022,2022,P0253,P0920
AUTO000870,P0254,P0256,collaboration,6,,auto,OpenAlex coauthorship between confirmed professors,0.143,2003,2012,P0254,P0256
AUTO000871,P0254,P0257,collaboration,4,,auto,OpenAlex coauthorship between confirmed professors,0.165,2005,2014,P0254,P0257
AUTO000872,P0254,P0258,collaboration,2,,auto,OpenAlex coauthorship between confirmed professors,0.213,2019,2023,P0254,P0258
AUTO000873,P0254,P0269,collaboration,2,,auto,OpenAlex coauthorship between confirmed professors,0.31,2025,2026,P0254,P0269
AUTO000874,P0254,P0616,collaboration,2,,auto,OpenAlex coauthorship between confirmed professors,0.233,2015,2017,P0254,P0616
AUTO000875,P0255,P0257,collaboration,131,,auto,OpenAlex coauthorship between confirmed professors,7.13,2004,2026,P0255,P0257
AUTO000876,P0255,P0263,collaboration,4,,auto,OpenAlex coauthorship between confirmed professors,0.172,2013,2015,P0255,P0263
AUTO000877,P0255,P0266,collaboration,2,,auto,OpenAlex coauthorship between confirmed professors,0.118,2005,2026,P0255,P0266
AUTO000882,P0256,P0258,collaboration,8,,auto,OpenAlex coauthorship between confirmed professors,0.374,2002,2014,P0256,P0258
AUTO000883,P0256,P0265,collaboration,64,,auto,OpenAlex coauthorship between confirmed professors,6.286,2002,2021,P0256,P0265
AUTO000885,P0257,P0263,collaboration,3,,auto,OpenAlex coauthorship between confirmed professors,0.124,2014,2015,P0257,P0263
AUTO000886,P0257,P0266,collaboration,3,,auto,OpenAlex coauthorship between confirmed professors,0.136,2003,2026,P0257,P0266
AUTO000887,P0257,P0836,collaboration,2,,auto,OpenAlex coauthorship between confirmed professors,0.2,2016,2016,P0257,P0836
AUTO000891,P0258,P0265,collaboration,5,,auto,OpenAlex coauthorship between confirmed professors,0.099,2002,2003,P0258,P0265
AUTO000894,P0260,P0475,collaboration,52,,auto,OpenAlex coauthorship between confirmed professors,6.477,2000,2025,P0260,P0475
AUTO000895,P0260,P0485,collaboration,2,,auto,OpenAlex coauthorship between confirmed professors,0.208,2025,2025,P0260,P0485
AUTO000896,P0263,P0265,collaboration,3,,auto,OpenAlex coauthorship between confirmed professors,0.682,2024,2025,P0263,P0265
AUTO000905,P0268,P0269,collaboration,5,,auto,OpenAlex coauthorship between confirmed professors,0.867,2025,2025,P0268,P0269
AUTO000906,P0272,P0471,collaboration,3,,auto,OpenAlex coauthorship between confirmed professors,0.107,2009,2012,P0272,P0471
AUTO000907,P0272,P0823,collaboration,2,,auto,OpenAlex coauthorship between confirmed professors,0.099,2016,2019,P0272,P0823
AUTO000908,P0272,P1029,collaboration,2,,auto,OpenAlex coauthorship between confirmed professors,0.141,2021,2023,P0272,P1029
AUTO000912,P0274,P0275,collaboration,3,,auto,OpenAlex coauthorship between confirmed professors,0.186,2015,2021,P0274,P0275
AUTO000913,P0274,P0537,collaboration,29,,auto,OpenAlex coauthorship between confirmed professors,6.766,2004,2026,P0274,P0537
AUTO000914,P0274,P0899,collaboration,2,,auto,OpenAlex coauthorship between confirmed professors,0.047,2004,2007,P0274,P0899
AUTO000915,P0275,P0277,collaboration,2,,auto,OpenAlex coauthorship between confirmed professors,0.126,2008,2014,P0275,P0277
AUTO000916,P0275,P0786,collaboration,2,,auto,OpenAlex coauthorship between confirmed professors,0.11,2013,2021,P0275,P0786
AUTO000917,P0277,P0399,collaboration,4,,auto,OpenAlex coauthorship between confirmed professors,0.517,2020,2026,P0277,P0399
AUTO000921,P0278,P0935,collaboration,2,,auto,OpenAlex coauthorship between confirmed professors,0.042,2007,2007,P0278,P0935
AUTO000922,P0279,P0282,collaboration,6,,auto,OpenAlex coauthorship between confirmed professors,0.967,2016,2023,P0279,P0282
AUTO000923,P0279,P0525,collaboration,2,,auto,OpenAlex coauthorship between confirmed professors,0.158,2016,2017,P0279,P0525
AUTO000924,P0279,P0994,collaboration,3,,auto,OpenAlex coauthorship between confirmed professors,0.954,2019,2024,P0279,P0994
AUTO000925,P0280,P0465,collaboration,5,,auto,OpenAlex coauthorship between confirmed professors,1.85,2021,2026,P0280,P0465
AUTO000926,P0281,P1091,collaboration,70,,auto,OpenAlex coauthorship between confirmed professors,10.77,2019,2026,P0281,P1091
AUTO000939,P0282,P1082,collaboration,3,,auto,OpenAlex coauthorship between confirmed professors,0.266,2009,2018,P0282,P1082
AUTO000942,P0284,P0285,collaboration,4,,auto,OpenAlex coauthorship between confirmed professors,0.535,2016,2023,P0284,P0285
AUTO000943,P0284,P0685,collaboration,3,,auto,OpenAlex coauthorship between confirmed professors,0.092,2002,2011,P0284,P0685
AUTO000944,P0284,P0703,collaboration,12,,auto,OpenAlex coauthorship between confirmed professors,0.437,2002,2018,P0284,P0703
AUTO000948,P0285,P0594,collaboration,4,,auto,OpenAlex coauthorship between confirmed professors,0.708,2024,2025,P0285,P0594
AUTO000949,P0285,P0905,collaboration,3,,auto,OpenAlex coauthorship between confirmed professors,0.292,2017,2018,P0285,P0905
AUTO000950,P0285,P0988,collaboration,2,,auto,OpenAlex coauthorship between confirmed professors,0.256,2018,2019,P0285,P0988
AUTO000954,P0286,P0563,collaboration,20,,auto,OpenAlex coauthorship between confirmed professors,1.974,2016,2025,P0286,P0563
AUTO000955,P0286,P1064,collaboration,46,,auto,OpenAlex coauthorship between confirmed professors,3.552,2007,2025,P0286,P1064
AUTO000959,P0291,P0785,collaboration,2,,auto,OpenAlex coauthorship between confirmed professors,0.109,2013,2013,P0291,P0785
AUTO000966,P0294,P0548,collaboration,2,,auto,OpenAlex coauthorship between confirmed professors,0.156,2020,2021,P0294,P0548
AUTO000968,P0295,P0700,collaboration,17,,auto,OpenAlex coauthorship between confirmed professors,1.582,2013,2026,P0295,P0700
AUTO000969,P0295,P0703,collaboration,7,,auto,OpenAlex coauthorship between confirmed professors,0.529,2013,2023,P0295,P0703
AUTO000975,P0299,P0681,collaboration,3,,auto,OpenAlex coauthorship between confirmed professors,0.3,2015,2020,P0299,P0681
AUTO000976,P0303,P0657,collaboration,4,,auto,OpenAlex coauthorship between confirmed professors,0.259,2015,2016,P0303,P0657
AUTO000977,P0303,P0748,collaboration,7,,auto,OpenAlex coauthorship between confirmed professors,0.64,2015,2021,P0303,P0748
AUTO000979,P0304,P0767,collaboration,2,,auto,OpenAlex coauthorship between confirmed professors,0.211,2021,2026,P0304,P0767
AUTO000980,P0304,P1102,collaboration,4,,auto,OpenAlex coauthorship between confirmed professors,0.224,2021,2026,P0304,P1102
AUTO000981,P0306,P0783,collaboration,3,,auto,OpenAlex coauthorship between confirmed professors,0.313,2020,2022,P0306,P0783
AUTO000982,P0306,P1061,collaboration,7,,auto,OpenAlex coauthorship between confirmed professors,3.088,2015,2020,P0306,P1061
AUTO000988,P0317,P0407,collaboration,2,,auto,OpenAlex coauthorship between confirmed professors,0.166,2023,2023,P0317,P0407
AUTO000989,P0317,P0422,collaboration,2,,auto,OpenAlex coauthorship between confirmed professors,0.343,2025,2025,P0317,P0422
AUTO000990,P0317,P0446,collaboration,2,,auto,OpenAlex coauthorship between confirmed professors,0.058,2008,2011,P0317,P0446
AUTO000991,P0319,P0379,collaboration,2,,auto,OpenAlex coauthorship between confirmed professors,0.072,2022,2023,P0319,P0379
AUTO000992,P0319,P0380,collaboration,2,,auto,OpenAlex coauthorship between confirmed professors,0.072,2022,2023,P0319,P0380
AUTO000993,P0319,P0409,collaboration,3,,auto,OpenAlex coauthorship between confirmed professors,0.169,2004,2013,P0319,P0409
AUTO000994,P0319,P0416,collaboration,2,,auto,OpenAlex coauthorship between confirmed professors,0.072,2022,2023,P0319,P0416
AUTO000995,P0319,P0446,collaboration,13,,auto,OpenAlex coauthorship between confirmed professors,3.044,2012,2021,P0319,P0446
AUTO000998,P0322,P0337,collaboration,6,,auto,OpenAlex coauthorship between confirmed professors,2.364,2022,2025,P0322,P0337
AUTO000999,P0322,P0354,collaboration,10,,auto,OpenAlex coauthorship between confirmed professors,2.226,2017,2025,P0322,P0354
AUTO001000,P0322,P0394,collaboration,13,,auto,OpenAlex coauthorship between confirmed professors,3.06,2018,2022,P0322,P0394
AUTO001001,P0322,P0414,collaboration,22,,auto,OpenAlex coauthorship between confirmed professors,3.144,2017,2023,P0322,P0414
AUTO001004,P0325,P0346,collaboration,5,,auto,OpenAlex coauthorship between confirmed professors,0.471,2019,2025,P0325,P0346
AUTO001005,P0325,P0399,collaboration,10,,auto,OpenAlex coauthorship between confirmed professors,0.832,2015,2019,P0325,P0399
AUTO001006,P0325,P0443,collaboration,2,,auto,OpenAlex coauthorship between confirmed professors,0.333,2025,2025,P0325,P0443
AUTO001008,P0326,P0340,collaboration,2,,auto,OpenAlex coauthorship between confirmed professors,0.05,2001,2001,P0326,P0340
AUTO001009,P0326,P0359,collaboration,3,,auto,OpenAlex coauthorship between confirmed professors,0.232,2014,2018,P0326,P0359
AUTO001010,P0326,P0379,collaboration,10,,auto,OpenAlex coauthorship between confirmed professors,0.253,2024,2025,P0326,P0379
AUTO001011,P0326,P0388,collaboration,2,,auto,OpenAlex coauthorship between confirmed professors,0.147,2016,2018,P0326,P0388
AUTO001012,P0326,P0389,collaboration,6,,auto,OpenAlex coauthorship between confirmed professors,1.309,2022,2026,P0326,P0389
AUTO001013,P0326,P0416,collaboration,9,,auto,OpenAlex coauthorship between confirmed professors,0.223,2024,2025,P0326,P0416
AUTO001014,P0326,P0444,collaboration,2,,auto,OpenAlex coauthorship between confirmed professors,0.215,2018,2018,P0326,P0444
AUTO001015,P0326,P0594,collaboration,2,,auto,OpenAlex coauthorship between confirmed professors,0.09,2023,2023,P0326,P0594
AUTO001019,P0327,P0409,collaboration,7,,auto,OpenAlex coauthorship between confirmed professors,1.479,2021,2025,P0327,P0409
AUTO001020,P0328,P0341,collaboration,18,,auto,OpenAlex coauthorship between confirmed professors,1.887,2009,2023,P0328,P0341
AUTO001021,P0328,P0431,collaboration,6,,auto,OpenAlex coauthorship between confirmed professors,1.216,2015,2024,P0328,P0431
AUTO001022,P0328,P0437,collaboration,2,,auto,OpenAlex coauthorship between confirmed professors,0.208,2017,2018,P0328,P0437
AUTO001023,P0329,P0342,collaboration,11,,auto,OpenAlex coauthorship between confirmed professors,4.248,2019,2024,P0329,P0342
AUTO001028,P0330,P0364,collaboration,5,,auto,OpenAlex coauthorship between confirmed professors,0.445,2015,2020,P0330,P0364
AUTO001029,P0330,P0388,collaboration,4,,auto,OpenAlex coauthorship between confirmed professors,0.509,2020,2022,P0330,P0388
AUTO001030,P0330,P0400,collaboration,3,,auto,OpenAlex coauthorship between confirmed professors,0.313,2015,2020,P0330,P0400
AUTO001031,P0330,P0446,collaboration,3,,auto,OpenAlex coauthorship between confirmed professors,0.177,2017,2018,P0330,P0446
AUTO001032,P0331,P0338,collaboration,4,,auto,OpenAlex coauthorship between confirmed professors,0.301,2011,2012,P0331,P0338
AUTO001033,P0331,P0346,collaboration,31,,auto,OpenAlex coauthorship between confirmed professors,6.496,2011,2026,P0331,P0346
AUTO001034,P0331,P0367,collaboration,4,,auto,OpenAlex coauthorship between confirmed professors,0.962,2017,2024,P0331,P0367
AUTO001035,P0333,P0378,collaboration,4,,auto,OpenAlex coauthorship between confirmed professors,1.236,2022,2023,P0333,P0378
AUTO001036,P0333,P0427,collaboration,15,,auto,OpenAlex coauthorship between confirmed professors,6.898,2014,2025,P0333,P0427
AUTO001037,P0333,P0429,collaboration,6,,auto,OpenAlex coauthorship between confirmed professors,0.993,2021,2023,P0333,P0429
AUTO001038,P0333,P0449,collaboration,5,,auto,OpenAlex coauthorship between confirmed professors,1.569,2019,2022,P0333,P0449
AUTO001039,P0333,P0755,collaboration,2,,auto,OpenAlex coauthorship between confirmed professors,0.5,2024,2025,P0333,P0755
AUTO001040,P0333,P0829,collaboration,2,,auto,OpenAlex coauthorship between confirmed professors,0.403,2023,2024,P0333,P0829
AUTO001044,P0337,P0365,collaboration,37,,auto,OpenAlex coauthorship between confirmed professors,2.245,2004,2021,P0337,P0365
AUTO001045,P0337,P0393,collaboration,3,,auto,OpenAlex coauthorship between confirmed professors,0.08,1999,2006,P0337,P0393
AUTO001046,P0337,P0403,collaboration,3,,auto,OpenAlex coauthorship between confirmed professors,0.168,2013,2024,P0337,P0403
AUTO001047,P0337,P0407,collaboration,2,,auto,OpenAlex coauthorship between confirmed professors,0.278,2018,2019,P0337,P0407
AUTO001048,P0337,P0422,collaboration,7,,auto,OpenAlex coauthorship between confirmed professors,0.387,2008,2016,P0337,P0422
AUTO001049,P0337,P0447,collaboration,3,,auto,OpenAlex coauthorship between confirmed professors,0.293,2012,2025,P0337,P0447
AUTO001050,P0337,P0453,collaboration,2,,auto,OpenAlex coauthorship between confirmed professors,0.106,2015,2021,P0337,P0453
AUTO001051,P0337,P0456,collaboration,3,,auto,OpenAlex coauthorship between confirmed professors,0.08,1999,2006,P0337,P0456
AUTO001052,P0337,P0481,collaboration,2,,auto,OpenAlex coauthorship between confirmed professors,0.439,2019,2023,P0337,P0481
AUTO001053,P0337,P0536,collaboration,2,,auto,OpenAlex coauthorship between confirmed professors,0.147,2023,2024,P0337,P0536
AUTO001054,P0337,P0746,collaboration,2,,auto,OpenAlex coauthorship between confirmed professors,0.135,2020,2020,P0337,P0746
AUTO001055,P0337,P0998,collaboration,7,,auto,OpenAlex coauthorship between confirmed professors,0.631,2013,2020,P0337,P0998
AUTO001065,P0338,P0346,collaboration,2,,auto,OpenAlex coauthorship between confirmed professors,0.427,2020,2026,P0338,P0346
AUTO001066,P0340,P0341,collaboration,2,,auto,OpenAlex coauthorship between confirmed professors,0.22,2017,2023,P0340,P0341
AUTO001067,P0340,P0414,collaboration,1,,auto,OpenAlex coauthorship between confirmed professors,1.157,2021,2021,P0340,P0414
AUTO001068,P0340,P0431,collaboration,2,,auto,OpenAlex coauthorship between confirmed professors,0.251,2022,2023,P0340,P0431
AUTO001069,P0340,P0437,collaboration,7,,auto,OpenAlex coauthorship between confirmed professors,1.928,2021,2023,P0340,P0437
AUTO001070,P0340,P1098,collaboration,2,,auto,OpenAlex coauthorship between confirmed professors,0.037,1997,2000,P0340,P1098
AUTO001071,P0341,P0392,collaboration,7,,auto,OpenAlex coauthorship between confirmed professors,1.245,2021,2026,P0341,P0392
AUTO001072,P0341,P0431,collaboration,13,,auto,OpenAlex coauthorship between confirmed professors,2.333,2014,2026,P0341,P0431
AUTO001073,P0341,P0437,collaboration,9,,auto,OpenAlex coauthorship between confirmed professors,1.312,2017,2023,P0341,P0437
AUTO001077,P0344,P0422,collaboration,2,,auto,OpenAlex coauthorship between confirmed professors,0.268,2024,2026,P0344,P0422
AUTO001078,P0346,P0367,collaboration,18,,auto,OpenAlex coauthorship between confirmed professors,4.364,2022,2026,P0346,P0367
AUTO001079,P0346,P0379,collaboration,15,,auto,OpenAlex coauthorship between confirmed professors,3.306,2020,2026,P0346,P0379
AUTO001080,P0346,P0416,collaboration,4,,auto,OpenAlex coauthorship between confirmed professors,0.883,2020,2022,P0346,P0416
AUTO001082,P0347,P0429,collaboration,3,,auto,OpenAlex coauthorship between confirmed professors,0.315,2016,2022,P0347,P0429
AUTO001083,P0347,P0438,collaboration,2,,auto,OpenAlex coauthorship between confirmed professors,0.153,2022,2023,P0347,P0438
AUTO001084,P0347,P0444,collaboration,24,,auto,OpenAlex coauthorship between confirmed professors,2.34,2014,2025,P0347,P0444
AUTO001088,P0349,P0373,collaboration,2,,auto,OpenAlex coauthorship between confirmed professors,0.212,2014,2016,P0349,P0373
AUTO001089,P0349,P0393,collaboration,13,,auto,OpenAlex coauthorship between confirmed professors,0.954,2012,2022,P0349,P0393
AUTO001090,P0349,P0422,collaboration,17,,auto,OpenAlex coauthorship between confirmed professors,1.163,2012,2025,P0349,P0422
AUTO001091,P0349,P0456,collaboration,19,,auto,OpenAlex coauthorship between confirmed professors,1.316,2012,2022,P0349,P0456
AUTO001092,P0349,P0958,collaboration,7,,auto,OpenAlex coauthorship between confirmed professors,0.538,2014,2022,P0349,P0958
AUTO001093,P0350,P0355,collaboration,15,,auto,OpenAlex coauthorship between confirmed professors,0.722,2007,2020,P0350,P0355
AUTO001094,P0350,P0356,collaboration,4,,auto,OpenAlex coauthorship between confirmed professors,0.494,2008,2026,P0350,P0356
AUTO001095,P0350,P0603,collaboration,3,,auto,OpenAlex coauthorship between confirmed professors,0.09,2016,2018,P0350,P0603
AUTO001098,P0351,P0388,collaboration,2,,auto,OpenAlex coauthorship between confirmed professors,0.191,2025,2025,P0351,P0388
AUTO001099,P0351,P0393,collaboration,3,,auto,OpenAlex coauthorship between confirmed professors,0.43,2020,2023,P0351,P0393
AUTO001100,P0351,P0442,collaboration,6,,auto,OpenAlex coauthorship between confirmed professors,0.555,2025,2026,P0351,P0442
AUTO001101,P0352,P0398,collaboration,5,,auto,OpenAlex coauthorship between confirmed professors,3.104,2023,2026,P0352,P0398
AUTO001102,P0354,P0359,collaboration,2,,auto,OpenAlex coauthorship between confirmed professors,0.179,2014,2018,P0354,P0359
AUTO001103,P0354,P0394,collaboration,9,,auto,OpenAlex coauthorship between confirmed professors,0.738,2014,2025,P0354,P0394
AUTO001104,P0354,P0414,collaboration,26,,auto,OpenAlex coauthorship between confirmed professors,2.4,2011,2026,P0354,P0414
AUTO001105,P0354,P0427,collaboration,3,,auto,OpenAlex coauthorship between confirmed professors,0.322,2019,2026,P0354,P0427
AUTO001106,P0354,P0435,collaboration,3,,auto,OpenAlex coauthorship between confirmed professors,0.205,2024,2025,P0354,P0435
AUTO001107,P0354,P0449,collaboration,3,,auto,OpenAlex coauthorship between confirmed professors,0.322,2019,2026,P0354,P0449
AUTO001110,P0355,P0393,collaboration,3,,auto,OpenAlex coauthorship between confirmed professors,0.008,2007,2007,P0355,P0393
AUTO001111,P0355,P0427,collaboration,3,,auto,OpenAlex coauthorship between confirmed professors,0.384,2016,2021,P0355,P0427
AUTO001112,P0355,P0429,collaboration,6,,auto,OpenAlex coauthorship between confirmed professors,0.552,2015,2021,P0355,P0429
AUTO001113,P0355,P0434,collaboration,2,,auto,OpenAlex coauthorship between confirmed professors,0.174,2009,2014,P0355,P0434
AUTO001114,P0355,P0449,collaboration,40,,auto,OpenAlex coauthorship between confirmed professors,3.291,2003,2021,P0355,P0449
AUTO001115,P0355,P0456,collaboration,3,,auto,OpenAlex coauthorship between confirmed professors,0.008,2007,2007,P0355,P0456
AUTO001116,P0355,P0603,collaboration,8,,auto,OpenAlex coauthorship between confirmed professors,0.136,2009,2017,P0355,P0603
AUTO001117,P0355,P0616,collaboration,6,,auto,OpenAlex coauthorship between confirmed professors,0.308,2013,2025,P0355,P0616
AUTO001118,P0355,P1098,collaboration,6,,auto,OpenAlex coauthorship between confirmed professors,0.105,2006,2017,P0355,P1098
AUTO001124,P0356,P0384,collaboration,3,,auto,OpenAlex coauthorship between confirmed professors,0.406,2016,2023,P0356,P0384
AUTO001126,P0358,P0393,collaboration,2,,auto,OpenAlex coauthorship between confirmed professors,0.123,2020,2021,P0358,P0393
AUTO001127,P0358,P0394,collaboration,1,,auto,OpenAlex coauthorship between confirmed professors,0.892,2018,2018,P0358,P0394
AUTO001128,P0358,P0422,collaboration,2,,auto,OpenAlex coauthorship between confirmed professors,0.123,2020,2021,P0358,P0422
AUTO001129,P0358,P0452,collaboration,12,,auto,OpenAlex coauthorship between confirmed professors,2.603,2015,2020,P0358,P0452
AUTO001130,P0358,P0456,collaboration,2,,auto,OpenAlex coauthorship between confirmed professors,0.123,2020,2021,P0358,P0456
AUTO001131,P0359,P0384,collaboration,2,,auto,OpenAlex coauthorship between confirmed professors,0.088,2014,2017,P0359,P0384
AUTO001132,P0359,P0388,collaboration,4,,auto,OpenAlex coauthorship between confirmed professors,0.267,2016,2020,P0359,P0388
AUTO001133,P0359,P0394,collaboration,2,,auto,OpenAlex coauthorship between confirmed professors,0.183,2024,2024,P0359,P0394
AUTO001134,P0359,P0414,collaboration,4,,auto,OpenAlex coauthorship between confirmed professors,0.362,2014,2024,P0359,P0414
AUTO001135,P0359,P0428,collaboration,2,,auto,OpenAlex coauthorship between confirmed professors,0.212,2017,2019,P0359,P0428
AUTO001136,P0359,P0442,collaboration,7,,auto,OpenAlex coauthorship between confirmed professors,1.353,2019,2023,P0359,P0442
AUTO001139,P0361,P0384,collaboration,4,,auto,OpenAlex coauthorship between confirmed professors,0.388,2022,2025,P0361,P0384
AUTO001140,P0361,P0388,collaboration,2,,auto,OpenAlex coauthorship between confirmed professors,0.196,2022,2025,P0361,P0388
AUTO001141,P0361,P0445,collaboration,4,,auto,OpenAlex coauthorship between confirmed professors,0.388,2022,2025,P0361,P0445
AUTO001143,P0364,P0388,collaboration,3,,auto,OpenAlex coauthorship between confirmed professors,0.212,2016,2020,P0364,P0388
AUTO001144,P0364,P0400,collaboration,3,,auto,OpenAlex coauthorship between confirmed professors,0.313,2015,2020,P0364,P0400
AUTO001145,P0364,P0415,collaboration,2,,auto,OpenAlex coauthorship between confirmed professors,0.198,2018,2018,P0364,P0415
AUTO001146,P0364,P0441,collaboration,4,,auto,OpenAlex coauthorship between confirmed professors,0.511,2014,2021,P0364,P0441
AUTO001147,P0364,P0786,collaboration,2,,auto,OpenAlex coauthorship between confirmed professors,0.084,2008,2009,P0364,P0786
AUTO001151,P0365,P0407,collaboration,2,,auto,OpenAlex coauthorship between confirmed professors,0.2,2006,2019,P0365,P0407
AUTO001152,P0365,P0453,collaboration,3,,auto,OpenAlex coauthorship between confirmed professors,0.163,2015,2023,P0365,P0453
AUTO001153,P0365,P0456,collaboration,3,,auto,OpenAlex coauthorship between confirmed professors,0.121,2008,2009,P0365,P0456
AUTO001154,P0367,P0379,collaboration,11,,auto,OpenAlex coauthorship between confirmed professors,3.481,2018,2026,P0367,P0379
AUTO001155,P0367,P0416,collaboration,4,,auto,OpenAlex coauthorship between confirmed professors,1.064,2022,2026,P0367,P0416
AUTO001156,P0367,P0488,collaboration,2,,auto,OpenAlex coauthorship between confirmed professors,0.201,2015,2017,P0367,P0488
AUTO001157,P0367,P0804,collaboration,2,,auto,OpenAlex coauthorship between confirmed professors,0.095,2009,2010,P0367,P0804
AUTO001159,P0371,P0375,collaboration,2,,auto,OpenAlex coauthorship between confirmed professors,0.255,2014,2015,P0371,P0375
AUTO001160,P0374,P0390,collaboration,2,,auto,OpenAlex coauthorship between confirmed professors,0.449,2023,2024,P0374,P0390
AUTO001161,P0375,P0381,collaboration,21,,auto,OpenAlex coauthorship between confirmed professors,6.997,2014,2026,P0375,P0381
AUTO001162,P0375,P0412,collaboration,20,,auto,OpenAlex coauthorship between confirmed professors,7.43,2021,2026,P0375,P0412
AUTO001163,P0376,P0440,collaboration,65,,auto,OpenAlex coauthorship between confirmed professors,9.584,2006,2026,P0376,P0440
AUTO001164,P0376,P0582,collaboration,2,,auto,OpenAlex coauthorship between confirmed professors,0.034,2020,2020,P0376,P0582
AUTO001165,P0376,P0625,collaboration,4,,auto,OpenAlex coauthorship between confirmed professors,0.605,2016,2020,P0376,P0625
AUTO001168,P0379,P0380,collaboration,5,,auto,OpenAlex coauthorship between confirmed professors,0.432,2022,2026,P0379,P0380
AUTO001169,P0379,P0416,collaboration,115,,auto,OpenAlex coauthorship between confirmed professors,25.916,2014,2026,P0379,P0416
AUTO001170,P0379,P0441,collaboration,2,,auto,OpenAlex coauthorship between confirmed professors,0.393,2025,2026,P0379,P0441
AUTO001171,P0379,P0533,collaboration,4,,auto,OpenAlex coauthorship between confirmed professors,0.216,2019,2026,P0379,P0533
AUTO001172,P0379,P0535,collaboration,11,,auto,OpenAlex coauthorship between confirmed professors,0.26,2018,2026,P0379,P0535
AUTO001175,P0380,P0416,collaboration,4,,auto,OpenAlex coauthorship between confirmed professors,0.335,2022,2025,P0380,P0416
AUTO001176,P0381,P0412,collaboration,16,,auto,OpenAlex coauthorship between confirmed professors,6.304,2021,2026,P0381,P0412
AUTO001177,P0384,P0393,collaboration,2,,auto,OpenAlex coauthorship between confirmed professors,0.084,2017,2017,P0384,P0393
AUTO001178,P0384,P0428,collaboration,104,,auto,OpenAlex coauthorship between confirmed professors,6.514,2004,2026,P0384,P0428
AUTO001179,P0384,P0444,collaboration,6,,auto,OpenAlex coauthorship between confirmed professors,0.229,2006,2008,P0384,P0444
AUTO001180,P0384,P0445,collaboration,78,,auto,OpenAlex coauthorship between confirmed professors,12.361,2010,2026,P0384,P0445
AUTO001181,P0384,P0453,collaboration,2,,auto,OpenAlex coauthorship between confirmed professors,0.045,1996,2010,P0384,P0453
AUTO001182,P0384,P0509,collaboration,2,,auto,OpenAlex coauthorship between confirmed professors,0.173,2019,2023,P0384,P0509
AUTO001183,P0384,P0597,collaboration,6,,auto,OpenAlex coauthorship between confirmed professors,0.118,2007,2018,P0384,P0597
AUTO001190,P0386,P1098,collaboration,8,,auto,OpenAlex coauthorship between confirmed professors,0.507,2023,2026,P0386,P1098
AUTO001193,P0388,P0409,collaboration,3,,auto,OpenAlex coauthorship between confirmed professors,0.478,2017,2025,P0388,P0409
AUTO001194,P0388,P0441,collaboration,3,,auto,OpenAlex coauthorship between confirmed professors,0.35,2017,2025,P0388,P0441
AUTO001195,P0388,P0536,collaboration,15,,auto,OpenAlex coauthorship between confirmed professors,1.144,2019,2025,P0388,P0536
AUTO001197,P0392,P0431,collaboration,3,,auto,OpenAlex coauthorship between confirmed professors,0.485,2020,2026,P0392,P0431
AUTO001198,P0392,P0437,collaboration,3,,auto,OpenAlex coauthorship between confirmed professors,0.404,2022,2023,P0392,P0437
AUTO001199,P0393,P0422,collaboration,11,,auto,OpenAlex coauthorship between confirmed professors,0.543,2012,2021,P0393,P0422
AUTO001200,P0393,P0456,collaboration,82,,auto,OpenAlex coauthorship between confirmed professors,6.12,1999,2022,P0393,P0456
AUTO001201,P0393,P0958,collaboration,10,,auto,OpenAlex coauthorship between confirmed professors,0.875,2014,2022,P0393,P0958
AUTO001202,P0394,P0414,collaboration,33,,auto,OpenAlex coauthorship between confirmed professors,5.619,2013,2026,P0394,P0414
AUTO001203,P0394,P0435,collaboration,4,,auto,OpenAlex coauthorship between confirmed professors,0.276,2024,2025,P0394,P0435
AUTO001204,P0394,P0452,collaboration,2,,auto,OpenAlex coauthorship between confirmed professors,0.707,2020,2020,P0394,P0452
AUTO001205,P0399,P0453,collaboration,2,,auto,OpenAlex coauthorship between confirmed professors,0.088,2017,2018,P0399,P0453
AUTO001206,P0399,P0802,collaboration,3,,auto,OpenAlex coauthorship between confirmed professors,0.194,2015,2020,P0399,P0802
AUTO001209,P0405,P0616,collaboration,4,,auto,OpenAlex coauthorship between confirmed professors,0.535,2019,2026,P0405,P0616
AUTO001211,P0407,P0601,collaboration,2,,auto,OpenAlex coauthorship between confirmed professors,0.068,2020,2021,P0407,P0601
AUTO001212,P0407,P0854,collaboration,4,,auto,OpenAlex coauthorship between confirmed professors,0.169,2020,2024,P0407,P0854
AUTO001215,P0409,P1098,collaboration,7,,auto,OpenAlex coauthorship between confirmed professors,0.101,2008,2013,P0409,P1098
AUTO001220,P0411,P1002,collaboration,4,,auto,OpenAlex coauthorship between confirmed professors,0.457,2015,2019,P0411,P1002
AUTO001221,P0412,P0625,collaboration,3,,auto,OpenAlex coauthorship between confirmed professors,0.407,2020,2026,P0412,P0625
AUTO001223,P0414,P0435,collaboration,4,,auto,OpenAlex coauthorship between confirmed professors,0.276,2024,2025,P0414,P0435
AUTO001224,P0416,P0535,collaboration,10,,auto,OpenAlex coauthorship between confirmed professors,0.248,2021,2026,P0416,P0535
AUTO001226,P0422,P0447,collaboration,2,,auto,OpenAlex coauthorship between confirmed professors,0.083,2010,2015,P0422,P0447
AUTO001227,P0422,P0456,collaboration,13,,auto,OpenAlex coauthorship between confirmed professors,0.694,2012,2021,P0422,P0456
AUTO001228,P0422,P0958,collaboration,14,,auto,OpenAlex coauthorship between confirmed professors,0.879,2005,2019,P0422,P0958
AUTO001230,P0427,P0429,collaboration,3,,auto,OpenAlex coauthorship between confirmed professors,0.385,2016,2020,P0427,P0429
AUTO001231,P0427,P0449,collaboration,11,,auto,OpenAlex coauthorship between confirmed professors,1.858,2016,2026,P0427,P0449
AUTO001232,P0427,P0755,collaboration,2,,auto,OpenAlex coauthorship between confirmed professors,0.5,2024,2025,P0427,P0755
AUTO001234,P0428,P0442,collaboration,3,,auto,OpenAlex coauthorship between confirmed professors,0.567,2024,2026,P0428,P0442
AUTO001235,P0428,P0444,collaboration,2,,auto,OpenAlex coauthorship between confirmed professors,0.116,2007,2017,P0428,P0444
AUTO001236,P0428,P0445,collaboration,58,,auto,OpenAlex coauthorship between confirmed professors,4.519,2010,2026,P0428,P0445
AUTO001237,P0428,P0453,collaboration,3,,auto,OpenAlex coauthorship between confirmed professors,0.199,2003,2017,P0428,P0453
AUTO001238,P0428,P0597,collaboration,11,,auto,OpenAlex coauthorship between confirmed professors,0.477,2016,2025,P0428,P0597
AUTO001241,P0429,P0444,collaboration,3,,auto,OpenAlex coauthorship between confirmed professors,0.364,2016,2026,P0429,P0444
AUTO001242,P0429,P0449,collaboration,8,,auto,OpenAlex coauthorship between confirmed professors,0.902,2015,2025,P0429,P0449
AUTO001246,P0433,P0753,collaboration,2,,auto,OpenAlex coauthorship between confirmed professors,0.138,2015,2021,P0433,P0753
AUTO001247,P0433,P0848,collaboration,1,,auto,OpenAlex coauthorship between confirmed professors,0.688,2015,2015,P0433,P0848
AUTO001248,P0434,P0446,collaboration,21,,auto,OpenAlex coauthorship between confirmed professors,7.683,2009,2026,P0434,P0446
AUTO001252,P0438,P0444,collaboration,2,,auto,OpenAlex coauthorship between confirmed professors,0.153,2022,2023,P0438,P0444
AUTO001253,P0438,P0453,collaboration,2,,auto,OpenAlex coauthorship between confirmed professors,0.159,2013,2025,P0438,P0453
AUTO001254,P0439,P0695,collaboration,5,,auto,OpenAlex coauthorship between confirmed professors,0.109,2016,2022,P0439,P0695
AUTO001257,P0440,P0625,collaboration,4,,auto,OpenAlex coauthorship between confirmed professors,0.704,2016,2020,P0440,P0625
AUTO001259,P0444,P0453,collaboration,2,,auto,OpenAlex coauthorship between confirmed professors,0.101,1995,2017,P0444,P0453
AUTO001260,P0444,P0605,collaboration,2,,auto,OpenAlex coauthorship between confirmed professors,0.058,2016,2017,P0444,P0605
AUTO001261,P0444,P0684,collaboration,3,,auto,OpenAlex coauthorship between confirmed professors,0.44,2023,2025,P0444,P0684
AUTO001262,P0444,P1102,collaboration,2,,auto,OpenAlex coauthorship between confirmed professors,0.125,2009,2009,P0444,P1102
AUTO001264,P0445,P0597,collaboration,4,,auto,OpenAlex coauthorship between confirmed professors,0.147,2020,2022,P0445,P0597
AUTO001270,P0446,P0580,collaboration,2,,auto,OpenAlex coauthorship between confirmed professors,0.035,2015,2015,P0446,P0580
AUTO001272,P0449,P0456,collaboration,2,,auto,OpenAlex coauthorship between confirmed professors,0.101,1999,2015,P0449,P0456
AUTO001273,P0449,P0704,collaboration,2,,auto,OpenAlex coauthorship between confirmed professors,0.069,2010,2015,P0449,P0704
AUTO001279,P0453,P0802,collaboration,2,,auto,OpenAlex coauthorship between confirmed professors,0.067,2002,2018,P0453,P0802
AUTO001282,P0456,P0601,collaboration,2,,auto,OpenAlex coauthorship between confirmed professors,0.027,2013,2022,P0456,P0601
AUTO001283,P0456,P0958,collaboration,12,,auto,OpenAlex coauthorship between confirmed professors,1.083,2014,2024,P0456,P0958
AUTO001285,P0461,P0462,collaboration,1,,auto,OpenAlex coauthorship between confirmed professors,0.578,2021,2021,P0461,P0462
AUTO001286,P0462,P0464,collaboration,1,,auto,OpenAlex coauthorship between confirmed professors,1.5,2026,2026,P0462,P0464
AUTO001288,P0463,P0493,collaboration,8,,auto,OpenAlex coauthorship between confirmed professors,0.46,2006,2011,P0463,P0493
AUTO001289,P0464,P0925,collaboration,7,,auto,OpenAlex coauthorship between confirmed professors,0.596,2011,2015,P0464,P0925
AUTO001290,P0466,P0855,collaboration,3,,auto,OpenAlex coauthorship between confirmed professors,0.262,2019,2020,P0466,P0855
AUTO001291,P0469,P0968,collaboration,2,,auto,OpenAlex coauthorship between confirmed professors,0.058,2016,2016,P0469,P0968
AUTO001298,P0475,P0482,collaboration,4,,auto,OpenAlex coauthorship between confirmed professors,0.225,2011,2019,P0475,P0482
AUTO001299,P0475,P0485,collaboration,2,,auto,OpenAlex coauthorship between confirmed professors,0.625,2025,2025,P0475,P0485
AUTO001301,P0481,P0485,collaboration,4,,auto,OpenAlex coauthorship between confirmed professors,1.232,2022,2026,P0481,P0485
AUTO001305,P0484,P0485,collaboration,6,,auto,OpenAlex coauthorship between confirmed professors,0.82,2022,2026,P0484,P0485
AUTO001306,P0484,P0764,collaboration,3,,auto,OpenAlex coauthorship between confirmed professors,0.153,2020,2022,P0484,P0764
AUTO001311,P0485,P0536,collaboration,2,,auto,OpenAlex coauthorship between confirmed professors,0.211,2020,2021,P0485,P0536
AUTO001312,P0485,P0547,collaboration,2,,auto,OpenAlex coauthorship between confirmed professors,0.211,2020,2021,P0485,P0547
AUTO001313,P0485,P0878,collaboration,25,,auto,OpenAlex coauthorship between confirmed professors,2.197,2011,2018,P0485,P0878
AUTO001315,P0486,P0990,collaboration,3,,auto,OpenAlex coauthorship between confirmed professors,0.252,2020,2025,P0486,P0990
AUTO001316,P0486,P1055,collaboration,2,,auto,OpenAlex coauthorship between confirmed professors,0.141,2020,2021,P0486,P1055
AUTO001317,P0486,P1062,collaboration,4,,auto,OpenAlex coauthorship between confirmed professors,0.629,2013,2024,P0486,P1062
AUTO001320,P0487,P0837,collaboration,3,,auto,OpenAlex coauthorship between confirmed professors,0.5,2026,2026,P0487,P0837
AUTO001324,P0488,P0990,collaboration,3,,auto,OpenAlex coauthorship between confirmed professors,0.133,2018,2018,P0488,P0990
AUTO001325,P0488,P1039,collaboration,2,,auto,OpenAlex coauthorship between confirmed professors,0.183,2023,2023,P0488,P1039
AUTO001326,P0488,P1055,collaboration,2,,auto,OpenAlex coauthorship between confirmed professors,0.073,2018,2018,P0488,P1055
AUTO001329,P0489,P0745,collaboration,2,,auto,OpenAlex coauthorship between confirmed professors,0.094,2000,2000,P0489,P0745
AUTO001331,P0492,P0564,collaboration,6,,auto,OpenAlex coauthorship between confirmed professors,0.283,2012,2015,P0492,P0564
AUTO001332,P0492,P0700,collaboration,2,,auto,OpenAlex coauthorship between confirmed professors,0.079,2018,2018,P0492,P0700
AUTO001333,P0492,P0703,collaboration,5,,auto,OpenAlex coauthorship between confirmed professors,0.197,2015,2023,P0492,P0703
AUTO001334,P0492,P0711,collaboration,9,,auto,OpenAlex coauthorship between confirmed professors,0.349,2012,2026,P0492,P0711
AUTO001335,P0492,P0964,collaboration,9,,auto,OpenAlex coauthorship between confirmed professors,0.367,2009,2015,P0492,P0964
AUTO001336,P0492,P0990,collaboration,9,,auto,OpenAlex coauthorship between confirmed professors,0.474,2014,2018,P0492,P0990
AUTO001337,P0492,P1055,collaboration,4,,auto,OpenAlex coauthorship between confirmed professors,0.167,2017,2018,P0492,P1055
AUTO001339,P0493,P0568,collaboration,14,,auto,OpenAlex coauthorship between confirmed professors,0.712,2011,2018,P0493,P0568
AUTO001340,P0493,P1002,collaboration,3,,auto,OpenAlex coauthorship between confirmed professors,0.05,2006,2008,P0493,P1002
AUTO001349,P0495,P0496,collaboration,11,,auto,OpenAlex coauthorship between confirmed professors,2.219,2018,2024,P0495,P0496
AUTO001350,P0495,P0497,collaboration,4,,auto,OpenAlex coauthorship between confirmed professors,0.719,2020,2022,P0495,P0497
AUTO001351,P0495,P0970,collaboration,4,,auto,OpenAlex coauthorship between confirmed professors,0.59,2020,2023,P0495,P0970
AUTO001352,P0496,P0497,collaboration,6,,auto,OpenAlex coauthorship between confirmed professors,1.219,2020,2025,P0496,P0497
AUTO001353,P0496,P0691,collaboration,4,,auto,OpenAlex coauthorship between confirmed professors,0.276,2018,2020,P0496,P0691
AUTO001354,P0496,P0970,collaboration,26,,auto,OpenAlex coauthorship between confirmed professors,4.049,2018,2026,P0496,P0970
AUTO001355,P0503,P0505,collaboration,2,,auto,OpenAlex coauthorship between confirmed professors,0.083,2015,2015,P0503,P0505
AUTO001356,P0503,P0936,collaboration,4,,auto,OpenAlex coauthorship between confirmed professors,0.558,2017,2024,P0503,P0936
AUTO001358,P0505,P0518,collaboration,25,,auto,OpenAlex coauthorship between confirmed professors,2.057,2009,2022,P0505,P0518
AUTO001359,P0505,P0519,collaboration,11,,auto,OpenAlex coauthorship between confirmed professors,1.212,2016,2025,P0505,P0519
AUTO001360,P0506,P1000,collaboration,7,,auto,OpenAlex coauthorship between confirmed professors,0.178,2005,2011,P0506,P1000
AUTO001362,P0509,P0597,collaboration,2,,auto,OpenAlex coauthorship between confirmed professors,0.126,2021,2023,P0509,P0597
AUTO001364,P0510,P0511,collaboration,2,,auto,OpenAlex coauthorship between confirmed professors,0.119,2011,2011,P0510,P0511
AUTO001366,P0514,P0754,collaboration,10,,auto,OpenAlex coauthorship between confirmed professors,0.853,2019,2024,P0514,P0754
AUTO001368,P0518,P0519,collaboration,14,,auto,OpenAlex coauthorship between confirmed professors,1.943,2016,2026,P0518,P0519
AUTO001378,P0530,P0746,collaboration,2,,auto,OpenAlex coauthorship between confirmed professors,0.143,2024,2025,P0530,P0746
AUTO001379,P0532,P0535,collaboration,123,,auto,OpenAlex coauthorship between confirmed professors,6.223,2012,2026,P0532,P0535
AUTO001386,P0533,P0534,collaboration,5,,auto,OpenAlex coauthorship between confirmed professors,0.719,2015,2021,P0533,P0534
AUTO001387,P0533,P0635,collaboration,2,,auto,OpenAlex coauthorship between confirmed professors,0.044,2006,2006,P0533,P0635
AUTO001393,P0536,P0542,collaboration,10,,auto,OpenAlex coauthorship between confirmed professors,1.225,2014,2022,P0536,P0542
AUTO001394,P0536,P0544,collaboration,2,,auto,OpenAlex coauthorship between confirmed professors,0.168,2022,2022,P0536,P0544
AUTO001395,P0536,P0547,collaboration,6,,auto,OpenAlex coauthorship between confirmed professors,0.646,2015,2023,P0536,P0547
AUTO001396,P0536,P0560,collaboration,2,,auto,OpenAlex coauthorship between confirmed professors,0.127,2020,2026,P0536,P0560
AUTO001397,P0536,P0625,collaboration,2,,auto,OpenAlex coauthorship between confirmed professors,0.222,2022,2023,P0536,P0625
AUTO001398,P0536,P0673,collaboration,10,,auto,OpenAlex coauthorship between confirmed professors,0.982,2019,2021,P0536,P0673
AUTO001401,P0537,P0540,collaboration,3,,auto,OpenAlex coauthorship between confirmed professors,0.288,2016,2020,P0537,P0540
AUTO001402,P0537,P0899,collaboration,2,,auto,OpenAlex coauthorship between confirmed professors,0.068,2004,2007,P0537,P0899
AUTO001403,P0540,P0855,collaboration,5,,auto,OpenAlex coauthorship between confirmed professors,0.274,2004,2012,P0540,P0855
AUTO001404,P0540,P0996,collaboration,6,,auto,OpenAlex coauthorship between confirmed professors,0.354,2011,2025,P0540,P0996
AUTO001405,P0540,P1000,collaboration,2,,auto,OpenAlex coauthorship between confirmed professors,0.11,2017,2017,P0540,P1000
AUTO001408,P0542,P0547,collaboration,80,,auto,OpenAlex coauthorship between confirmed professors,12.405,2011,2026,P0542,P0547
AUTO001409,P0542,P0548,collaboration,2,,auto,OpenAlex coauthorship between confirmed professors,0.298,2023,2026,P0542,P0548
AUTO001410,P0542,P0550,collaboration,11,,auto,OpenAlex coauthorship between confirmed professors,2.697,2021,2026,P0542,P0550
AUTO001411,P0542,P0558,collaboration,2,,auto,OpenAlex coauthorship between confirmed professors,0.231,2023,2024,P0542,P0558
AUTO001412,P0542,P0587,collaboration,2,,auto,OpenAlex coauthorship between confirmed professors,0.167,2024,2025,P0542,P0587
AUTO001413,P0542,P0590,collaboration,3,,auto,OpenAlex coauthorship between confirmed professors,0.39,2016,2025,P0542,P0590
AUTO001414,P0542,P0610,collaboration,12,,auto,OpenAlex coauthorship between confirmed professors,1.313,2016,2022,P0542,P0610
AUTO001415,P0542,P0625,collaboration,3,,auto,OpenAlex coauthorship between confirmed professors,0.255,2020,2025,P0542,P0625
AUTO001416,P0542,P0752,collaboration,2,,auto,OpenAlex coauthorship between confirmed professors,0.082,2020,2021,P0542,P0752
AUTO001417,P0542,P0773,collaboration,2,,auto,OpenAlex coauthorship between confirmed professors,0.082,2020,2021,P0542,P0773
AUTO001420,P0547,P0550,collaboration,7,,auto,OpenAlex coauthorship between confirmed professors,1.195,2021,2023,P0547,P0550
AUTO001421,P0547,P0558,collaboration,4,,auto,OpenAlex coauthorship between confirmed professors,0.482,2022,2024,P0547,P0558
AUTO001422,P0547,P0587,collaboration,2,,auto,OpenAlex coauthorship between confirmed professors,0.167,2024,2025,P0547,P0587
AUTO001423,P0547,P0610,collaboration,16,,auto,OpenAlex coauthorship between confirmed professors,1.696,2017,2022,P0547,P0610
AUTO001424,P0547,P0625,collaboration,4,,auto,OpenAlex coauthorship between confirmed professors,0.357,2020,2025,P0547,P0625
AUTO001425,P0547,P0752,collaboration,2,,auto,OpenAlex coauthorship between confirmed professors,0.082,2020,2021,P0547,P0752
AUTO001426,P0547,P0773,collaboration,2,,auto,OpenAlex coauthorship between confirmed professors,0.082,2020,2021,P0547,P0773
AUTO001428,P0548,P0550,collaboration,22,,auto,OpenAlex coauthorship between confirmed professors,3.473,2008,2026,P0548,P0550
AUTO001429,P0548,P0552,collaboration,5,,auto,OpenAlex coauthorship between confirmed professors,0.487,2014,2015,P0548,P0552
AUTO001430,P0548,P0558,collaboration,8,,auto,OpenAlex coauthorship between confirmed professors,1.305,2023,2026,P0548,P0558
AUTO001432,P0550,P0551,collaboration,3,,auto,OpenAlex coauthorship between confirmed professors,0.114,2007,2008,P0550,P0551
AUTO001433,P0550,P0552,collaboration,7,,auto,OpenAlex coauthorship between confirmed professors,0.691,2015,2021,P0550,P0552
AUTO001434,P0550,P0558,collaboration,44,,auto,OpenAlex coauthorship between confirmed professors,11.665,2022,2026,P0550,P0558
AUTO001435,P0550,P0796,collaboration,2,,auto,OpenAlex coauthorship between confirmed professors,0.093,2009,2009,P0550,P0796
AUTO001442,P0552,P0558,collaboration,2,,auto,OpenAlex coauthorship between confirmed professors,0.115,2021,2022,P0552,P0558
AUTO001443,P0552,P0935,collaboration,2,,auto,OpenAlex coauthorship between confirmed professors,0.111,2016,2016,P0552,P0935
AUTO001450,P0556,P1097,collaboration,2,,auto,OpenAlex coauthorship between confirmed professors,0.161,2014,2015,P0556,P1097
AUTO001451,P0560,P0562,collaboration,6,,auto,OpenAlex coauthorship between confirmed professors,0.658,2019,2024,P0560,P0562
AUTO001452,P0560,P0582,collaboration,4,,auto,OpenAlex coauthorship between confirmed professors,0.261,2014,2019,P0560,P0582
AUTO001453,P0560,P0590,collaboration,5,,auto,OpenAlex coauthorship between confirmed professors,0.312,2014,2019,P0560,P0590
AUTO001454,P0560,P0686,collaboration,3,,auto,OpenAlex coauthorship between confirmed professors,0.403,2014,2014,P0560,P0686
AUTO001461,P0562,P0620,collaboration,7,,auto,OpenAlex coauthorship between confirmed professors,0.425,2015,2018,P0562,P0620
AUTO001467,P0563,P1064,collaboration,23,,auto,OpenAlex coauthorship between confirmed professors,2.297,2016,2025,P0563,P1064
AUTO001468,P0564,P0565,collaboration,8,,auto,OpenAlex coauthorship between confirmed professors,0.726,2018,2024,P0564,P0565
AUTO001469,P0564,P0964,collaboration,3,,auto,OpenAlex coauthorship between confirmed professors,0.113,2012,2015,P0564,P0964
AUTO001470,P0564,P0985,collaboration,4,,auto,OpenAlex coauthorship between confirmed professors,1.014,2015,2019,P0564,P0985
AUTO001471,P0564,P0990,collaboration,4,,auto,OpenAlex coauthorship between confirmed professors,0.647,2012,2020,P0564,P0990
AUTO001472,P0567,P0572,collaboration,2,,auto,OpenAlex coauthorship between confirmed professors,0.792,2019,2023,P0567,P0572
AUTO001473,P0567,P0590,collaboration,2,,auto,OpenAlex coauthorship between confirmed professors,0.146,2018,2019,P0567,P0590
AUTO001474,P0568,P0923,collaboration,20,,auto,OpenAlex coauthorship between confirmed professors,4.809,2015,2024,P0568,P0923
AUTO001475,P0569,P0570,collaboration,2,,auto,OpenAlex coauthorship between confirmed professors,0.228,2015,2017,P0569,P0570
AUTO001476,P0569,P0574,collaboration,24,,auto,OpenAlex coauthorship between confirmed professors,4.091,2012,2026,P0569,P0574
AUTO001477,P0570,P0574,collaboration,2,,auto,OpenAlex coauthorship between confirmed professors,0.722,2014,2015,P0570,P0574
AUTO001478,P0572,P0626,collaboration,2,,auto,OpenAlex coauthorship between confirmed professors,0.456,2017,2023,P0572,P0626
AUTO001482,P0580,P0600,collaboration,10,,auto,OpenAlex coauthorship between confirmed professors,0.844,2011,2025,P0580,P0600
AUTO001483,P0580,P0641,collaboration,7,,auto,OpenAlex coauthorship between confirmed professors,0.56,2022,2025,P0580,P0641
AUTO001488,P0582,P0590,collaboration,67,,auto,OpenAlex coauthorship between confirmed professors,7.953,2010,2025,P0582,P0590
AUTO001489,P0582,P0644,collaboration,27,,auto,OpenAlex coauthorship between confirmed professors,4.13,2014,2026,P0582,P0644
AUTO001493,P0585,P0588,collaboration,2,,auto,OpenAlex coauthorship between confirmed professors,0.278,2005,2017,P0585,P0588
AUTO001494,P0585,P0589,collaboration,2,,auto,OpenAlex coauthorship between confirmed professors,0.471,2013,2017,P0585,P0589
AUTO001495,P0585,P0597,collaboration,3,,auto,OpenAlex coauthorship between confirmed professors,0.287,2011,2018,P0585,P0597
AUTO001496,P0585,P0603,collaboration,2,,auto,OpenAlex coauthorship between confirmed professors,0.129,2012,2014,P0585,P0603
AUTO001497,P0585,P0637,collaboration,4,,auto,OpenAlex coauthorship between confirmed professors,1.2,2024,2026,P0585,P0637
AUTO001499,P0587,P0625,collaboration,3,,auto,OpenAlex coauthorship between confirmed professors,0.272,2022,2025,P0587,P0625
AUTO001500,P0587,P0636,collaboration,29,,auto,OpenAlex coauthorship between confirmed professors,13.009,2020,2026,P0587,P0636
AUTO001502,P0588,P0606,collaboration,7,,auto,OpenAlex coauthorship between confirmed professors,0.983,2010,2018,P0588,P0606
AUTO001504,P0589,P0746,collaboration,14,,auto,OpenAlex coauthorship between confirmed professors,0.55,2007,2019,P0589,P0746
AUTO001505,P0589,P0832,collaboration,3,,auto,OpenAlex coauthorship between confirmed professors,0.113,2011,2015,P0589,P0832
AUTO001506,P0590,P0644,collaboration,29,,auto,OpenAlex coauthorship between confirmed professors,5.492,2014,2025,P0590,P0644
AUTO001508,P0591,P0618,collaboration,2,,auto,OpenAlex coauthorship between confirmed professors,0.083,2008,2008,P0591,P0618
AUTO001509,P0591,P0629,collaboration,2,,auto,OpenAlex coauthorship between confirmed professors,0.14,2014,2014,P0591,P0629
AUTO001510,P0594,P0609,collaboration,14,,auto,OpenAlex coauthorship between confirmed professors,8.081,2013,2024,P0594,P0609
AUTO001511,P0594,P0616,collaboration,2,,auto,OpenAlex coauthorship between confirmed professors,0.584,2018,2021,P0594,P0616
AUTO001512,P0594,P0630,collaboration,8,,auto,OpenAlex coauthorship between confirmed professors,3.065,2020,2024,P0594,P0630
AUTO001513,P0594,P0707,collaboration,3,,auto,OpenAlex coauthorship between confirmed professors,0.06,2003,2004,P0594,P0707
AUTO001516,P0596,P0597,collaboration,8,,auto,OpenAlex coauthorship between confirmed professors,0.345,2007,2015,P0596,P0597
AUTO001517,P0596,P0598,collaboration,5,,auto,OpenAlex coauthorship between confirmed professors,0.215,2008,2013,P0596,P0598
AUTO001518,P0596,P0603,collaboration,2,,auto,OpenAlex coauthorship between confirmed professors,0.195,2014,2016,P0596,P0603
AUTO001519,P0596,P0618,collaboration,7,,auto,OpenAlex coauthorship between confirmed professors,3.542,2009,2023,P0596,P0618
AUTO001520,P0596,P0628,collaboration,2,,auto,OpenAlex coauthorship between confirmed professors,1.806,2023,2025,P0596,P0628
AUTO001521,P0597,P0598,collaboration,4,,auto,OpenAlex coauthorship between confirmed professors,0.172,2008,2018,P0597,P0598
AUTO001522,P0597,P0620,collaboration,10,,auto,OpenAlex coauthorship between confirmed professors,3.457,2017,2026,P0597,P0620
AUTO001523,P0597,P0832,collaboration,4,,auto,OpenAlex coauthorship between confirmed professors,0.1,2021,2021,P0597,P0832
AUTO001527,P0600,P0623,collaboration,2,,auto,OpenAlex coauthorship between confirmed professors,0.261,2009,2021,P0600,P0623
AUTO001528,P0600,P0641,collaboration,5,,auto,OpenAlex coauthorship between confirmed professors,0.435,2022,2025,P0600,P0641
AUTO001530,P0602,P0610,collaboration,9,,auto,OpenAlex coauthorship between confirmed professors,1.051,2007,2026,P0602,P0610
AUTO001531,P0602,P0624,collaboration,7,,auto,OpenAlex coauthorship between confirmed professors,2.005,2014,2026,P0602,P0624
AUTO001532,P0602,P0627,collaboration,4,,auto,OpenAlex coauthorship between confirmed professors,0.61,2023,2026,P0602,P0627
AUTO001533,P0602,P0642,collaboration,7,,auto,OpenAlex coauthorship between confirmed professors,2.016,2018,2026,P0602,P0642
AUTO001535,P0603,P0998,collaboration,2,,auto,OpenAlex coauthorship between confirmed professors,0.045,2015,2015,P0603,P0998
AUTO001539,P0604,P1111,collaboration,4,,auto,OpenAlex coauthorship between confirmed professors,0.087,2018,2020,P0604,P1111
AUTO001542,P0605,P0639,collaboration,5,,auto,OpenAlex coauthorship between confirmed professors,1.78,2020,2022,P0605,P0639
AUTO001545,P0609,P0630,collaboration,8,,auto,OpenAlex coauthorship between confirmed professors,3.407,2021,2024,P0609,P0630
AUTO001546,P0609,P0852,collaboration,2,,auto,OpenAlex coauthorship between confirmed professors,0.976,2010,2012,P0609,P0852
AUTO001548,P0610,P0624,collaboration,4,,auto,OpenAlex coauthorship between confirmed professors,0.725,2015,2026,P0610,P0624
AUTO001549,P0610,P0627,collaboration,3,,auto,OpenAlex coauthorship between confirmed professors,0.381,2023,2026,P0610,P0627
AUTO001550,P0610,P0642,collaboration,2,,auto,OpenAlex coauthorship between confirmed professors,0.256,2023,2026,P0610,P0642
AUTO001552,P0611,P0622,collaboration,1,,auto,OpenAlex coauthorship between confirmed professors,0.892,2018,2018,P0611,P0622
AUTO001553,P0612,P0619,collaboration,3,,auto,OpenAlex coauthorship between confirmed professors,1.701,2019,2021,P0612,P0619
AUTO001554,P0612,P0632,collaboration,2,,auto,OpenAlex coauthorship between confirmed professors,0.101,2025,2025,P0612,P0632
AUTO001555,P0616,P0620,collaboration,5,,auto,OpenAlex coauthorship between confirmed professors,1.113,2020,2023,P0616,P0620
AUTO001556,P0616,P0706,collaboration,3,,auto,OpenAlex coauthorship between confirmed professors,0.188,2015,2020,P0616,P0706
AUTO001557,P0617,P0628,collaboration,5,,auto,OpenAlex coauthorship between confirmed professors,1.848,2016,2024,P0617,P0628
AUTO001558,P0618,P0629,collaboration,1,,auto,OpenAlex coauthorship between confirmed professors,0.688,2023,2023,P0618,P0629
AUTO001559,P0619,P0632,collaboration,2,,auto,OpenAlex coauthorship between confirmed professors,0.841,2022,2022,P0619,P0632
AUTO001561,P0621,P0631,collaboration,3,,auto,OpenAlex coauthorship between confirmed professors,0.386,2018,2018,P0621,P0631
AUTO001562,P0621,P0643,collaboration,2,,auto,OpenAlex coauthorship between confirmed professors,1.833,2024,2026,P0621,P0643
AUTO001567,P0624,P0627,collaboration,4,,auto,OpenAlex coauthorship between confirmed professors,0.61,2023,2026,P0624,P0627
AUTO001568,P0624,P0642,collaboration,6,,auto,OpenAlex coauthorship between confirmed professors,1.749,2023,2026,P0624,P0642
AUTO001574,P0627,P0642,collaboration,5,,auto,OpenAlex coauthorship between confirmed professors,1.759,2023,2026,P0627,P0642
AUTO001577,P0631,P0965,collaboration,5,,auto,OpenAlex coauthorship between confirmed professors,0.477,2021,2024,P0631,P0965
AUTO001583,P0649,P0738,collaboration,2,,auto,OpenAlex coauthorship between confirmed professors,0.292,2024,2026,P0649,P0738
AUTO001584,P0651,P1101,collaboration,1,,auto,OpenAlex coauthorship between confirmed professors,0.5,2025,2025,P0651,P1101
AUTO001587,P0652,P1110,collaboration,2,,auto,OpenAlex coauthorship between confirmed professors,0.4,2024,2025,P0652,P1110
AUTO001588,P0656,P0659,collaboration,2,,auto,OpenAlex coauthorship between confirmed professors,0.833,2025,2026,P0656,P0659
AUTO001591,P0657,P0746,collaboration,2,,auto,OpenAlex coauthorship between confirmed professors,0.067,2008,2017,P0657,P0746
AUTO001592,P0657,P0748,collaboration,46,,auto,OpenAlex coauthorship between confirmed professors,5.766,2013,2025,P0657,P0748
AUTO001593,P0665,P0666,collaboration,15,,auto,OpenAlex coauthorship between confirmed professors,0.78,2017,2026,P0665,P0666
AUTO001594,P0665,P0670,collaboration,8,,auto,OpenAlex coauthorship between confirmed professors,0.374,2014,2021,P0665,P0670
AUTO001595,P0666,P0670,collaboration,2,,auto,OpenAlex coauthorship between confirmed professors,0.074,2020,2023,P0666,P0670
AUTO001596,P0669,P0673,collaboration,2,,auto,OpenAlex coauthorship between confirmed professors,0.302,2023,2024,P0669,P0673
AUTO001597,P0669,P0678,collaboration,2,,auto,OpenAlex coauthorship between confirmed professors,0.325,2024,2025,P0669,P0678
AUTO001603,P0670,P0704,collaboration,2,,auto,OpenAlex coauthorship between confirmed professors,0.067,2010,2010,P0670,P0704
AUTO001609,P0673,P0674,collaboration,12,,auto,OpenAlex coauthorship between confirmed professors,1.175,2021,2025,P0673,P0674
AUTO001610,P0673,P0678,collaboration,2,,auto,OpenAlex coauthorship between confirmed professors,0.261,2023,2024,P0673,P0678
AUTO001618,P0674,P0677,collaboration,2,,auto,OpenAlex coauthorship between confirmed professors,0.245,2023,2023,P0674,P0677
AUTO001619,P0674,P0678,collaboration,3,,auto,OpenAlex coauthorship between confirmed professors,0.311,2023,2025,P0674,P0678
AUTO001621,P0677,P0678,collaboration,3,,auto,OpenAlex coauthorship between confirmed professors,0.316,2023,2026,P0677,P0678
AUTO001625,P0680,P1017,collaboration,2,,auto,OpenAlex coauthorship between confirmed professors,0.261,2016,2018,P0680,P1017
AUTO001628,P0681,P0684,collaboration,2,,auto,OpenAlex coauthorship between confirmed professors,0.198,2023,2026,P0681,P0684
AUTO001629,P0681,P0685,collaboration,3,,auto,OpenAlex coauthorship between confirmed professors,0.397,2018,2019,P0681,P0685
AUTO001630,P0681,P0687,collaboration,2,,auto,OpenAlex coauthorship between confirmed professors,0.281,2020,2022,P0681,P0687
AUTO001631,P0681,P1102,collaboration,3,,auto,OpenAlex coauthorship between confirmed professors,0.199,2007,2009,P0681,P1102
AUTO001632,P0682,P0685,collaboration,3,,auto,OpenAlex coauthorship between confirmed professors,0.598,2022,2026,P0682,P0685
AUTO001634,P0683,P0685,collaboration,2,,auto,OpenAlex coauthorship between confirmed professors,0.234,2025,2026,P0683,P0685
AUTO001635,P0683,P0688,collaboration,9,,auto,OpenAlex coauthorship between confirmed professors,1.043,2023,2026,P0683,P0688
AUTO001636,P0684,P0685,collaboration,5,,auto,OpenAlex coauthorship between confirmed professors,0.655,2020,2024,P0684,P0685
AUTO001637,P0684,P0687,collaboration,2,,auto,OpenAlex coauthorship between confirmed professors,0.667,2024,2024,P0684,P0687
AUTO001638,P0684,P0968,collaboration,14,,auto,OpenAlex coauthorship between confirmed professors,1.673,2011,2023,P0684,P0968
AUTO001647,P0685,P0686,collaboration,2,,auto,OpenAlex coauthorship between confirmed professors,0.185,2022,2023,P0685,P0686
AUTO001648,P0685,P0688,collaboration,4,,auto,OpenAlex coauthorship between confirmed professors,0.5,2024,2026,P0685,P0688
AUTO001649,P0685,P0711,collaboration,3,,auto,OpenAlex coauthorship between confirmed professors,0.349,2007,2008,P0685,P0711
AUTO001650,P0685,P0783,collaboration,5,,auto,OpenAlex coauthorship between confirmed professors,0.658,2019,2025,P0685,P0783
AUTO001651,P0685,P0807,collaboration,30,,auto,OpenAlex coauthorship between confirmed professors,2.043,2013,2020,P0685,P0807
AUTO001659,P0689,P0696,collaboration,4,,auto,OpenAlex coauthorship between confirmed professors,0.402,2018,2023,P0689,P0696
AUTO001660,P0689,P0698,collaboration,2,,auto,OpenAlex coauthorship between confirmed professors,0.249,2018,2023,P0689,P0698
AUTO001661,P0689,P0702,collaboration,2,,auto,OpenAlex coauthorship between confirmed professors,0.155,2019,2022,P0689,P0702
AUTO001662,P0689,P0703,collaboration,2,,auto,OpenAlex coauthorship between confirmed professors,0.133,2025,2025,P0689,P0703
AUTO001663,P0689,P0988,collaboration,2,,auto,OpenAlex coauthorship between confirmed professors,0.096,2007,2026,P0689,P0988
AUTO001667,P0691,P0700,collaboration,3,,auto,OpenAlex coauthorship between confirmed professors,0.334,2011,2012,P0691,P0700
AUTO001668,P0691,P0703,collaboration,28,,auto,OpenAlex coauthorship between confirmed professors,1.627,2001,2021,P0691,P0703
AUTO001669,P0691,P0778,collaboration,3,,auto,OpenAlex coauthorship between confirmed professors,0.124,2005,2006,P0691,P0778
AUTO001670,P0691,P0970,collaboration,17,,auto,OpenAlex coauthorship between confirmed professors,1.106,2007,2020,P0691,P0970
AUTO001671,P0691,P1081,collaboration,4,,auto,OpenAlex coauthorship between confirmed professors,0.454,2007,2012,P0691,P1081
AUTO001682,P0693,P1002,collaboration,2,,auto,OpenAlex coauthorship between confirmed professors,0.16,2022,2023,P0693,P1002
AUTO001683,P0693,P1011,collaboration,4,,auto,OpenAlex coauthorship between confirmed professors,0.387,2022,2025,P0693,P1011
AUTO001685,P0694,P0707,collaboration,2,,auto,OpenAlex coauthorship between confirmed professors,0.09,2017,2020,P0694,P0707
AUTO001686,P0695,P0754,collaboration,2,,auto,OpenAlex coauthorship between confirmed professors,0.215,2018,2019,P0695,P0754
AUTO001689,P0696,P0700,collaboration,6,,auto,OpenAlex coauthorship between confirmed professors,0.364,2012,2015,P0696,P0700
AUTO001690,P0696,P0703,collaboration,11,,auto,OpenAlex coauthorship between confirmed professors,0.683,2012,2022,P0696,P0703
AUTO001691,P0696,P0714,collaboration,2,,auto,OpenAlex coauthorship between confirmed professors,0.2,2024,2024,P0696,P0714
AUTO001696,P0700,P0703,collaboration,79,,auto,OpenAlex coauthorship between confirmed professors,6.352,2011,2026,P0700,P0703
AUTO001697,P0700,P0716,collaboration,27,,auto,OpenAlex coauthorship between confirmed professors,2.915,2020,2026,P0700,P0716
AUTO001698,P0700,P0990,collaboration,2,,auto,OpenAlex coauthorship between confirmed professors,0.079,2018,2018,P0700,P0990
AUTO001699,P0700,P1055,collaboration,4,,auto,OpenAlex coauthorship between confirmed professors,0.222,2017,2018,P0700,P1055
AUTO001704,P0702,P0714,collaboration,11,,auto,OpenAlex coauthorship between confirmed professors,1.403,2004,2026,P0702,P0714
AUTO001706,P0703,P0711,collaboration,5,,auto,OpenAlex coauthorship between confirmed professors,0.197,2015,2023,P0703,P0711
AUTO001707,P0703,P0716,collaboration,19,,auto,OpenAlex coauthorship between confirmed professors,1.739,2015,2025,P0703,P0716
AUTO001713,P0704,P0711,collaboration,10,,auto,OpenAlex coauthorship between confirmed professors,0.507,2016,2026,P0704,P0711
AUTO001715,P0707,P0711,collaboration,2,,auto,OpenAlex coauthorship between confirmed professors,0.084,2013,2015,P0707,P0711
AUTO001716,P0707,P1038,collaboration,2,,auto,OpenAlex coauthorship between confirmed professors,0.168,2014,2014,P0707,P1038
AUTO001717,P0707,P1069,collaboration,3,,auto,OpenAlex coauthorship between confirmed professors,0.076,2008,2008,P0707,P1069
AUTO001728,P0709,P0761,collaboration,4,,auto,OpenAlex coauthorship between confirmed professors,0.333,2024,2024,P0709,P0761
AUTO001729,P0709,P0765,collaboration,2,,auto,OpenAlex coauthorship between confirmed professors,0.134,2016,2016,P0709,P0765
AUTO001732,P0711,P0716,collaboration,7,,auto,OpenAlex coauthorship between confirmed professors,0.782,2019,2026,P0711,P0716
AUTO001733,P0711,P0964,collaboration,2,,auto,OpenAlex coauthorship between confirmed professors,0.044,2012,2013,P0711,P0964
AUTO001745,P0717,P0719,collaboration,6,,auto,OpenAlex coauthorship between confirmed professors,0.698,2023,2025,P0717,P0719
AUTO001746,P0717,P0744,collaboration,2,,auto,OpenAlex coauthorship between confirmed professors,0.24,2023,2024,P0717,P0744
AUTO001747,P0718,P0738,collaboration,3,,auto,OpenAlex coauthorship between confirmed professors,0.125,2017,2018,P0718,P0738
AUTO001748,P0718,P0746,collaboration,86,,auto,OpenAlex coauthorship between confirmed professors,7.783,2013,2025,P0718,P0746
AUTO001749,P0718,P0748,collaboration,4,,auto,OpenAlex coauthorship between confirmed professors,0.401,2015,2026,P0718,P0748
AUTO001750,P0718,P0767,collaboration,2,,auto,OpenAlex coauthorship between confirmed professors,0.102,2023,2023,P0718,P0767
AUTO001755,P0719,P0746,collaboration,2,,auto,OpenAlex coauthorship between confirmed professors,0.081,2021,2022,P0719,P0746
AUTO001756,P0726,P0737,collaboration,6,,auto,OpenAlex coauthorship between confirmed professors,1.655,2021,2024,P0726,P0737
AUTO001757,P0726,P0744,collaboration,2,,auto,OpenAlex coauthorship between confirmed professors,0.133,2026,2026,P0726,P0744
AUTO001758,P0726,P0813,collaboration,9,,auto,OpenAlex coauthorship between confirmed professors,0.668,2013,2022,P0726,P0813
AUTO001759,P0726,P0818,collaboration,8,,auto,OpenAlex coauthorship between confirmed professors,0.978,2013,2019,P0726,P0818
AUTO001760,P0726,P0820,collaboration,2,,auto,OpenAlex coauthorship between confirmed professors,0.113,2017,2020,P0726,P0820
AUTO001762,P0734,P0738,collaboration,3,,auto,OpenAlex coauthorship between confirmed professors,0.575,2024,2026,P0734,P0738
AUTO001763,P0734,P0740,collaboration,15,,auto,OpenAlex coauthorship between confirmed professors,1.024,2005,2017,P0734,P0740
AUTO001764,P0734,P0745,collaboration,4,,auto,OpenAlex coauthorship between confirmed professors,0.258,2008,2010,P0734,P0745
AUTO001766,P0735,P0738,collaboration,18,,auto,OpenAlex coauthorship between confirmed professors,3.844,2016,2025,P0735,P0738
AUTO001767,P0737,P0738,collaboration,3,,auto,OpenAlex coauthorship between confirmed professors,0.316,2020,2026,P0737,P0738
AUTO001768,P0737,P0740,collaboration,2,,auto,OpenAlex coauthorship between confirmed professors,0.203,2018,2020,P0737,P0740
AUTO001769,P0737,P0820,collaboration,2,,auto,OpenAlex coauthorship between confirmed professors,0.153,2015,2024,P0737,P0820
AUTO001770,P0738,P0740,collaboration,4,,auto,OpenAlex coauthorship between confirmed professors,0.504,2024,2026,P0738,P0740
AUTO001771,P0738,P0743,collaboration,6,,auto,OpenAlex coauthorship between confirmed professors,0.531,2017,2022,P0738,P0743
AUTO001772,P0738,P0745,collaboration,2,,auto,OpenAlex coauthorship between confirmed professors,0.131,2023,2023,P0738,P0745
AUTO001773,P0738,P0746,collaboration,7,,auto,OpenAlex coauthorship between confirmed professors,0.354,2017,2023,P0738,P0746
AUTO001774,P0738,P0810,collaboration,3,,auto,OpenAlex coauthorship between confirmed professors,0.119,2011,2011,P0738,P0810
AUTO001777,P0740,P0748,collaboration,2,,auto,OpenAlex coauthorship between confirmed professors,0.174,2017,2025,P0740,P0748
AUTO001781,P0742,P0744,collaboration,26,,auto,OpenAlex coauthorship between confirmed professors,2.883,2012,2026,P0742,P0744
AUTO001784,P0743,P0746,collaboration,7,,auto,OpenAlex coauthorship between confirmed professors,0.581,2016,2023,P0743,P0746
AUTO001787,P0745,P0746,collaboration,2,,auto,OpenAlex coauthorship between confirmed professors,0.131,2023,2023,P0745,P0746
AUTO001788,P0745,P0795,collaboration,2,,auto,OpenAlex coauthorship between confirmed professors,0.114,2010,2012,P0745,P0795
AUTO001790,P0746,P0748,collaboration,4,,auto,OpenAlex coauthorship between confirmed professors,0.334,2015,2022,P0746,P0748
AUTO001791,P0746,P0767,collaboration,2,,auto,OpenAlex coauthorship between confirmed professors,0.102,2023,2023,P0746,P0767
AUTO001792,P0746,P0832,collaboration,18,,auto,OpenAlex coauthorship between confirmed professors,1.171,2011,2022,P0746,P0832
AUTO001793,P0746,P0836,collaboration,10,,auto,OpenAlex coauthorship between confirmed professors,0.245,2005,2017,P0746,P0836
AUTO001794,P0746,P1019,collaboration,38,,auto,OpenAlex coauthorship between confirmed professors,1.985,2001,2023,P0746,P1019
AUTO001805,P0749,P0754,collaboration,4,,auto,OpenAlex coauthorship between confirmed professors,0.341,2020,2024,P0749,P0754
AUTO001806,P0749,P0755,collaboration,5,,auto,OpenAlex coauthorship between confirmed professors,0.872,2021,2025,P0749,P0755
AUTO001807,P0749,P0786,collaboration,2,,auto,OpenAlex coauthorship between confirmed professors,0.064,2008,2023,P0749,P0786
AUTO001809,P0751,P0764,collaboration,14,,auto,OpenAlex coauthorship between confirmed professors,1.242,2024,2026,P0751,P0764
AUTO001810,P0751,P0786,collaboration,3,,auto,OpenAlex coauthorship between confirmed professors,0.109,2012,2023,P0751,P0786
AUTO001811,P0751,P0914,collaboration,2,,auto,OpenAlex coauthorship between confirmed professors,0.177,2012,2012,P0751,P0914
AUTO001819,P0752,P0754,collaboration,17,,auto,OpenAlex coauthorship between confirmed professors,1.904,2019,2025,P0752,P0754
AUTO001820,P0752,P0755,collaboration,3,,auto,OpenAlex coauthorship between confirmed professors,0.201,2019,2025,P0752,P0755
AUTO001821,P0752,P0758,collaboration,2,,auto,OpenAlex coauthorship between confirmed professors,0.372,2023,2026,P0752,P0758
AUTO001822,P0752,P0766,collaboration,2,,auto,OpenAlex coauthorship between confirmed professors,0.065,2004,2015,P0752,P0766
AUTO001823,P0752,P0773,collaboration,4,,auto,OpenAlex coauthorship between confirmed professors,0.239,2018,2025,P0752,P0773
AUTO001824,P0752,P0785,collaboration,45,,auto,OpenAlex coauthorship between confirmed professors,5.73,2011,2025,P0752,P0785
AUTO001831,P0753,P0754,collaboration,3,,auto,OpenAlex coauthorship between confirmed professors,0.159,2022,2022,P0753,P0754
AUTO001832,P0753,P0837,collaboration,2,,auto,OpenAlex coauthorship between confirmed professors,0.13,2011,2014,P0753,P0837
AUTO001833,P0753,P0907,collaboration,2,,auto,OpenAlex coauthorship between confirmed professors,0.133,2024,2024,P0753,P0907
AUTO001834,P0753,P0914,collaboration,2,,auto,OpenAlex coauthorship between confirmed professors,0.133,2024,2024,P0753,P0914
AUTO001835,P0753,P0940,collaboration,32,,auto,OpenAlex coauthorship between confirmed professors,4.988,2009,2026,P0753,P0940
AUTO001836,P0753,P0985,collaboration,3,,auto,OpenAlex coauthorship between confirmed professors,0.333,2024,2026,P0753,P0985
AUTO001837,P0753,P0988,collaboration,2,,auto,OpenAlex coauthorship between confirmed professors,0.167,2024,2026,P0753,P0988
AUTO001838,P0753,P1027,collaboration,2,,auto,OpenAlex coauthorship between confirmed professors,0.098,2005,2008,P0753,P1027
AUTO001843,P0754,P0755,collaboration,2,,auto,OpenAlex coauthorship between confirmed professors,0.101,2019,2021,P0754,P0755
AUTO001844,P0754,P0761,collaboration,2,,auto,OpenAlex coauthorship between confirmed professors,0.144,2024,2025,P0754,P0761
AUTO001845,P0754,P0764,collaboration,2,,auto,OpenAlex coauthorship between confirmed professors,0.174,2025,2025,P0754,P0764
AUTO001846,P0754,P0766,collaboration,4,,auto,OpenAlex coauthorship between confirmed professors,0.369,2017,2023,P0754,P0766
AUTO001847,P0754,P0767,collaboration,2,,auto,OpenAlex coauthorship between confirmed professors,0.144,2024,2025,P0754,P0767
AUTO001848,P0754,P0778,collaboration,2,,auto,OpenAlex coauthorship between confirmed professors,0.383,2023,2024,P0754,P0778
AUTO001849,P0754,P0940,collaboration,3,,auto,OpenAlex coauthorship between confirmed professors,0.159,2022,2022,P0754,P0940
AUTO001856,P0755,P1039,collaboration,3,,auto,OpenAlex coauthorship between confirmed professors,0.058,2002,2003,P0755,P1039
AUTO001858,P0758,P0761,collaboration,2,,auto,OpenAlex coauthorship between confirmed professors,0.116,2022,2025,P0758,P0761
AUTO001859,P0758,P0767,collaboration,3,,auto,OpenAlex coauthorship between confirmed professors,0.483,2025,2026,P0758,P0767
AUTO001860,P0758,P0786,collaboration,2,,auto,OpenAlex coauthorship between confirmed professors,0.393,2025,2026,P0758,P0786
AUTO001863,P0760,P1001,collaboration,4,,auto,OpenAlex coauthorship between confirmed professors,1.044,2022,2024,P0760,P1001
AUTO001864,P0761,P0767,collaboration,2,,auto,OpenAlex coauthorship between confirmed professors,0.144,2024,2025,P0761,P0767
AUTO001865,P0761,P0783,collaboration,2,,auto,OpenAlex coauthorship between confirmed professors,0.292,2023,2025,P0761,P0783
AUTO001867,P0764,P0773,collaboration,6,,auto,OpenAlex coauthorship between confirmed professors,0.472,2013,2025,P0764,P0773
AUTO001870,P0765,P0774,collaboration,2,,auto,OpenAlex coauthorship between confirmed professors,0.217,2024,2026,P0765,P0774
AUTO001871,P0765,P1006,collaboration,10,,auto,OpenAlex coauthorship between confirmed professors,1.048,2016,2024,P0765,P1006
AUTO001873,P0766,P0786,collaboration,2,,auto,OpenAlex coauthorship between confirmed professors,0.059,2011,2012,P0766,P0786
AUTO001874,P0766,P0920,collaboration,2,,auto,OpenAlex coauthorship between confirmed professors,0.061,2016,2019,P0766,P0920
AUTO001875,P0766,P1002,collaboration,2,,auto,OpenAlex coauthorship between confirmed professors,0.061,2016,2019,P0766,P1002
AUTO001879,P0767,P0795,collaboration,5,,auto,OpenAlex coauthorship between confirmed professors,0.095,1994,1996,P0767,P0795
AUTO001880,P0767,P0935,collaboration,6,,auto,OpenAlex coauthorship between confirmed professors,0.338,2006,2019,P0767,P0935
AUTO001883,P0769,P0903,collaboration,2,,auto,OpenAlex coauthorship between confirmed professors,0.093,2019,2019,P0769,P0903
AUTO001885,P0770,P1094,collaboration,6,,auto,OpenAlex coauthorship between confirmed professors,0.689,2012,2017,P0770,P1094
AUTO001886,P0773,P0785,collaboration,3,,auto,OpenAlex coauthorship between confirmed professors,0.183,2015,2022,P0773,P0785
AUTO001888,P0774,P1014,collaboration,9,,auto,OpenAlex coauthorship between confirmed professors,0.471,2012,2020,P0774,P1014
AUTO001889,P0774,P1024,collaboration,14,,auto,OpenAlex coauthorship between confirmed professors,1.692,2011,2026,P0774,P1024
AUTO001892,P0777,P0984,collaboration,3,,auto,OpenAlex coauthorship between confirmed professors,0.058,2003,2004,P0777,P0984
AUTO001894,P0778,P0792,collaboration,3,,auto,OpenAlex coauthorship between confirmed professors,0.066,2005,2006,P0778,P0792
AUTO001895,P0778,P0796,collaboration,11,,auto,OpenAlex coauthorship between confirmed professors,1.339,2004,2026,P0778,P0796
AUTO001896,P0783,P0912,collaboration,2,,auto,OpenAlex coauthorship between confirmed professors,0.363,2014,2017,P0783,P0912
AUTO001898,P0785,P0927,collaboration,2,,auto,OpenAlex coauthorship between confirmed professors,0.061,2023,2023,P0785,P0927
AUTO001904,P0791,P1015,collaboration,17,,auto,OpenAlex coauthorship between confirmed professors,0.922,2007,2020,P0791,P1015
AUTO001905,P0791,P1033,collaboration,14,,auto,OpenAlex coauthorship between confirmed professors,0.75,2007,2020,P0791,P1033
AUTO001912,P0795,P0872,collaboration,2,,auto,OpenAlex coauthorship between confirmed professors,0.298,2017,2019,P0795,P0872
AUTO001915,P0801,P0804,collaboration,18,,auto,OpenAlex coauthorship between confirmed professors,1.726,2017,2026,P0801,P0804
AUTO001916,P0801,P0807,collaboration,2,,auto,OpenAlex coauthorship between confirmed professors,0.343,2025,2026,P0801,P0807
AUTO001917,P0801,P1053,collaboration,6,,auto,OpenAlex coauthorship between confirmed professors,0.2,2012,2013,P0801,P1053
AUTO001924,P0804,P0807,collaboration,2,,auto,OpenAlex coauthorship between confirmed professors,0.22,2026,2026,P0804,P0807
AUTO001925,P0804,P0962,collaboration,2,,auto,OpenAlex coauthorship between confirmed professors,0.105,2008,2013,P0804,P0962
AUTO001926,P0804,P0999,collaboration,32,,auto,OpenAlex coauthorship between confirmed professors,2.983,2006,2026,P0804,P0999
AUTO001927,P0804,P1061,collaboration,3,,auto,OpenAlex coauthorship between confirmed professors,0.611,2015,2023,P0804,P1061
AUTO001933,P0810,P0813,collaboration,3,,auto,OpenAlex coauthorship between confirmed professors,0.283,2013,2014,P0810,P0813
AUTO001934,P0810,P0818,collaboration,8,,auto,OpenAlex coauthorship between confirmed professors,1.485,2018,2026,P0810,P0818
AUTO001935,P0810,P0823,collaboration,7,,auto,OpenAlex coauthorship between confirmed professors,0.493,2013,2018,P0810,P0823
AUTO001936,P0810,P0824,collaboration,2,,auto,OpenAlex coauthorship between confirmed professors,0.109,2010,2010,P0810,P0824
AUTO001937,P0810,P0994,collaboration,5,,auto,OpenAlex coauthorship between confirmed professors,0.219,2012,2015,P0810,P0994
AUTO001940,P0811,P0818,collaboration,3,,auto,OpenAlex coauthorship between confirmed professors,0.339,2016,2017,P0811,P0818
AUTO001941,P0811,P0829,collaboration,2,,auto,OpenAlex coauthorship between confirmed professors,0.278,2015,2016,P0811,P0829
AUTO001944,P0813,P0820,collaboration,4,,auto,OpenAlex coauthorship between confirmed professors,0.348,2017,2024,P0813,P0820
AUTO001945,P0813,P0823,collaboration,3,,auto,OpenAlex coauthorship between confirmed professors,0.298,2013,2018,P0813,P0823
AUTO001946,P0813,P0824,collaboration,2,,auto,OpenAlex coauthorship between confirmed professors,0.353,2015,2024,P0813,P0824
AUTO001947,P0813,P0957,collaboration,6,,auto,OpenAlex coauthorship between confirmed professors,0.53,2015,2023,P0813,P0957
AUTO001952,P0818,P0823,collaboration,8,,auto,OpenAlex coauthorship between confirmed professors,0.673,2016,2023,P0818,P0823
AUTO001953,P0818,P0824,collaboration,2,,auto,OpenAlex coauthorship between confirmed professors,0.165,2011,2014,P0818,P0824
AUTO001954,P0818,P0832,collaboration,2,,auto,OpenAlex coauthorship between confirmed professors,0.218,2022,2026,P0818,P0832
AUTO001956,P0820,P0823,collaboration,4,,auto,OpenAlex coauthorship between confirmed professors,0.433,2024,2026,P0820,P0823
AUTO001957,P0820,P0824,collaboration,4,,auto,OpenAlex coauthorship between confirmed professors,0.566,2020,2026,P0820,P0824
AUTO001958,P0820,P0832,collaboration,3,,auto,OpenAlex coauthorship between confirmed professors,0.354,2026,2026,P0820,P0832
AUTO001959,P0820,P1019,collaboration,3,,auto,OpenAlex coauthorship between confirmed professors,0.273,2021,2026,P0820,P1019
AUTO001968,P0822,P0829,collaboration,21,,auto,OpenAlex coauthorship between confirmed professors,1.585,2004,2018,P0822,P0829
AUTO001969,P0822,P0926,collaboration,2,,auto,OpenAlex coauthorship between confirmed professors,0.11,2015,2018,P0822,P0926
AUTO001974,P0823,P0830,collaboration,2,,auto,OpenAlex coauthorship between confirmed professors,0.292,2025,2026,P0823,P0830
AUTO001983,P0836,P0877,collaboration,9,,auto,OpenAlex coauthorship between confirmed professors,0.393,2004,2013,P0836,P0877
AUTO001984,P0837,P0856,collaboration,4,,auto,OpenAlex coauthorship between confirmed professors,0.361,2021,2026,P0837,P0856
AUTO001985,P0837,P0859,collaboration,2,,auto,OpenAlex coauthorship between confirmed professors,0.141,2022,2022,P0837,P0859
AUTO001990,P0843,P0847,collaboration,5,,auto,OpenAlex coauthorship between confirmed professors,0.304,2014,2024,P0843,P0847
AUTO002000,P0855,P0920,collaboration,59,,auto,OpenAlex coauthorship between confirmed professors,7.208,2001,2023,P0855,P0920
AUTO002005,P0856,P0858,collaboration,2,,auto,OpenAlex coauthorship between confirmed professors,0.139,2025,2026,P0856,P0858
AUTO002008,P0868,P0920,collaboration,6,,auto,OpenAlex coauthorship between confirmed professors,0.224,2004,2026,P0868,P0920
AUTO002016,P0878,P0914,collaboration,20,,auto,OpenAlex coauthorship between confirmed professors,2.408,2019,2024,P0878,P0914
AUTO002019,P0880,P0905,collaboration,3,,auto,OpenAlex coauthorship between confirmed professors,0.269,2023,2023,P0880,P0905
AUTO002023,P0890,P1002,collaboration,7,,auto,OpenAlex coauthorship between confirmed professors,0.195,2009,2011,P0890,P1002
AUTO002032,P0903,P0907,collaboration,5,,auto,OpenAlex coauthorship between confirmed professors,0.211,2023,2025,P0903,P0907
AUTO002033,P0903,P0914,collaboration,2,,auto,OpenAlex coauthorship between confirmed professors,0.073,2020,2025,P0903,P0914
AUTO002037,P0905,P0914,collaboration,2,,auto,OpenAlex coauthorship between confirmed professors,0.084,1998,2020,P0905,P0914
AUTO002038,P0907,P0912,collaboration,13,,auto,OpenAlex coauthorship between confirmed professors,0.5,2025,2026,P0907,P0912
AUTO002039,P0907,P0914,collaboration,3,,auto,OpenAlex coauthorship between confirmed professors,0.177,2024,2025,P0907,P0914
AUTO002040,P0907,P0920,collaboration,16,,auto,OpenAlex coauthorship between confirmed professors,1.517,2009,2020,P0907,P0920
AUTO002041,P0907,P1002,collaboration,2,,auto,OpenAlex coauthorship between confirmed professors,0.057,2009,2010,P0907,P1002
AUTO002042,P0914,P1008,collaboration,15,,auto,OpenAlex coauthorship between confirmed professors,1.927,2019,2023,P0914,P1008
AUTO002047,P0920,P1002,collaboration,8,,auto,OpenAlex coauthorship between confirmed professors,0.223,2004,2019,P0920,P1002
AUTO002048,P0920,P1082,collaboration,2,,auto,OpenAlex coauthorship between confirmed professors,0.158,2008,2014,P0920,P1082
AUTO002061,P0927,P1080,collaboration,2,,auto,OpenAlex coauthorship between confirmed professors,0.099,2022,2022,P0927,P1080
AUTO002062,P0928,P0935,collaboration,2,,auto,OpenAlex coauthorship between confirmed professors,0.13,2011,2023,P0928,P0935
AUTO002065,P0932,P0936,collaboration,2,,auto,OpenAlex coauthorship between confirmed professors,0.311,2018,2019,P0932,P0936
AUTO002069,P0936,P1073,collaboration,2,,auto,OpenAlex coauthorship between confirmed professors,0.09,2018,2020,P0936,P1073
AUTO002077,P0961,P0962,collaboration,2,,auto,OpenAlex coauthorship between confirmed professors,0.348,2018,2023,P0961,P0962
AUTO002078,P0961,P0964,collaboration,2,,auto,OpenAlex coauthorship between confirmed professors,0.391,2016,2020,P0961,P0964
AUTO002080,P0962,P0969,collaboration,5,,auto,OpenAlex coauthorship between confirmed professors,0.637,2024,2026,P0962,P0969
AUTO002081,P0962,P0989,collaboration,2,,auto,OpenAlex coauthorship between confirmed professors,0.764,2023,2023,P0962,P0989
AUTO002088,P0968,P0969,collaboration,27,,auto,OpenAlex coauthorship between confirmed professors,3.043,2022,2026,P0968,P0969
AUTO002089,P0968,P0972,collaboration,2,,auto,OpenAlex coauthorship between confirmed professors,0.202,2025,2025,P0968,P0972
AUTO002090,P0968,P0996,collaboration,3,,auto,OpenAlex coauthorship between confirmed professors,0.214,2006,2025,P0968,P0996
AUTO002091,P0968,P1000,collaboration,4,,auto,OpenAlex coauthorship between confirmed professors,0.349,2014,2025,P0968,P1000
AUTO002092,P0968,P1038,collaboration,7,,auto,OpenAlex coauthorship between confirmed professors,0.391,2011,2013,P0968,P1038
AUTO002093,P0968,P1039,collaboration,2,,auto,OpenAlex coauthorship between confirmed professors,0.089,2011,2013,P0968,P1039
AUTO002098,P0969,P0972,collaboration,2,,auto,OpenAlex coauthorship between confirmed professors,0.202,2025,2025,P0969,P0972
AUTO002103,P0975,P0977,collaboration,5,,auto,OpenAlex coauthorship between confirmed professors,0.339,2012,2016,P0975,P0977
AUTO002104,P0975,P0995,collaboration,3,,auto,OpenAlex coauthorship between confirmed professors,0.123,2011,2013,P0975,P0995
AUTO002107,P0977,P0978,collaboration,15,,auto,OpenAlex coauthorship between confirmed professors,1.028,2014,2024,P0977,P0978
AUTO002108,P0977,P0981,collaboration,2,,auto,OpenAlex coauthorship between confirmed professors,0.12,2018,2021,P0977,P0981
AUTO002109,P0977,P0983,collaboration,40,,auto,OpenAlex coauthorship between confirmed professors,6.015,2016,2026,P0977,P0983
AUTO002110,P0977,P0995,collaboration,8,,auto,OpenAlex coauthorship between confirmed professors,0.586,2010,2018,P0977,P0995
AUTO002111,P0977,P1000,collaboration,2,,auto,OpenAlex coauthorship between confirmed professors,0.059,2011,2011,P0977,P1000
AUTO002117,P0978,P0983,collaboration,2,,auto,OpenAlex coauthorship between confirmed professors,0.213,2019,2026,P0978,P0983
AUTO002118,P0979,P0980,collaboration,3,,auto,OpenAlex coauthorship between confirmed professors,0.116,2007,2012,P0979,P0980
AUTO002119,P0980,P0982,collaboration,2,,auto,OpenAlex coauthorship between confirmed professors,0.473,2021,2022,P0980,P0982
AUTO002120,P0981,P0982,collaboration,4,,auto,OpenAlex coauthorship between confirmed professors,0.229,2006,2018,P0981,P0982
AUTO002123,P0982,P0983,collaboration,2,,auto,OpenAlex coauthorship between confirmed professors,0.25,2024,2025,P0982,P0983
AUTO002137,P0985,P0988,collaboration,13,,auto,OpenAlex coauthorship between confirmed professors,1.465,2019,2026,P0985,P0988
AUTO002138,P0985,P0990,collaboration,2,,auto,OpenAlex coauthorship between confirmed professors,0.274,2023,2025,P0985,P0990
AUTO002145,P0989,P0990,collaboration,2,,auto,OpenAlex coauthorship between confirmed professors,0.226,2023,2024,P0989,P0990
AUTO002146,P0989,P0998,collaboration,6,,auto,OpenAlex coauthorship between confirmed professors,0.985,2020,2026,P0989,P0998
AUTO002150,P0990,P1055,collaboration,10,,auto,OpenAlex coauthorship between confirmed professors,0.66,2017,2021,P0990,P1055
AUTO002151,P0991,P1111,collaboration,4,,auto,OpenAlex coauthorship between confirmed professors,0.997,2009,2018,P0991,P1111
AUTO002157,P0995,P0996,collaboration,3,,auto,OpenAlex coauthorship between confirmed professors,0.303,2023,2025,P0995,P0996
AUTO002158,P0995,P1000,collaboration,11,,auto,OpenAlex coauthorship between confirmed professors,0.918,2011,2025,P0995,P1000
AUTO002159,P0996,P1000,collaboration,74,,auto,OpenAlex coauthorship between confirmed professors,6.63,2008,2026,P0996,P1000
AUTO002160,P0996,P1069,collaboration,2,,auto,OpenAlex coauthorship between confirmed professors,0.137,2015,2023,P0996,P1069
AUTO002166,P0999,P1000,collaboration,17,,auto,OpenAlex coauthorship between confirmed professors,0.834,2010,2016,P0999,P1000
AUTO002178,P1000,P1069,collaboration,14,,auto,OpenAlex coauthorship between confirmed professors,0.765,2010,2023,P1000,P1069
AUTO002193,P1002,P1011,collaboration,4,,auto,OpenAlex coauthorship between confirmed professors,0.245,2021,2026,P1002,P1011
AUTO002194,P1002,P1013,collaboration,4,,auto,OpenAlex coauthorship between confirmed professors,0.119,2003,2021,P1002,P1013
AUTO002195,P1002,P1014,collaboration,7,,auto,OpenAlex coauthorship between confirmed professors,0.317,2009,2024,P1002,P1014
AUTO002234,P1014,P1020,collaboration,7,,auto,OpenAlex coauthorship between confirmed professors,0.074,1999,2004,P1014,P1020
AUTO002244,P1015,P1033,collaboration,14,,auto,OpenAlex coauthorship between confirmed professors,0.518,2007,2020,P1015,P1033
AUTO002272,P1031,P1032,collaboration,8,,auto,OpenAlex coauthorship between confirmed professors,0.81,2016,2025,P1031,P1032
AUTO002273,P1031,P1033,collaboration,4,,auto,OpenAlex coauthorship between confirmed professors,0.817,2024,2026,P1031,P1033
AUTO002274,P1031,P1034,collaboration,1,,auto,OpenAlex coauthorship between confirmed professors,0.5,2026,2026,P1031,P1034
AUTO002277,P1038,P1039,collaboration,32,,auto,OpenAlex coauthorship between confirmed professors,8.348,2010,2026,P1038,P1039
AUTO002279,P1041,P1042,collaboration,5,,auto,OpenAlex coauthorship between confirmed professors,0.758,2023,2026,P1041,P1042
AUTO002299,P1062,P1064,collaboration,2,,auto,OpenAlex coauthorship between confirmed professors,0.167,2014,2016,P1062,P1064
AUTO002300,P1064,P1065,collaboration,2,,auto,OpenAlex coauthorship between confirmed professors,0.178,2018,2019,P1064,P1065
AUTO002303,P1067,P1110,collaboration,5,,auto,OpenAlex coauthorship between confirmed professors,1.177,2025,2026,P1067,P1110
AUTO002309,P1075,P1102,collaboration,5,,auto,OpenAlex coauthorship between confirmed professors,0.431,2022,2025,P1075,P1102
AUTO002321,P1087,P1089,collaboration,1,,auto,OpenAlex coauthorship between confirmed professors,0.5,2026,2026,P1087,P1089
LIN000001,P0212,P0207,postdoc_mentor,20,https://doi.org/10.1021/ol103104y,auto,inferred from 20 first-author papers (2011-2016) with A as last author,,,,P0212,P0207
LIN000004,P0013,P0020,advisor_student,14,https://doi.org/10.1182/blood.v120.21.5042.5042,auto,inferred from 14 first-author papers (2012-2015) with A as last author,,,,P0013,P0020
LIN000005,P0587,P0636,postdoc_mentor,12,https://doi.org/10.21053/ceo.2021.00073,auto,inferred from 12 first-author papers (2021-2026) with A as last author,,,,P0587,P0636
LIN000006,P0097,P0972,advisor_student,11,https://doi.org/10.1007/s12272-012-0912-2,auto,inferred from 11 first-author papers (2012-2017) with A as last author,,,,P0097,P0972
LIN000007,P0746,P1019,advisor_student,11,https://doi.org/10.1038/nmat1251,auto,inferred from 11 first-author papers (2004-2007) with A as last author,,,,P0746,P1019
LIN000008,P0194,P0181,advisor_student,10,https://doi.org/10.1007/s12374-016-0552-z,auto,inferred from 10 first-author papers (2017-2022) with A as last author,,,,P0194,P0181
LIN000014,P0038,P0716,advisor_student,8,https://doi.org/10.1021/ja110349a,auto,inferred from 8 first-author papers (2011-2015) with A as last author,,,,P0038,P0716
LIN000015,P0691,P0035,advisor_student,8,https://doi.org/10.1002/anie.201102634,auto,inferred from 8 first-author papers (2011-2015) with A as last author,,,,P0691,P0035
LIN000017,P0212,P0207,advisor_student,8,https://doi.org/10.1002/anie.200903479,auto,inferred from 8 first-author papers (2009-2010) with A as last author,,,,P0212,P0207
LIN000018,P0379,P0416,advisor_student,8,,auto,inferred from 8 first-author papers (2014-2019) with A as last author,,,,P0379,P0416
LIN000023,P0791,P1015,advisor_student,7,https://doi.org/10.1111/j.1460-9568.2009.07004.x,auto,inferred from 7 first-author papers (2009-2013) with A as last author,,,,P0791,P1015
LIN000027,P0700,P0295,advisor_student,6,https://doi.org/10.1021/jo401974g,auto,inferred from 6 first-author papers (2013-2016) with A as last author,,,,P0700,P0295
LIN000033,P0774,P1024,advisor_student,5,https://doi.org/10.1016/j.bpj.2011.11.3649,auto,inferred from 5 first-author papers (2012-2016) with A as last author,,,,P0774,P1024
LIN000035,P0281,P1091,postdoc_mentor,5,https://doi.org/10.5851/kosfa.2020.e96,auto,inferred from 5 first-author papers (2020-2023) with A as last author,,,,P0281,P1091
LIN000043,P0007,P0246,advisor_student,4,https://doi.org/10.7841/ksbbj.2012.27.5.273,auto,inferred from 4 first-author papers (2012-2017) with A as last author,,,,P0007,P0246
LIN000045,P0440,P0376,advisor_student,4,,auto,inferred from 4 first-author papers (2006-2011) with A as last author,,,,P0440,P0376
LIN000046,P0550,P0558,advisor_student,4,https://doi.org/10.5187/jast.2023.e116,auto,inferred from 4 first-author papers (2023-2024) with A as last author,,,,P0550,P0558
LIN000050,P0185,P0184,advisor_student,4,https://doi.org/10.1021/jf903939y,auto,inferred from 4 first-author papers (2010-2011) with A as last author,,,,P0185,P0184
LIN000052,P0205,P1054,postdoc_mentor,4,https://doi.org/10.1017/s0266462317000150,auto,inferred from 4 first-author papers (2017-2021) with A as last author,,,,P0205,P1054
LIN000057,P0691,P0091,advisor_student,3,https://doi.org/10.1002/anie.202210317,auto,inferred from 3 first-author papers (2022-2023) with A as last author,,,,P0691,P0091
LIN000058,P0095,P0963,postdoc_mentor,3,https://doi.org/10.21203/rs.3.rs-1092054/v1,auto,inferred from 3 first-author papers (2021-2024) with A as last author,,,,P0095,P0963
LIN000059,P0602,P0642,advisor_student,3,https://doi.org/10.3340/jkns.2018.0045,auto,inferred from 3 first-author papers (2018-2023) with A as last author,,,,P0602,P0642
LIN000062,P0590,P0644,advisor_student,3,https://doi.org/10.5021/ad.2018.30.3.382,auto,inferred from 3 first-author papers (2018-2022) with A as last author,,,,P0590,P0644
LIN000068,P0532,P0535,advisor_student,3,https://doi.org/10.5853/kjs.2012.14.1.12,auto,inferred from 3 first-author papers (2012-2016) with A as last author,,,,P0532,P0535
LIN000069,P0597,P0620,advisor_student,3,https://doi.org/10.3904/kjim.2017.050,auto,inferred from 3 first-author papers (2017-2020) with A as last author,,,,P0597,P0620
LIN000073,P0542,P0547,advisor_student,3,,auto,inferred from 3 first-author papers (2011-2014) with A as last author,,,,P0542,P0547
