professor_id,kind,rank,term,term_en,score
P1069,keyword,1,multimarker panels,multimarker panels,20.186
P1069,keyword,2,pancreatic ductal adenocarcinoma,pancreatic ductal adenocarcinoma,15.887
P1069,keyword,3,multiple reaction monitoring,multiple reaction monitoring,13.273
P1069,keyword,4,pancreatic cancer,pancreatic cancer,12.333
P1069,keyword,5,"Biomarkers, Tumor","Biomarkers, Tumor",12.292
P1069,keyword,6,Bipolar Disorder,Bipolar Disorder,10.692
P1069,keyword,7,protein biomarkers,protein biomarkers,10.499
P1069,keyword,8,Biomarker,Biomarker,10.371
P1069,keyword,9,"Depressive Disorder, Major","Depressive Disorder, Major",10.176
P1069,keyword,10,Proteome,Proteome,9.891
P1069,keyword,11,Major Depressive Disorder,Major Depressive Disorder,9.137
P1069,keyword,12,"Carcinoma, Hepatocellular","Carcinoma, Hepatocellular",8.766
P1069,technique,1,단백체,Proteomics,35.282
P1069,technique,2,질량분석,Mass Spectrometry,21.832
P1069,technique,3,생물정보·계산생물,Bioinformatics,5.778
P1069,technique,4,머신러닝·AI,Machine Learning / AI,3.04
P1069,technique,5,면역조직화학,Immunohistochemistry,2.256
P1069,technique,6,유전자변형 마우스,Genetically Modified Mice,1.281
P1069,technique,7,웨스턴블롯,Western Blot,1.053
P1069,technique,8,X선 결정학·구조분석,X-ray Crystallography,0.806
P0659,keyword,1,Physical activity,Physical activity,9.232
P0659,keyword,2,"Receptors, Mineralocorticoid","Receptors, Mineralocorticoid",6.618
P0659,keyword,3,post-exercise hypotension,post-exercise hypotension,6.49
P0659,keyword,4,Walking Speed,Walking Speed,6.135
P0659,keyword,5,Mineralocorticoid receptor,Mineralocorticoid receptor,6.028
P0659,keyword,6,retinal blood flow,retinal blood flow,5.919
P0659,keyword,7,computer vision syndrome,computer vision syndrome,5.771
P0659,keyword,8,physical function,physical function,5.572
P0659,keyword,9,eye health,eye health,5.519
P0659,keyword,10,balance,balance,5.511
P0659,keyword,11,Cardiorespiratory Fitness,Cardiorespiratory Fitness,5.466
P0659,keyword,12,exercise training response,exercise training response,5.381
P0659,technique,1,GWAS·유전역학,GWAS / Genetic Epidemiology,1.132
P0659,technique,2,유전자변형 마우스,Genetically Modified Mice,0.375
P0495,keyword,1,Trinitrobenzenesulfonic Acid,Trinitrobenzenesulfonic Acid,17.104
P0495,keyword,2,TNBS-induced colitis,TNBS-induced colitis,14.826
P0495,keyword,3,Colitis,Colitis,10.794
P0495,keyword,4,colon,colon,7.385
P0495,keyword,5,kimchi,kimchi,6.335
P0495,keyword,6,Probiotics,Probiotics,6.312
P0495,keyword,7,lactic acid bacteria,lactic acid bacteria,6.232
P0495,keyword,8,Lactobacillus plantarum,Lactobacillus plantarum,5.832
P0495,keyword,9,"Macrophages, Peritoneal","Macrophages, Peritoneal",5.518
P0495,keyword,10,Gardnerella vaginalis,Gardnerella vaginalis,5.357
P0495,keyword,11,tight junction proteins,tight junction proteins,5.328
P0495,keyword,12,NF-kappa B,NF-kappa B,5.287
P0495,technique,1,RNA 치료제·siRNA,RNA Therapeutics,0.277
P1030,keyword,1,Neurogranin,Neurogranin,6.529
P1030,keyword,2,Long-Term Potentiation,Long-Term Potentiation,5.516
P1030,keyword,3,gintonin,gintonin,5.382
P1030,keyword,4,Synapses,Synapses,4.238
P1030,keyword,5,Neuronal Plasticity,Neuronal Plasticity,4.21
P1030,keyword,6,synaptic plasticity,synaptic plasticity,3.587
P1030,keyword,7,cyclins,cyclins,3.507
P1030,keyword,8,N-Acetylglucosaminyltransferases,N-Acetylglucosaminyltransferases,3.317
P1030,keyword,9,Hippocampus,Hippocampus,3.036
P1030,keyword,10,Lysophosphatidic acid,Lysophosphatidic acid,2.92
P1030,keyword,11,Acetylglucosamine,Acetylglucosamine,2.854
P1030,keyword,12,beta-N-Acetylhexosaminidases,beta-N-Acetylhexosaminidases,2.788
P1030,technique,1,전기생리,Electrophysiology,1.494
P1030,technique,2,유전자변형 마우스,Genetically Modified Mice,1.001
P1030,technique,3,생물정보·계산생물,Bioinformatics,0.507
P0414,keyword,1,Breast Neoplasms,Breast Neoplasms,15.66
P0414,keyword,2,breast cancer,breast cancer,11.535
P0414,keyword,3,T47D cells,T47D cells,11.347
P0414,keyword,4,endocrine therapy resistance,endocrine therapy resistance,8.737
P0414,keyword,5,autocrine factors,autocrine factors,7.973
P0414,keyword,6,ovarian suppression,ovarian suppression,7.73
P0414,keyword,7,hormone receptor-positive breast cancer,hormone receptor-positive breast cancer,7.496
P0414,keyword,8,"Mastectomy, Segmental","Mastectomy, Segmental",7.037
P0414,keyword,9,Tamoxifen,Tamoxifen,6.609
P0414,keyword,10,estrogen response,estrogen response,6.6
P0414,keyword,11,Breast-conserving surgery,Breast-conserving surgery,5.691
P0414,keyword,12,Mastectomy,Mastectomy,4.887
P0414,technique,1,MRI·PET 영상,MRI / PET Imaging,2.76
P0414,technique,2,차세대 시퀀싱(NGS),Next-generation Sequencing,1.151
P0414,technique,3,엑소좀·세포외소포,Exosomes / EVs,1.083
P0414,technique,4,면역조직화학,Immunohistochemistry,0.886
P0414,technique,5,임상시험,Clinical Trials,0.493
P0414,technique,6,생물정보·계산생물,Bioinformatics,0.41
P0201,keyword,1,type 2 diabetes,type 2 diabetes,40.732
P0201,keyword,2,"Diabetes Mellitus, Type 2","Diabetes Mellitus, Type 2",40.272
P0201,keyword,3,Lipectomy,Lipectomy,23.072
P0201,keyword,4,Diabetes Mellitus,Diabetes Mellitus,22.366
P0201,keyword,5,enavogliflozin,enavogliflozin,20.666
P0201,keyword,6,glycemic control,glycemic control,20.163
P0201,keyword,7,Hypoglycemic Agents,Hypoglycemic Agents,17.267
P0201,keyword,8,Obesity,Obesity,15.971
P0201,keyword,9,Sodium-Glucose Transporter 2 Inhibitors,Sodium-Glucose Transporter 2 Inhibitors,15.356
P0201,keyword,10,electronic health records,electronic health records,15.23
P0201,keyword,11,prevalence trends,prevalence trends,14.653
P0201,keyword,12,SGLT2 inhibitors,SGLT2 inhibitors,14.372
P0201,technique,1,머신러닝·AI,Machine Learning / AI,16.912
P0201,technique,2,임상시험,Clinical Trials,4.318
P0201,technique,3,대사체·지질체,Metabolomics / Lipidomics,2.117
P0201,technique,4,GWAS·유전역학,GWAS / Genetic Epidemiology,1.896
P0201,technique,5,RNA 치료제·siRNA,RNA Therapeutics,0.659
P0201,technique,6,생물정보·계산생물,Bioinformatics,0.577
P0201,technique,7,항체 개발,Antibody Engineering,0.261
P0218,keyword,1,prescribing patterns,prescribing patterns,4.815
P0218,keyword,2,Community pharmacy,Community pharmacy,4.292
P0218,keyword,3,prescription review,prescription review,3.955
P0218,keyword,4,drug-related problems,drug-related problems,3.72
P0218,keyword,5,antihypertensive drugs,antihypertensive drugs,3.562
P0218,keyword,6,prescribing errors,prescribing errors,3.534
P0218,keyword,7,pharmaceutical care,pharmaceutical care,3.434
P0218,keyword,8,pharmacist intervention,pharmacist intervention,3.304
P0218,keyword,9,inappropriate drug selection,inappropriate drug selection,3.285
P0218,keyword,10,fixed-dose combination,fixed-dose combination,3.121
P0218,keyword,11,antidiabetic drug utilization,antidiabetic drug utilization,2.888
P0218,keyword,12,Pharmacies,Pharmacies,2.84
P0914,keyword,1,tumor surveillance,tumor surveillance,49.121
P0914,keyword,2,Lymphocytic choriomeningitis virus,Lymphocytic choriomeningitis virus,38.726
P0914,keyword,3,type I interferon,type I interferon,33.138
P0914,keyword,4,chronic viral infection,chronic viral infection,26.613
P0914,keyword,5,natural killer cells,natural killer cells,22.389
P0914,keyword,6,Lymphocytic choriomeningitis,Lymphocytic choriomeningitis,19.539
P0914,keyword,7,regulatory T cells,regulatory T cells,19.468
P0914,keyword,8,tumor-infiltrating Treg cells,tumor-infiltrating Treg cells,18.352
P0914,keyword,9,tumor microenvironment,tumor microenvironment,17.601
P0914,keyword,10,PD-1,PD-1,14.268
P0914,keyword,11,CTLA-4,CTLA-4,13.499
P0914,keyword,12,CD8-Positive T-Lymphocytes,CD8-Positive T-Lymphocytes,12.866
P0914,technique,1,단일세포 분석,Single-cell Analysis,7.185
P0914,technique,2,유전자변형 마우스,Genetically Modified Mice,5.3
P0914,technique,3,후성유전 분석,Epigenomics (ChIP/ATAC-seq),5.059
P0914,technique,4,나노입자·약물전달,Nanoparticles / Drug Delivery,3.499
P0914,technique,5,종양 이종이식 모델,Xenograft Models,1.802
P0914,technique,6,유세포분석,Flow Cytometry,1.216
P0914,technique,7,CRISPR 유전자편집,CRISPR Gene Editing,1.21
P0914,technique,8,임상시험,Clinical Trials,0.835
P0384,keyword,1,capsule endoscopy,capsule endoscopy,15.982
P0384,keyword,2,Helicobacter pylori,Helicobacter pylori,14.861
P0384,keyword,3,Helicobacter Infections,Helicobacter Infections,13.388
P0384,keyword,4,antithrombotic agents,antithrombotic agents,10.771
P0384,keyword,5,small bowel bleeding,small bowel bleeding,9.422
P0384,keyword,6,Palatine Tonsil,Palatine Tonsil,7.924
P0384,keyword,7,antiplatelet agents,antiplatelet agents,7.538
P0384,keyword,8,Colonoscopy,Colonoscopy,7.353
P0384,keyword,9,gastrointestinal endoscopy,gastrointestinal endoscopy,7.288
P0384,keyword,10,Gastroenterology,Gastroenterology,7.065
P0384,keyword,11,Anticoagulants,Anticoagulants,6.939
P0384,keyword,12,bleeding risk,bleeding risk,6.277
P0384,technique,1,줄기세포·iPSC,Stem Cells / iPSC,3.836
P0384,technique,2,전자현미경,Electron Microscopy,3.091
P0384,technique,3,임상시험,Clinical Trials,2.108
P0384,technique,4,MRI·PET 영상,MRI / PET Imaging,1.566
P0384,technique,5,엑소좀·세포외소포,Exosomes / EVs,0.811
P0384,technique,6,면역조직화학,Immunohistochemistry,0.546
P0210,keyword,1,Forkhead Box Protein L2,Forkhead Box Protein L2,16.277
P0210,keyword,2,DNA End-Joining Repair,DNA End-Joining Repair,10.028
P0210,keyword,3,Ku Autoantigen,Ku Autoantigen,9.147
P0210,keyword,4,Forkhead Transcription Factors,Forkhead Transcription Factors,8.368
P0210,keyword,5,bcl-2 Homologous Antagonist-Killer Protein,bcl-2 Homologous Antagonist-Killer Protein,7.574
P0210,keyword,6,Granulosa Cells,Granulosa Cells,7.079
P0210,keyword,7,Vibrio Infections,Vibrio Infections,6.575
P0210,keyword,8,Mcl-1,Mcl-1,6.379
P0210,keyword,9,Simazine,Simazine,6.228
P0210,keyword,10,Bak,Bak,6.11
P0210,keyword,11,"DNA Breaks, Double-Stranded","DNA Breaks, Double-Stranded",6.047
P0210,keyword,12,Relaxin,Relaxin,5.961
P0210,technique,1,나노입자·약물전달,Nanoparticles / Drug Delivery,3.578
P0210,technique,2,RNA 치료제·siRNA,RNA Therapeutics,1.183
P0210,technique,3,형광·공초점 이미징,Fluorescence / Confocal Imaging,1.101
P0210,technique,4,RNA-seq·전사체,RNA-seq / Transcriptomics,1.064
P0210,technique,5,웨스턴블롯,Western Blot,0.929
P0210,technique,6,대사체·지질체,Metabolomics / Lipidomics,0.844
P0210,technique,7,종양 이종이식 모델,Xenograft Models,0.755
P0210,technique,8,후성유전 분석,Epigenomics (ChIP/ATAC-seq),0.573
P0087,keyword,1,environmental barrier coatings,environmental barrier coatings,21.331
P0087,keyword,2,Spark plasma sintering,Spark plasma sintering,8.098
P0087,keyword,3,gas turbine components,gas turbine components,7.834
P0087,keyword,4,high-temperature oxidation,high-temperature oxidation,5.66
P0087,keyword,5,High-temperature corrosion,High-temperature corrosion,5.288
P0087,keyword,6,expected improvement,expected improvement,5.213
P0087,keyword,7,greedy search,greedy search,5.161
P0087,keyword,8,heat treatment optimization,heat treatment optimization,5.135
P0087,keyword,9,upper confidence bound,upper confidence bound,4.978
P0087,keyword,10,total elongation,total elongation,4.826
P0087,keyword,11,medium-Mn steel,medium-Mn steel,4.638
P0087,keyword,12,nickel oxide catalyst,nickel oxide catalyst,4.55
P0087,technique,1,나노입자·약물전달,Nanoparticles / Drug Delivery,1.134
P0087,technique,2,머신러닝·AI,Machine Learning / AI,0.905
P0104,keyword,1,IL-10 receptor blockade,IL-10 receptor blockade,6.091
P0104,keyword,2,memory T cells,memory T cells,5.932
P0104,keyword,3,belzutifan,belzutifan,5.303
P0104,keyword,4,asthma relapse,asthma relapse,4.967
P0104,keyword,5,T cell homing,T cell homing,4.835
P0104,keyword,6,EPAS1,EPAS1,4.799
P0104,keyword,7,T cell homeostasis,T cell homeostasis,4.604
P0104,keyword,8,CD8+ T cells,CD8+ T cells,4.532
P0104,keyword,9,IL-33,IL-33,4.5
P0104,keyword,10,Immunologic Memory,Immunologic Memory,4.173
P0104,keyword,11,viral infection of tumor cells,viral infection of tumor cells,4.163
P0104,keyword,12,Lymphocytic choriomeningitis virus,Lymphocytic choriomeningitis virus,4.009
P0104,technique,1,나노입자·약물전달,Nanoparticles / Drug Delivery,1.369
P0104,technique,2,분자도킹·시뮬레이션,Molecular Docking / Dynamics,0.985
P0104,technique,3,유전자변형 마우스,Genetically Modified Mice,0.965
P0104,technique,4,X선 결정학·구조분석,X-ray Crystallography,0.707
P0104,technique,5,ELISA,ELISA,0.251
P0104,technique,6,유세포분석,Flow Cytometry,0.123
P0104,technique,7,생물정보·계산생물,Bioinformatics,0.049
P0347,keyword,1,Bacteremia,Bacteremia,10.481
P0347,keyword,2,Acinetobacter baumannii,Acinetobacter baumannii,8.341
P0347,keyword,3,multidrug-resistant organisms,multidrug-resistant organisms,7.015
P0347,keyword,4,unsafe injection practices,unsafe injection practices,6.631
P0347,keyword,5,aseptic technique,aseptic technique,5.78
P0347,keyword,6,Nontuberculous Mycobacteria,Nontuberculous Mycobacteria,5.578
P0347,keyword,7,Acinetobacter Infections,Acinetobacter Infections,5.452
P0347,keyword,8,"Tuberculosis, Spinal","Tuberculosis, Spinal",5.022
P0347,keyword,9,safe injection practices,safe injection practices,4.823
P0347,keyword,10,syringe reuse,syringe reuse,4.726
P0347,keyword,11,nosocomial infections,nosocomial infections,4.68
P0347,keyword,12,Anti-Bacterial Agents,Anti-Bacterial Agents,4.331
P0347,technique,1,qPCR,Real-time PCR,0.538
P0552,keyword,1,growth performance,growth performance,27.518
P0552,keyword,2,weaned piglets,weaned piglets,25.305
P0552,keyword,3,nutrient digestibility,nutrient digestibility,24.262
P0552,keyword,4,pork belly,pork belly,17.126
P0552,keyword,5,muscle-to-fat ratio,muscle-to-fat ratio,16.356
P0552,keyword,6,fecal microbiota,fecal microbiota,13.455
P0552,keyword,7,gut health,gut health,12.284
P0552,keyword,8,Feces,Feces,12.146
P0552,keyword,9,gut microbiota,gut microbiota,11.698
P0552,keyword,10,pork quality,pork quality,11.039
P0552,keyword,11,pork cuts,pork cuts,10.691
P0552,keyword,12,Lactobacillus,Lactobacillus,10.077
P0552,technique,1,MRI·PET 영상,MRI / PET Imaging,2.251
P0552,technique,2,차세대 시퀀싱(NGS),Next-generation Sequencing,1.842
P0552,technique,3,생물정보·계산생물,Bioinformatics,0.742
P0552,technique,4,임상시험,Clinical Trials,0.388
P0552,technique,5,나노입자·약물전달,Nanoparticles / Drug Delivery,0.223
P0590,keyword,1,Alopecia,Alopecia,34.107
P0590,keyword,2,Hair Follicle,Hair Follicle,15.38
P0590,keyword,3,Hair,Hair,14.621
P0590,keyword,4,androgenetic alopecia,androgenetic alopecia,11.764
P0590,keyword,5,Terahertz time-domain spectroscopy,Terahertz time-domain spectroscopy,10.704
P0590,keyword,6,ferrimagnets,ferrimagnets,10.382
P0590,keyword,7,Hair loss,Hair loss,10.37
P0590,keyword,8,antiferromagnetic spin waves,antiferromagnetic spin waves,10.359
P0590,keyword,9,prostaglandin D synthase,prostaglandin D synthase,9.79
P0590,keyword,10,data center networks,data center networks,9.75
P0590,keyword,11,female pattern hair loss,female pattern hair loss,9.732
P0590,keyword,12,HOXB13,HOXB13,9.286
P0590,technique,1,엑소좀·세포외소포,Exosomes / EVs,3.051
P0590,technique,2,RNA-seq·전사체,RNA-seq / Transcriptomics,2.981
P0590,technique,3,임상시험,Clinical Trials,2.293
P0590,technique,4,차세대 시퀀싱(NGS),Next-generation Sequencing,2.022
P0590,technique,5,면역조직화학,Immunohistochemistry,0.777
P0590,technique,6,머신러닝·AI,Machine Learning / AI,0.57
P0590,technique,7,줄기세포·iPSC,Stem Cells / iPSC,0.355
P0590,technique,8,X선 결정학·구조분석,X-ray Crystallography,0.238
P0699,keyword,1,tau acetylation,tau acetylation,14.785
P0699,keyword,2,Alzheimer Disease,Alzheimer Disease,11.401
P0699,keyword,3,Microglia,Microglia,9.411
P0699,keyword,4,Alzheimer's disease,Alzheimer's disease,8.482
P0699,keyword,5,tau Proteins,tau Proteins,8.457
P0699,keyword,6,"Brain Injuries, Traumatic","Brain Injuries, Traumatic",8.309
P0699,keyword,7,Hydroxyprostaglandin Dehydrogenases,Hydroxyprostaglandin Dehydrogenases,7.716
P0699,keyword,8,tauopathy,tauopathy,7.487
P0699,keyword,9,G(M3) Ganglioside,G(M3) Ganglioside,7.417
P0699,keyword,10,neuroprotection,neuroprotection,7.275
P0699,keyword,11,Tauopathies,Tauopathies,7.112
P0699,keyword,12,Neurodegeneration,Neurodegeneration,6.698
P0699,technique,1,유전자변형 마우스,Genetically Modified Mice,5.207
P0699,technique,2,생물정보·계산생물,Bioinformatics,0.049
P0895,keyword,1,thermomorphogenesis,thermomorphogenesis,15.877
P0895,keyword,2,Al-Zn-Mg-Cu alloy,Al-Zn-Mg-Cu alloy,13.187
P0895,keyword,3,high ambient temperature,high ambient temperature,11.065
P0895,keyword,4,GP zones,GP zones,10.189
P0895,keyword,5,precipitation behavior,precipitation behavior,10.059
P0895,keyword,6,solution treatment,solution treatment,8.796
P0895,keyword,7,NRT1.1,NRT1.1,8.724
P0895,keyword,8,HY5,HY5,7.997
P0895,keyword,9,strain hardening,strain hardening,7.937
P0895,keyword,10,root growth,root growth,7.582
P0895,keyword,11,"Gene Expression Regulation, Plant","Gene Expression Regulation, Plant",7.392
P0895,keyword,12,Precipitation hardening,Precipitation hardening,7.361
P0895,technique,1,애기장대·식물 모델,Arabidopsis,18.82
P0895,technique,2,X선 결정학·구조분석,X-ray Crystallography,1.276
P0895,technique,3,전자현미경,Electron Microscopy,0.19
P0895,technique,4,생물정보·계산생물,Bioinformatics,0.042
P0936,keyword,1,"Gene Expression Regulation, Plant","Gene Expression Regulation, Plant",12.773
P0936,keyword,2,"Plants, Genetically Modified","Plants, Genetically Modified",9.932
P0936,keyword,3,Plastocyanin,Plastocyanin,9.512
P0936,keyword,4,Nuclear Speckles,Nuclear Speckles,9.358
P0936,keyword,5,spliceosome,spliceosome,7.57
P0936,keyword,6,RNA Splicing,RNA Splicing,7.459
P0936,keyword,7,Bryopsida,Bryopsida,5.905
P0936,keyword,8,RNA Precursors,RNA Precursors,5.758
P0936,keyword,9,"Stress, Physiological","Stress, Physiological",5.559
P0936,keyword,10,Salt Tolerance,Salt Tolerance,5.432
P0936,keyword,11,heat stress response,heat stress response,5.266
P0936,keyword,12,intron retention,intron retention,5.065
P0936,technique,1,애기장대·식물 모델,Arabidopsis,22.524
P0936,technique,2,CRISPR 유전자편집,CRISPR Gene Editing,4.055
P0936,technique,3,RNA-seq·전사체,RNA-seq / Transcriptomics,1.058
P0936,technique,4,생물정보·계산생물,Bioinformatics,0.272
P0855,keyword,1,RhoA,RhoA,35.171
P0855,keyword,2,GLUT3,GLUT3,34.497
P0855,keyword,3,Anaerobic glycolysis,Anaerobic glycolysis,21.166
P0855,keyword,4,XAF1,XAF1,17.759
P0855,keyword,5,TNFα-induced apoptosis,TNFα-induced apoptosis,15.639
P0855,keyword,6,Cancer research,Cancer research,15.517
P0855,keyword,7,Carcinogenesis,Carcinogenesis,14.182
P0855,keyword,8,RASSF1A,RASSF1A,11.769
P0855,keyword,9,apoptosis,apoptosis,11.385
P0855,keyword,10,Epigenetics,Epigenetics,10.868
P0855,keyword,11,Smurf1,Smurf1,10.093
P0855,keyword,12,colorectal cancer,colorectal cancer,9.2
P0855,technique,1,종양 이종이식 모델,Xenograft Models,4.497
P0855,technique,2,RNA 치료제·siRNA,RNA Therapeutics,2.067
P0855,technique,3,나노입자·약물전달,Nanoparticles / Drug Delivery,1.041
P0855,technique,4,면역조직화학,Immunohistochemistry,0.757
P0855,technique,5,웨스턴블롯,Western Blot,0.745
P0855,technique,6,항체 개발,Antibody Engineering,0.53
P0855,technique,7,후성유전 분석,Epigenomics (ChIP/ATAC-seq),0.486
P0855,technique,8,형광·공초점 이미징,Fluorescence / Confocal Imaging,0.452
P0776,keyword,1,ethylene signaling,ethylene signaling,15.967
P0776,keyword,2,abscission zone,abscission zone,13.823
P0776,keyword,3,cuticular wax,cuticular wax,13.272
P0776,keyword,4,"Gene Expression Regulation, Plant","Gene Expression Regulation, Plant",11.928
P0776,keyword,5,Plant Epidermis,Plant Epidermis,11.769
P0776,keyword,6,duckweed,duckweed,11.518
P0776,keyword,7,cytokinin signaling,cytokinin signaling,11.505
P0776,keyword,8,organ abscission,organ abscission,11.418
P0776,keyword,9,Plant Root Cap,Plant Root Cap,11.004
P0776,keyword,10,petal abscission,petal abscission,10.712
P0776,keyword,11,Prunus sargentii,Prunus sargentii,10.694
P0776,keyword,12,Spirodela polyrhiza,Spirodela polyrhiza,10.417
P0776,technique,1,애기장대·식물 모델,Arabidopsis,34.887
P0776,technique,2,RNA-seq·전사체,RNA-seq / Transcriptomics,0.67
P0776,technique,3,형광·공초점 이미징,Fluorescence / Confocal Imaging,0.398
P0776,technique,4,생물정보·계산생물,Bioinformatics,0.338
P0776,technique,5,전기생리,Electrophysiology,0.307
P0687,keyword,1,collagenase inhibition,collagenase inhibition,36.262
P0687,keyword,2,elastase inhibition,elastase inhibition,33.666
P0687,keyword,3,hyaluronidase inhibition,hyaluronidase inhibition,30.972
P0687,keyword,4,antioxidant activity,antioxidant activity,19.166
P0687,keyword,5,TBARS,TBARS,17.592
P0687,keyword,6,phenolic compounds,phenolic compounds,15.854
P0687,keyword,7,ABTS,ABTS,15.482
P0687,keyword,8,Ethanol,Ethanol,14.597
P0687,keyword,9,Food science,Food science,13.261
P0687,keyword,10,tyrosinase inhibition,tyrosinase inhibition,13.212
P0687,keyword,11,tyrosinase,tyrosinase,13.034
P0687,keyword,12,skin lightening,skin lightening,12.433
P0687,technique,1,하이드로젤·스캐폴드,Hydrogels / Scaffolds,2.478
P0587,keyword,1,chronic rhinosinusitis,chronic rhinosinusitis,32.617
P0587,keyword,2,Nasal Polyps,Nasal Polyps,32.411
P0587,keyword,3,chronic rhinosinusitis with nasal polyps,chronic rhinosinusitis with nasal polyps,30.804
P0587,keyword,4,"Rhinitis, Allergic","Rhinitis, Allergic",24.381
P0587,keyword,5,Sinusitis,Sinusitis,23.121
P0587,keyword,6,allergic rhinitis,allergic rhinitis,21.62
P0587,keyword,7,Endoscopic sinus surgery,Endoscopic sinus surgery,20.569
P0587,keyword,8,Rhinitis,Rhinitis,18.811
P0587,keyword,9,Nasal Mucosa,Nasal Mucosa,15.532
P0587,keyword,10,Nasal Obstruction,Nasal Obstruction,14.788
P0587,keyword,11,SNOT-22,SNOT-22,12.534
P0587,keyword,12,Lund-Mackay score,Lund-Mackay score,11.252
P0587,technique,1,줄기세포·iPSC,Stem Cells / iPSC,2.952
P0587,technique,2,면역조직화학,Immunohistochemistry,2.357
P0587,technique,3,웨스턴블롯,Western Blot,1.496
P0587,technique,4,유세포분석,Flow Cytometry,1.031
P0587,technique,5,항체 개발,Antibody Engineering,0.817
P0587,technique,6,유전자변형 마우스,Genetically Modified Mice,0.594
P0587,technique,7,전기생리,Electrophysiology,0.357
P0587,technique,8,임상시험,Clinical Trials,0.315
P0030,keyword,1,"Diabetes Mellitus, Type 2","Diabetes Mellitus, Type 2",38.319
P0030,keyword,2,type 2 diabetes,type 2 diabetes,34.962
P0030,keyword,3,lipid variability,lipid variability,19.937
P0030,keyword,4,Blood Glucose,Blood Glucose,18.467
P0030,keyword,5,Cardiovascular Diseases,Cardiovascular Diseases,17.902
P0030,keyword,6,Diabetes Mellitus,Diabetes Mellitus,17.657
P0030,keyword,7,reproductive period,reproductive period,16.132
P0030,keyword,8,Suicide,Suicide,16.122
P0030,keyword,9,Vascular dementia,Vascular dementia,15.147
P0030,keyword,10,endogenous estrogen,endogenous estrogen,14.78
P0030,keyword,11,Insulin Resistance,Insulin Resistance,14.764
P0030,keyword,12,dementia risk,dementia risk,14.143
P0030,technique,1,엑소좀·세포외소포,Exosomes / EVs,8.757
P0030,technique,2,CAR-T·입양세포치료,CAR-T / Adoptive Cell Therapy,3.838
P0030,technique,3,항체 개발,Antibody Engineering,2.261
P0030,technique,4,임상시험,Clinical Trials,2.217
P0030,technique,5,유전자변형 마우스,Genetically Modified Mice,1.88
P0030,technique,6,종양 이종이식 모델,Xenograft Models,1.591
P0030,technique,7,차세대 시퀀싱(NGS),Next-generation Sequencing,1.294
P0030,technique,8,qPCR,Real-time PCR,1.042
P0679,keyword,1,Henipavirus,Henipavirus,9.966
P0679,keyword,2,Henipavirus Infections,Henipavirus Infections,9.358
P0679,keyword,3,NLRC5,NLRC5,8.43
P0679,keyword,4,viral immune evasion,viral immune evasion,7.35
P0679,keyword,5,Severe Dengue,Severe Dengue,7.103
P0679,keyword,6,henipaviruses,henipaviruses,6.815
P0679,keyword,7,Hendra Virus,Hendra Virus,6.644
P0679,keyword,8,immune evasion,immune evasion,6.126
P0679,keyword,9,Viral Zoonoses,Viral Zoonoses,5.952
P0679,keyword,10,"Immunity, Innate","Immunity, Innate",5.762
P0679,keyword,11,Nipah virus,Nipah virus,5.729
P0679,keyword,12,Sarcoplasmic Reticulum Calcium-Transporting ATPases,Sarcoplasmic Reticulum Calcium-Transporting ATPases,5.69
P0679,technique,1,유전자변형 마우스,Genetically Modified Mice,1.894
P0679,technique,2,대사체·지질체,Metabolomics / Lipidomics,0.537
P0997,keyword,1,childhood cancer survivors,childhood cancer survivors,21.683
P0997,keyword,2,epigenetic age acceleration,epigenetic age acceleration,20.163
P0997,keyword,3,Cancer Survivors,Cancer Survivors,17.494
P0997,keyword,4,St. Jude Lifetime Cohort,St. Jude Lifetime Cohort,16.334
P0997,keyword,5,epigenetic clocks,epigenetic clocks,16.245
P0997,keyword,6,East Asian People,East Asian People,12.241
P0997,keyword,7,single nucleotide polymorphisms,single nucleotide polymorphisms,11.055
P0997,keyword,8,"Polymorphism, Single Nucleotide","Polymorphism, Single Nucleotide",10.519
P0997,keyword,9,high-sensitivity C-reactive protein,high-sensitivity C-reactive protein,10.239
P0997,keyword,10,Genetic Predisposition to Disease,Genetic Predisposition to Disease,10.161
P0997,keyword,11,urine glucose,urine glucose,9.873
P0997,keyword,12,DNA Methylation,DNA Methylation,9.714
P0997,technique,1,GWAS·유전역학,GWAS / Genetic Epidemiology,26.324
P0997,technique,2,머신러닝·AI,Machine Learning / AI,2.11
P0997,technique,3,RNA-seq·전사체,RNA-seq / Transcriptomics,0.695
P0997,technique,4,임상시험,Clinical Trials,0.562
P0997,technique,5,생물정보·계산생물,Bioinformatics,0.435
P0997,technique,6,항체 개발,Antibody Engineering,0.343
P0163,keyword,1,FN1,FN1,9.49
P0163,keyword,2,fetal macrophages,fetal macrophages,7.403
P0163,keyword,3,HLA allele frequencies,HLA allele frequencies,7.27
P0163,keyword,4,Proteogenomics,Proteogenomics,6.209
P0163,keyword,5,miR-27b-3p,miR-27b-3p,6.078
P0163,keyword,6,cell adhesion pathway,cell adhesion pathway,6.052
P0163,keyword,7,miR-27b,miR-27b,5.83
P0163,keyword,8,HPV-negative head and neck squamous cell carcinoma,HPV-negative head and neck squamous cell carcinoma,5.824
P0163,keyword,9,COVID-19 mortality,COVID-19 mortality,5.511
P0163,keyword,10,metastasis prediction model,metastasis prediction model,5.103
P0163,keyword,11,archived tissue samples,archived tissue samples,4.774
P0163,keyword,12,Squamous Cell Carcinoma of Head and Neck,Squamous Cell Carcinoma of Head and Neck,4.726
P0163,technique,1,RNA-seq·전사체,RNA-seq / Transcriptomics,3.478
P0163,technique,2,단일세포 분석,Single-cell Analysis,3.137
P0163,technique,3,단백체,Proteomics,2.736
P0163,technique,4,생물정보·계산생물,Bioinformatics,1.112
P0163,technique,5,머신러닝·AI,Machine Learning / AI,0.616
P1096,keyword,1,Collembola,Collembola,22.385
P1096,keyword,2,Arthropods,Arthropods,13.855
P1096,keyword,3,Soil Pollutants,Soil Pollutants,12.233
P1096,keyword,4,Glyphosate,Glyphosate,9.571
P1096,keyword,5,glyphosate-based herbicides,glyphosate-based herbicides,8.903
P1096,keyword,6,Soil,Soil,7.55
P1096,keyword,7,Herbicides,Herbicides,6.666
P1096,keyword,8,abandoned mine soils,abandoned mine soils,6.02
P1096,keyword,9,Ecosystem,Ecosystem,5.96
P1096,keyword,10,Onychiuridae,Onychiuridae,5.293
P1096,keyword,11,community-level physiological profiles,community-level physiological profiles,4.64
P1096,keyword,12,plant community diversity,plant community diversity,4.637
P0177,keyword,1,ferroptosis,ferroptosis,5.703
P0177,keyword,2,Bifidobacterium animalis subsp. lactis,Bifidobacterium animalis subsp. lactis,5.236
P0177,keyword,3,papain extraction,papain extraction,5.033
P0177,keyword,4,prolactin signaling,prolactin signaling,4.93
P0177,keyword,5,ginsenoside CK,ginsenoside CK,4.741
P0177,keyword,6,ferroptosis signaling pathways,ferroptosis signaling pathways,4.716
P0177,keyword,7,Gluconacetobacter liquefaciens,Gluconacetobacter liquefaciens,4.617
P0177,keyword,8,RAW 264.7 macrophages,RAW 264.7 macrophages,4.546
P0177,keyword,9,Fragaria,Fragaria,4.517
P0177,keyword,10,glutathione synthetase,glutathione synthetase,4.293
P0177,keyword,11,MDA-MB-231 cells,MDA-MB-231 cells,4.008
P0177,keyword,12,Protaetia brevitarsis seulensis,Protaetia brevitarsis seulensis,3.931
P0177,technique,1,종양 이종이식 모델,Xenograft Models,3.05
P0177,technique,2,나노입자·약물전달,Nanoparticles / Drug Delivery,2.963
P0417,keyword,1,graft impingement,graft impingement,10.316
P0417,keyword,2,graft diameter,graft diameter,10.144
P0417,keyword,3,intercondylar notch,intercondylar notch,9.663
P0417,keyword,4,Anterior cruciate ligament reconstruction,Anterior cruciate ligament reconstruction,9.122
P0417,keyword,5,femoral tunnel placement,femoral tunnel placement,8.573
P0417,keyword,6,knee flexion angle,knee flexion angle,8.301
P0417,keyword,7,tibial tunnel position,tibial tunnel position,8.256
P0417,keyword,8,tunnel positioning,tunnel positioning,8.01
P0417,keyword,9,Knee Joint,Knee Joint,7.981
P0417,keyword,10,"Osteoarthritis, Knee","Osteoarthritis, Knee",7.783
P0417,keyword,11,Hyaline cartilage,Hyaline cartilage,6.77
P0417,keyword,12,Tibia,Tibia,5.921
P0417,technique,1,임상시험,Clinical Trials,1.352
P0374,keyword,1,critical illness,critical illness,14.842
P0374,keyword,2,Intensive Care Units,Intensive Care Units,10.543
P0374,keyword,3,CatBoost,CatBoost,10.161
P0374,keyword,4,SHAP,SHAP,9.872
P0374,keyword,5,critically ill patients,critically ill patients,9.637
P0374,keyword,6,feature importance,feature importance,8.964
P0374,keyword,7,mortality prediction,mortality prediction,8.955
P0374,keyword,8,LightGBM,LightGBM,8.588
P0374,keyword,9,XGBoost,XGBoost,7.849
P0374,keyword,10,ensemble learning,ensemble learning,6.964
P0374,keyword,11,APACHE II score,APACHE II score,6.642
P0374,keyword,12,Random forest,Random forest,6.28
P0374,technique,1,머신러닝·AI,Machine Learning / AI,6.85
P0374,technique,2,임상시험,Clinical Trials,1.4
P0985,keyword,1,PAK4,PAK4,24.233
P0985,keyword,2,Sirtuins,Sirtuins,18.924
P0985,keyword,3,p21-Activated Kinases,p21-Activated Kinases,14.301
P0985,keyword,4,SIRT6,SIRT6,14.154
P0985,keyword,5,Cannabidiol,Cannabidiol,10.819
P0985,keyword,6,Physical Endurance,Physical Endurance,9.466
P0985,keyword,7,Insulin Resistance,Insulin Resistance,8.754
P0985,keyword,8,"Physical Conditioning, Animal","Physical Conditioning, Animal",8.381
P0985,keyword,9,"Muscle, Skeletal","Muscle, Skeletal",7.828
P0985,keyword,10,NCOR1,NCOR1,7.396
P0985,keyword,11,AMPK phosphorylation,AMPK phosphorylation,7.291
P0985,keyword,12,ketogenesis,ketogenesis,6.725
P0985,technique,1,유전자변형 마우스,Genetically Modified Mice,5.228
P0985,technique,2,웨스턴블롯,Western Blot,0.296
P0985,technique,3,나노입자·약물전달,Nanoparticles / Drug Delivery,0.138
P0047,keyword,1,prophage induction,prophage induction,4.989
P0047,keyword,2,Escherichia coli ST131,Escherichia coli ST131,4.976
P0047,keyword,3,Streptococcus Phages,Streptococcus Phages,4.679
P0047,keyword,4,Streptococcus bovis,Streptococcus bovis,4.464
P0047,keyword,5,temperate phages,temperate phages,4.166
P0047,keyword,6,Ruminants,Ruminants,3.709
P0047,keyword,7,phage genome,phage genome,3.334
P0047,keyword,8,Lysogen,Lysogen,2.836
P0047,keyword,9,Bacteriophages,Bacteriophages,2.46
P0047,keyword,10,Prophages,Prophages,2.429
P0047,keyword,11,Lysogenic cycle,Lysogenic cycle,2.393
P0047,keyword,12,Siphoviridae,Siphoviridae,2.353
P0247,keyword,1,Mucin 5AC,Mucin 5AC,0.146
P0247,keyword,2,Nasal Mucosa,Nasal Mucosa,0.119
P0247,keyword,3,carpal tunnel syndrome,carpal tunnel syndrome,0.118
P0247,keyword,4,Gallate,Gallate,0.107
P0247,keyword,5,Median nerve,Median nerve,0.103
P0247,keyword,6,Oxidants,Oxidants,0.103
P0247,keyword,7,Catechin,Catechin,0.084
P0247,keyword,8,Wrist,Wrist,0.081
P0247,keyword,9,Carpal tunnel,Carpal tunnel,0.078
P0247,keyword,10,Fluorescent Antibody Technique,Fluorescent Antibody Technique,0.074
P0247,keyword,11,ErbB Receptors,ErbB Receptors,0.066
P0247,keyword,12,Asymptomatic,Asymptomatic,0.066
P1093,keyword,1,Hanwoo cattle,Hanwoo cattle,36.843
P1093,keyword,2,Hanwoo,Hanwoo,34.434
P1093,keyword,3,backfat,backfat,14.171
P1093,keyword,4,Breeding,Breeding,13.533
P1093,keyword,5,hub genes,hub genes,13.215
P1093,keyword,6,gene co-expression network,gene co-expression network,12.665
P1093,keyword,7,marbling score,marbling score,12.407
P1093,keyword,8,"Selection, Genetic","Selection, Genetic",12.035
P1093,keyword,9,Genome,Genome,11.788
P1093,keyword,10,ARPC5,ARPC5,11.589
P1093,keyword,11,Cattle,Cattle,11.412
P1093,keyword,12,"Polymorphism, Single Nucleotide","Polymorphism, Single Nucleotide",11.06
P1093,technique,1,RNA-seq·전사체,RNA-seq / Transcriptomics,11.914
P1093,technique,2,GWAS·유전역학,GWAS / Genetic Epidemiology,8.924
P1093,technique,3,차세대 시퀀싱(NGS),Next-generation Sequencing,6.192
P1093,technique,4,생물정보·계산생물,Bioinformatics,4.49
P1093,technique,5,머신러닝·AI,Machine Learning / AI,2.002
P1093,technique,6,분자도킹·시뮬레이션,Molecular Docking / Dynamics,0.486
P1093,technique,7,단백체,Proteomics,0.136
P0283,keyword,1,forest carbon sink,forest carbon sink,8.275
P0283,keyword,2,Lignocellulosic biomass,Lignocellulosic biomass,4.841
P0283,keyword,3,Cellulose,Cellulose,4.129
P0283,keyword,4,Lignin,Lignin,4.027
P0283,keyword,5,Biomass (ecology),Biomass (ecology),3.999
P0283,keyword,6,degree of polymerization,degree of polymerization,3.876
P0283,keyword,7,forest fire damage,forest fire damage,3.794
P0283,keyword,8,cellulose degradation,cellulose degradation,3.754
P0283,keyword,9,ESG management,ESG management,3.725
P0283,keyword,10,energy policy,energy policy,3.603
P0283,keyword,11,private forest ownership,private forest ownership,3.526
P0283,keyword,12,Greenhouse gas,Greenhouse gas,3.451
P0283,technique,1,애기장대·식물 모델,Arabidopsis,0.459
P0283,technique,2,전자현미경,Electron Microscopy,0.296
P0283,technique,3,RNA-seq·전사체,RNA-seq / Transcriptomics,0.086
P0570,keyword,1,Signet ring cell,Signet ring cell,3.479
P0570,keyword,2,Lobular carcinoma,Lobular carcinoma,3.014
P0570,keyword,3,Connexins,Connexins,2.731
P0570,keyword,4,Signet ring cell carcinoma,Signet ring cell carcinoma,2.707
P0570,keyword,5,Connexin,Connexin,2.661
P0570,keyword,6,invasive lobular carcinoma,invasive lobular carcinoma,2.471
P0570,keyword,7,Metastatic carcinoma,Metastatic carcinoma,2.271
P0570,keyword,8,Gap Junction beta-1 Protein,Gap Junction beta-1 Protein,2.06
P0570,keyword,9,Ion Channel Gating,Ion Channel Gating,2.059
P0570,keyword,10,Gating,Gating,2.039
P0570,keyword,11,metastatic breast cancer,metastatic breast cancer,1.706
P0570,keyword,12,Gap junction,Gap junction,1.579
P0570,technique,1,면역조직화학,Immunohistochemistry,0.923
P0570,technique,2,전기생리,Electrophysiology,0.553
P0570,technique,3,분자도킹·시뮬레이션,Molecular Docking / Dynamics,0.454
P0570,technique,4,웨스턴블롯,Western Blot,0.115
P0570,technique,5,X선 결정학·구조분석,X-ray Crystallography,0.078
P0649,keyword,1,artificial synapses,artificial synapses,43.482
P0649,keyword,2,neuromorphic computing,neuromorphic computing,34.814
P0649,keyword,3,neuromorphic hardware,neuromorphic hardware,28.828
P0649,keyword,4,long-term potentiation and depression,long-term potentiation and depression,24.979
P0649,keyword,5,paired-pulse facilitation,paired-pulse facilitation,23.319
P0649,keyword,6,Neuromorphic engineering,Neuromorphic engineering,19.272
P0649,keyword,7,long-term plasticity,long-term plasticity,19.044
P0649,keyword,8,non-volatile memory,non-volatile memory,18.341
P0649,keyword,9,ion retention,ion retention,18.151
P0649,keyword,10,organic electrochemical transistors,organic electrochemical transistors,14.652
P0649,keyword,11,electrochemical doping,electrochemical doping,14.133
P0649,keyword,12,conjugated polymers,conjugated polymers,13.608
P0649,technique,1,머신러닝·AI,Machine Learning / AI,6.178
P0250,keyword,1,Glioblastoma,Glioblastoma,8.18
P0250,keyword,2,Proteogenomics,Proteogenomics,6.113
P0250,keyword,3,recurrent glioblastoma,recurrent glioblastoma,5.649
P0250,keyword,4,pharmacogenomics,pharmacogenomics,5.497
P0250,keyword,5,Wnt/planar cell polarity signaling,Wnt/planar cell polarity signaling,4.873
P0250,keyword,6,neuronal reprogramming,neuronal reprogramming,4.84
P0250,keyword,7,tumor evolution,tumor evolution,4.021
P0250,keyword,8,Blockade,Blockade,3.636
P0250,keyword,9,treatment resistance,treatment resistance,3.433
P0250,keyword,10,tumor plasticity,tumor plasticity,3.313
P0250,keyword,11,Brain Neoplasms,Brain Neoplasms,3.187
P0250,keyword,12,BRAF kinase,BRAF kinase,2.622
P0250,technique,1,RNA-seq·전사체,RNA-seq / Transcriptomics,2.542
P0250,technique,2,단백체,Proteomics,2.099
P0250,technique,3,종양 이종이식 모델,Xenograft Models,1.618
P0250,technique,4,오가노이드,Organoids,1.58
P0250,technique,5,생물정보·계산생물,Bioinformatics,1.55
P0250,technique,6,차세대 시퀀싱(NGS),Next-generation Sequencing,1.174
P0250,technique,7,항체 개발,Antibody Engineering,0.872
P0250,technique,8,MRI·PET 영상,MRI / PET Imaging,0.214
P0205,keyword,1,"Education, Pharmacy","Education, Pharmacy",18.091
P0205,keyword,2,Pharmacists,Pharmacists,17.185
P0205,keyword,3,Drug approval,Drug approval,14.891
P0205,keyword,4,European union,European union,13.474
P0205,keyword,5,"Drugs, Generic","Drugs, Generic",13.469
P0205,keyword,6,anosmia,anosmia,12.164
P0205,keyword,7,Educational Measurement,Educational Measurement,12.033
P0205,keyword,8,Network Meta-Analysis as Topic,Network Meta-Analysis as Topic,11.529
P0205,keyword,9,COVID-19,COVID-19,10.915
P0205,keyword,10,United States,United States,10.195
P0205,keyword,11,generic drugs,generic drugs,10.091
P0205,keyword,12,Pharmacies,Pharmacies,10.084
P0205,technique,1,임상시험,Clinical Trials,33.581
P0205,technique,2,머신러닝·AI,Machine Learning / AI,5.226
P0205,technique,3,줄기세포·iPSC,Stem Cells / iPSC,2.618
P0205,technique,4,질량분석,Mass Spectrometry,1.998
P0205,technique,5,하이드로젤·스캐폴드,Hydrogels / Scaffolds,1.34
P0205,technique,6,조직공학·바이오프린팅,Tissue Engineering / Bioprinting,1.153
P0205,technique,7,단백체,Proteomics,1.099
P0205,technique,8,MRI·PET 영상,MRI / PET Imaging,1.008
P0470,keyword,1,human placenta,human placenta,0.223
P0470,keyword,2,carbon tetrachloride-induced liver injury,carbon tetrachloride-induced liver injury,0.165
P0470,keyword,3,hepatocyte differentiation,hepatocyte differentiation,0.146
P0470,keyword,4,antifibrotic effect,antifibrotic effect,0.143
P0470,keyword,5,Carbon Tetrachloride,Carbon Tetrachloride,0.113
P0470,keyword,6,Liver Diseases,Liver Diseases,0.105
P0470,keyword,7,Type I collagen,Type I collagen,0.1
P0470,keyword,8,Placenta,Placenta,0.1
P0470,keyword,9,Chemical and Drug Induced Liver Injury,Chemical and Drug Induced Liver Injury,0.099
P0470,keyword,10,Mesenchymal Stem Cell Transplantation,Mesenchymal Stem Cell Transplantation,0.096
P0470,keyword,11,hepatic stellate cells,hepatic stellate cells,0.094
P0470,keyword,12,TGF-beta,TGF-beta,0.088
P0259,keyword,1,Chlorine dioxide,Chlorine dioxide,9.17
P0259,keyword,2,Disinfectant,Disinfectant,7.33
P0259,keyword,3,Disinfectants,Disinfectants,6.53
P0259,keyword,4,slaughterhouse hygiene,slaughterhouse hygiene,5.599
P0259,keyword,5,Motor Vehicles,Motor Vehicles,4.67
P0259,keyword,6,disinfectant efficacy,disinfectant efficacy,3.899
P0259,keyword,7,livestock,livestock,3.895
P0259,keyword,8,carcass washing,carcass washing,3.771
P0259,keyword,9,Salmonella,Salmonella,3.329
P0259,keyword,10,cattle hides,cattle hides,3.263
P0259,keyword,11,slightly acidic electrolyzed water,slightly acidic electrolyzed water,3.202
P0259,keyword,12,Foot-and-mouth disease,Foot-and-mouth disease,3.071
P0259,technique,1,면역조직화학,Immunohistochemistry,0.247
P0981,keyword,1,Brucellosis,Brucellosis,14.622
P0981,keyword,2,Brucella Vaccine,Brucella Vaccine,13.7
P0981,keyword,3,Brucella abortus,Brucella abortus,12.506
P0981,keyword,4,"Antibodies, Bacterial","Antibodies, Bacterial",10.947
P0981,keyword,5,Salmonella,Salmonella,10.866
P0981,keyword,6,Salmonella Vaccines,Salmonella Vaccines,10.243
P0981,keyword,7,stx2e,stx2e,9.996
P0981,keyword,8,Salmonella typhimurium,Salmonella typhimurium,9.262
P0981,keyword,9,Bacterial Vaccines,Bacterial Vaccines,8.866
P0981,keyword,10,swine diseases,swine diseases,8.328
P0981,keyword,11,Escherichia coli Infections,Escherichia coli Infections,8.198
P0981,keyword,12,"Salmonella Infections, Animal","Salmonella Infections, Animal",7.707
P0981,technique,1,ELISA,ELISA,4.816
P0981,technique,2,RNA-seq·전사체,RNA-seq / Transcriptomics,0.603
P0981,technique,3,웨스턴블롯,Western Blot,0.429
P0601,keyword,1,"Hemoglobins, Abnormal","Hemoglobins, Abnormal",8.734
P0601,keyword,2,Methemoglobinemia,Methemoglobinemia,6.821
P0601,keyword,3,beta-globin gene,beta-globin gene,3.762
P0601,keyword,4,hemoglobin M,hemoglobin M,3.371
P0601,keyword,5,cyanosis,cyanosis,3.075
P0601,keyword,6,hemoglobin variants,hemoglobin variants,3.022
P0601,keyword,7,autosomal dominant inheritance,autosomal dominant inheritance,2.665
P0601,keyword,8,de novo mutations,de novo mutations,2.596
P0601,keyword,9,Iron Deficiencies,Iron Deficiencies,2.403
P0601,keyword,10,ectodomain shedding,ectodomain shedding,2.027
P0601,keyword,11,Hepcidins,Hepcidins,2.011
P0601,keyword,12,ADAM10 Protein,ADAM10 Protein,2.002
P0601,technique,1,RNA 치료제·siRNA,RNA Therapeutics,0.458
P0601,technique,2,면역조직화학,Immunohistochemistry,0.258
P0433,keyword,1,high-grade serous ovarian cancer,high-grade serous ovarian cancer,4.483
P0433,keyword,2,early cancer detection,early cancer detection,4.11
P0433,keyword,3,high-throughput profiling,high-throughput profiling,4.013
P0433,keyword,4,CD24,CD24,3.73
P0433,keyword,5,HE4,HE4,3.529
P0433,keyword,6,Liquid Biopsy,Liquid Biopsy,3.165
P0433,keyword,7,Versican,Versican,3.129
P0433,keyword,8,Fallopian Tubes,Fallopian Tubes,2.851
P0433,keyword,9,TNC,TNC,2.71
P0433,keyword,10,ovarian cancer,ovarian cancer,2.656
P0433,keyword,11,chemical biology tools,chemical biology tools,2.635
P0433,keyword,12,EpCAM,EpCAM,2.299
P0433,technique,1,엑소좀·세포외소포,Exosomes / EVs,8.867
P0433,technique,2,단백체,Proteomics,2.22
P0433,technique,3,생물정보·계산생물,Bioinformatics,0.537
P0433,technique,4,나노입자·약물전달,Nanoparticles / Drug Delivery,0.361
P0433,technique,5,머신러닝·AI,Machine Learning / AI,0.111
P0309,keyword,1,climate change,climate change,17.005
P0309,keyword,2,ecosystem services,ecosystem services,11.452
P0309,keyword,3,North Korea,North Korea,10.719
P0309,keyword,4,socially vulnerable populations,socially vulnerable populations,10.371
P0309,keyword,5,climate justice,climate justice,10.265
P0309,keyword,6,Synthetic aperture radar,Synthetic aperture radar,9.611
P0309,keyword,7,land cover change,land cover change,9.462
P0309,keyword,8,urbanization,urbanization,9.392
P0309,keyword,9,Google Earth Engine,Google Earth Engine,9.273
P0309,keyword,10,U-Net,U-Net,9.239
P0309,keyword,11,habitat suitability,habitat suitability,9.03
P0309,keyword,12,flood risk,flood risk,8.801
P0309,technique,1,머신러닝·AI,Machine Learning / AI,0.133
P0647,keyword,1,hallucination detection,hallucination detection,3.89
P0647,keyword,2,team trust,team trust,3.69
P0647,keyword,3,web search integration,web search integration,3.41
P0647,keyword,4,multi-level perspective,multi-level perspective,3.15
P0647,keyword,5,speech fluency,speech fluency,2.761
P0647,keyword,6,stuttering frequency,stuttering frequency,2.588
P0647,keyword,7,self-awareness training,self-awareness training,2.588
P0647,keyword,8,speech rate,speech rate,2.466
P0647,keyword,9,communication attitudes,communication attitudes,2.389
P0647,keyword,10,large language models,large language models,2.36
P0647,keyword,11,relaxation training,relaxation training,2.289
P0647,keyword,12,Stuttering,Stuttering,2.176
P0647,technique,1,MRI·PET 영상,MRI / PET Imaging,1.274
P0647,technique,2,형광·공초점 이미징,Fluorescence / Confocal Imaging,0.77
P0647,technique,3,나노입자·약물전달,Nanoparticles / Drug Delivery,0.463
P0647,technique,4,종양 이종이식 모델,Xenograft Models,0.342
P0647,technique,5,유세포분석,Flow Cytometry,0.259
P0647,technique,6,전자현미경,Electron Microscopy,0.162
P0647,technique,7,X선 결정학·구조분석,X-ray Crystallography,0.059
P0647,technique,8,머신러닝·AI,Machine Learning / AI,0.026
P0198,keyword,1,ketamine,ketamine,25.24
P0198,keyword,2,Antidepressive Agents,Antidepressive Agents,17.674
P0198,keyword,3,rapid-acting antidepressants,rapid-acting antidepressants,12.23
P0198,keyword,4,Neuronal Plasticity,Neuronal Plasticity,10.942
P0198,keyword,5,antidepressant mechanism,antidepressant mechanism,9.298
P0198,keyword,6,synaptic plasticity,synaptic plasticity,8.653
P0198,keyword,7,BDNF/TrkB signaling,BDNF/TrkB signaling,8.319
P0198,keyword,8,Valproic Acid,Valproic Acid,8.318
P0198,keyword,9,Psilocybin,Psilocybin,7.954
P0198,keyword,10,NMDA receptor antagonism,NMDA receptor antagonism,7.597
P0198,keyword,11,Hippocampus,Hippocampus,7.035
P0198,keyword,12,"Depressive Disorder, Major","Depressive Disorder, Major",7.013
P0198,technique,1,유전자변형 마우스,Genetically Modified Mice,2.492
P0198,technique,2,X선 결정학·구조분석,X-ray Crystallography,1.002
P0198,technique,3,면역조직화학,Immunohistochemistry,0.347
P0198,technique,4,RNA 치료제·siRNA,RNA Therapeutics,0.241
P0408,keyword,1,women of reproductive age,women of reproductive age,18.617
P0408,keyword,2,rheumatic diseases,rheumatic diseases,18.211
P0408,keyword,3,systemic lupus erythematosus,systemic lupus erythematosus,16.967
P0408,keyword,4,"Lupus Erythematosus, Systemic","Lupus Erythematosus, Systemic",16.121
P0408,keyword,5,"Arthritis, Rheumatoid","Arthritis, Rheumatoid",15.547
P0408,keyword,6,Ankylosing spondylitis,Ankylosing spondylitis,14.149
P0408,keyword,7,Antirheumatic Agents,Antirheumatic Agents,12.569
P0408,keyword,8,Rheumatoid arthritis,Rheumatoid arthritis,11.925
P0408,keyword,9,"Spondylitis, Ankylosing","Spondylitis, Ankylosing",10.968
P0408,keyword,10,seropositive rheumatoid arthritis,seropositive rheumatoid arthritis,10.917
P0408,keyword,11,empagliflozin,empagliflozin,10.566
P0408,keyword,12,temporal segmentation,temporal segmentation,9.72
P0408,technique,1,머신러닝·AI,Machine Learning / AI,2.419
P0408,technique,2,MRI·PET 영상,MRI / PET Imaging,2.39
P0408,technique,3,임상시험,Clinical Trials,1.129
P0408,technique,4,유전자변형 마우스,Genetically Modified Mice,1.095
P0408,technique,5,GWAS·유전역학,GWAS / Genetic Epidemiology,0.92
P0408,technique,6,대사체·지질체,Metabolomics / Lipidomics,0.546
P0408,technique,7,유세포분석,Flow Cytometry,0.35
P0408,technique,8,생물정보·계산생물,Bioinformatics,0.177
P0165,keyword,1,plant growth promotion,plant growth promotion,15.473
P0165,keyword,2,biological control,biological control,15.141
P0165,keyword,3,soil bacteria,soil bacteria,13.175
P0165,keyword,4,plant-microbe interactions,plant-microbe interactions,10.198
P0165,keyword,5,draft genome sequence,draft genome sequence,8.861
P0165,keyword,6,pesticide alternatives,pesticide alternatives,5.991
P0165,keyword,7,Plant Immunity,Plant Immunity,5.872
P0165,keyword,8,Bacillus proteolyticus,Bacillus proteolyticus,5.817
P0165,keyword,9,agricultural biotechnology,agricultural biotechnology,5.578
P0165,keyword,10,synthetic microbial communities,synthetic microbial communities,5.28
P0165,keyword,11,soil metagenomics,soil metagenomics,5.203
P0165,keyword,12,bacterial genomics,bacterial genomics,5.177
P0165,technique,1,애기장대·식물 모델,Arabidopsis,7.4
P0127,keyword,1,seed orchards,seed orchards,30.974
P0127,keyword,2,Seed orchard,Seed orchard,15.333
P0127,keyword,3,Genetic diversity,Genetic diversity,14.791
P0127,keyword,4,heritability,heritability,13.546
P0127,keyword,5,clonal seed orchard,clonal seed orchard,13.327
P0127,keyword,6,Pinus densiflora,Pinus densiflora,12.93
P0127,keyword,7,Pinus koraiensis,Pinus koraiensis,12.675
P0127,keyword,8,Quercus acuta,Quercus acuta,12.29
P0127,keyword,9,fertility variation,fertility variation,12.078
P0127,keyword,10,Genetic gain,Genetic gain,11.649
P0127,keyword,11,cone production,cone production,11.641
P0127,keyword,12,seed production,seed production,11.43
P0127,technique,1,RNA-seq·전사체,RNA-seq / Transcriptomics,0.766
P0127,technique,2,머신러닝·AI,Machine Learning / AI,0.1
P0937,keyword,1,"Rhodopsins, Microbial","Rhodopsins, Microbial",57.416
P0937,keyword,2,rhodopsin,rhodopsin,54.118
P0937,keyword,3,xanthorhodopsin,xanthorhodopsin,22.974
P0937,keyword,4,Proton Pumps,Proton Pumps,21.81
P0937,keyword,5,carotenoid binding,carotenoid binding,16.834
P0937,keyword,6,Salinibacter ruber,Salinibacter ruber,15.958
P0937,keyword,7,microbial rhodopsins,microbial rhodopsins,15.779
P0937,keyword,8,heliorhodopsin,heliorhodopsin,12.919
P0937,keyword,9,Sensory Rhodopsins,Sensory Rhodopsins,12.742
P0937,keyword,10,Light,Light,11.776
P0937,keyword,11,proton translocation,proton translocation,10.443
P0937,keyword,12,Anabaena,Anabaena,10.397
P0937,technique,1,광유전학,Optogenetics,4.224
P0937,technique,2,qPCR,Real-time PCR,0.753
P0937,technique,3,X선 결정학·구조분석,X-ray Crystallography,0.596
P0937,technique,4,나노입자·약물전달,Nanoparticles / Drug Delivery,0.414
P0937,technique,5,차세대 시퀀싱(NGS),Next-generation Sequencing,0.384
P0937,technique,6,머신러닝·AI,Machine Learning / AI,0.118
P0937,technique,7,생물정보·계산생물,Bioinformatics,0.103
P0434,keyword,1,Echocardiography,Echocardiography,15.53
P0434,keyword,2,Chlorthalidone,Chlorthalidone,12.599
P0434,keyword,3,Mitral valve stenosis,Mitral valve stenosis,11.828
P0434,keyword,4,Ventricular Remodeling,Ventricular Remodeling,11.189
P0434,keyword,5,Cardiology,Cardiology,10.442
P0434,keyword,6,Valsartan,Valsartan,10.301
P0434,keyword,7,Epicardial adipose tissue,Epicardial adipose tissue,9.279
P0434,keyword,8,"Ventricular Dysfunction, Left","Ventricular Dysfunction, Left",9.235
P0434,keyword,9,"Ventricular Function, Left","Ventricular Function, Left",8.479
P0434,keyword,10,Essential hypertension,Essential hypertension,8.421
P0434,keyword,11,Amlodipine,Amlodipine,8.366
P0434,keyword,12,subcutaneous adipose tissue,subcutaneous adipose tissue,8.072
P0434,technique,1,임상시험,Clinical Trials,1.84
P0434,technique,2,MRI·PET 영상,MRI / PET Imaging,0.778
P0434,technique,3,머신러닝·AI,Machine Learning / AI,0.572
P0740,keyword,1,Cardanol,Cardanol,44.449
P0740,keyword,2,Polymer chemistry,Polymer chemistry,34.657
P0740,keyword,3,Polymer,Polymer,31.767
P0740,keyword,4,proton conductivity,proton conductivity,29.274
P0740,keyword,5,Arylene,Arylene,27.579
P0740,keyword,6,Chemical engineering,Chemical engineering,24.425
P0740,keyword,7,sulfonated poly(arylene ether sulfone),sulfonated poly(arylene ether sulfone),23.612
P0740,keyword,8,Membrane,Membrane,21.669
P0740,keyword,9,antibacterial membranes,antibacterial membranes,20.122
P0740,keyword,10,salt rejection,salt rejection,19.45
P0740,keyword,11,Composite material,Composite material,18.076
P0740,keyword,12,interfacial polymerization,interfacial polymerization,17.03
P0740,technique,1,X선 결정학·구조분석,X-ray Crystallography,6.248
P0740,technique,2,나노입자·약물전달,Nanoparticles / Drug Delivery,3.304
P0740,technique,3,머신러닝·AI,Machine Learning / AI,1.804
P0740,technique,4,전자현미경,Electron Microscopy,1.466
P0740,technique,5,생물정보·계산생물,Bioinformatics,0.078
P0083,keyword,1,Satiation,Satiation,25.874
P0083,keyword,2,Hypothalamus,Hypothalamus,24.513
P0083,keyword,3,Feeding Behavior,Feeding Behavior,21.339
P0083,keyword,4,lateral hypothalamus,lateral hypothalamus,18.264
P0083,keyword,5,head-mounted displays,head-mounted displays,15.238
P0083,keyword,6,Obesity,Obesity,15.169
P0083,keyword,7,food addiction,food addiction,14.974
P0083,keyword,8,dietary habits,dietary habits,14.532
P0083,keyword,9,Hunger,Hunger,13.923
P0083,keyword,10,Agouti-Related Protein,Agouti-Related Protein,13.81
P0083,keyword,11,food motivation,food motivation,12.348
P0083,keyword,12,Motivation,Motivation,12.105
P0083,technique,1,광유전학,Optogenetics,10.036
P0083,technique,2,조직공학·바이오프린팅,Tissue Engineering / Bioprinting,3.819
P0083,technique,3,MRI·PET 영상,MRI / PET Imaging,3.774
P0083,technique,4,GWAS·유전역학,GWAS / Genetic Epidemiology,3.503
P0083,technique,5,머신러닝·AI,Machine Learning / AI,2.986
P0083,technique,6,단백체,Proteomics,1.637
P0083,technique,7,형광·공초점 이미징,Fluorescence / Confocal Imaging,1.567
P0083,technique,8,유전자변형 마우스,Genetically Modified Mice,1.307
P0541,keyword,1,Periodontal Diseases,Periodontal Diseases,5.223
P0541,keyword,2,Prostatic acid phosphatase,Prostatic acid phosphatase,4.006
P0541,keyword,3,Macugen,Macugen,3.202
P0541,keyword,4,Periodontitis,Periodontitis,3.035
P0541,keyword,5,nucleic acid aptamers,nucleic acid aptamers,2.764
P0541,keyword,6,Aptamer,Aptamer,2.632
P0541,keyword,7,gingivitis,gingivitis,2.438
P0541,keyword,8,in vitro selection,in vitro selection,2.389
P0541,keyword,9,aptamer binding,aptamer binding,2.296
P0541,keyword,10,conformational dynamics,conformational dynamics,2.245
P0541,keyword,11,Systematic evolution of ligands by exponential enrichment,Systematic evolution of ligands by exponential enrichment,2.195
P0541,keyword,12,SELEX,SELEX,2.015
P0541,technique,1,엑소좀·세포외소포,Exosomes / EVs,2.828
P0541,technique,2,줄기세포·iPSC,Stem Cells / iPSC,2.092
P0541,technique,3,생물정보·계산생물,Bioinformatics,0.442
P0541,technique,4,나노입자·약물전달,Nanoparticles / Drug Delivery,0.346
P0541,technique,5,ELISA,ELISA,0.121
P0541,technique,6,면역조직화학,Immunohistochemistry,0.088
P0159,keyword,1,Fragile X Mental Retardation Protein,Fragile X Mental Retardation Protein,7.411
P0159,keyword,2,Fragile X Messenger Ribonucleoprotein 1,Fragile X Messenger Ribonucleoprotein 1,7.411
P0159,keyword,3,FMR1 gene,FMR1 gene,6.768
P0159,keyword,4,Baculoviral IAP Repeat-Containing 3 Protein,Baculoviral IAP Repeat-Containing 3 Protein,6.422
P0159,keyword,5,Ubiquitin-Protein Ligases,Ubiquitin-Protein Ligases,6.373
P0159,keyword,6,Inhibitor of Apoptosis Proteins,Inhibitor of Apoptosis Proteins,6.223
P0159,keyword,7,ADAR2,ADAR2,5.919
P0159,keyword,8,Stearoyl-CoA Desaturase,Stearoyl-CoA Desaturase,5.577
P0159,keyword,9,cIAP1,cIAP1,5.511
P0159,keyword,10,A-to-I RNA editing,A-to-I RNA editing,4.914
P0159,keyword,11,Adenosine deaminase,Adenosine deaminase,4.908
P0159,keyword,12,ADAR1,ADAR1,4.803
P0159,technique,1,초파리,Drosophila,2.287
P0159,technique,2,면역조직화학,Immunohistochemistry,0.043
P0092,keyword,1,Pharmacists,Pharmacists,12.918
P0092,keyword,2,Pharmacist,Pharmacist,9.958
P0092,keyword,3,Personnel Turnover,Personnel Turnover,8.928
P0092,keyword,4,"Pharmacy Service, Hospital","Pharmacy Service, Hospital",8.594
P0092,keyword,5,Intention,Intention,7.345
P0092,keyword,6,Turnover,Turnover,7.334
P0092,keyword,7,polypharmacy,polypharmacy,7.108
P0092,keyword,8,Adverse Drug Reaction Reporting Systems,Adverse Drug Reaction Reporting Systems,6.997
P0092,keyword,9,Angiotensin Receptor Blockers,Angiotensin Receptor Blockers,6.801
P0092,keyword,10,Job satisfaction,Job satisfaction,6.609
P0092,keyword,11,Alzheimer's disease progression,Alzheimer's disease progression,6.235
P0092,keyword,12,Turnover intention,Turnover intention,6.207
P0120,keyword,1,gender norms,gender norms,1.834
P0120,keyword,2,peer pressure,peer pressure,1.691
P0120,keyword,3,labor supply,labor supply,1.659
P0120,keyword,4,human capital accumulation,human capital accumulation,1.651
P0120,keyword,5,social coordination,social coordination,1.641
P0120,keyword,6,gender attitudes,gender attitudes,1.491
P0120,keyword,7,wages,wages,1.393
P0120,keyword,8,norm change,norm change,1.363
P0120,keyword,9,norm internalization,norm internalization,1.333
P0120,keyword,10,labor market outcomes,labor market outcomes,1.196
P0120,keyword,11,Gender identity,Gender identity,1.079
P0120,keyword,12,Gender gap,Gender gap,0.975
P0375,keyword,1,Tinnitus,Tinnitus,20.878
P0375,keyword,2,Hyperacusis,Hyperacusis,9.295
P0375,keyword,3,loudness discomfort level,loudness discomfort level,8.587
P0375,keyword,4,chronic tinnitus,chronic tinnitus,6.871
P0375,keyword,5,"Audiometry, Evoked Response","Audiometry, Evoked Response",6.605
P0375,keyword,6,Tinnitus Handicap Inventory,Tinnitus Handicap Inventory,6.55
P0375,keyword,7,audiometric hearing loss,audiometric hearing loss,6.095
P0375,keyword,8,high-frequency hearing thresholds,high-frequency hearing thresholds,5.877
P0375,keyword,9,high-frequency hearing loss,high-frequency hearing loss,5.794
P0375,keyword,10,pure-tone average,pure-tone average,5.613
P0375,keyword,11,occupational noise exposure,occupational noise exposure,5.333
P0375,keyword,12,physiological reserve,physiological reserve,5.135
P0375,technique,1,머신러닝·AI,Machine Learning / AI,0.292
P0652,keyword,1,yeast cell wall polysaccharides,yeast cell wall polysaccharides,15.825
P0652,keyword,2,Saccharomyces cerevisiae,Saccharomyces cerevisiae,11.516
P0652,keyword,3,precision fermentation,precision fermentation,11.472
P0652,keyword,4,Saccharomyces boulardii,Saccharomyces boulardii,7.848
P0652,keyword,5,Clostridium beijerinckii,Clostridium beijerinckii,6.547
P0652,keyword,6,Acetobacter pasteurianus,Acetobacter pasteurianus,5.777
P0652,keyword,7,mannan biosynthesis,mannan biosynthesis,5.567
P0652,keyword,8,acetyl-CoA acetyltransferase,acetyl-CoA acetyltransferase,5.445
P0652,keyword,9,leghemoglobin,leghemoglobin,5.425
P0652,keyword,10,initial sugar concentration,initial sugar concentration,5.34
P0652,keyword,11,Dectin-2,Dectin-2,5.273
P0652,keyword,12,starter cultures,starter cultures,5.15
P0652,technique,1,CRISPR 유전자편집,CRISPR Gene Editing,1.84
P0652,technique,2,RNA-seq·전사체,RNA-seq / Transcriptomics,0.501
P0652,technique,3,생물정보·계산생물,Bioinformatics,0.415
P0802,keyword,1,Korean adults,Korean adults,14.065
P0802,keyword,2,Folic Acid Deficiency,Folic Acid Deficiency,12.359
P0802,keyword,3,test utilization,test utilization,11.533
P0802,keyword,4,Vitamin B 12 Deficiency,Vitamin B 12 Deficiency,9.289
P0802,keyword,5,chronic kidney disease prevalence,chronic kidney disease prevalence,9.229
P0802,keyword,6,Hospitals,Hospitals,8.754
P0802,keyword,7,electrochemiluminescence immunoassay,electrochemiluminescence immunoassay,8.583
P0802,keyword,8,anti-HAV IgG,anti-HAV IgG,8.456
P0802,keyword,9,binding epitope,binding epitope,8.353
P0802,keyword,10,eGFR estimation equations,eGFR estimation equations,7.855
P0802,keyword,11,MDRD equation,MDRD equation,7.771
P0802,keyword,12,NCEP ATP III criteria,NCEP ATP III criteria,7.307
P0802,technique,1,질량분석,Mass Spectrometry,4.536
P0802,technique,2,항체 개발,Antibody Engineering,3.366
P0802,technique,3,qPCR,Real-time PCR,0.976
P0802,technique,4,임상시험,Clinical Trials,0.8
P0802,technique,5,종양 이종이식 모델,Xenograft Models,0.653
P0802,technique,6,X선 결정학·구조분석,X-ray Crystallography,0.484
P0802,technique,7,생물정보·계산생물,Bioinformatics,0.317
P0802,technique,8,MRI·PET 영상,MRI / PET Imaging,0.202
P0298,keyword,1,Monascus,Monascus,5.988
P0298,keyword,2,meju,meju,5.272
P0298,keyword,3,Leucyl aminopeptidase,Leucyl aminopeptidase,4.578
P0298,keyword,4,doenjang,doenjang,4.163
P0298,keyword,5,Fermentation,Fermentation,3.907
P0298,keyword,6,fungal distribution,fungal distribution,3.664
P0298,keyword,7,Aspergillus,Aspergillus,3.437
P0298,keyword,8,γ-glutamyl peptides,γ-glutamyl peptides,3.4
P0298,keyword,9,fungal characteristics,fungal characteristics,3.33
P0298,keyword,10,Food Microbiology,Food Microbiology,3.299
P0298,keyword,11,Lovastatin,Lovastatin,3.16
P0298,keyword,12,menopausal syndrome,menopausal syndrome,3.133
P0103,keyword,1,Vertebral compression fracture,Vertebral compression fracture,0.219
P0103,keyword,2,Discectomy,Discectomy,0.209
P0103,keyword,3,Lumbar disc herniation,Lumbar disc herniation,0.136
P0103,keyword,4,Diskectomy,Diskectomy,0.123
P0103,keyword,5,Compression (physics),Compression (physics),0.111
P0103,keyword,6,Disc herniation,Disc herniation,0.1
P0103,keyword,7,Fracture (geology),Fracture (geology),0.092
P0103,keyword,8,Lumbar,Lumbar,0.052
P0103,keyword,9,Surgery,Surgery,0.046
P0103,keyword,10,Retrospective cohort study,Retrospective cohort study,0.042
P0103,keyword,11,Lumbar Vertebrae,Lumbar Vertebrae,0.04
P0103,keyword,12,Composite material,Composite material,0.013
P0729,keyword,1,Agrobacterium tumefaciens,Agrobacterium tumefaciens,0.144
P0729,keyword,2,"Transformation, Genetic","Transformation, Genetic",0.14
P0729,keyword,3,"DNA, Fungal","DNA, Fungal",0.138
P0729,keyword,4,Gene Order,Gene Order,0.13
P0729,keyword,5,"Gene Expression Regulation, Fungal","Gene Expression Regulation, Fungal",0.129
P0729,keyword,6,Fusarium,Fusarium,0.127
P0729,keyword,7,Biosynthetic Pathways,Biosynthetic Pathways,0.127
P0729,keyword,8,"Peptides, Cyclic","Peptides, Cyclic",0.112
P0729,keyword,9,Multigene Family,Multigene Family,0.1
P0729,keyword,10,Gene cluster,Gene cluster,0.099
P0729,keyword,11,Gene Deletion,Gene Deletion,0.077
P0729,keyword,12,Genetic Vectors,Genetic Vectors,0.076
P1070,keyword,1,onion,onion,7.297
P1070,keyword,2,I locus,I locus,5.817
P1070,keyword,3,F1 hybrid seed production,F1 hybrid seed production,5.118
P1070,keyword,4,R2R3-MYB transcription factor,R2R3-MYB transcription factor,4.726
P1070,keyword,5,pentatricopeptide repeat proteins,pentatricopeptide repeat proteins,4.627
P1070,keyword,6,nucellar embryony,nucellar embryony,4.621
P1070,keyword,7,fertility restorers,fertility restorers,4.565
P1070,keyword,8,Cytoplasmic male sterility,Cytoplasmic male sterility,4.419
P1070,keyword,9,fertility restoration genes,fertility restoration genes,4.378
P1070,keyword,10,pollen viability,pollen viability,4.285
P1070,keyword,11,yuzu,yuzu,4.189
P1070,keyword,12,Onions,Onions,3.864
P0747,keyword,1,Protein crystallization,Protein crystallization,8.971
P0747,keyword,2,Biological Products,Biological Products,8.487
P0747,keyword,3,Bioreactors,Bioreactors,7.549
P0747,keyword,4,downstream purification,downstream purification,7.197
P0747,keyword,5,annotation-free training,annotation-free training,6.713
P0747,keyword,6,Polyhydroxyalkanoates,Polyhydroxyalkanoates,6.457
P0747,keyword,7,cell size distribution,cell size distribution,6.434
P0747,keyword,8,Process control,Process control,6.035
P0747,keyword,9,cell segmentation,cell segmentation,5.615
P0747,keyword,10,biopharmaceutical purification,biopharmaceutical purification,5.294
P0747,keyword,11,quality by design,quality by design,5.059
P0747,keyword,12,Cell size,Cell size,4.782
P0747,technique,1,머신러닝·AI,Machine Learning / AI,2.99
P0747,technique,2,항체 개발,Antibody Engineering,2.019
P0747,technique,3,X선 결정학·구조분석,X-ray Crystallography,0.166
P0158,keyword,1,Rotator Cuff Injuries,Rotator Cuff Injuries,3.953
P0158,keyword,2,Rotator cuff,Rotator cuff,3.416
P0158,keyword,3,supraspinatus,supraspinatus,1.971
P0158,keyword,4,rotator cuff tear,rotator cuff tear,1.699
P0158,keyword,5,rotator cuff repair,rotator cuff repair,1.553
P0158,keyword,6,Low-Level Light Therapy,Low-Level Light Therapy,1.355
P0158,keyword,7,COL2A1,COL2A1,1.236
P0158,keyword,8,fatty infiltration,fatty infiltration,1.234
P0158,keyword,9,treatment parameter optimization,treatment parameter optimization,1.156
P0158,keyword,10,Wound Healing,Wound Healing,1.056
P0158,keyword,11,COL1A1,COL1A1,1.003
P0158,keyword,12,muscle atrophy,muscle atrophy,0.981
P0158,technique,1,하이드로젤·스캐폴드,Hydrogels / Scaffolds,0.62
P0158,technique,2,MRI·PET 영상,MRI / PET Imaging,0.345
P0158,technique,3,RNA-seq·전사체,RNA-seq / Transcriptomics,0.259
P0572,keyword,1,students,students,3.212
P0572,keyword,2,"Schools, Medical","Schools, Medical",2.883
P0572,keyword,3,"Education, Medical","Education, Medical",2.555
P0572,keyword,4,Problem Solving,Problem Solving,2.555
P0572,keyword,5,Skin Tests,Skin Tests,2.481
P0572,keyword,6,asthma symptom severity,asthma symptom severity,2.465
P0572,keyword,7,Computers,Computers,2.301
P0572,keyword,8,childhood asthma,childhood asthma,2.182
P0572,keyword,9,self-directed learning,self-directed learning,1.912
P0572,keyword,10,skin prick test,skin prick test,1.879
P0572,keyword,11,Reaction Time,Reaction Time,1.674
P0572,keyword,12,Universities,Universities,1.653
P0032,keyword,1,Diffuse large B-cell lymphoma,Diffuse large B-cell lymphoma,11.933
P0032,keyword,2,ferroptosis,ferroptosis,9.715
P0032,keyword,3,cysteine metabolism,cysteine metabolism,9.139
P0032,keyword,4,Cysteine,Cysteine,6.242
P0032,keyword,5,Ceramide,Ceramide,5.779
P0032,keyword,6,Ferritin,Ferritin,5.243
P0032,keyword,7,mitochondrial electron transport chain,mitochondrial electron transport chain,5.141
P0032,keyword,8,immune effector cell-associated neurotoxicity syndrome,immune effector cell-associated neurotoxicity syndrome,5.067
P0032,keyword,9,baseline biomarkers,baseline biomarkers,5.02
P0032,keyword,10,Nrf2,Nrf2,4.931
P0032,keyword,11,non-small cell lung cancer,non-small cell lung cancer,4.734
P0032,keyword,12,axicabtagene ciloleucel,axicabtagene ciloleucel,4.653
P0032,technique,1,CAR-T·입양세포치료,CAR-T / Adoptive Cell Therapy,12.452
P0032,technique,2,대사체·지질체,Metabolomics / Lipidomics,6.243
P0032,technique,3,질량분석,Mass Spectrometry,2.442
P0032,technique,4,유전자변형 마우스,Genetically Modified Mice,2.164
P0032,technique,5,줄기세포·iPSC,Stem Cells / iPSC,1.125
P0032,technique,6,생물정보·계산생물,Bioinformatics,0.854
P0032,technique,7,RNA-seq·전사체,RNA-seq / Transcriptomics,0.512
P0032,technique,8,나노입자·약물전달,Nanoparticles / Drug Delivery,0.408
P0878,keyword,1,tremelimumab,tremelimumab,77.607
P0878,keyword,2,durvalumab,durvalumab,62.395
P0878,keyword,3,head and neck squamous cell carcinoma,head and neck squamous cell carcinoma,55.7
P0878,keyword,4,resectable tumors,resectable tumors,44.074
P0878,keyword,5,neoadjuvant immunotherapy,neoadjuvant immunotherapy,43.487
P0878,keyword,6,gene regulatory networks,gene regulatory networks,39.876
P0878,keyword,7,Metagenomics,Metagenomics,35.151
P0878,keyword,8,Metagenome,Metagenome,29.237
P0878,keyword,9,Metadata,Metadata,26.024
P0878,keyword,10,Genome,Genome,25.798
P0878,keyword,11,Set (abstract data type),Set (abstract data type),25.459
P0878,keyword,12,Product (mathematics),Product (mathematics),22.39
P0878,technique,1,단일세포 분석,Single-cell Analysis,36.176
P0878,technique,2,생물정보·계산생물,Bioinformatics,19.746
P0878,technique,3,GWAS·유전역학,GWAS / Genetic Epidemiology,10.963
P0878,technique,4,차세대 시퀀싱(NGS),Next-generation Sequencing,10.358
P0878,technique,5,RNA-seq·전사체,RNA-seq / Transcriptomics,7.882
P0878,technique,6,애기장대·식물 모델,Arabidopsis,7.134
P0878,technique,7,머신러닝·AI,Machine Learning / AI,5.582
P0878,technique,8,예쁜꼬마선충,C. elegans,3.864
P0312,keyword,1,foodborne pathogens,foodborne pathogens,30.06
P0312,keyword,2,Listeria monocytogenes,Listeria monocytogenes,26.118
P0312,keyword,3,Escherichia coli O157:H7,Escherichia coli O157:H7,25.496
P0312,keyword,4,Loop-mediated isothermal amplification,Loop-mediated isothermal amplification,24.578
P0312,keyword,5,Food Safety,Food Safety,23.947
P0312,keyword,6,Food Microbiology,Food Microbiology,22.681
P0312,keyword,7,Salmonella typhimurium,Salmonella typhimurium,21.943
P0312,keyword,8,foodborne pathogen detection,foodborne pathogen detection,20.733
P0312,keyword,9,polymicrobial biofilms,polymicrobial biofilms,15.756
P0312,keyword,10,Recombinase Polymerase Amplification,Recombinase Polymerase Amplification,14.649
P0312,keyword,11,Escherichia coli O157,Escherichia coli O157,13.853
P0312,keyword,12,extracellular polymeric substances,extracellular polymeric substances,13.714
P0312,technique,1,qPCR,Real-time PCR,14.975
P0312,technique,2,CRISPR 유전자편집,CRISPR Gene Editing,10.401
P0312,technique,3,나노입자·약물전달,Nanoparticles / Drug Delivery,7.188
P0312,technique,4,전자현미경,Electron Microscopy,2.016
P0115,keyword,1,"Arthritis, Rheumatoid","Arthritis, Rheumatoid",35.363
P0115,keyword,2,Rheumatoid arthritis,Rheumatoid arthritis,34.31
P0115,keyword,3,Antirheumatic Agents,Antirheumatic Agents,25.884
P0115,keyword,4,rheumatic diseases,rheumatic diseases,24.62
P0115,keyword,5,tofacitinib,tofacitinib,23.797
P0115,keyword,6,Behcet Syndrome,Behcet Syndrome,19.832
P0115,keyword,7,"Lupus Erythematosus, Systemic","Lupus Erythematosus, Systemic",17.781
P0115,keyword,8,"Pneumonia, Pneumocystis","Pneumonia, Pneumocystis",16.516
P0115,keyword,9,systemic sclerosis,systemic sclerosis,15.866
P0115,keyword,10,disease activity,disease activity,15.482
P0115,keyword,11,"Scleroderma, Systemic","Scleroderma, Systemic",14.756
P0115,keyword,12,"Trimethoprim, Sulfamethoxazole Drug Combination","Trimethoprim, Sulfamethoxazole Drug Combination",14.004
P0115,technique,1,임상시험,Clinical Trials,4.369
P0115,technique,2,항체 개발,Antibody Engineering,4.263
P0115,technique,3,단백체,Proteomics,2.509
P0115,technique,4,형광·공초점 이미징,Fluorescence / Confocal Imaging,2.213
P0115,technique,5,질량분석,Mass Spectrometry,1.758
P0115,technique,6,GWAS·유전역학,GWAS / Genetic Epidemiology,1.418
P0115,technique,7,ELISA,ELISA,0.774
P0115,technique,8,RNA 치료제·siRNA,RNA Therapeutics,0.572
P0028,keyword,1,metastatic lymph nodes,metastatic lymph nodes,75.96
P0028,keyword,2,molecular evolution,molecular evolution,60.396
P0028,keyword,3,chemoimmunotherapy,chemoimmunotherapy,50.303
P0028,keyword,4,treatment response,treatment response,42.219
P0028,keyword,5,Evasion (ethics),Evasion (ethics),37.13
P0028,keyword,6,tumor microenvironment,tumor microenvironment,35.501
P0028,keyword,7,advanced gastric cancer,advanced gastric cancer,33.143
P0028,keyword,8,immune remodeling,immune remodeling,31.261
P0028,keyword,9,Lung cancer,Lung cancer,23.189
P0028,keyword,10,Multiple Myeloma,Multiple Myeloma,22.541
P0028,keyword,11,Affect (linguistics),Affect (linguistics),22.008
P0028,keyword,12,Cancer research,Cancer research,21.4
P0028,technique,1,단일세포 분석,Single-cell Analysis,48.119
P0028,technique,2,차세대 시퀀싱(NGS),Next-generation Sequencing,36.369
P0028,technique,3,RNA-seq·전사체,RNA-seq / Transcriptomics,31.933
P0028,technique,4,GWAS·유전역학,GWAS / Genetic Epidemiology,11.994
P0028,technique,5,생물정보·계산생물,Bioinformatics,10.088
P0028,technique,6,종양 이종이식 모델,Xenograft Models,4.431
P0028,technique,7,미세유체·장기칩,Microfluidics / Organ-on-a-chip,3.53
P0028,technique,8,면역조직화학,Immunohistochemistry,3.2
P0475,keyword,1,Uterus,Uterus,22.538
P0475,keyword,2,embryo implantation,embryo implantation,18.31
P0475,keyword,3,intrauterine adhesions,intrauterine adhesions,16.388
P0475,keyword,4,Endometrium,Endometrium,15.236
P0475,keyword,5,Blastocyst,Blastocyst,12.281
P0475,keyword,6,preterm birth,preterm birth,11.773
P0475,keyword,7,EGR1,EGR1,10.569
P0475,keyword,8,Reproduction,Reproduction,9.745
P0475,keyword,9,Gynatresia,Gynatresia,9.71
P0475,keyword,10,macrophage polarization,macrophage polarization,9.618
P0475,keyword,11,Vitrification,Vitrification,8.912
P0475,keyword,12,Progesterone,Progesterone,7.744
P0475,technique,1,조직공학·바이오프린팅,Tissue Engineering / Bioprinting,4.327
P0475,technique,2,엑소좀·세포외소포,Exosomes / EVs,4.107
P0475,technique,3,유전자변형 마우스,Genetically Modified Mice,3.991
P0475,technique,4,줄기세포·iPSC,Stem Cells / iPSC,3.139
P0475,technique,5,나노입자·약물전달,Nanoparticles / Drug Delivery,2.687
P0475,technique,6,RNA-seq·전사체,RNA-seq / Transcriptomics,2.112
P0475,technique,7,CRISPR 유전자편집,CRISPR Gene Editing,0.81
P0475,technique,8,분자도킹·시뮬레이션,Molecular Docking / Dynamics,0.716
P0443,keyword,1,image denoising,image denoising,22.074
P0443,keyword,2,low-dose CT,low-dose CT,19.325
P0443,keyword,3,Noise reduction,Noise reduction,18.301
P0443,keyword,4,Weight-bearing,Weight-bearing,15.121
P0443,keyword,5,Patellofemoral pain syndrome,Patellofemoral pain syndrome,12.931
P0443,keyword,6,perceptual image quality,perceptual image quality,12.434
P0443,keyword,7,radiation dose reduction,radiation dose reduction,11.624
P0443,keyword,8,tumor recurrence prediction,tumor recurrence prediction,10.831
P0443,keyword,9,"Tomography, X-Ray Computed","Tomography, X-Ray Computed",10.618
P0443,keyword,10,patellofemoral pain,patellofemoral pain,10.01
P0443,keyword,11,Patellofemoral joint,Patellofemoral joint,9.906
P0443,keyword,12,"Image Processing, Computer-Assisted","Image Processing, Computer-Assisted",9.78
P0443,technique,1,머신러닝·AI,Machine Learning / AI,21.217
P0443,technique,2,MRI·PET 영상,MRI / PET Imaging,5.632
P0443,technique,3,생물정보·계산생물,Bioinformatics,2.981
P0443,technique,4,형광·공초점 이미징,Fluorescence / Confocal Imaging,0.612
P0112,keyword,1,Hanwoo cattle,Hanwoo cattle,20.794
P0112,keyword,2,"Swine, Miniature","Swine, Miniature",9.954
P0112,keyword,3,Breeding,Breeding,9.226
P0112,keyword,4,steers,steers,8.808
P0112,keyword,5,feed management,feed management,8.609
P0112,keyword,6,backfat,backfat,8.443
P0112,keyword,7,immune response genes,immune response genes,7.911
P0112,keyword,8,steroid metabolism,steroid metabolism,7.794
P0112,keyword,9,body size variation,body size variation,7.778
P0112,keyword,10,rumen fermentation,rumen fermentation,7.034
P0112,keyword,11,Swine,Swine,6.896
P0112,keyword,12,DNA Methylation,DNA Methylation,6.441
P0112,technique,1,RNA-seq·전사체,RNA-seq / Transcriptomics,11.175
P0112,technique,2,차세대 시퀀싱(NGS),Next-generation Sequencing,3.257
P0112,technique,3,생물정보·계산생물,Bioinformatics,1.966
P0112,technique,4,GWAS·유전역학,GWAS / Genetic Epidemiology,1.467
P0112,technique,5,머신러닝·AI,Machine Learning / AI,0.277
P0982,keyword,1,African Swine Fever Virus,African Swine Fever Virus,11.728
P0982,keyword,2,clinical signs,clinical signs,11.075
P0982,keyword,3,quantitative microbial risk assessment,quantitative microbial risk assessment,10.865
P0982,keyword,4,African Swine Fever,African Swine Fever,10.648
P0982,keyword,5,Edema Disease of Swine,Edema Disease of Swine,9.831
P0982,keyword,6,fecal shedding,fecal shedding,9.409
P0982,keyword,7,Vaccine Efficacy,Vaccine Efficacy,9.376
P0982,keyword,8,Abattoirs,Abattoirs,9.009
P0982,keyword,9,Salmonella Vaccines,Salmonella Vaccines,8.601
P0982,keyword,10,pig mortality,pig mortality,8.488
P0982,keyword,11,Vibrio vulnificus,Vibrio vulnificus,8.413
P0982,keyword,12,Salmonella,Salmonella,7.801
P0022,keyword,1,Quantum Dots,Quantum Dots,27.77
P0022,keyword,2,Quantum dot,Quantum dot,21.1
P0022,keyword,3,photoluminescence quenching,photoluminescence quenching,12.885
P0022,keyword,4,cation exchange,cation exchange,12.488
P0022,keyword,5,Photoluminescence,Photoluminescence,12.377
P0022,keyword,6,colloidal quantum dots,colloidal quantum dots,11.795
P0022,keyword,7,surface stoichiometry,surface stoichiometry,11.769
P0022,keyword,8,Prussian blue analogues,Prussian blue analogues,8.165
P0022,keyword,9,magic-sized clusters,magic-sized clusters,8.119
P0022,keyword,10,electrochemical modulation,electrochemical modulation,7.971
P0022,keyword,11,Nanotechnology,Nanotechnology,7.644
P0022,keyword,12,Colloids,Colloids,7.606
P0022,technique,1,나노입자·약물전달,Nanoparticles / Drug Delivery,9.961
P0022,technique,2,하이드로젤·스캐폴드,Hydrogels / Scaffolds,3.137
P0022,technique,3,형광·공초점 이미징,Fluorescence / Confocal Imaging,2.878
P0022,technique,4,전자현미경,Electron Microscopy,1.822
P0022,technique,5,X선 결정학·구조분석,X-ray Crystallography,1.551
P0022,technique,6,RNA 치료제·siRNA,RNA Therapeutics,0.914
P0022,technique,7,머신러닝·AI,Machine Learning / AI,0.654
P0022,technique,8,종양 이종이식 모델,Xenograft Models,0.557
P0211,keyword,1,Retinal Neovascularization,Retinal Neovascularization,13.999
P0211,keyword,2,Stem Cell Factor,Stem Cell Factor,13.958
P0211,keyword,3,"Myocytes, Smooth Muscle","Myocytes, Smooth Muscle",11.379
P0211,keyword,4,Marfan Syndrome,Marfan Syndrome,10.041
P0211,keyword,5,Endothelial Cells,Endothelial Cells,9.827
P0211,keyword,6,oxygen-induced retinopathy,oxygen-induced retinopathy,9.818
P0211,keyword,7,Retinal Vessels,Retinal Vessels,9.74
P0211,keyword,8,FGF12,FGF12,9.109
P0211,keyword,9,"Muscle, Smooth, Vascular","Muscle, Smooth, Vascular",8.822
P0211,keyword,10,Fibroblast Growth Factors,Fibroblast Growth Factors,8.45
P0211,keyword,11,Proto-Oncogene Proteins c-kit,Proto-Oncogene Proteins c-kit,8.396
P0211,keyword,12,Intravitreal Injections,Intravitreal Injections,7.917
P0211,technique,1,줄기세포·iPSC,Stem Cells / iPSC,3.018
P0211,technique,2,면역조직화학,Immunohistochemistry,1.556
P0211,technique,3,유전자변형 마우스,Genetically Modified Mice,1.55
P0211,technique,4,웨스턴블롯,Western Blot,1.527
P0211,technique,5,ELISA,ELISA,1.201
P0211,technique,6,항체 개발,Antibody Engineering,1.195
P0211,technique,7,RNA-seq·전사체,RNA-seq / Transcriptomics,1.052
P0211,technique,8,나노입자·약물전달,Nanoparticles / Drug Delivery,0.923
P0485,keyword,1,Ovarian Neoplasms,Ovarian Neoplasms,10.165
P0485,keyword,2,Circulating Tumor DNA,Circulating Tumor DNA,7.72
P0485,keyword,3,IL12RB2,IL12RB2,7.103
P0485,keyword,4,high-grade serous ovarian cancer,high-grade serous ovarian cancer,6.647
P0485,keyword,5,ELK3,ELK3,6.579
P0485,keyword,6,cytotoxic T cell infiltration,cytotoxic T cell infiltration,5.707
P0485,keyword,7,gene regulatory networks,gene regulatory networks,5.665
P0485,keyword,8,Early Growth Response Protein 1,Early Growth Response Protein 1,5.284
P0485,keyword,9,EGR1,EGR1,5.143
P0485,keyword,10,GITR,GITR,5.07
P0485,keyword,11,uterine immune response,uterine immune response,5.049
P0485,keyword,12,uterine proliferation,uterine proliferation,5.043
P0485,technique,1,RNA-seq·전사체,RNA-seq / Transcriptomics,4.173
P0485,technique,2,차세대 시퀀싱(NGS),Next-generation Sequencing,2.637
P0485,technique,3,CAR-T·입양세포치료,CAR-T / Adoptive Cell Therapy,2.021
P0485,technique,4,생물정보·계산생물,Bioinformatics,1.986
P0485,technique,5,줄기세포·iPSC,Stem Cells / iPSC,1.309
P0485,technique,6,항체 개발,Antibody Engineering,1.159
P0485,technique,7,예쁜꼬마선충,C. elegans,1.098
P0485,technique,8,단일세포 분석,Single-cell Analysis,1.01
P0362,keyword,1,glofitamab,glofitamab,1.361
P0362,keyword,2,relapsed/refractory diffuse large B-cell lymphoma,relapsed/refractory diffuse large B-cell lymphoma,0.975
P0362,keyword,3,T-cell engagers,T-cell engagers,0.85
P0362,keyword,4,CD19-targeted therapy,CD19-targeted therapy,0.813
P0362,keyword,5,BTK inhibitors,BTK inhibitors,0.808
P0362,keyword,6,Lenalidomide,Lenalidomide,0.791
P0362,keyword,7,Interim analysis,Interim analysis,0.55
P0362,keyword,8,oxygen reduction reaction,oxygen reduction reaction,0.411
P0362,keyword,9,Maintenance therapy,Maintenance therapy,0.331
P0362,keyword,10,progression-free survival,progression-free survival,0.32
P0362,keyword,11,treatment-related adverse events,treatment-related adverse events,0.29
P0362,keyword,12,treatment safety,treatment safety,0.247
P0079,keyword,1,PD-L1 expression,PD-L1 expression,111.881
P0079,keyword,2,tumor immune microenvironment,tumor immune microenvironment,98.038
P0079,keyword,3,invariant NKT cells,invariant NKT cells,58.47
P0079,keyword,4,Lung cancer,Lung cancer,54.504
P0079,keyword,5,acetyl-CoA carboxylase 1,acetyl-CoA carboxylase 1,37.333
P0079,keyword,6,fatty acid binding protein,fatty acid binding protein,31.591
P0079,keyword,7,airway hyperresponsiveness,airway hyperresponsiveness,26.789
P0079,keyword,8,Natural Killer T-Cells,Natural Killer T-Cells,25.481
P0079,keyword,9,de novo lipogenesis,de novo lipogenesis,25.166
P0079,keyword,10,allergic asthma,allergic asthma,23.169
P0079,keyword,11,Lung Neoplasms,Lung Neoplasms,21.648
P0079,keyword,12,cancer cells,cancer cells,19.308
P0079,technique,1,단백체,Proteomics,56.617
P0079,technique,2,RNA-seq·전사체,RNA-seq / Transcriptomics,34.815
P0079,technique,3,유전자변형 마우스,Genetically Modified Mice,8.627
P0079,technique,4,면역조직화학,Immunohistochemistry,8.519
P0079,technique,5,엑소좀·세포외소포,Exosomes / EVs,5.282
P0079,technique,6,유세포분석,Flow Cytometry,3.409
P0079,technique,7,종양 이종이식 모델,Xenograft Models,2.982
P0079,technique,8,ELISA,ELISA,1.56
P1032,keyword,1,internal pudendal artery,internal pudendal artery,6.052
P1032,keyword,2,internal iliac artery,internal iliac artery,4.513
P1032,keyword,3,Anatomic Variation,Anatomic Variation,4.276
P1032,keyword,4,Hypogastric Plexus,Hypogastric Plexus,3.986
P1032,keyword,5,Uterine artery,Uterine artery,3.935
P1032,keyword,6,Müllerian ducts,Müllerian ducts,3.918
P1032,keyword,7,middle rectal artery,middle rectal artery,3.697
P1032,keyword,8,prostatic arteries,prostatic arteries,3.642
P1032,keyword,9,anatomical variation,anatomical variation,3.625
P1032,keyword,10,Pelvis,Pelvis,3.574
P1032,keyword,11,pectineus muscle,pectineus muscle,3.291
P1032,keyword,12,lateral circumflex femoral artery,lateral circumflex femoral artery,3.254
P0548,keyword,1,Levilactobacillus brevis,Levilactobacillus brevis,21.011
P0548,keyword,2,Lactobacillus fermentum,Lactobacillus fermentum,18.317
P0548,keyword,3,lactic acid bacteria,lactic acid bacteria,16.075
P0548,keyword,4,Lactobacillus,Lactobacillus,15.464
P0548,keyword,5,Listeria monocytogenes,Listeria monocytogenes,11.358
P0548,keyword,6,Bacillus megaterium,Bacillus megaterium,11.125
P0548,keyword,7,Probiotics,Probiotics,11.102
P0548,keyword,8,Limosilactobacillus fermentum,Limosilactobacillus fermentum,10.637
P0548,keyword,9,Lactobacillus brevis,Lactobacillus brevis,10.489
P0548,keyword,10,Lactobacillus plantarum,Lactobacillus plantarum,10.1
P0548,keyword,11,Probiotic,Probiotic,9.966
P0548,keyword,12,Bacteroidetes,Bacteroidetes,9.804
P0548,technique,1,차세대 시퀀싱(NGS),Next-generation Sequencing,5.117
P0548,technique,2,단백체,Proteomics,3.345
P0548,technique,3,질량분석,Mass Spectrometry,2.053
P0548,technique,4,RNA-seq·전사체,RNA-seq / Transcriptomics,1.589
P0548,technique,5,생물정보·계산생물,Bioinformatics,1.374
P0650,keyword,1,thermal dose,thermal dose,8.684
P0650,keyword,2,heat penetration,heat penetration,8.518
P0650,keyword,3,gluten reduction,gluten reduction,6.02
P0650,keyword,4,Joule heating,Joule heating,5.907
P0650,keyword,5,Ohmic contact,Ohmic contact,5.78
P0650,keyword,6,electrical impedance measurement,electrical impedance measurement,5.526
P0650,keyword,7,spam,spam,5.125
P0650,keyword,8,pilot-scale processing,pilot-scale processing,5.124
P0650,keyword,9,retort processing,retort processing,5.037
P0650,keyword,10,texture hardness,texture hardness,4.85
P0650,keyword,11,freshness assessment,freshness assessment,4.757
P0650,keyword,12,retort sterilization,retort sterilization,4.57
P0243,keyword,1,Vernalization,Vernalization,44.245
P0243,keyword,2,glucosinolates,glucosinolates,43.836
P0243,keyword,3,Raphanus,Raphanus,42.793
P0243,keyword,4,aliphatic glucosinolates,aliphatic glucosinolates,31.096
P0243,keyword,5,"Gene Expression Regulation, Plant","Gene Expression Regulation, Plant",26.568
P0243,keyword,6,radish,radish,23.799
P0243,keyword,7,floral induction,floral induction,22.542
P0243,keyword,8,Brassica rapa,Brassica rapa,18.87
P0243,keyword,9,Brassicaceae,Brassicaceae,18.69
P0243,keyword,10,glucoraphenin,glucoraphenin,15.884
P0243,keyword,11,Brassica,Brassica,15.608
P0243,keyword,12,indolic glucosinolates,indolic glucosinolates,15.596
P0243,technique,1,애기장대·식물 모델,Arabidopsis,38.586
P0243,technique,2,RNA-seq·전사체,RNA-seq / Transcriptomics,9.204
P0243,technique,3,대사체·지질체,Metabolomics / Lipidomics,2.611
P0243,technique,4,차세대 시퀀싱(NGS),Next-generation Sequencing,1.349
P0243,technique,5,생물정보·계산생물,Bioinformatics,1.098
P0243,technique,6,후성유전 분석,Epigenomics (ChIP/ATAC-seq),0.918
P0243,technique,7,머신러닝·AI,Machine Learning / AI,0.457
P0243,technique,8,질량분석,Mass Spectrometry,0.38
P0435,keyword,1,musk ketone,musk ketone,11.093
P0435,keyword,2,Han River estuary,Han River estuary,9.56
P0435,keyword,3,galaxolide,galaxolide,8.968
P0435,keyword,4,contaminated soil,contaminated soil,7.791
P0435,keyword,5,nitro-PAHs,nitro-PAHs,7.253
P0435,keyword,6,dynamic multiple reaction monitoring,dynamic multiple reaction monitoring,7.25
P0435,keyword,7,upper tract urothelial carcinoma,upper tract urothelial carcinoma,7.127
P0435,keyword,8,polychlorinated dibenzo-p-dioxins,polychlorinated dibenzo-p-dioxins,7.016
P0435,keyword,9,Polychlorinated Dibenzodioxins,Polychlorinated Dibenzodioxins,6.995
P0435,keyword,10,emerging contaminants,emerging contaminants,6.988
P0435,keyword,11,polychlorinated dibenzofurans,polychlorinated dibenzofurans,6.783
P0435,keyword,12,"Dibenzofurans, Polychlorinated","Dibenzofurans, Polychlorinated",6.779
P0435,technique,1,질량분석,Mass Spectrometry,5.205
P0435,technique,2,MRI·PET 영상,MRI / PET Imaging,0.363
P0435,technique,3,임상시험,Clinical Trials,0.09
P0209,keyword,1,"Models, Molecular","Models, Molecular",57.707
P0209,keyword,2,Bacterial Proteins,Bacterial Proteins,54.929
P0209,keyword,3,Protein Conformation,Protein Conformation,42.528
P0209,keyword,4,Acinetobacter baumannii,Acinetobacter baumannii,40.378
P0209,keyword,5,Protein Domains,Protein Domains,30.089
P0209,keyword,6,Amino Acid Sequence,Amino Acid Sequence,28.374
P0209,keyword,7,Catalytic Domain,Catalytic Domain,27.798
P0209,keyword,8,Protein Multimerization,Protein Multimerization,26.842
P0209,keyword,9,Bacteriophages,Bacteriophages,26.231
P0209,keyword,10,crystal structure,crystal structure,25.491
P0209,keyword,11,Protein Binding,Protein Binding,22.407
P0209,keyword,12,Death Domain Receptor Signaling Adaptor Proteins,Death Domain Receptor Signaling Adaptor Proteins,22.044
P0209,technique,1,CRISPR 유전자편집,CRISPR Gene Editing,65.35
P0209,technique,2,X선 결정학·구조분석,X-ray Crystallography,57.047
P0209,technique,3,초파리,Drosophila,10.642
P0209,technique,4,분자도킹·시뮬레이션,Molecular Docking / Dynamics,5.316
P0209,technique,5,전자현미경,Electron Microscopy,1.811
P0209,technique,6,생물정보·계산생물,Bioinformatics,1.795
P0209,technique,7,나노입자·약물전달,Nanoparticles / Drug Delivery,1.47
P0209,technique,8,웨스턴블롯,Western Blot,0.089
P0289,keyword,1,susceptibility genes,susceptibility genes,12.227
P0289,keyword,2,proteome-wide association study,proteome-wide association study,11.01
P0289,keyword,3,"Arthritis, Juvenile","Arthritis, Juvenile",9.45
P0289,keyword,4,T cell clones,T cell clones,9.387
P0289,keyword,5,juvenile idiopathic arthritis,juvenile idiopathic arthritis,8.933
P0289,keyword,6,BHLHE40,BHLHE40,8.479
P0289,keyword,7,autoimmune disease pathogenesis,autoimmune disease pathogenesis,6.448
P0289,keyword,8,HLA typing,HLA typing,5.97
P0289,keyword,9,T helper cells,T helper cells,5.905
P0289,keyword,10,CXCL13,CXCL13,5.487
P0289,keyword,11,T cell receptor repertoire,T cell receptor repertoire,5.341
P0289,keyword,12,immunoglobulin diversity,immunoglobulin diversity,5.153
P0289,technique,1,RNA-seq·전사체,RNA-seq / Transcriptomics,13.571
P0289,technique,2,GWAS·유전역학,GWAS / Genetic Epidemiology,9.998
P0289,technique,3,생물정보·계산생물,Bioinformatics,4.267
P0289,technique,4,머신러닝·AI,Machine Learning / AI,1.339
P0289,technique,5,분자도킹·시뮬레이션,Molecular Docking / Dynamics,0.765
P0289,technique,6,나노입자·약물전달,Nanoparticles / Drug Delivery,0.538
P0289,technique,7,조직공학·바이오프린팅,Tissue Engineering / Bioprinting,0.165
P0289,technique,8,웨스턴블롯,Western Blot,0.155
P0308,keyword,1,Upload,Upload,2.217
P0308,keyword,2,Python (programming language),Python (programming language),1.677
P0308,keyword,3,Preprocessor,Preprocessor,1.467
P0308,keyword,4,NetCDF,NetCDF,1.27
P0308,keyword,5,Installation,Installation,1.053
P0308,keyword,6,Workflow,Workflow,0.923
P0308,keyword,7,Metadata,Metadata,0.871
P0308,keyword,8,Pipeline (software),Pipeline (software),0.767
P0308,keyword,9,Resource (disambiguation),Resource (disambiguation),0.549
P0359,keyword,1,"Carcinoma, Transitional Cell","Carcinoma, Transitional Cell",8.244
P0359,keyword,2,Urinary Bladder Neoplasms,Urinary Bladder Neoplasms,7.014
P0359,keyword,3,urothelial carcinoma,urothelial carcinoma,5.227
P0359,keyword,4,urothelial carcinoma in situ,urothelial carcinoma in situ,4.397
P0359,keyword,5,Urinary Bladder,Urinary Bladder,4.34
P0359,keyword,6,myxoid stroma,myxoid stroma,4.047
P0359,keyword,7,radical cystoprostatectomy,radical cystoprostatectomy,4.035
P0359,keyword,8,CK20,CK20,3.957
P0359,keyword,9,Carcinoma in situ,Carcinoma in situ,3.799
P0359,keyword,10,negative appendectomy,negative appendectomy,3.676
P0359,keyword,11,luminal subtype,luminal subtype,3.63
P0359,keyword,12,appendiceal diameter,appendiceal diameter,3.624
P0359,technique,1,면역조직화학,Immunohistochemistry,3.398
P0359,technique,2,MRI·PET 영상,MRI / PET Imaging,1.472
P0359,technique,3,RNA-seq·전사체,RNA-seq / Transcriptomics,0.434
P0359,technique,4,항체 개발,Antibody Engineering,0.278
P0359,technique,5,생물정보·계산생물,Bioinformatics,0.202
P0238,keyword,1,Tenebrio molitor,Tenebrio molitor,12.874
P0238,keyword,2,edible insects,edible insects,9.912
P0238,keyword,3,Agricultural Inoculants,Agricultural Inoculants,8.878
P0238,keyword,4,sensory acceptability,sensory acceptability,8.589
P0238,keyword,5,Mealworm,Mealworm,7.509
P0238,keyword,6,vertical farming,vertical farming,7.452
P0238,keyword,7,biofortification,biofortification,7.239
P0238,keyword,8,Coffea,Coffea,6.387
P0238,keyword,9,5-caffeoylquinic acid,5-caffeoylquinic acid,6.379
P0238,keyword,10,mealworms,mealworms,6.041
P0238,keyword,11,isobutyraldehyde,isobutyraldehyde,5.836
P0238,keyword,12,glucosinolates,glucosinolates,5.673
P0238,technique,1,질량분석,Mass Spectrometry,1.305
P0957,keyword,1,MCM-22 zeolite,MCM-22 zeolite,17.997
P0957,keyword,2,Dielectric barrier discharge,Dielectric barrier discharge,17.612
P0957,keyword,3,Fischer–Tropsch process,Fischer–Tropsch process,12.571
P0957,keyword,4,coke removal,coke removal,11.841
P0957,keyword,5,Brønsted acid sites,Brønsted acid sites,11.784
P0957,keyword,6,heterogeneous metal catalysts,heterogeneous metal catalysts,9.792
P0957,keyword,7,extra-framework aluminum,extra-framework aluminum,9.778
P0957,keyword,8,plasma catalysis,plasma catalysis,9.092
P0957,keyword,9,Aromatization,Aromatization,8.277
P0957,keyword,10,biodiesel by-products,biodiesel by-products,8.062
P0957,keyword,11,Catalysis,Catalysis,7.923
P0957,keyword,12,Fischer-Tropsch synthesis,Fischer-Tropsch synthesis,7.216
P0957,technique,1,나노입자·약물전달,Nanoparticles / Drug Delivery,2.207
P0957,technique,2,전자현미경,Electron Microscopy,0.283
P0957,technique,3,X선 결정학·구조분석,X-ray Crystallography,0.09
P0778,keyword,1,Vernalization,Vernalization,42.801
P0778,keyword,2,Flowering Locus C,Flowering Locus C,33.403
P0778,keyword,3,VIN3,VIN3,26.563
P0778,keyword,4,"Gene Expression Regulation, Plant","Gene Expression Regulation, Plant",21.6
P0778,keyword,5,MADS Domain Proteins,MADS Domain Proteins,18.318
P0778,keyword,6,flowering time,flowering time,17.719
P0778,keyword,7,Flowers,Flowers,17.373
P0778,keyword,8,polyadenylation sites,polyadenylation sites,12.294
P0778,keyword,9,TATA-Binding Protein Associated Factors,TATA-Binding Protein Associated Factors,11.552
P0778,keyword,10,antisense transcripts,antisense transcripts,11.337
P0778,keyword,11,TATA-binding protein-associated factors,TATA-binding protein-associated factors,9.473
P0778,keyword,12,autonomous flowering pathway,autonomous flowering pathway,9.216
P0778,technique,1,애기장대·식물 모델,Arabidopsis,57.744
P0778,technique,2,생물정보·계산생물,Bioinformatics,2.428
P0778,technique,3,후성유전 분석,Epigenomics (ChIP/ATAC-seq),2.003
P0778,technique,4,하이드로젤·스캐폴드,Hydrogels / Scaffolds,0.796
P0778,technique,5,머신러닝·AI,Machine Learning / AI,0.223
P0778,technique,6,RNA-seq·전사체,RNA-seq / Transcriptomics,0.156
P0778,technique,7,전자현미경,Electron Microscopy,0.096
P1043,keyword,1,adoptive T cell therapy,adoptive T cell therapy,4.113
P1043,keyword,2,Orostachys japonicus,Orostachys japonicus,3.954
P1043,keyword,3,Crassulaceae,Crassulaceae,3.403
P1043,keyword,4,4-1BB,4-1BB,3.251
P1043,keyword,5,"Tumor Necrosis Factor Receptor Superfamily, Member 9","Tumor Necrosis Factor Receptor Superfamily, Member 9",3.168
P1043,keyword,6,CD8-Positive T-Lymphocytes,CD8-Positive T-Lymphocytes,3.014
P1043,keyword,7,"Receptors, Histamine H4","Receptors, Histamine H4",2.983
P1043,keyword,8,"Receptors, CCR8","Receptors, CCR8",2.983
P1043,keyword,9,caspase-dependent apoptosis,caspase-dependent apoptosis,2.967
P1043,keyword,10,tumor-draining lymph nodes,tumor-draining lymph nodes,2.808
P1043,keyword,11,Interleukin-18 Receptor alpha Subunit,Interleukin-18 Receptor alpha Subunit,2.672
P1043,keyword,12,caspase-8,caspase-8,2.544
P1043,technique,1,CAR-T·입양세포치료,CAR-T / Adoptive Cell Therapy,6.977
P1043,technique,2,항체 개발,Antibody Engineering,1.193
P1043,technique,3,유전자변형 마우스,Genetically Modified Mice,1.051
P1043,technique,4,RNA-seq·전사체,RNA-seq / Transcriptomics,0.315
P0488,keyword,1,pyrazoline derivatives,pyrazoline derivatives,13.867
P0488,keyword,2,Hsp27,Hsp27,9.985
P0488,keyword,3,"DNA Topoisomerases, Type II","DNA Topoisomerases, Type II",9.803
P0488,keyword,4,Topoisomerase II Inhibitors,Topoisomerase II Inhibitors,9.409
P0488,keyword,5,trastuzumab resistance,trastuzumab resistance,8.968
P0488,keyword,6,HER2 overexpression,HER2 overexpression,7.565
P0488,keyword,7,Topoisomerase,Topoisomerase,7.013
P0488,keyword,8,Chalcones,Chalcones,6.629
P0488,keyword,9,Topoisomerase I Inhibitors,Topoisomerase I Inhibitors,6.25
P0488,keyword,10,chalcone derivatives,chalcone derivatives,6.136
P0488,keyword,11,"DNA Topoisomerases, Type I","DNA Topoisomerases, Type I",6.051
P0488,keyword,12,Xanthones,Xanthones,5.767
P0488,technique,1,분자도킹·시뮬레이션,Molecular Docking / Dynamics,1.794
P0488,technique,2,종양 이종이식 모델,Xenograft Models,1.348
P0488,technique,3,생물정보·계산생물,Bioinformatics,0.035
P1082,keyword,1,Hypnotics and Sedatives,Hypnotics and Sedatives,16.314
P1082,keyword,2,luteolin-7-O-glucuronide,luteolin-7-O-glucuronide,14.917
P1082,keyword,3,ventrolateral preoptic nucleus,ventrolateral preoptic nucleus,14.302
P1082,keyword,4,hypnotic effects,hypnotic effects,13.301
P1082,keyword,5,Perilla frutescens,Perilla frutescens,13.028
P1082,keyword,6,Pentobarbital,Pentobarbital,12.892
P1082,keyword,7,Adenosine A1 receptor,Adenosine A1 receptor,11.845
P1082,keyword,8,Adenosine A1 Receptor Agonists,Adenosine A1 Receptor Agonists,11.638
P1082,keyword,9,Sleep,Sleep,11.417
P1082,keyword,10,DPCPX,DPCPX,10.938
P1082,keyword,11,sleep deprivation,sleep deprivation,10.439
P1082,keyword,12,Sleep Latency,Sleep Latency,9.641
P1082,technique,1,단백체,Proteomics,3.717
P1082,technique,2,형광·공초점 이미징,Fluorescence / Confocal Imaging,1.249
P1082,technique,3,RNA 치료제·siRNA,RNA Therapeutics,0.498
P1082,technique,4,웨스턴블롯,Western Blot,0.438
P1082,technique,5,전자현미경,Electron Microscopy,0.26
P1082,technique,6,면역조직화학,Immunohistochemistry,0.084
P0071,keyword,1,antibiotic persistence,antibiotic persistence,9.82
P0071,keyword,2,Acinetobacter baumannii,Acinetobacter baumannii,8.831
P0071,keyword,3,Virulence,Virulence,7.806
P0071,keyword,4,Bacteroides fragilis,Bacteroides fragilis,7.668
P0071,keyword,5,Reverse Vaccinology,Reverse Vaccinology,7.336
P0071,keyword,6,"Gene Expression Regulation, Bacterial","Gene Expression Regulation, Bacterial",7.203
P0071,keyword,7,Salmonella typhimurium,Salmonella typhimurium,6.99
P0071,keyword,8,Bacterial Proteins,Bacterial Proteins,6.656
P0071,keyword,9,positive-unlabeled learning,positive-unlabeled learning,6.099
P0071,keyword,10,histidine metabolism,histidine metabolism,5.842
P0071,keyword,11,protein language model embeddings,protein language model embeddings,5.774
P0071,keyword,12,macrophage survival,macrophage survival,5.569
P0071,technique,1,차세대 시퀀싱(NGS),Next-generation Sequencing,2.093
P0071,technique,2,생물정보·계산생물,Bioinformatics,1.108
P0071,technique,3,유전자변형 마우스,Genetically Modified Mice,0.668
P0071,technique,4,RNA-seq·전사체,RNA-seq / Transcriptomics,0.237
P0536,keyword,1,HIF-1,HIF-1,7.495
P0536,keyword,2,GEO datasets,GEO datasets,7.489
P0536,keyword,3,"Gene Expression Regulation, Neoplastic","Gene Expression Regulation, Neoplastic",6.989
P0536,keyword,4,"Epigenesis, Genetic","Epigenesis, Genetic",6.907
P0536,keyword,5,beta,beta,6.881
P0536,keyword,6,DNA Methylation,DNA Methylation,6.792
P0536,keyword,7,cassette exons,cassette exons,6.661
P0536,keyword,8,HSF1,HSF1,6.288
P0536,keyword,9,rMATS,rMATS,6.008
P0536,keyword,10,differential splicing,differential splicing,6.006
P0536,keyword,11,Dashboard Systems,Dashboard Systems,5.952
P0536,keyword,12,surrogate variable analysis,surrogate variable analysis,5.876
P0536,technique,1,RNA-seq·전사체,RNA-seq / Transcriptomics,14.744
P0536,technique,2,후성유전 분석,Epigenomics (ChIP/ATAC-seq),6.246
P0536,technique,3,차세대 시퀀싱(NGS),Next-generation Sequencing,5.311
P0536,technique,4,생물정보·계산생물,Bioinformatics,5.026
P0536,technique,5,머신러닝·AI,Machine Learning / AI,3.537
P0536,technique,6,단일세포 분석,Single-cell Analysis,2.36
P0536,technique,7,GWAS·유전역학,GWAS / Genetic Epidemiology,1.855
P0536,technique,8,유전자변형 마우스,Genetically Modified Mice,1.7
P0317,keyword,1,peritoneal fibrosis,peritoneal fibrosis,23.912
P0317,keyword,2,peritoneal mesothelial cells,peritoneal mesothelial cells,20.281
P0317,keyword,3,Uric Acid,Uric Acid,16.952
P0317,keyword,4,Hyperuricemia,Hyperuricemia,16.938
P0317,keyword,5,chronic kidney disease,chronic kidney disease,16.284
P0317,keyword,6,Epithelial-Mesenchymal Transition,Epithelial-Mesenchymal Transition,15.03
P0317,keyword,7,Mesothelial Cell,Mesothelial Cell,13.928
P0317,keyword,8,Particulate Matter,Particulate Matter,13.248
P0317,keyword,9,Oxidative Stress,Oxidative Stress,12.686
P0317,keyword,10,renal tubular epithelial cells,renal tubular epithelial cells,11.884
P0317,keyword,11,air pollution,air pollution,11.091
P0317,keyword,12,TGF-beta,TGF-beta,10.514
P0317,technique,1,줄기세포·iPSC,Stem Cells / iPSC,5.342
P0317,technique,2,RNA 치료제·siRNA,RNA Therapeutics,0.885
P0317,technique,3,웨스턴블롯,Western Blot,0.698
P0317,technique,4,qPCR,Real-time PCR,0.494
P0317,technique,5,임상시험,Clinical Trials,0.383
P0317,technique,6,유전자변형 마우스,Genetically Modified Mice,0.354
P0317,technique,7,전자현미경,Electron Microscopy,0.189
P0317,technique,8,생물정보·계산생물,Bioinformatics,0.035
P0322,keyword,1,thyroidectomy,thyroidectomy,23.34
P0322,keyword,2,papillary thyroid carcinoma,papillary thyroid carcinoma,11.565
P0322,keyword,3,bilateral axillo-breast approach,bilateral axillo-breast approach,10.878
P0322,keyword,4,Total thyroidectomy,Total thyroidectomy,10.854
P0322,keyword,5,Thyroid cancer,Thyroid cancer,10.762
P0322,keyword,6,Thyroid Neoplasms,Thyroid Neoplasms,10.216
P0322,keyword,7,Thyroid,Thyroid,9.123
P0322,keyword,8,"Thyroid Cancer, Papillary","Thyroid Cancer, Papillary",8.48
P0322,keyword,9,Thyroid carcinoma,Thyroid carcinoma,8.345
P0322,keyword,10,robotic thyroidectomy,robotic thyroidectomy,7.953
P0322,keyword,11,multifocality,multifocality,7.824
P0322,keyword,12,extrathyroidal extension,extrathyroidal extension,7.659
P0322,technique,1,엑소좀·세포외소포,Exosomes / EVs,2.317
P0322,technique,2,임상시험,Clinical Trials,0.392
P0322,technique,3,머신러닝·AI,Machine Learning / AI,0.275
P0322,technique,4,생물정보·계산생물,Bioinformatics,0.058
P0124,keyword,1,Zinc Compounds,Zinc Compounds,4.245
P0124,keyword,2,lactoperoxidase,lactoperoxidase,4.219
P0124,keyword,3,salivary lysozyme,salivary lysozyme,4.085
P0124,keyword,4,zinc lactate,zinc lactate,3.932
P0124,keyword,5,candidacidal activity,candidacidal activity,3.829
P0124,keyword,6,zinc chloride,zinc chloride,3.74
P0124,keyword,7,Muramidase,Muramidase,3.596
P0124,keyword,8,zinc gluconate,zinc gluconate,3.485
P0124,keyword,9,Gluconates,Gluconates,3.266
P0124,keyword,10,Candida albicans,Candida albicans,2.707
P0124,keyword,11,zinc sulfate,zinc sulfate,2.707
P0124,keyword,12,Antifungal Agents,Antifungal Agents,2.389
P0078,keyword,1,tumor microenvironment,tumor microenvironment,10.687
P0078,keyword,2,Myeloid Cells,Myeloid Cells,10.659
P0078,keyword,3,Desmoplasia,Desmoplasia,10.357
P0078,keyword,4,macrophage polarization,macrophage polarization,8.852
P0078,keyword,5,Tumor-Associated Macrophages,Tumor-Associated Macrophages,7.981
P0078,keyword,6,placental growth factor,placental growth factor,7.946
P0078,keyword,7,Proteogenomics,Proteogenomics,7.811
P0078,keyword,8,pancreatic ductal adenocarcinoma,pancreatic ductal adenocarcinoma,7.781
P0078,keyword,9,tumor-associated myeloid cells,tumor-associated myeloid cells,7.409
P0078,keyword,10,Nicotinamide Phosphoribosyltransferase,Nicotinamide Phosphoribosyltransferase,6.77
P0078,keyword,11,monocarboxylate transport,monocarboxylate transport,6.705
P0078,keyword,12,NAMPT inhibitors,NAMPT inhibitors,6.339
P0078,technique,1,단일세포 분석,Single-cell Analysis,7.64
P0078,technique,2,형광·공초점 이미징,Fluorescence / Confocal Imaging,2.299
P0078,technique,3,항체 개발,Antibody Engineering,1.866
P0078,technique,4,RNA-seq·전사체,RNA-seq / Transcriptomics,1.288
P0078,technique,5,유전자변형 마우스,Genetically Modified Mice,1.195
P0078,technique,6,CAR-T·입양세포치료,CAR-T / Adoptive Cell Therapy,0.988
P0078,technique,7,나노입자·약물전달,Nanoparticles / Drug Delivery,0.947
P0078,technique,8,머신러닝·AI,Machine Learning / AI,0.929
P0992,keyword,1,proton pump inhibitors,proton pump inhibitors,10.21
P0992,keyword,2,Drug and Narcotic Control,Drug and Narcotic Control,8.878
P0992,keyword,3,potassium-competitive acid blocker,potassium-competitive acid blocker,7.259
P0992,keyword,4,Gastroesophageal Reflux,Gastroesophageal Reflux,7.08
P0992,keyword,5,illicit drugs,illicit drugs,7.031
P0992,keyword,6,Psychotropic Drugs,Psychotropic Drugs,6.197
P0992,keyword,7,periodic safety update reports,periodic safety update reports,6.189
P0992,keyword,8,risk evaluation and mitigation strategy,risk evaluation and mitigation strategy,6.059
P0992,keyword,9,Androgen Antagonists,Androgen Antagonists,5.859
P0992,keyword,10,Substance-Related Disorders,Substance-Related Disorders,5.633
P0992,keyword,11,pharmaceutical waste management,pharmaceutical waste management,5.529
P0992,keyword,12,acid suppression,acid suppression,5.421
P0992,technique,1,항체 개발,Antibody Engineering,1.321
P0992,technique,2,임상시험,Clinical Trials,0.698
P0045,keyword,1,Multifactorial Inheritance,Multifactorial Inheritance,1.108
P0045,keyword,2,"Heat-Shock Proteins, Small","Heat-Shock Proteins, Small",0.828
P0045,keyword,3,Genetic Linkage,Genetic Linkage,0.648
P0045,keyword,4,gene-environment interaction,gene-environment interaction,0.636
P0045,keyword,5,Disease Resistance,Disease Resistance,0.624
P0045,keyword,6,Quantitative Trait Loci,Quantitative Trait Loci,0.594
P0045,keyword,7,Nicotiana,Nicotiana,0.478
P0045,keyword,8,Association mapping,Association mapping,0.448
P0045,keyword,9,plant proteins,plant proteins,0.429
P0045,keyword,10,Heat-Shock Response,Heat-Shock Response,0.429
P0045,keyword,11,Genome,Genome,0.42
P0045,keyword,12,Quantitative trait locus,Quantitative trait locus,0.364
P0170,keyword,1,Whey Proteins,Whey Proteins,7.716
P0170,keyword,2,home modification,home modification,5.511
P0170,keyword,3,frailty,frailty,5.337
P0170,keyword,4,Needs Assessment,Needs Assessment,5.058
P0170,keyword,5,Independent Living,Independent Living,4.96
P0170,keyword,6,health care needs,health care needs,4.38
P0170,keyword,7,Aging in place,Aging in place,4.209
P0170,keyword,8,Classification Algorithms,Classification Algorithms,4.115
P0170,keyword,9,residential environment,residential environment,4.078
P0170,keyword,10,Lactobacillales,Lactobacillales,4.022
P0170,keyword,11,Sarcopenia,Sarcopenia,3.674
P0170,keyword,12,nutritional risk,nutritional risk,3.568
P0719,keyword,1,Selective catalytic reduction,Selective catalytic reduction,55.829
P0719,keyword,2,Catalysis,Catalysis,46.287
P0719,keyword,3,catalyst deactivation,catalyst deactivation,42.84
P0719,keyword,4,NH3-SCR,NH3-SCR,39.518
P0719,keyword,5,N2 selectivity,N2 selectivity,32.288
P0719,keyword,6,Brønsted acid sites,Brønsted acid sites,32.092
P0719,keyword,7,NOx,NOx,29.413
P0719,keyword,8,ZSM-5 zeolite,ZSM-5 zeolite,24.657
P0719,keyword,9,NOx removal,NOx removal,22.551
P0719,keyword,10,zeolite Y,zeolite Y,22.53
P0719,keyword,11,catalyst stability,catalyst stability,22.518
P0719,keyword,12,Inorganic chemistry,Inorganic chemistry,22.436
P0719,technique,1,나노입자·약물전달,Nanoparticles / Drug Delivery,8.034
P0719,technique,2,X선 결정학·구조분석,X-ray Crystallography,1.178
P0719,technique,3,전자현미경,Electron Microscopy,0.38
P0682,keyword,1,Aspergillus nidulans,Aspergillus nidulans,81.619
P0682,keyword,2,"Spores, Fungal","Spores, Fungal",66.534
P0682,keyword,3,Fungal Proteins,Fungal Proteins,55.082
P0682,keyword,4,"Gene Expression Regulation, Fungal","Gene Expression Regulation, Fungal",54.349
P0682,keyword,5,Aspergillus flavus,Aspergillus flavus,43.359
P0682,keyword,6,Conidiation,Conidiation,36.485
P0682,keyword,7,conidial germination,conidial germination,30.625
P0682,keyword,8,Sterigmatocystin,Sterigmatocystin,29.808
P0682,keyword,9,Aspergillus,Aspergillus,25.107
P0682,keyword,10,aflatoxins,aflatoxins,24.308
P0682,keyword,11,Aflatoxin B1,Aflatoxin B1,23.78
P0682,keyword,12,fungal development,fungal development,20.534
P0682,technique,1,RNA-seq·전사체,RNA-seq / Transcriptomics,4.854
P0682,technique,2,생물정보·계산생물,Bioinformatics,2.416
P0682,technique,3,단백체,Proteomics,1.485
P0682,technique,4,질량분석,Mass Spectrometry,0.385
P0824,keyword,1,Adsorption,Adsorption,27.481
P0824,keyword,2,Hydrotalcite,Hydrotalcite,22.948
P0824,keyword,3,Sorption,Sorption,20.148
P0824,keyword,4,Chemical engineering,Chemical engineering,17.745
P0824,keyword,5,CO2 capture,CO2 capture,17.57
P0824,keyword,6,solvent deasphalting,solvent deasphalting,13.603
P0824,keyword,7,Sorbent,Sorbent,13.346
P0824,keyword,8,Microporous material,Microporous material,12.149
P0824,keyword,9,polyethylene terephthalate,polyethylene terephthalate,10.765
P0824,keyword,10,syngas production,syngas production,10.681
P0824,keyword,11,KOH activation,KOH activation,10.403
P0824,keyword,12,porous carbon,porous carbon,10.275
P0824,technique,1,나노입자·약물전달,Nanoparticles / Drug Delivery,2.735
P0824,technique,2,X선 결정학·구조분석,X-ray Crystallography,0.834
P0824,technique,3,전자현미경,Electron Microscopy,0.809
P0824,technique,4,질량분석,Mass Spectrometry,0.669
P0824,technique,5,머신러닝·AI,Machine Learning / AI,0.625
P1102,keyword,1,Corynebacterium glutamicum,Corynebacterium glutamicum,30.395
P1102,keyword,2,metabolic engineering,metabolic engineering,19.329
P1102,keyword,3,biodegradable plastics,biodegradable plastics,12.376
P1102,keyword,4,5-aminovaleric acid,5-aminovaleric acid,12.014
P1102,keyword,5,poly(butylene adipate-co-terephthalate),poly(butylene adipate-co-terephthalate),12.009
P1102,keyword,6,Cupriavidus necator,Cupriavidus necator,11.546
P1102,keyword,7,terephthalic acid,terephthalic acid,10.606
P1102,keyword,8,bioproduction,bioproduction,10.454
P1102,keyword,9,biorefinery,biorefinery,9.629
P1102,keyword,10,precision fermentation,precision fermentation,9.435
P1102,keyword,11,Plastics,Plastics,9.222
P1102,keyword,12,butyl rubber,butyl rubber,9.134
P1102,technique,1,질량분석,Mass Spectrometry,0.34
P0139,keyword,1,outer membrane permeability barrier,outer membrane permeability barrier,12.848
P0139,keyword,2,periplasmic proteins,periplasmic proteins,12.485
P0139,keyword,3,type IV pili,type IV pili,11.234
P0139,keyword,4,antibiotic potentiation,antibiotic potentiation,8.906
P0139,keyword,5,N-Acetylmuramoyl-L-alanine Amidase,N-Acetylmuramoyl-L-alanine Amidase,8.878
P0139,keyword,6,inner membrane complex,inner membrane complex,8.774
P0139,keyword,7,MEPs,MEPs,8.597
P0139,keyword,8,pilus assembly,pilus assembly,8.088
P0139,keyword,9,Secretin,Secretin,7.716
P0139,keyword,10,"Fimbriae, Bacterial","Fimbriae, Bacterial",7.559
P0139,keyword,11,Peptidoglycan,Peptidoglycan,7.421
P0139,keyword,12,Cell Wall,Cell Wall,7.197
P0318,keyword,1,18F-FP-CIT PET,18F-FP-CIT PET,4.369
P0318,keyword,2,uterine mesenchymal tumors,uterine mesenchymal tumors,3.855
P0318,keyword,3,salivary gland uptake,salivary gland uptake,3.631
P0318,keyword,4,Uterine sarcoma,Uterine sarcoma,3.391
P0318,keyword,5,likelihood ratios,likelihood ratios,3.015
P0318,keyword,6,secondary parkinsonism,secondary parkinsonism,2.893
P0318,keyword,7,Parkinsonian Disorders,Parkinsonian Disorders,2.869
P0318,keyword,8,atypical parkinsonism,atypical parkinsonism,2.7
P0318,keyword,9,uterine fibroids,uterine fibroids,2.644
P0318,keyword,10,Tropanes,Tropanes,2.623
P0318,keyword,11,dual-phase imaging,dual-phase imaging,2.415
P0318,keyword,12,non-motor symptoms,non-motor symptoms,2.278
P0318,technique,1,MRI·PET 영상,MRI / PET Imaging,2.365
P0702,keyword,1,Chaperone-Mediated Autophagy,Chaperone-Mediated Autophagy,24.969
P0702,keyword,2,LAMP2A,LAMP2A,9.196
P0702,keyword,3,hepatic lipid metabolism,hepatic lipid metabolism,7.348
P0702,keyword,4,Autophagy,Autophagy,6.583
P0702,keyword,5,very low density lipoprotein secretion,very low density lipoprotein secretion,6.522
P0702,keyword,6,Glycine Hydroxymethyltransferase,Glycine Hydroxymethyltransferase,6.481
P0702,keyword,7,Diclofenac,Diclofenac,6.254
P0702,keyword,8,Hepatocytes,Hepatocytes,6.192
P0702,keyword,9,historical and cultural resources,historical and cultural resources,5.954
P0702,keyword,10,mitochondrial DNA release,mitochondrial DNA release,5.812
P0702,keyword,11,Changwon,Changwon,5.758
P0702,keyword,12,H-151,H-151,5.54
P0702,technique,1,유전자변형 마우스,Genetically Modified Mice,1.298
P0702,technique,2,웨스턴블롯,Western Blot,0.62
P0702,technique,3,전자현미경,Electron Microscopy,0.397
P0702,technique,4,RNA-seq·전사체,RNA-seq / Transcriptomics,0.36
P0702,technique,5,머신러닝·AI,Machine Learning / AI,0.249
P0702,technique,6,면역조직화학,Immunohistochemistry,0.106
P0641,keyword,1,Transcatheter Aortic Valve Replacement,Transcatheter Aortic Valve Replacement,3.736
P0641,keyword,2,Heart Valve Prosthesis,Heart Valve Prosthesis,3.272
P0641,keyword,3,coronary artery disease,coronary artery disease,3.236
P0641,keyword,4,Heart Valve Prosthesis Implantation,Heart Valve Prosthesis Implantation,3.219
P0641,keyword,5,asymptomatic men,asymptomatic men,3.004
P0641,keyword,6,Aortic Valve Stenosis,Aortic Valve Stenosis,2.932
P0641,keyword,7,Coronary angiography,Coronary angiography,2.57
P0641,keyword,8,atrial fibrillation,atrial fibrillation,2.556
P0641,keyword,9,Lp(a)-lowering therapy,Lp(a)-lowering therapy,2.507
P0641,keyword,10,"Angioplasty, Balloon, Coronary","Angioplasty, Balloon, Coronary",2.426
P0641,keyword,11,Platelet Function Tests,Platelet Function Tests,2.105
P0641,keyword,12,coronary artery calcium score,coronary artery calcium score,2.096
P0252,keyword,1,Biosensing Techniques,Biosensing Techniques,26.0
P0252,keyword,2,Bioreporter,Bioreporter,14.66
P0252,keyword,3,Escherichia coli,Escherichia coli,12.415
P0252,keyword,4,Operon,Operon,11.417
P0252,keyword,5,MarR,MarR,9.994
P0252,keyword,6,auxin response,auxin response,8.115
P0252,keyword,7,Genetic Engineering,Genetic Engineering,7.936
P0252,keyword,8,chemical sensors,chemical sensors,7.741
P0252,keyword,9,Transcription Factors,Transcription Factors,7.242
P0252,keyword,10,ZntA,ZntA,6.965
P0252,keyword,11,"Metals, Heavy","Metals, Heavy",6.744
P0252,keyword,12,biosensors,biosensors,6.655
P0252,technique,1,애기장대·식물 모델,Arabidopsis,5.272
P0252,technique,2,분자도킹·시뮬레이션,Molecular Docking / Dynamics,3.007
P0252,technique,3,나노입자·약물전달,Nanoparticles / Drug Delivery,1.598
P0252,technique,4,생물정보·계산생물,Bioinformatics,0.828
P0252,technique,5,초파리,Drosophila,0.557
P0252,technique,6,형광·공초점 이미징,Fluorescence / Confocal Imaging,0.497
P0252,technique,7,RNA-seq·전사체,RNA-seq / Transcriptomics,0.476
P0190,keyword,1,acetaldehyde dehydrogenase,acetaldehyde dehydrogenase,1.941
P0190,keyword,2,Bifidobacterium longum,Bifidobacterium longum,1.868
P0190,keyword,3,Lactiplantibacillus plantarum,Lactiplantibacillus plantarum,1.562
P0190,keyword,4,"Fatty Liver, Alcoholic","Fatty Liver, Alcoholic",1.398
P0190,keyword,5,ethanol-induced liver injury,ethanol-induced liver injury,1.328
P0190,keyword,6,Lactobacillus plantarum,Lactobacillus plantarum,1.221
P0190,keyword,7,Kupffer cells,Kupffer cells,1.068
P0190,keyword,8,Alcoholic fatty liver,Alcoholic fatty liver,1.066
P0190,keyword,9,Gastrointestinal Microbiome,Gastrointestinal Microbiome,0.926
P0190,keyword,10,Alcohol Dehydrogenase,Alcohol Dehydrogenase,0.92
P0190,keyword,11,NF-κB activation,NF-κB activation,0.916
P0190,keyword,12,tight junction proteins,tight junction proteins,0.906
P0340,keyword,1,opioid-sparing analgesia,opioid-sparing analgesia,12.883
P0340,keyword,2,psoas muscle index,psoas muscle index,11.572
P0340,keyword,3,rectus sheath block,rectus sheath block,10.589
P0340,keyword,4,ultrasound-guided nerve block,ultrasound-guided nerve block,9.875
P0340,keyword,5,rebound pain,rebound pain,9.315
P0340,keyword,6,Postoperative Pain,Postoperative Pain,8.789
P0340,keyword,7,"Injections, Epidural","Injections, Epidural",7.77
P0340,keyword,8,Ropivacaine,Ropivacaine,7.702
P0340,keyword,9,epidural blood patch,epidural blood patch,7.348
P0340,keyword,10,fentanyl consumption,fentanyl consumption,7.152
P0340,keyword,11,radical cystectomy,radical cystectomy,6.936
P0340,keyword,12,cerebrospinal fluid leak,cerebrospinal fluid leak,6.561
P0340,technique,1,나노입자·약물전달,Nanoparticles / Drug Delivery,0.717
P0340,technique,2,형광·공초점 이미징,Fluorescence / Confocal Imaging,0.49
P0340,technique,3,MRI·PET 영상,MRI / PET Imaging,0.375
P0340,technique,4,임상시험,Clinical Trials,0.143
P0340,technique,5,면역조직화학,Immunohistochemistry,0.079
P0340,technique,6,X선 결정학·구조분석,X-ray Crystallography,0.076
P0340,technique,7,머신러닝·AI,Machine Learning / AI,0.052
P0451,keyword,1,"Diabetes Mellitus, Type 1","Diabetes Mellitus, Type 1",9.013
P0451,keyword,2,Encephalomyocarditis virus,Encephalomyocarditis virus,8.98
P0451,keyword,3,Galectin 4,Galectin 4,8.702
P0451,keyword,4,Influenza Vaccines,Influenza Vaccines,7.556
P0451,keyword,5,Lymphocytic choriomeningitis virus,Lymphocytic choriomeningitis virus,7.457
P0451,keyword,6,internal ribosome entry site,internal ribosome entry site,6.891
P0451,keyword,7,Internal Ribosome Entry Sites,Internal Ribosome Entry Sites,6.571
P0451,keyword,8,Islets of Langerhans Transplantation,Islets of Langerhans Transplantation,6.468
P0451,keyword,9,"Mice, Inbred NOD","Mice, Inbred NOD",6.36
P0451,keyword,10,heterologous prime-boost,heterologous prime-boost,6.177
P0451,keyword,11,Hyperglycemia,Hyperglycemia,6.173
P0451,keyword,12,galectin-4,galectin-4,6.171
P0451,technique,1,RNA-seq·전사체,RNA-seq / Transcriptomics,2.568
P0451,technique,2,유전자변형 마우스,Genetically Modified Mice,1.889
P0451,technique,3,RNA 치료제·siRNA,RNA Therapeutics,1.575
P0451,technique,4,유세포분석,Flow Cytometry,0.62
P0451,technique,5,항체 개발,Antibody Engineering,0.462
P0451,technique,6,줄기세포·iPSC,Stem Cells / iPSC,0.128
P0451,technique,7,형광·공초점 이미징,Fluorescence / Confocal Imaging,0.095
P0451,technique,8,웨스턴블롯,Western Blot,0.066
P0582,keyword,1,9-cis-retinoic acid,9-cis-retinoic acid,6.942
P0582,keyword,2,Dermatology,Dermatology,6.217
P0582,keyword,3,Psoriasis,Psoriasis,6.11
P0582,keyword,4,biologic discontinuation,biologic discontinuation,5.378
P0582,keyword,5,Alopecia,Alopecia,4.53
P0582,keyword,6,Lamellar ichthyosis,Lamellar ichthyosis,4.068
P0582,keyword,7,predictors of treatment discontinuation,predictors of treatment discontinuation,3.97
P0582,keyword,8,prurigo nodularis,prurigo nodularis,3.876
P0582,keyword,9,secondary intracranial hypertension,secondary intracranial hypertension,3.746
P0582,keyword,10,Cosmetics,Cosmetics,3.689
P0582,keyword,11,ocular infection,ocular infection,3.436
P0582,keyword,12,biologic therapy,biologic therapy,3.226
P0582,technique,1,면역조직화학,Immunohistochemistry,0.553
P0582,technique,2,머신러닝·AI,Machine Learning / AI,0.187
P0743,keyword,1,figure of merit ZT,figure of merit ZT,36.054
P0743,keyword,2,n-type thermoelectric materials,n-type thermoelectric materials,35.863
P0743,keyword,3,lattice thermal conductivity,lattice thermal conductivity,35.068
P0743,keyword,4,power factor,power factor,30.758
P0743,keyword,5,SnSe,SnSe,29.442
P0743,keyword,6,Seebeck coefficient,Seebeck coefficient,21.553
P0743,keyword,7,lead selenide,lead selenide,20.055
P0743,keyword,8,Thermoelectric materials,Thermoelectric materials,19.334
P0743,keyword,9,polycrystalline SnSe,polycrystalline SnSe,14.753
P0743,keyword,10,Phonon scattering,Phonon scattering,13.988
P0743,keyword,11,copper doping,copper doping,13.587
P0743,keyword,12,carrier concentration,carrier concentration,13.287
P0743,technique,1,X선 결정학·구조분석,X-ray Crystallography,3.029
P0743,technique,2,나노입자·약물전달,Nanoparticles / Drug Delivery,1.994
P0743,technique,3,머신러닝·AI,Machine Learning / AI,0.297
P0743,technique,4,전자현미경,Electron Microscopy,0.224
P0743,technique,5,MRI·PET 영상,MRI / PET Imaging,0.135
P1100,keyword,1,facial index,facial index,15.412
P1100,keyword,2,cone-beam computed tomography,cone-beam computed tomography,13.583
P1100,keyword,3,Spiral Cone-Beam Computed Tomography,Spiral Cone-Beam Computed Tomography,12.513
P1100,keyword,4,teduglutide,teduglutide,12.359
P1100,keyword,5,nasal index,nasal index,11.605
P1100,keyword,6,hydrophobic ion pairing,hydrophobic ion pairing,9.42
P1100,keyword,7,Maxillary Sinus,Maxillary Sinus,8.783
P1100,keyword,8,peptide encapsulation,peptide encapsulation,8.174
P1100,keyword,9,forensic identification,forensic identification,7.689
P1100,keyword,10,phytic acid,phytic acid,6.591
P1100,keyword,11,nanoemulsions,nanoemulsions,5.764
P1100,keyword,12,nasal morphology,nasal morphology,5.73
P0215,keyword,1,Plant Gums,Plant Gums,9.762
P0215,keyword,2,Tamarindus,Tamarindus,8.734
P0215,keyword,3,Risedronic Acid,Risedronic Acid,8.337
P0215,keyword,4,bioavailability enhancement,bioavailability enhancement,6.941
P0215,keyword,5,disease pathobiology,disease pathobiology,6.621
P0215,keyword,6,cochleates,cochleates,6.529
P0215,keyword,7,Galactans,Galactans,6.125
P0215,keyword,8,tegoprazan,tegoprazan,6.054
P0215,keyword,9,Polysaccharides,Polysaccharides,5.999
P0215,keyword,10,tamarind seed polysaccharide,tamarind seed polysaccharide,5.805
P0215,keyword,11,Tamarindus indica,Tamarindus indica,5.794
P0215,keyword,12,crystallization suppression,crystallization suppression,5.773
P0215,technique,1,나노입자·약물전달,Nanoparticles / Drug Delivery,8.43
P0664,keyword,1,Work-Life Balance,Work-Life Balance,27.975
P0664,keyword,2,employee well-being,employee well-being,19.412
P0664,keyword,3,pulse width modulation,pulse width modulation,11.89
P0664,keyword,4,Pulse-width modulation,Pulse-width modulation,9.966
P0664,keyword,5,thermal loading,thermal loading,9.118
P0664,keyword,6,vehicle-to-everything communication,vehicle-to-everything communication,8.675
P0664,keyword,7,Total harmonic distortion,Total harmonic distortion,8.664
P0664,keyword,8,life satisfaction,life satisfaction,8.624
P0664,keyword,9,GPS,GPS,8.041
P0664,keyword,10,circulating current suppression,circulating current suppression,8.037
P0664,keyword,11,integrated antenna design,integrated antenna design,8.022
P0664,keyword,12,LTE-R,LTE-R,7.925
P0664,technique,1,X선 결정학·구조분석,X-ray Crystallography,0.281
P0664,technique,2,머신러닝·AI,Machine Learning / AI,0.197
P0048,keyword,1,human platelet lysate,human platelet lysate,1.42
P0048,keyword,2,rabbit osteoarthritis model,rabbit osteoarthritis model,1.351
P0048,keyword,3,Plant Immunity,Plant Immunity,0.948
P0048,keyword,4,MSC secretome,MSC secretome,0.886
P0048,keyword,5,insulin-like growth factor II,insulin-like growth factor II,0.791
P0048,keyword,6,intra-articular injection,intra-articular injection,0.781
P0048,keyword,7,senescence-associated secretory phenotype,senescence-associated secretory phenotype,0.7
P0048,keyword,8,Pathogen-Associated Molecular Pattern Molecules,Pathogen-Associated Molecular Pattern Molecules,0.63
P0048,keyword,9,Nonsense Mediated mRNA Decay,Nonsense Mediated mRNA Decay,0.58
P0048,keyword,10,Pseudomonas syringae,Pseudomonas syringae,0.497
P0048,keyword,11,Osteoarthritis,Osteoarthritis,0.424
P0048,keyword,12,Thermotolerance,Thermotolerance,0.397
P0048,technique,1,애기장대·식물 모델,Arabidopsis,0.614
P0691,keyword,1,hormone-resistant breast cancer,hormone-resistant breast cancer,24.944
P0691,keyword,2,memory of chirality,memory of chirality,20.158
P0691,keyword,3,total synthesis,total synthesis,19.6
P0691,keyword,4,asymmetric total synthesis,asymmetric total synthesis,16.701
P0691,keyword,5,Stereoisomerism,Stereoisomerism,14.714
P0691,keyword,6,Chirality (physics),Chirality (physics),14.031
P0691,keyword,7,dynamic kinetic resolution,dynamic kinetic resolution,12.519
P0691,keyword,8,stilbene derivatives,stilbene derivatives,12.128
P0691,keyword,9,intramolecular aldol reaction,intramolecular aldol reaction,11.678
P0691,keyword,10,Biological Products,Biological Products,11.344
P0691,keyword,11,Stereochemistry,Stereochemistry,11.202
P0691,keyword,12,Cyclization,Cyclization,10.116
P0691,technique,1,X선 결정학·구조분석,X-ray Crystallography,7.344
P0691,technique,2,분자도킹·시뮬레이션,Molecular Docking / Dynamics,3.958
P0691,technique,3,머신러닝·AI,Machine Learning / AI,3.344
P0691,technique,4,애기장대·식물 모델,Arabidopsis,1.529
P0691,technique,5,나노입자·약물전달,Nanoparticles / Drug Delivery,1.32
P0691,technique,6,종양 이종이식 모델,Xenograft Models,1.198
P0691,technique,7,질량분석,Mass Spectrometry,0.74
P0691,technique,8,RNA-seq·전사체,RNA-seq / Transcriptomics,0.717
P0327,keyword,1,Lung transplantation,Lung transplantation,7.074
P0327,keyword,2,vegetation greenness,vegetation greenness,4.864
P0327,keyword,3,pack-years,pack-years,4.208
P0327,keyword,4,Ozone,Ozone,3.99
P0327,keyword,5,NDVI,NDVI,3.741
P0327,keyword,6,chronic obstructive pulmonary disease,chronic obstructive pulmonary disease,3.662
P0327,keyword,7,never smokers,never smokers,3.519
P0327,keyword,8,air pollution,air pollution,3.118
P0327,keyword,9,aspiration pneumonia,aspiration pneumonia,3.099
P0327,keyword,10,young smokers,young smokers,2.973
P0327,keyword,11,long-term air pollution exposure,long-term air pollution exposure,2.913
P0327,keyword,12,Environmental Exposure,Environmental Exposure,2.91
P0327,technique,1,분자도킹·시뮬레이션,Molecular Docking / Dynamics,0.221
P0327,technique,2,생물정보·계산생물,Bioinformatics,0.089
P0335,keyword,1,Problem-based learning,Problem-based learning,2.864
P0335,keyword,2,team-based learning,team-based learning,2.493
P0335,keyword,3,Group Processes,Group Processes,2.084
P0335,keyword,4,"Education, Medical, Undergraduate","Education, Medical, Undergraduate",1.802
P0335,keyword,5,medical students,medical students,1.641
P0335,keyword,6,"Students, Medical","Students, Medical",1.368
P0335,keyword,7,history of medical education,history of medical education,1.335
P0335,keyword,8,OSCE,OSCE,1.301
P0335,keyword,9,medical simulation center,medical simulation center,1.263
P0335,keyword,10,faculty development,faculty development,1.251
P0335,keyword,11,medical education accreditation,medical education accreditation,1.229
P0335,keyword,12,"Schools, Medical","Schools, Medical",1.201
P0257,keyword,1,Influenza in Birds,Influenza in Birds,87.997
P0257,keyword,2,Poultry Diseases,Poultry Diseases,71.364
P0257,keyword,3,Infectious bronchitis virus,Infectious bronchitis virus,53.454
P0257,keyword,4,Chickens,Chickens,50.008
P0257,keyword,5,Influenza A virus subtype H5N1,Influenza A virus subtype H5N1,46.904
P0257,keyword,6,Newcastle disease virus,Newcastle disease virus,40.778
P0257,keyword,7,Newcastle disease,Newcastle disease,40.105
P0257,keyword,8,"Animals, Wild","Animals, Wild",35.155
P0257,keyword,9,Viral Vaccines,Viral Vaccines,34.313
P0257,keyword,10,Influenza A virus,Influenza A virus,31.14
P0257,keyword,11,"Influenza A Virus, H5N1 Subtype","Influenza A Virus, H5N1 Subtype",30.759
P0257,keyword,12,Ducks,Ducks,29.089
P0257,technique,1,차세대 시퀀싱(NGS),Next-generation Sequencing,6.7
P0257,technique,2,ELISA,ELISA,2.907
P0257,technique,3,qPCR,Real-time PCR,2.364
P0257,technique,4,RNA-seq·전사체,RNA-seq / Transcriptomics,1.782
P0257,technique,5,항체 개발,Antibody Engineering,1.379
P0257,technique,6,유전자변형 마우스,Genetically Modified Mice,1.351
P0257,technique,7,나노입자·약물전달,Nanoparticles / Drug Delivery,1.195
P0257,technique,8,전자현미경,Electron Microscopy,0.764
P1053,keyword,1,mushroom tyrosinase,mushroom tyrosinase,20.658
P1053,keyword,2,tyrosinase inhibitors,tyrosinase inhibitors,17.676
P1053,keyword,3,Monophenol Monooxygenase,Monophenol Monooxygenase,16.414
P1053,keyword,4,kojic acid,kojic acid,15.109
P1053,keyword,5,B16F10 melanoma cells,B16F10 melanoma cells,14.686
P1053,keyword,6,Agaricales,Agaricales,14.28
P1053,keyword,7,Melanins,Melanins,13.644
P1053,keyword,8,Sodium-Glucose Transporter 2 Inhibitors,Sodium-Glucose Transporter 2 Inhibitors,11.508
P1053,keyword,9,melanogenesis inhibition,melanogenesis inhibition,7.933
P1053,keyword,10,prescribing patterns,prescribing patterns,7.316
P1053,keyword,11,Enzyme Inhibitors,Enzyme Inhibitors,7.309
P1053,keyword,12,Pyrones,Pyrones,7.16
P1053,technique,1,분자도킹·시뮬레이션,Molecular Docking / Dynamics,8.136
P1053,technique,2,제브라피시,Zebrafish,3.7
P1053,technique,3,생물정보·계산생물,Bioinformatics,0.397
P1053,technique,4,웨스턴블롯,Western Blot,0.123
P1037,keyword,1,Mycobacterium tuberculosis,Mycobacterium tuberculosis,6.16
P1037,keyword,2,"Tuberculosis, Multidrug-Resistant","Tuberculosis, Multidrug-Resistant",5.502
P1037,keyword,3,Probiotics,Probiotics,5.482
P1037,keyword,4,extensively drug-resistant tuberculosis,extensively drug-resistant tuberculosis,4.95
P1037,keyword,5,antitubercular activity,antitubercular activity,4.3
P1037,keyword,6,Antitubercular Agents,Antitubercular Agents,4.027
P1037,keyword,7,drug-resistant tuberculosis,drug-resistant tuberculosis,3.778
P1037,keyword,8,Bacillus,Bacillus,3.671
P1037,keyword,9,membrane vesicles,membrane vesicles,3.456
P1037,keyword,10,Microbiota,Microbiota,3.373
P1037,keyword,11,Mycobacterium tuberculosis H37Rv,Mycobacterium tuberculosis H37Rv,3.263
P1037,keyword,12,microbiota-based therapy,microbiota-based therapy,2.992
P1037,technique,1,엑소좀·세포외소포,Exosomes / EVs,3.286
P0791,keyword,1,Claustrum,Claustrum,45.023
P0791,keyword,2,temporal integration,temporal integration,42.094
P0791,keyword,3,synergistic information,synergistic information,36.315
P0791,keyword,4,neural trajectories,neural trajectories,28.325
P0791,keyword,5,Fear,Fear,25.151
P0791,keyword,6,nonlinear integration,nonlinear integration,23.393
P0791,keyword,7,population activity,population activity,22.828
P0791,keyword,8,attractor dynamics,attractor dynamics,18.879
P0791,keyword,9,information broadcasting,information broadcasting,13.905
P0791,keyword,10,Amygdala,Amygdala,12.993
P0791,keyword,11,"Conditioning, Psychological","Conditioning, Psychological",12.931
P0791,keyword,12,"Conditioning, Classical","Conditioning, Classical",12.678
P0791,technique,1,전기생리,Electrophysiology,7.515
P0791,technique,2,머신러닝·AI,Machine Learning / AI,6.57
P0791,technique,3,광유전학,Optogenetics,3.412
P0791,technique,4,유전자변형 마우스,Genetically Modified Mice,0.897
P0791,technique,5,질량분석,Mass Spectrometry,0.722
P0791,technique,6,단백체,Proteomics,0.66
P0791,technique,7,RNA 치료제·siRNA,RNA Therapeutics,0.161
P0791,technique,8,생물정보·계산생물,Bioinformatics,0.153
P0912,keyword,1,cancer metabolism,cancer metabolism,9.096
P0912,keyword,2,Citric acid cycle,Citric acid cycle,8.42
P0912,keyword,3,nutrient availability,nutrient availability,8.034
P0912,keyword,4,Lipolysis,Lipolysis,4.593
P0912,keyword,5,anticancer drug repurposing,anticancer drug repurposing,4.522
P0912,keyword,6,Hyperlactatemia,Hyperlactatemia,4.447
P0912,keyword,7,HCAR1,HCAR1,3.969
P0912,keyword,8,treatment response,treatment response,3.904
P0912,keyword,9,circulating fatty acids,circulating fatty acids,3.718
P0912,keyword,10,insulin signaling,insulin signaling,3.663
P0912,keyword,11,Metabolic flux analysis,Metabolic flux analysis,3.594
P0912,keyword,12,Lactic acid,Lactic acid,3.575
P0912,technique,1,대사체·지질체,Metabolomics / Lipidomics,5.068
P0912,technique,2,질량분석,Mass Spectrometry,1.82
P0912,technique,3,CAR-T·입양세포치료,CAR-T / Adoptive Cell Therapy,1.601
P0912,technique,4,CRISPR 유전자편집,CRISPR Gene Editing,1.235
P0912,technique,5,유전자변형 마우스,Genetically Modified Mice,1.069
P0912,technique,6,머신러닝·AI,Machine Learning / AI,0.445
P0912,technique,7,생물정보·계산생물,Bioinformatics,0.257
P0455,keyword,1,limb salvage,limb salvage,6.142
P0455,keyword,2,stent size,stent size,5.549
P0455,keyword,3,Urinary Diversion,Urinary Diversion,5.306
P0455,keyword,4,metatarsal osteotomy,metatarsal osteotomy,5.259
P0455,keyword,5,AOFAS score,AOFAS score,4.95
P0455,keyword,6,orthotopic neobladder,orthotopic neobladder,4.715
P0455,keyword,7,Osteosarcoma,Osteosarcoma,4.709
P0455,keyword,8,double-J stent,double-J stent,4.694
P0455,keyword,9,hallux valgus,hallux valgus,4.671
P0455,keyword,10,ureteral stricture,ureteral stricture,4.598
P0455,keyword,11,Blood transfusion,Blood transfusion,4.214
P0455,keyword,12,Bone Neoplasms,Bone Neoplasms,4.057
P0455,technique,1,MRI·PET 영상,MRI / PET Imaging,0.377
P0923,keyword,1,Kelch-Like ECH-Associated Protein 1,Kelch-Like ECH-Associated Protein 1,16.3
P0923,keyword,2,NF-E2-Related Factor 2,NF-E2-Related Factor 2,14.142
P0923,keyword,3,Sequestosome-1 Protein,Sequestosome-1 Protein,11.913
P0923,keyword,4,ezetimibe,ezetimibe,11.823
P0923,keyword,5,KEAP1,KEAP1,10.818
P0923,keyword,6,Autophagy,Autophagy,10.152
P0923,keyword,7,mTORC1,mTORC1,9.893
P0923,keyword,8,lipotoxicity,lipotoxicity,7.653
P0923,keyword,9,Steatohepatitis,Steatohepatitis,6.037
P0923,keyword,10,myofibroblast differentiation,myofibroblast differentiation,6.009
P0923,keyword,11,bleomycin-induced lung fibrosis,bleomycin-induced lung fibrosis,5.881
P0923,keyword,12,lung fibroblasts,lung fibroblasts,5.63
P0923,technique,1,유전자변형 마우스,Genetically Modified Mice,2.36
P0923,technique,2,RNA 치료제·siRNA,RNA Therapeutics,0.842
P0923,technique,3,나노입자·약물전달,Nanoparticles / Drug Delivery,0.484
P0463,keyword,1,pentagastrin,pentagastrin,10.319
P0463,keyword,2,African Swine Fever,African Swine Fever,8.485
P0463,keyword,3,African Swine Fever Virus,African Swine Fever Virus,8.347
P0463,keyword,4,interleukin-1 receptor signaling,interleukin-1 receptor signaling,7.102
P0463,keyword,5,IRAK4 inhibitor,IRAK4 inhibitor,6.192
P0463,keyword,6,cangrelor,cangrelor,6.097
P0463,keyword,7,fostamatinib,fostamatinib,6.087
P0463,keyword,8,MM-PBSA,MM-PBSA,5.578
P0463,keyword,9,Puromycin,Puromycin,5.388
P0463,keyword,10,puromycin resistance,puromycin resistance,5.197
P0463,keyword,11,IRAK4,IRAK4,4.854
P0463,keyword,12,detection speed,detection speed,4.178
P0463,technique,1,분자도킹·시뮬레이션,Molecular Docking / Dynamics,8.296
P0463,technique,2,머신러닝·AI,Machine Learning / AI,2.879
P0463,technique,3,생물정보·계산생물,Bioinformatics,0.583
P0463,technique,4,전자현미경,Electron Microscopy,0.088
P0463,technique,5,RNA-seq·전사체,RNA-seq / Transcriptomics,0.079
P0196,keyword,1,RNA Polymerase II,RNA Polymerase II,13.644
P0196,keyword,2,Base Pairing,Base Pairing,10.301
P0196,keyword,3,transcription-coupled repair,transcription-coupled repair,7.854
P0196,keyword,4,"Transcription, Genetic","Transcription, Genetic",7.801
P0196,keyword,5,unnatural base pairs,unnatural base pairs,7.246
P0196,keyword,6,polyethylene oxidation,polyethylene oxidation,5.514
P0196,keyword,7,DNA-Directed RNA Polymerases,DNA-Directed RNA Polymerases,5.463
P0196,keyword,8,Escherichia coli RNA polymerase,Escherichia coli RNA polymerase,5.319
P0196,keyword,9,FMN cofactor,FMN cofactor,5.047
P0196,keyword,10,Rad26,Rad26,4.764
P0196,keyword,11,Guanine,Guanine,4.675
P0196,keyword,12,DNA Damage,DNA Damage,4.428
P0196,technique,1,크라이오전자현미경,Cryo-EM,6.5
P0196,technique,2,X선 결정학·구조분석,X-ray Crystallography,4.158
P0196,technique,3,분자도킹·시뮬레이션,Molecular Docking / Dynamics,4.078
P0196,technique,4,애기장대·식물 모델,Arabidopsis,1.781
P0196,technique,5,생물정보·계산생물,Bioinformatics,0.722
P0196,technique,6,단일세포 분석,Single-cell Analysis,0.515
P0196,technique,7,RNA-seq·전사체,RNA-seq / Transcriptomics,0.265
P0753,keyword,1,Adipocytes,Adipocytes,33.183
P0753,keyword,2,Adipose Tissue,Adipose Tissue,32.552
P0753,keyword,3,Thermogenesis,Thermogenesis,23.471
P0753,keyword,4,Obesity,Obesity,23.045
P0753,keyword,5,Natural Killer T-Cells,Natural Killer T-Cells,20.276
P0753,keyword,6,White adipose tissue,White adipose tissue,19.931
P0753,keyword,7,adipose tissue inflammation,adipose tissue inflammation,19.16
P0753,keyword,8,invariant natural killer T cells,invariant natural killer T cells,18.584
P0753,keyword,9,Insulin Resistance,Insulin Resistance,17.939
P0753,keyword,10,"Adipocytes, Beige","Adipocytes, Beige",17.216
P0753,keyword,11,beige adipocytes,beige adipocytes,16.439
P0753,keyword,12,adipose tissue homeostasis,adipose tissue homeostasis,16.393
P0753,technique,1,예쁜꼬마선충,C. elegans,11.579
P0753,technique,2,유전자변형 마우스,Genetically Modified Mice,8.906
P0753,technique,3,단일세포 분석,Single-cell Analysis,3.166
P0753,technique,4,웨스턴블롯,Western Blot,3.041
P0753,technique,5,후성유전 분석,Epigenomics (ChIP/ATAC-seq),2.984
P0753,technique,6,qPCR,Real-time PCR,2.624
P0753,technique,7,RNA-seq·전사체,RNA-seq / Transcriptomics,2.301
P0753,technique,8,RNA 치료제·siRNA,RNA Therapeutics,2.103
P0737,keyword,1,all-solid-state batteries,all-solid-state batteries,34.884
P0737,keyword,2,Li6PS5Cl,Li6PS5Cl,27.356
P0737,keyword,3,sulfide solid electrolytes,sulfide solid electrolytes,22.624
P0737,keyword,4,Electrochemistry,Electrochemistry,19.402
P0737,keyword,5,Cathode,Cathode,18.066
P0737,keyword,6,Electrolyte,Electrolyte,16.73
P0737,keyword,7,cathode materials,cathode materials,15.968
P0737,keyword,8,lithium metal batteries,lithium metal batteries,14.996
P0737,keyword,9,interfacial degradation,interfacial degradation,14.736
P0737,keyword,10,Zn-MnO2 batteries,Zn-MnO2 batteries,13.836
P0737,keyword,11,Lithium (medication),Lithium (medication),12.652
P0737,keyword,12,lithium metal anode,lithium metal anode,12.114
P0737,technique,1,나노입자·약물전달,Nanoparticles / Drug Delivery,2.705
P0737,technique,2,X선 결정학·구조분석,X-ray Crystallography,1.734
P0737,technique,3,전자현미경,Electron Microscopy,0.1
P1044,keyword,1,Streptolysins,Streptolysins,8.594
P1044,keyword,2,cholesterol-dependent cytolysins,cholesterol-dependent cytolysins,6.661
P1044,keyword,3,streptolysin O,streptolysin O,6.631
P1044,keyword,4,lactate oxidase,lactate oxidase,6.305
P1044,keyword,5,NanoLuc luciferase,NanoLuc luciferase,5.222
P1044,keyword,6,charge storage mechanism,charge storage mechanism,5.012
P1044,keyword,7,Nanocages,Nanocages,4.544
P1044,keyword,8,doxorubicin delivery,doxorubicin delivery,3.827
P1044,keyword,9,manganese dioxide,manganese dioxide,3.649
P1044,keyword,10,aqueous zinc-ion batteries,aqueous zinc-ion batteries,3.564
P1044,keyword,11,structural evolution,structural evolution,3.528
P1044,keyword,12,endosomal escape,endosomal escape,3.329
P1044,technique,1,나노입자·약물전달,Nanoparticles / Drug Delivery,3.082
P1044,technique,2,엑소좀·세포외소포,Exosomes / EVs,1.259
P0741,keyword,1,bulk-fill composites,bulk-fill composites,11.432
P0741,keyword,2,dental composites,dental composites,7.888
P0741,keyword,3,Composite Resins,Composite Resins,7.454
P0741,keyword,4,Dental Cavity Preparation,Dental Cavity Preparation,7.346
P0741,keyword,5,microhybrid composite,microhybrid composite,7.258
P0741,keyword,6,cuspal deflection,cuspal deflection,6.814
P0741,keyword,7,"Dental Restoration, Permanent","Dental Restoration, Permanent",6.532
P0741,keyword,8,radiant emittance,radiant emittance,6.459
P0741,keyword,9,LED curing light,LED curing light,5.629
P0741,keyword,10,Tooth Crown,Tooth Crown,5.46
P0741,keyword,11,Dental Leakage,Dental Leakage,5.022
P0741,keyword,12,Smear Layer,Smear Layer,4.402
P0741,technique,1,전자현미경,Electron Microscopy,0.833
P0009,keyword,1,"Killer Cells, Natural","Killer Cells, Natural",8.919
P0009,keyword,2,NK cell expansion,NK cell expansion,4.833
P0009,keyword,3,Feeder Cells,Feeder Cells,4.819
P0009,keyword,4,surface nanotopography,surface nanotopography,4.735
P0009,keyword,5,feeder-free culture,feeder-free culture,4.135
P0009,keyword,6,cytokine induction,cytokine induction,4.053
P0009,keyword,7,adoptive immunotherapy,adoptive immunotherapy,3.906
P0009,keyword,8,blood components,blood components,3.485
P0009,keyword,9,cytoskeletal tension,cytoskeletal tension,3.431
P0009,keyword,10,natural killer cells,natural killer cells,2.772
P0009,keyword,11,Cell Culture Techniques,Cell Culture Techniques,2.53
P0009,keyword,12,Photoresist,Photoresist,2.526
P0009,technique,1,CAR-T·입양세포치료,CAR-T / Adoptive Cell Therapy,5.95
P0009,technique,2,하이드로젤·스캐폴드,Hydrogels / Scaffolds,3.676
P0009,technique,3,나노입자·약물전달,Nanoparticles / Drug Delivery,1.59
P0009,technique,4,유세포분석,Flow Cytometry,1.206
P0760,keyword,1,pyroptosis,pyroptosis,31.83
P0760,keyword,2,PANoptosis,PANoptosis,31.142
P0760,keyword,3,inflammatory cell death,inflammatory cell death,23.858
P0760,keyword,4,Necroptosis,Necroptosis,22.009
P0760,keyword,5,ZBP1,ZBP1,20.63
P0760,keyword,6,Inflammasomes,Inflammasomes,18.879
P0760,keyword,7,"NLR Family, Pyrin Domain-Containing 3 Protein","NLR Family, Pyrin Domain-Containing 3 Protein",16.127
P0760,keyword,8,Inflammasome,Inflammasome,14.443
P0760,keyword,9,AIM2,AIM2,14.039
P0760,keyword,10,inflammation,inflammation,13.15
P0760,keyword,11,cytokine release syndrome,cytokine release syndrome,11.967
P0760,keyword,12,cytokine storm,cytokine storm,11.938
P0760,technique,1,유전자변형 마우스,Genetically Modified Mice,3.519
P0760,technique,2,종양 이종이식 모델,Xenograft Models,1.757
P0760,technique,3,웨스턴블롯,Western Blot,0.347
P0760,technique,4,RNA-seq·전사체,RNA-seq / Transcriptomics,0.309
P0760,technique,5,생물정보·계산생물,Bioinformatics,0.094
P0534,keyword,1,Hashimoto's encephalopathy,Hashimoto's encephalopathy,14.952
P0534,keyword,2,Myoclonus,Myoclonus,10.143
P0534,keyword,3,thyroid autoantibodies,thyroid autoantibodies,9.882
P0534,keyword,4,nonconvulsive status epilepticus,nonconvulsive status epilepticus,8.45
P0534,keyword,5,anticonvulsant therapy,anticonvulsant therapy,7.871
P0534,keyword,6,cerebral salt wasting syndrome,cerebral salt wasting syndrome,5.981
P0534,keyword,7,antimicrosomal antibodies,antimicrosomal antibodies,5.812
P0534,keyword,8,Hashimoto Disease,Hashimoto Disease,5.811
P0534,keyword,9,Status epilepticus,Status epilepticus,5.802
P0534,keyword,10,autoimmune thyroid disease,autoimmune thyroid disease,5.101
P0534,keyword,11,letter-by-letter reading,letter-by-letter reading,4.897
P0534,keyword,12,syndrome of inappropriate antidiuretic hormone secretion,syndrome of inappropriate antidiuretic hormone secretion,4.866
P0534,technique,1,MRI·PET 영상,MRI / PET Imaging,1.972
P0534,technique,2,머신러닝·AI,Machine Learning / AI,0.269
P0670,keyword,1,Solitary Fibrous Tumors,Solitary Fibrous Tumors,8.211
P0670,keyword,2,Myeloid Progenitor Cells,Myeloid Progenitor Cells,5.291
P0670,keyword,3,STAT6 Transcription Factor,STAT6 Transcription Factor,4.625
P0670,keyword,4,Myeloid-Lymphoid Leukemia Protein,Myeloid-Lymphoid Leukemia Protein,4.13
P0670,keyword,5,"Gene Expression Regulation, Leukemic","Gene Expression Regulation, Leukemic",3.85
P0670,keyword,6,"Oncogene Proteins, Fusion","Oncogene Proteins, Fusion",3.527
P0670,keyword,7,Myeloid leukemia,Myeloid leukemia,3.359
P0670,keyword,8,solitary fibrous tumor,solitary fibrous tumor,3.231
P0670,keyword,9,YKL-40,YKL-40,3.163
P0670,keyword,10,gamma-tocotrienol,gamma-tocotrienol,2.879
P0670,keyword,11,lettuce cultivation,lettuce cultivation,2.861
P0670,keyword,12,TRIB2,TRIB2,2.833
P0670,technique,1,RNA-seq·전사체,RNA-seq / Transcriptomics,1.936
P0670,technique,2,유전자변형 마우스,Genetically Modified Mice,1.155
P0670,technique,3,나노입자·약물전달,Nanoparticles / Drug Delivery,0.887
P0670,technique,4,항체 개발,Antibody Engineering,0.551
P0670,technique,5,제브라피시,Zebrafish,0.47
P0670,technique,6,웨스턴블롯,Western Blot,0.453
P0670,technique,7,생물정보·계산생물,Bioinformatics,0.294
P0670,technique,8,종양 이종이식 모델,Xenograft Models,0.264
P0486,keyword,1,Bombyx mori,Bombyx mori,10.38
P0486,keyword,2,Xanthohumol,Xanthohumol,9.813
P0486,keyword,3,silkworm powder,silkworm powder,9.217
P0486,keyword,4,Propiophenones,Propiophenones,9.118
P0486,keyword,5,ethanol-induced gastric injury,ethanol-induced gastric injury,7.992
P0486,keyword,6,Colitis-Associated Neoplasms,Colitis-Associated Neoplasms,7.031
P0486,keyword,7,Kelch-Like ECH-Associated Protein 1,Kelch-Like ECH-Associated Protein 1,6.879
P0486,keyword,8,Milyang,Milyang,6.523
P0486,keyword,9,Diethylnitrosamine,Diethylnitrosamine,6.501
P0486,keyword,10,Helicobacter pylori,Helicobacter pylori,6.411
P0486,keyword,11,tillering stage,tillering stage,6.333
P0486,keyword,12,climate-resilient breeding,climate-resilient breeding,6.078
P0486,technique,1,유전자변형 마우스,Genetically Modified Mice,0.95
P0486,technique,2,RNA-seq·전사체,RNA-seq / Transcriptomics,0.873
P0486,technique,3,X선 결정학·구조분석,X-ray Crystallography,0.687
P0486,technique,4,질량분석,Mass Spectrometry,0.336
P0486,technique,5,머신러닝·AI,Machine Learning / AI,0.328
P0486,technique,6,웨스턴블롯,Western Blot,0.276
P0486,technique,7,RNA 치료제·siRNA,RNA Therapeutics,0.197
P0486,technique,8,단백체,Proteomics,0.102
P1033,keyword,1,genome editing,genome editing,10.714
P1033,keyword,2,TnpB,TnpB,5.318
P1033,keyword,3,Guide RNA,Guide RNA,4.669
P1033,keyword,4,transposase,transposase,3.726
P1033,keyword,5,DNA Cleavage,DNA Cleavage,3.703
P1033,keyword,6,attribute-based encryption,attribute-based encryption,3.556
P1033,keyword,7,Clustered Regularly Interspaced Short Palindromic Repeats,Clustered Regularly Interspaced Short Palindromic Repeats,3.538
P1033,keyword,8,"DNA Breaks, Double-Stranded","DNA Breaks, Double-Stranded",2.895
P1033,keyword,9,genome rearrangement,genome rearrangement,2.813
P1033,keyword,10,single-nucleotide editing,single-nucleotide editing,2.515
P1033,keyword,11,Dependovirus,Dependovirus,2.491
P1033,keyword,12,Fear,Fear,2.252
P1033,technique,1,CRISPR 유전자편집,CRISPR Gene Editing,16.357
P1033,technique,2,생물정보·계산생물,Bioinformatics,1.425
P1033,technique,3,전기생리,Electrophysiology,1.021
P1033,technique,4,유전자변형 마우스,Genetically Modified Mice,0.224
P0940,keyword,1,Natural Killer T-Cells,Natural Killer T-Cells,7.27
P0940,keyword,2,invariant natural killer T cells,invariant natural killer T cells,6.891
P0940,keyword,3,Adipocytes,Adipocytes,6.789
P0940,keyword,4,Obesity,Obesity,5.368
P0940,keyword,5,TBK1,TBK1,5.334
P0940,keyword,6,Steatohepatitis,Steatohepatitis,5.077
P0940,keyword,7,mitophagy,mitophagy,5.073
P0940,keyword,8,Adipose Tissue,Adipose Tissue,4.895
P0940,keyword,9,adipose tissue inflammation,adipose tissue inflammation,4.812
P0940,keyword,10,Protein Serine-Threonine Kinases,Protein Serine-Threonine Kinases,4.404
P0940,keyword,11,Insulin Resistance,Insulin Resistance,3.958
P0940,keyword,12,AAV8 gene therapy,AAV8 gene therapy,3.892
P0940,technique,1,유전자변형 마우스,Genetically Modified Mice,3.416
P0138,keyword,1,"Adipose Tissue, Brown","Adipose Tissue, Brown",11.998
P0138,keyword,2,Thermogenesis,Thermogenesis,6.261
P0138,keyword,3,Brown adipose tissue,Brown adipose tissue,5.873
P0138,keyword,4,Rictor,Rictor,3.757
P0138,keyword,5,"Adipocytes, Brown","Adipocytes, Brown",3.551
P0138,keyword,6,Phospholipids,Phospholipids,3.506
P0138,keyword,7,non-shivering thermogenesis,non-shivering thermogenesis,3.447
P0138,keyword,8,Rapamycin-Insensitive Companion of mTOR Protein,Rapamycin-Insensitive Companion of mTOR Protein,3.288
P0138,keyword,9,mTORC2,mTORC2,3.23
P0138,keyword,10,Lysophospholipids,Lysophospholipids,3.174
P0138,keyword,11,Signal Transduction,Signal Transduction,3.14
P0138,keyword,12,Energy Metabolism,Energy Metabolism,3.113
P0138,technique,1,대사체·지질체,Metabolomics / Lipidomics,2.671
P0138,technique,2,유전자변형 마우스,Genetically Modified Mice,0.661
P0138,technique,3,생물정보·계산생물,Bioinformatics,0.39
P0932,keyword,1,cuticular wax biosynthesis,cuticular wax biosynthesis,37.164
P0932,keyword,2,Waxes,Waxes,32.948
P0932,keyword,3,Camelina sativa,Camelina sativa,26.246
P0932,keyword,4,"Gene Expression Regulation, Plant","Gene Expression Regulation, Plant",24.711
P0932,keyword,5,very long chain fatty acids,very long chain fatty acids,20.303
P0932,keyword,6,Plant Epidermis,Plant Epidermis,16.63
P0932,keyword,7,"Plants, Genetically Modified","Plants, Genetically Modified",15.538
P0932,keyword,8,cuticular wax,cuticular wax,14.831
P0932,keyword,9,Cutin,Cutin,14.034
P0932,keyword,10,Camelina,Camelina,13.77
P0932,keyword,11,suberin,suberin,12.335
P0932,keyword,12,Membrane Lipids,Membrane Lipids,11.758
P0932,technique,1,애기장대·식물 모델,Arabidopsis,57.724
P0932,technique,2,후성유전 분석,Epigenomics (ChIP/ATAC-seq),1.398
P0932,technique,3,RNA-seq·전사체,RNA-seq / Transcriptomics,1.33
P0932,technique,4,전자현미경,Electron Microscopy,0.629
P0932,technique,5,생물정보·계산생물,Bioinformatics,0.131
P0932,technique,6,분자도킹·시뮬레이션,Molecular Docking / Dynamics,0.122
P1078,keyword,1,Phyllostachys edulis,Phyllostachys edulis,26.018
P1078,keyword,2,cork,cork,19.451
P1078,keyword,3,Quercus variabilis,Quercus variabilis,18.161
P1078,keyword,4,Quercus suber,Quercus suber,16.912
P1078,keyword,5,Lignin,Lignin,13.016
P1078,keyword,6,Peracetic Acid,Peracetic Acid,12.638
P1078,keyword,7,Paulownia tomentosa,Paulownia tomentosa,11.589
P1078,keyword,8,termite resistance,termite resistance,10.398
P1078,keyword,9,adhesive wear,adhesive wear,9.41
P1078,keyword,10,suberin,suberin,8.834
P1078,keyword,11,relative density,relative density,7.452
P1078,keyword,12,Quercus mongolica,Quercus mongolica,7.242
P1078,technique,1,머신러닝·AI,Machine Learning / AI,0.84
P0859,keyword,1,TAZ,TAZ,6.508
P0859,keyword,2,"Adaptor Proteins, Signal Transducing","Adaptor Proteins, Signal Transducing",5.744
P0859,keyword,3,"Satellite Cells, Skeletal Muscle","Satellite Cells, Skeletal Muscle",5.345
P0859,keyword,4,"Chemical and Drug Induced Liver Injury, Chronic","Chemical and Drug Induced Liver Injury, Chronic",4.972
P0859,keyword,5,ginsenoside Rb3,ginsenoside Rb3,4.963
P0859,keyword,6,Mitogen-Activated Protein Kinase 14,Mitogen-Activated Protein Kinase 14,4.698
P0859,keyword,7,"Muscle Fibers, Skeletal","Muscle Fibers, Skeletal",4.674
P0859,keyword,8,Muscular Atrophy,Muscular Atrophy,4.449
P0859,keyword,9,liver stellate cells,liver stellate cells,4.09
P0859,keyword,10,glucocorticoid adverse effects,glucocorticoid adverse effects,4.058
P0859,keyword,11,Transcriptional Coactivator with PDZ-Binding Motif Proteins,Transcriptional Coactivator with PDZ-Binding Motif Proteins,3.878
P0859,keyword,12,"DNA, Mitochondrial","DNA, Mitochondrial",3.827
P0859,technique,1,유전자변형 마우스,Genetically Modified Mice,2.06
P0859,technique,2,줄기세포·iPSC,Stem Cells / iPSC,0.14
P0979,keyword,1,metabolic acidosis,metabolic acidosis,5.331
P0979,keyword,2,Thioacetamide,Thioacetamide,5.328
P0979,keyword,3,ionic imbalance,ionic imbalance,5.08
P0979,keyword,4,patient-specific instrumentation,patient-specific instrumentation,4.308
P0979,keyword,5,closing wedge osteotomy,closing wedge osteotomy,3.984
P0979,keyword,6,arachidonic acid,arachidonic acid,3.798
P0979,keyword,7,omega-6 fatty acids,omega-6 fatty acids,3.707
P0979,keyword,8,Chemical and Drug Induced Liver Injury,Chemical and Drug Induced Liver Injury,3.476
P0979,keyword,9,kidney injury,kidney injury,3.296
P0979,keyword,10,intralesional injection,intralesional injection,3.282
P0979,keyword,11,rectal stricture,rectal stricture,3.269
P0979,keyword,12,kittens,kittens,3.156
P0979,technique,1,전기생리,Electrophysiology,0.788
P0979,technique,2,웨스턴블롯,Western Blot,0.115
P1010,keyword,1,Bilirubin,Bilirubin,36.954
P1010,keyword,2,glycopolymers,glycopolymers,14.117
P1010,keyword,3,tumor microenvironment,tumor microenvironment,13.194
P1010,keyword,4,CpG adjuvant,CpG adjuvant,12.1
P1010,keyword,5,Colitis,Colitis,11.543
P1010,keyword,6,Glycocalyx,Glycocalyx,11.295
P1010,keyword,7,nanovaccines,nanovaccines,10.781
P1010,keyword,8,CpG oligodeoxynucleotides,CpG oligodeoxynucleotides,10.212
P1010,keyword,9,Neoplasms,Neoplasms,10.168
P1010,keyword,10,Immunological memory,Immunological memory,10.02
P1010,keyword,11,Cancer Vaccines,Cancer Vaccines,9.892
P1010,keyword,12,kidney targeting,kidney targeting,9.713
P1010,technique,1,나노입자·약물전달,Nanoparticles / Drug Delivery,55.967
P1010,technique,2,MRI·PET 영상,MRI / PET Imaging,9.946
P1010,technique,3,종양 이종이식 모델,Xenograft Models,4.778
P1010,technique,4,RNA 치료제·siRNA,RNA Therapeutics,4.077
P1010,technique,5,줄기세포·iPSC,Stem Cells / iPSC,2.657
P1010,technique,6,형광·공초점 이미징,Fluorescence / Confocal Imaging,2.477
P1010,technique,7,항체 개발,Antibody Engineering,1.531
P1010,technique,8,ELISA,ELISA,1.329
P0407,keyword,1,Urinary system,Urinary system,5.09
P0407,keyword,2,Vesicoureteral reflux,Vesicoureteral reflux,5.023
P0407,keyword,3,Urinary Tract Infections,Urinary Tract Infections,5.006
P0407,keyword,4,positive guidance,positive guidance,4.705
P0407,keyword,5,guidance strategies,guidance strategies,4.596
P0407,keyword,6,Bacteriuria,Bacteriuria,4.585
P0407,keyword,7,pyelonephritis,pyelonephritis,4.195
P0407,keyword,8,child behavior problems,child behavior problems,3.988
P0407,keyword,9,childcare teachers,childcare teachers,3.851
P0407,keyword,10,Vesico-Ureteral Reflux,Vesico-Ureteral Reflux,3.702
P0407,keyword,11,team psychological safety,team psychological safety,3.484
P0407,keyword,12,urine microbiota,urine microbiota,3.434
P0407,technique,1,임상시험,Clinical Trials,0.292
P0407,technique,2,머신러닝·AI,Machine Learning / AI,0.132
P0248,keyword,1,Smad6 Protein,Smad6 Protein,0.275
P0248,keyword,2,"Bone Morphogenetic Protein Receptors, Type I","Bone Morphogenetic Protein Receptors, Type I",0.275
P0248,keyword,3,GATA2 Transcription Factor,GATA2 Transcription Factor,0.25
P0248,keyword,4,Bone Morphogenetic Protein 6,Bone Morphogenetic Protein 6,0.241
P0248,keyword,5,Erythropoiesis,Erythropoiesis,0.19
P0248,keyword,6,Bone Morphogenetic Protein 4,Bone Morphogenetic Protein 4,0.19
P0248,keyword,7,Bone morphogenetic protein 7,Bone morphogenetic protein 7,0.186
P0248,keyword,8,Testbed,Testbed,0.164
P0248,keyword,9,"Antigens, CD34","Antigens, CD34",0.163
P0248,keyword,10,Kruppel-Like Transcription Factors,Kruppel-Like Transcription Factors,0.153
P0248,keyword,11,Fetal Blood,Fetal Blood,0.146
P0248,keyword,12,Bone Morphogenetic Protein 2,Bone Morphogenetic Protein 2,0.138
P1104,keyword,1,"Carcinoma, Papillary","Carcinoma, Papillary",0.33
P1104,keyword,2,Proto-Oncogene Proteins c-ret,Proto-Oncogene Proteins c-ret,0.33
P1104,keyword,3,Thyroid Neoplasms,Thyroid Neoplasms,0.272
P1104,keyword,4,papillary thyroid carcinoma,papillary thyroid carcinoma,0.206
P1104,keyword,5,CIITA,CIITA,0.189
P1104,keyword,6,Thyroid Gland,Thyroid Gland,0.181
P1104,keyword,7,"Oncogene Proteins, Fusion","Oncogene Proteins, Fusion",0.169
P1104,keyword,8,Interferon Regulatory Factor-1,Interferon Regulatory Factor-1,0.168
P1104,keyword,9,Transcriptional Activation,Transcriptional Activation,0.156
P1104,keyword,10,extrathyroidal invasion,extrathyroidal invasion,0.155
P1104,keyword,11,Phosphorylation,Phosphorylation,0.152
P1104,keyword,12,Receptor Protein-Tyrosine Kinases,Receptor Protein-Tyrosine Kinases,0.152
P1104,technique,1,RNA 치료제·siRNA,RNA Therapeutics,0.064
P1104,technique,2,면역조직화학,Immunohistochemistry,0.06
P0010,keyword,1,metabolic engineering,metabolic engineering,28.125
P0010,keyword,2,Pseudomonas putida,Pseudomonas putida,15.712
P0010,keyword,3,Directed Molecular Evolution,Directed Molecular Evolution,13.957
P0010,keyword,4,brown macroalgae,brown macroalgae,13.81
P0010,keyword,5,Escherichia coli,Escherichia coli,11.292
P0010,keyword,6,synthetic biology,synthetic biology,10.776
P0010,keyword,7,Vibrio,Vibrio,10.385
P0010,keyword,8,Escherichia coli Proteins,Escherichia coli Proteins,8.79
P0010,keyword,9,Methanococcus jannaschii,Methanococcus jannaschii,8.468
P0010,keyword,10,seaweed,seaweed,8.428
P0010,keyword,11,Pseudomonas putida KT2440,Pseudomonas putida KT2440,8.402
P0010,keyword,12,carbon flux redirection,carbon flux redirection,8.3
P0010,technique,1,RNA-seq·전사체,RNA-seq / Transcriptomics,3.778
P0010,technique,2,CRISPR 유전자편집,CRISPR Gene Editing,1.928
P0010,technique,3,생물정보·계산생물,Bioinformatics,0.735
P0010,technique,4,머신러닝·AI,Machine Learning / AI,0.591
P0464,keyword,1,DDB2,DDB2,6.739
P0464,keyword,2,allogeneic T cell therapy,allogeneic T cell therapy,5.177
P0464,keyword,3,ALC1,ALC1,5.118
P0464,keyword,4,taniborbactam,taniborbactam,4.523
P0464,keyword,5,boronic acid derivatives,boronic acid derivatives,4.481
P0464,keyword,6,beta-lactamase inhibitors,beta-lactamase inhibitors,4.299
P0464,keyword,7,diazabicyclooctane,diazabicyclooctane,4.281
P0464,keyword,8,class B beta-lactamases,class B beta-lactamases,4.174
P0464,keyword,9,poly(ADP-ribosyl)ation,poly(ADP-ribosyl)ation,4.1
P0464,keyword,10,mucosal-associated invariant T cells,mucosal-associated invariant T cells,4.028
P0464,keyword,11,VCP/p97,VCP/p97,3.95
P0464,keyword,12,DNA repair proteins,DNA repair proteins,3.938
P0464,technique,1,X선 결정학·구조분석,X-ray Crystallography,1.749
P0464,technique,2,나노입자·약물전달,Nanoparticles / Drug Delivery,1.1
P0464,technique,3,ELISA,ELISA,0.614
P0464,technique,4,RNA 치료제·siRNA,RNA Therapeutics,0.607
P0464,technique,5,qPCR,Real-time PCR,0.538
P0464,technique,6,머신러닝·AI,Machine Learning / AI,0.056
P0832,keyword,1,aqueous zinc-ion batteries,aqueous zinc-ion batteries,31.24
P0832,keyword,2,lithium metal anode,lithium metal anode,28.432
P0832,keyword,3,lithium-sulfur batteries,lithium-sulfur batteries,28.242
P0832,keyword,4,zinc dendrite suppression,zinc dendrite suppression,27.509
P0832,keyword,5,dendrite suppression,dendrite suppression,21.985
P0832,keyword,6,zinc deposition uniformity,zinc deposition uniformity,20.277
P0832,keyword,7,Anode,Anode,19.62
P0832,keyword,8,lithium-ion batteries,lithium-ion batteries,19.557
P0832,keyword,9,Electrolyte,Electrolyte,16.905
P0832,keyword,10,solid electrolyte interphase,solid electrolyte interphase,16.905
P0832,keyword,11,Lithium (medication),Lithium (medication),16.777
P0832,keyword,12,cycling stability,cycling stability,16.635
P0832,technique,1,나노입자·약물전달,Nanoparticles / Drug Delivery,3.006
P0832,technique,2,X선 결정학·구조분석,X-ray Crystallography,1.901
P0832,technique,3,머신러닝·AI,Machine Learning / AI,1.141
P0832,technique,4,질량분석,Mass Spectrometry,0.378
P0832,technique,5,전자현미경,Electron Microscopy,0.315
P0526,keyword,1,food insecurity,food insecurity,20.634
P0526,keyword,2,Tobacco Products,Tobacco Products,12.658
P0526,keyword,3,Nutrition Surveys,Nutrition Surveys,11.075
P0526,keyword,4,Smoking,Smoking,8.814
P0526,keyword,5,Body Mass Index,Body Mass Index,8.135
P0526,keyword,6,Korean adults,Korean adults,8.078
P0526,keyword,7,lifestyle risk factors,lifestyle risk factors,7.739
P0526,keyword,8,cardiovascular health,cardiovascular health,7.066
P0526,keyword,9,Obesity,Obesity,7.055
P0526,keyword,10,tobacco use,tobacco use,6.764
P0526,keyword,11,STOP-BANG questionnaire,STOP-BANG questionnaire,6.295
P0526,keyword,12,Life Style,Life Style,6.151
P0526,technique,1,MRI·PET 영상,MRI / PET Imaging,7.704
P0526,technique,2,엑소좀·세포외소포,Exosomes / EVs,1.304
P0320,keyword,1,Multispectral image,Multispectral image,8.73
P0320,keyword,2,Image-based lighting,Image-based lighting,5.84
P0320,keyword,3,Multispectral pattern recognition,Multispectral pattern recognition,4.391
P0320,keyword,4,Ranging,Ranging,3.775
P0320,keyword,5,Diversity (politics),Diversity (politics),2.616
P0320,keyword,6,Reflectivity,Reflectivity,2.435
P0069,keyword,1,FRET biosensor,FRET biosensor,15.268
P0069,keyword,2,Fluorescence Resonance Energy Transfer,Fluorescence Resonance Energy Transfer,10.21
P0069,keyword,3,rocks,rocks,9.234
P0069,keyword,4,Huntingtin Protein,Huntingtin Protein,8.889
P0069,keyword,5,genetically encoded biosensors,genetically encoded biosensors,8.572
P0069,keyword,6,RhoA,RhoA,8.489
P0069,keyword,7,mesothelin,mesothelin,8.251
P0069,keyword,8,Huntington Disease,Huntington Disease,8.113
P0069,keyword,9,Biosensing Techniques,Biosensing Techniques,7.387
P0069,keyword,10,Immunological synapse,Immunological synapse,7.364
P0069,keyword,11,beta-Arrestins,beta-Arrestins,7.218
P0069,keyword,12,MRCK,MRCK,7.031
P0069,technique,1,CAR-T·입양세포치료,CAR-T / Adoptive Cell Therapy,13.308
P0069,technique,2,광유전학,Optogenetics,9.213
P0069,technique,3,형광·공초점 이미징,Fluorescence / Confocal Imaging,6.099
P0069,technique,4,분자도킹·시뮬레이션,Molecular Docking / Dynamics,1.3
P0069,technique,5,생물정보·계산생물,Bioinformatics,0.677
P0069,technique,6,유전자변형 마우스,Genetically Modified Mice,0.597
P0069,technique,7,머신러닝·AI,Machine Learning / AI,0.356
P0069,technique,8,줄기세포·iPSC,Stem Cells / iPSC,0.274
P0813,keyword,1,Zeolite,Zeolite,23.407
P0813,keyword,2,zeolite membranes,zeolite membranes,17.709
P0813,keyword,3,hydrothermal stability,hydrothermal stability,14.798
P0813,keyword,4,methane dehydroaromatization,methane dehydroaromatization,13.604
P0813,keyword,5,hydrocarbon oxidation,hydrocarbon oxidation,13.325
P0813,keyword,6,catalyst deactivation,catalyst deactivation,12.861
P0813,keyword,7,automotive exhaust aftertreatment,automotive exhaust aftertreatment,11.805
P0813,keyword,8,MFI zeolite,MFI zeolite,10.925
P0813,keyword,9,isopropanol dehydration,isopropanol dehydration,10.496
P0813,keyword,10,hydrocarbon adsorption,hydrocarbon adsorption,10.335
P0813,keyword,11,Permeance,Permeance,10.108
P0813,keyword,12,Chabazite,Chabazite,10.092
P0813,technique,1,나노입자·약물전달,Nanoparticles / Drug Delivery,4.005
P0813,technique,2,하이드로젤·스캐폴드,Hydrogels / Scaffolds,1.248
P0813,technique,3,X선 결정학·구조분석,X-ray Crystallography,0.451
P0813,technique,4,전자현미경,Electron Microscopy,0.424
P0813,technique,5,생물정보·계산생물,Bioinformatics,0.133
P0446,keyword,1,hypertension,hypertension,18.427
P0446,keyword,2,Blood pressure,Blood pressure,17.919
P0446,keyword,3,Chlorthalidone,Chlorthalidone,17.237
P0446,keyword,4,Amlodipine,Amlodipine,15.956
P0446,keyword,5,Essential hypertension,Essential hypertension,13.299
P0446,keyword,6,Antihypertensive Agents,Antihypertensive Agents,13.182
P0446,keyword,7,Valsartan,Valsartan,12.634
P0446,keyword,8,Epicardial adipose tissue,Epicardial adipose tissue,11.599
P0446,keyword,9,Ambulatory blood pressure,Ambulatory blood pressure,11.448
P0446,keyword,10,home blood pressure monitoring,home blood pressure monitoring,11.355
P0446,keyword,11,ambulatory blood pressure monitoring,ambulatory blood pressure monitoring,11.351
P0446,keyword,12,cardiovascular-kidney-metabolic syndrome,cardiovascular-kidney-metabolic syndrome,11.173
P0446,technique,1,임상시험,Clinical Trials,3.113
P0446,technique,2,MRI·PET 영상,MRI / PET Imaging,0.289
P0811,keyword,1,multiplex immunoassay,multiplex immunoassay,22.106
P0811,keyword,2,Immunoassay,Immunoassay,20.47
P0811,keyword,3,preeclampsia biomarkers,preeclampsia biomarkers,16.981
P0811,keyword,4,multiplexed nucleic acid detection,multiplexed nucleic acid detection,12.575
P0811,keyword,5,Multiplex,Multiplex,11.801
P0811,keyword,6,rolling circle amplification,rolling circle amplification,11.491
P0811,keyword,7,Biosensing Techniques,Biosensing Techniques,11.193
P0811,keyword,8,Lithography,Lithography,10.65
P0811,keyword,9,multiplex SNP genotyping,multiplex SNP genotyping,9.908
P0811,keyword,10,replica molding,replica molding,9.416
P0811,keyword,11,MutS,MutS,9.302
P0811,keyword,12,Limit of Detection,Limit of Detection,9.225
P0811,technique,1,하이드로젤·스캐폴드,Hydrogels / Scaffolds,60.779
P0811,technique,2,미세유체·장기칩,Microfluidics / Organ-on-a-chip,27.862
P0811,technique,3,나노입자·약물전달,Nanoparticles / Drug Delivery,7.937
P0811,technique,4,엑소좀·세포외소포,Exosomes / EVs,5.115
P0811,technique,5,머신러닝·AI,Machine Learning / AI,3.212
P0811,technique,6,줄기세포·iPSC,Stem Cells / iPSC,1.146
P0811,technique,7,생물정보·계산생물,Bioinformatics,1.041
P0811,technique,8,조직공학·바이오프린팅,Tissue Engineering / Bioprinting,0.799
P0321,keyword,1,Bloating,Bloating,1.172
P0321,keyword,2,Irritable Bowel Syndrome,Irritable Bowel Syndrome,0.554
P0321,keyword,3,Nurses,Nurses,0.359
P0321,keyword,4,physicians,physicians,0.29
P0321,keyword,5,"Health Knowledge, Attitudes, Practice","Health Knowledge, Attitudes, Practice",0.287
P0321,keyword,6,Pain management,Pain management,0.275
P0321,keyword,7,Guideline Adherence,Guideline Adherence,0.214
P0321,keyword,8,Gastroenterology,Gastroenterology,0.213
P0321,keyword,9,Pain,Pain,0.211
P0321,keyword,10,"Analgesics, Opioid","Analgesics, Opioid",0.206
P0321,keyword,11,cancer pain,cancer pain,0.177
P0321,keyword,12,diarrhea,diarrhea,0.158
P0668,keyword,1,"Radiography, Panoramic","Radiography, Panoramic",10.575
P0668,keyword,2,panoramic radiography,panoramic radiography,5.872
P0668,keyword,3,odontogenic cysts,odontogenic cysts,5.5
P0668,keyword,4,Lacunarity,Lacunarity,5.24
P0668,keyword,5,glandular odontogenic cyst,glandular odontogenic cyst,5.223
P0668,keyword,6,"Radiographic Image Interpretation, Computer-Assisted","Radiographic Image Interpretation, Computer-Assisted",5.127
P0668,keyword,7,odontogenic keratocyst,odontogenic keratocyst,5.114
P0668,keyword,8,ancient schwannoma,ancient schwannoma,3.963
P0668,keyword,9,mandibular lesion,mandibular lesion,3.934
P0668,keyword,10,Panoramic radiograph,Panoramic radiograph,3.893
P0668,keyword,11,Radicular Cyst,Radicular Cyst,3.784
P0668,keyword,12,cystic degeneration,cystic degeneration,3.772
P0668,technique,1,MRI·PET 영상,MRI / PET Imaging,0.46
P1063,keyword,1,individual risk assessment,individual risk assessment,3.569
P1063,keyword,2,allergy history,allergy history,3.514
P1063,keyword,3,postmenopausal status,postmenopausal status,3.477
P1063,keyword,4,GLP-1 receptor agonists,GLP-1 receptor agonists,2.699
P1063,keyword,5,Skin cancer,Skin cancer,2.416
P1063,keyword,6,cancer risk,cancer risk,2.076
P1063,keyword,7,Docetaxel,Docetaxel,1.637
P1063,keyword,8,drug safety,drug safety,1.459
P1063,keyword,9,pancreatic cancer,pancreatic cancer,1.41
P1063,keyword,10,Thyroid cancer,Thyroid cancer,1.357
P1063,keyword,11,chemotherapy side effects,chemotherapy side effects,1.342
P1063,keyword,12,Paclitaxel,Paclitaxel,1.302
P0480,keyword,1,"Carcinoma, Embryonal","Carcinoma, Embryonal",9.258
P0480,keyword,2,embryonal carcinoma cells,embryonal carcinoma cells,7.678
P0480,keyword,3,Nanog Homeobox Protein,Nanog Homeobox Protein,7.533
P0480,keyword,4,Octamer Transcription Factor-3,Octamer Transcription Factor-3,5.672
P0480,keyword,5,NCCIT cells,NCCIT cells,5.5
P0480,keyword,6,Proto-Oncogene Proteins c-ets,Proto-Oncogene Proteins c-ets,4.943
P0480,keyword,7,"Gene Expression Regulation, Neoplastic","Gene Expression Regulation, Neoplastic",4.573
P0480,keyword,8,Growth Differentiation Factor 3,Growth Differentiation Factor 3,4.494
P0480,keyword,9,Nanog,Nanog,3.781
P0480,keyword,10,pluripotency,pluripotency,3.636
P0480,keyword,11,retinoic acid differentiation,retinoic acid differentiation,3.591
P0480,keyword,12,"Nuclear Receptor Subfamily 6, Group A, Member 1","Nuclear Receptor Subfamily 6, Group A, Member 1",3.242
P0480,technique,1,줄기세포·iPSC,Stem Cells / iPSC,1.587
P0480,technique,2,나노입자·약물전달,Nanoparticles / Drug Delivery,0.697
P0480,technique,3,RNA 치료제·siRNA,RNA Therapeutics,0.64
P0480,technique,4,웨스턴블롯,Western Blot,0.36
P0480,technique,5,유세포분석,Flow Cytometry,0.332
P0480,technique,6,면역조직화학,Immunohistochemistry,0.264
P0354,keyword,1,thyroidectomy,thyroidectomy,8.223
P0354,keyword,2,Thyroid Neoplasms,Thyroid Neoplasms,6.867
P0354,keyword,3,endocrine therapy,endocrine therapy,5.488
P0354,keyword,4,Margins of Excision,Margins of Excision,4.908
P0354,keyword,5,Robotic Surgical Procedures,Robotic Surgical Procedures,4.844
P0354,keyword,6,robotic thyroidectomy,robotic thyroidectomy,4.722
P0354,keyword,7,breast cancer,breast cancer,4.596
P0354,keyword,8,extrathyroidal extension,extrathyroidal extension,4.556
P0354,keyword,9,open thyroidectomy,open thyroidectomy,4.528
P0354,keyword,10,Breast Neoplasms,Breast Neoplasms,4.487
P0354,keyword,11,multifocality,multifocality,4.023
P0354,keyword,12,Hashimoto's thyroiditis,Hashimoto's thyroiditis,4.022
P0354,technique,1,엑소좀·세포외소포,Exosomes / EVs,3.43
P0354,technique,2,면역조직화학,Immunohistochemistry,0.565
P0354,technique,3,유전자변형 마우스,Genetically Modified Mice,0.406
P0354,technique,4,임상시험,Clinical Trials,0.401
P0354,technique,5,머신러닝·AI,Machine Learning / AI,0.019
P0597,keyword,1,constipation,constipation,14.504
P0597,keyword,2,Functional constipation,Functional constipation,12.906
P0597,keyword,3,Rome IV criteria,Rome IV criteria,12.9
P0597,keyword,4,Colonoscopy,Colonoscopy,11.841
P0597,keyword,5,Chronic constipation,Chronic constipation,10.464
P0597,keyword,6,functional gastrointestinal disorders,functional gastrointestinal disorders,10.199
P0597,keyword,7,adenoma,adenoma,7.8
P0597,keyword,8,defecation disorders,defecation disorders,7.799
P0597,keyword,9,Colonic Polyps,Colonic Polyps,7.475
P0597,keyword,10,dietary triggers,dietary triggers,7.422
P0597,keyword,11,Life Style,Life Style,7.42
P0597,keyword,12,Irritable Bowel Syndrome,Irritable Bowel Syndrome,7.357
P0597,technique,1,임상시험,Clinical Trials,1.965
P0597,technique,2,나노입자·약물전달,Nanoparticles / Drug Delivery,0.499
P0597,technique,3,항체 개발,Antibody Engineering,0.277
P0597,technique,4,MRI·PET 영상,MRI / PET Imaging,0.06
P0681,keyword,1,Saccharomyces cerevisiae,Saccharomyces cerevisiae,39.906
P0681,keyword,2,Xylose,Xylose,31.207
P0681,keyword,3,Fermentation,Fermentation,29.985
P0681,keyword,4,metabolic engineering,metabolic engineering,25.686
P0681,keyword,5,xylose fermentation,xylose fermentation,22.612
P0681,keyword,6,simultaneous saccharification and fermentation,simultaneous saccharification and fermentation,17.046
P0681,keyword,7,citrus peel waste,citrus peel waste,16.631
P0681,keyword,8,Saccharomyces boulardii,Saccharomyces boulardii,16.63
P0681,keyword,9,Biomass,Biomass,15.322
P0681,keyword,10,Citrus,Citrus,14.164
P0681,keyword,11,cellulosic biomass,cellulosic biomass,13.563
P0681,keyword,12,ethanol production,ethanol production,13.16
P0681,technique,1,예쁜꼬마선충,C. elegans,3.64
P0681,technique,2,CRISPR 유전자편집,CRISPR Gene Editing,3.551
P0681,technique,3,질량분석,Mass Spectrometry,1.085
P0681,technique,4,RNA-seq·전사체,RNA-seq / Transcriptomics,1.078
P0681,technique,5,대사체·지질체,Metabolomics / Lipidomics,1.016
P0681,technique,6,전자현미경,Electron Microscopy,0.319
P0681,technique,7,생물정보·계산생물,Bioinformatics,0.159
P0681,technique,8,나노입자·약물전달,Nanoparticles / Drug Delivery,0.128
P0930,keyword,1,RNA-Binding Protein EWS,RNA-Binding Protein EWS,6.288
P0930,keyword,2,NR5A2,NR5A2,5.895
P0930,keyword,3,Cell Self Renewal,Cell Self Renewal,5.753
P0930,keyword,4,Octamer Transcription Factor-3,Octamer Transcription Factor-3,4.644
P0930,keyword,5,"Oncogene Proteins, Fusion","Oncogene Proteins, Fusion",4.132
P0930,keyword,6,FGF4,FGF4,4.078
P0930,keyword,7,teratoma formation,teratoma formation,3.831
P0930,keyword,8,pluripotency,pluripotency,3.31
P0930,keyword,9,self-renewal,self-renewal,3.177
P0930,keyword,10,Oct4,Oct4,3.087
P0930,keyword,11,Teratoma,Teratoma,2.951
P0930,keyword,12,Rex1,Rex1,2.771
P0555,keyword,1,Cut flowers,Cut flowers,12.023
P0555,keyword,2,Vase life,Vase life,9.424
P0555,keyword,3,postharvest quality,postharvest quality,6.44
P0555,keyword,4,trainee perceptions,trainee perceptions,6.294
P0555,keyword,5,petal color,petal color,5.238
P0555,keyword,6,Squatting position,Squatting position,5.207
P0555,keyword,7,smart farm,smart farm,4.868
P0555,keyword,8,NDVI,NDVI,4.828
P0555,keyword,9,therapeutic agriculture,therapeutic agriculture,4.451
P0555,keyword,10,Horticulture,Horticulture,4.357
P0555,keyword,11,water stress,water stress,4.186
P0555,keyword,12,chlorophyll fluorescence,chlorophyll fluorescence,3.725
P0207,keyword,1,Keto–enol tautomerism,Keto–enol tautomerism,9.328
P0207,keyword,2,Catalysis,Catalysis,8.319
P0207,keyword,3,Friedel–Crafts reaction,Friedel–Crafts reaction,7.108
P0207,keyword,4,aerobic oxidation,aerobic oxidation,6.898
P0207,keyword,5,visible light photocatalysis,visible light photocatalysis,6.567
P0207,keyword,6,Brucine,Brucine,5.201
P0207,keyword,7,copper catalysis,copper catalysis,4.587
P0207,keyword,8,Tandem,Tandem,4.576
P0207,keyword,9,Cycloisomerization,Cycloisomerization,4.433
P0207,keyword,10,β-chlorovinyl ketones,β-chlorovinyl ketones,4.336
P0207,keyword,11,Medicinal chemistry,Medicinal chemistry,4.061
P0207,keyword,12,Alkenes,Alkenes,3.985
P0207,technique,1,X선 결정학·구조분석,X-ray Crystallography,1.411
P0591,keyword,1,Tuberculosis,Tuberculosis,17.263
P0591,keyword,2,pulmonary tuberculosis,pulmonary tuberculosis,14.983
P0591,keyword,3,"Tuberculosis, Pulmonary","Tuberculosis, Pulmonary",13.779
P0591,keyword,4,Latent tuberculosis,Latent tuberculosis,6.29
P0591,keyword,5,Antitubercular Agents,Antitubercular Agents,5.224
P0591,keyword,6,latent tuberculosis infection,latent tuberculosis infection,4.452
P0591,keyword,7,tuberculosis treatment outcomes,tuberculosis treatment outcomes,3.986
P0591,keyword,8,South Korea,South Korea,3.499
P0591,keyword,9,interferon-gamma release assay,interferon-gamma release assay,3.406
P0591,keyword,10,acid-fast bacilli smear,acid-fast bacilli smear,3.382
P0591,keyword,11,tuberculosis mortality,tuberculosis mortality,3.381
P0591,keyword,12,tuberculosis treatment,tuberculosis treatment,3.241
P0591,technique,1,웨스턴블롯,Western Blot,0.085
P0591,technique,2,면역조직화학,Immunohistochemistry,0.017
P0603,keyword,1,progression-free survival,progression-free survival,3.192
P0603,keyword,2,Capecitabine,Capecitabine,2.987
P0603,keyword,3,overall survival,overall survival,2.971
P0603,keyword,4,Chemotherapy,Chemotherapy,2.937
P0603,keyword,5,Oncology,Oncology,2.663
P0603,keyword,6,Antineoplastic Combined Chemotherapy Protocols,Antineoplastic Combined Chemotherapy Protocols,2.455
P0603,keyword,7,Herpes Zoster,Herpes Zoster,2.454
P0603,keyword,8,varicella-zoster virus reactivation,varicella-zoster virus reactivation,2.267
P0603,keyword,9,Disease-Free Survival,Disease-Free Survival,2.264
P0603,keyword,10,Skindex-16,Skindex-16,2.262
P0603,keyword,11,oxaliplatin,oxaliplatin,2.067
P0603,keyword,12,tepotinib,tepotinib,2.066
P0603,technique,1,임상시험,Clinical Trials,1.32
P0603,technique,2,면역조직화학,Immunohistochemistry,0.831
P0603,technique,3,항체 개발,Antibody Engineering,0.581
P0603,technique,4,MRI·PET 영상,MRI / PET Imaging,0.564
P0180,keyword,1,UVB irradiation,UVB irradiation,25.641
P0180,keyword,2,Vicia faba,Vicia faba,21.8
P0180,keyword,3,antioxidant activity,antioxidant activity,19.385
P0180,keyword,4,thermal processing,thermal processing,15.297
P0180,keyword,5,Flavonoids,Flavonoids,15.11
P0180,keyword,6,quercetin glycosides,quercetin glycosides,14.229
P0180,keyword,7,kaempferol glycosides,kaempferol glycosides,13.649
P0180,keyword,8,L-DOPA,L-DOPA,13.399
P0180,keyword,9,Anthocyanins,Anthocyanins,12.884
P0180,keyword,10,Methyl jasmonate,Methyl jasmonate,12.804
P0180,keyword,11,Momordica charantia,Momordica charantia,12.784
P0180,keyword,12,Isoflavones,Isoflavones,12.162
P0180,technique,1,질량분석,Mass Spectrometry,0.767
P0180,technique,2,RNA-seq·전사체,RNA-seq / Transcriptomics,0.486
P0130,keyword,1,Suture Anchors,Suture Anchors,2.513
P0130,keyword,2,Arthroscopy,Arthroscopy,2.505
P0130,keyword,3,Shoulder Dislocation,Shoulder Dislocation,1.876
P0130,keyword,4,Hip Prosthesis,Hip Prosthesis,1.623
P0130,keyword,5,Joint Instability,Joint Instability,1.364
P0130,keyword,6,Bankart repair,Bankart repair,1.346
P0130,keyword,7,osseointegration,osseointegration,1.211
P0130,keyword,8,Shoulder Injuries,Shoulder Injuries,1.074
P0130,keyword,9,Rotator cuff,Rotator cuff,1.035
P0130,keyword,10,Hip Joint,Hip Joint,0.981
P0130,keyword,11,"Arthroplasty, Replacement, Hip","Arthroplasty, Replacement, Hip",0.969
P0130,keyword,12,Shoulder Joint,Shoulder Joint,0.892
P0130,technique,1,MRI·PET 영상,MRI / PET Imaging,0.255
P0527,keyword,1,Non-alcoholic Fatty Liver Disease,Non-alcoholic Fatty Liver Disease,32.852
P0527,keyword,2,oxidative balance score,oxidative balance score,20.988
P0527,keyword,3,Korean Genome and Epidemiology Study,Korean Genome and Epidemiology Study,19.365
P0527,keyword,4,Insulin Resistance,Insulin Resistance,18.866
P0527,keyword,5,Cardiovascular Diseases,Cardiovascular Diseases,15.497
P0527,keyword,6,triglyceride-glucose index,triglyceride-glucose index,14.363
P0527,keyword,7,METS-IR,METS-IR,12.706
P0527,keyword,8,cardiovascular mortality,cardiovascular mortality,12.636
P0527,keyword,9,NAFLD incidence,NAFLD incidence,12.01
P0527,keyword,10,Sarcopenia,Sarcopenia,11.994
P0527,keyword,11,all-cause mortality,all-cause mortality,11.607
P0527,keyword,12,Fatty Liver,Fatty Liver,11.375
P0527,technique,1,MRI·PET 영상,MRI / PET Imaging,0.302
P0527,technique,2,웨스턴블롯,Western Blot,0.145
P0527,technique,3,면역조직화학,Immunohistochemistry,0.066
P0053,keyword,1,allosteric inhibitors,allosteric inhibitors,15.392
P0053,keyword,2,mutant EGFR,mutant EGFR,9.549
P0053,keyword,3,dual targeting,dual targeting,7.809
P0053,keyword,4,EGFR,EGFR,7.456
P0053,keyword,5,Ba/F3 cells,Ba/F3 cells,7.239
P0053,keyword,6,Osimertinib,Osimertinib,5.469
P0053,keyword,7,Allosteric regulation,Allosteric regulation,4.686
P0053,keyword,8,kinase inhibitors,kinase inhibitors,3.958
P0053,keyword,9,EGFR inhibitors,EGFR inhibitors,3.911
P0053,keyword,10,kinase activators,kinase activators,3.834
P0053,keyword,11,ErbB Receptors,ErbB Receptors,3.762
P0053,keyword,12,Protein Kinase Inhibitors,Protein Kinase Inhibitors,3.539
P0053,technique,1,분자도킹·시뮬레이션,Molecular Docking / Dynamics,1.006
P0053,technique,2,질량분석,Mass Spectrometry,0.685
P0053,technique,3,X선 결정학·구조분석,X-ray Crystallography,0.489
P0053,technique,4,종양 이종이식 모델,Xenograft Models,0.434
P0053,technique,5,생물정보·계산생물,Bioinformatics,0.203
P0975,keyword,1,Thymosin,Thymosin,19.024
P0975,keyword,2,thymosin beta 4,thymosin beta 4,12.434
P0975,keyword,3,Thymosin beta(4),Thymosin beta(4),12.144
P0975,keyword,4,Capsular contracture,Capsular contracture,9.73
P0975,keyword,5,pyloric ligation,pyloric ligation,7.977
P0975,keyword,6,Gastrointestinal Motility,Gastrointestinal Motility,7.344
P0975,keyword,7,Prion Diseases,Prion Diseases,7.087
P0975,keyword,8,collagen type 1,collagen type 1,6.444
P0975,keyword,9,advanced glycation end products,advanced glycation end products,6.394
P0975,keyword,10,collagen density,collagen density,6.268
P0975,keyword,11,antioxidant activity,antioxidant activity,6.228
P0975,keyword,12,Macaca fascicularis,Macaca fascicularis,6.08
P0975,technique,1,면역조직화학,Immunohistochemistry,1.431
P0975,technique,2,유전자변형 마우스,Genetically Modified Mice,1.401
P0975,technique,3,qPCR,Real-time PCR,1.071
P0975,technique,4,줄기세포·iPSC,Stem Cells / iPSC,0.871
P0975,technique,5,웨스턴블롯,Western Blot,0.58
P0975,technique,6,유세포분석,Flow Cytometry,0.264
P0975,technique,7,전자현미경,Electron Microscopy,0.089
P0491,keyword,1,Community pharmacy,Community pharmacy,15.912
P0491,keyword,2,pharmacist counseling,pharmacist counseling,12.135
P0491,keyword,3,Pharmacy,Pharmacy,8.548
P0491,keyword,4,pharmacist-patient communication,pharmacist-patient communication,8.141
P0491,keyword,5,community pharmacists,community pharmacists,7.341
P0491,keyword,6,patient expectations,patient expectations,7.247
P0491,keyword,7,pharmaceutical care,pharmaceutical care,6.699
P0491,keyword,8,Professional ethics,Professional ethics,6.117
P0491,keyword,9,disease knowledge,disease knowledge,5.611
P0491,keyword,10,Interprofessional education,Interprofessional education,5.371
P0491,keyword,11,Drug Costs,Drug Costs,5.146
P0491,keyword,12,family pharmacy,family pharmacy,4.996
P0491,technique,1,임상시험,Clinical Trials,0.594
P0560,keyword,1,Cosmetics,Cosmetics,27.94
P0560,keyword,2,percutaneous absorption,percutaneous absorption,24.912
P0560,keyword,3,Skin Absorption,Skin Absorption,22.045
P0560,keyword,4,Franz diffusion cell,Franz diffusion cell,21.473
P0560,keyword,5,stratum corneum,stratum corneum,18.599
P0560,keyword,6,toxicokinetics,toxicokinetics,17.614
P0560,keyword,7,"Preservatives, Pharmaceutical","Preservatives, Pharmaceutical",17.365
P0560,keyword,8,Proton Magnetic Resonance Spectroscopy,Proton Magnetic Resonance Spectroscopy,13.329
P0560,keyword,9,skin sensitization,skin sensitization,12.121
P0560,keyword,10,Dry Eye Syndromes,Dry Eye Syndromes,11.744
P0560,keyword,11,Lotion,Lotion,10.751
P0560,keyword,12,Disinfectants,Disinfectants,10.013
P0560,technique,1,대사체·지질체,Metabolomics / Lipidomics,23.41
P0560,technique,2,질량분석,Mass Spectrometry,9.622
P0560,technique,3,단백체,Proteomics,2.4
P0560,technique,4,머신러닝·AI,Machine Learning / AI,1.628
P0560,technique,5,RNA-seq·전사체,RNA-seq / Transcriptomics,1.52
P0560,technique,6,미세유체·장기칩,Microfluidics / Organ-on-a-chip,0.608
P0560,technique,7,종양 이종이식 모델,Xenograft Models,0.485
P0560,technique,8,생물정보·계산생물,Bioinformatics,0.213
P0020,keyword,1,Multiple Myeloma,Multiple Myeloma,73.952
P0020,keyword,2,Bortezomib,Bortezomib,23.546
P0020,keyword,3,autologous stem cell transplantation,autologous stem cell transplantation,23.437
P0020,keyword,4,progression-free survival,progression-free survival,20.898
P0020,keyword,5,Lenalidomide,Lenalidomide,19.259
P0020,keyword,6,Antineoplastic Combined Chemotherapy Protocols,Antineoplastic Combined Chemotherapy Protocols,18.382
P0020,keyword,7,relapsed/refractory multiple myeloma,relapsed/refractory multiple myeloma,18.171
P0020,keyword,8,overall survival,overall survival,17.971
P0020,keyword,9,Dexamethasone,Dexamethasone,16.781
P0020,keyword,10,Hematopoietic Stem Cell Transplantation,Hematopoietic Stem Cell Transplantation,16.778
P0020,keyword,11,daratumumab,daratumumab,14.009
P0020,keyword,12,pomalidomide,pomalidomide,13.972
P0020,technique,1,항체 개발,Antibody Engineering,9.919
P0020,technique,2,CAR-T·입양세포치료,CAR-T / Adoptive Cell Therapy,6.964
P0020,technique,3,MRI·PET 영상,MRI / PET Imaging,5.99
P0020,technique,4,임상시험,Clinical Trials,1.701
P0020,technique,5,차세대 시퀀싱(NGS),Next-generation Sequencing,0.833
P0020,technique,6,종양 이종이식 모델,Xenograft Models,0.611
P0020,technique,7,RNA-seq·전사체,RNA-seq / Transcriptomics,0.394
P0020,technique,8,나노입자·약물전달,Nanoparticles / Drug Delivery,0.268
P0635,keyword,1,Acrocephalosyndactylia,Acrocephalosyndactylia,9.174
P0635,keyword,2,sleep bruxism,sleep bruxism,9.031
P0635,keyword,3,obstructive sleep apnea,obstructive sleep apnea,7.787
P0635,keyword,4,CPAP therapy,CPAP therapy,6.702
P0635,keyword,5,neuronal intranuclear inclusion disease,neuronal intranuclear inclusion disease,5.817
P0635,keyword,6,acute aphasia,acute aphasia,5.747
P0635,keyword,7,bruxism management,bruxism management,5.625
P0635,keyword,8,Polysomnography,Polysomnography,5.601
P0635,keyword,9,X Chromosome Inactivation,X Chromosome Inactivation,5.524
P0635,keyword,10,venous engorgement,venous engorgement,5.503
P0635,keyword,11,"RNA, Long Noncoding","RNA, Long Noncoding",4.999
P0635,keyword,12,bruxism diagnosis,bruxism diagnosis,4.949
P0635,technique,1,MRI·PET 영상,MRI / PET Imaging,1.596
P0635,technique,2,유전자변형 마우스,Genetically Modified Mice,1.319
P0635,technique,3,머신러닝·AI,Machine Learning / AI,0.568
P0635,technique,4,RNA-seq·전사체,RNA-seq / Transcriptomics,0.457
P0635,technique,5,임상시험,Clinical Trials,0.187
P0635,technique,6,생물정보·계산생물,Bioinformatics,0.114
P0038,keyword,1,phase-transfer catalysis,phase-transfer catalysis,23.62
P0038,keyword,2,Enantioselective synthesis,Enantioselective synthesis,23.494
P0038,keyword,3,asymmetric synthesis,asymmetric synthesis,19.857
P0038,keyword,4,Cinchona Alkaloids,Cinchona Alkaloids,17.368
P0038,keyword,5,Alkylation,Alkylation,16.42
P0038,keyword,6,Cinchona,Cinchona,14.503
P0038,keyword,7,Catalysis,Catalysis,12.196
P0038,keyword,8,chiral building blocks,chiral building blocks,8.067
P0038,keyword,9,Stereoisomerism,Stereoisomerism,7.052
P0038,keyword,10,cyclic enones,cyclic enones,6.896
P0038,keyword,11,Stereocenter,Stereocenter,6.679
P0038,keyword,12,β-amino carbonyl compounds,β-amino carbonyl compounds,6.537
P0038,technique,1,X선 결정학·구조분석,X-ray Crystallography,2.337
P0038,technique,2,분자도킹·시뮬레이션,Molecular Docking / Dynamics,1.292
P0038,technique,3,제브라피시,Zebrafish,0.981
P0038,technique,4,유전자변형 마우스,Genetically Modified Mice,0.32
P0038,technique,5,생물정보·계산생물,Bioinformatics,0.165
P0038,technique,6,나노입자·약물전달,Nanoparticles / Drug Delivery,0.127
P0175,keyword,1,Cellulose,Cellulose,9.026
P0175,keyword,2,recyclable adsorbent,recyclable adsorbent,5.305
P0175,keyword,3,methylene blue adsorption,methylene blue adsorption,4.358
P0175,keyword,4,Periodate,Periodate,3.96
P0175,keyword,5,cellulose dissolution,cellulose dissolution,3.313
P0175,keyword,6,Lithium bromide,Lithium bromide,3.178
P0175,keyword,7,Regenerated cellulose,Regenerated cellulose,3.097
P0175,keyword,8,"Cellulose, Oxidized","Cellulose, Oxidized",2.732
P0175,keyword,9,cellulose beads,cellulose beads,2.729
P0175,keyword,10,dye removal,dye removal,2.728
P0175,keyword,11,Aqueous solution,Aqueous solution,2.672
P0175,keyword,12,dialdehyde cellulose,dialdehyde cellulose,2.591
P0175,technique,1,하이드로젤·스캐폴드,Hydrogels / Scaffolds,2.936
P0175,technique,2,조직공학·바이오프린팅,Tissue Engineering / Bioprinting,2.359
P0175,technique,3,나노입자·약물전달,Nanoparticles / Drug Delivery,0.765
P0175,technique,4,줄기세포·iPSC,Stem Cells / iPSC,0.3
P0175,technique,5,제브라피시,Zebrafish,0.281
P0175,technique,6,전자현미경,Electron Microscopy,0.268
P0175,technique,7,X선 결정학·구조분석,X-ray Crystallography,0.245
P0175,technique,8,생물정보·계산생물,Bioinformatics,0.024
P0311,keyword,1,Bessel functions,Bessel functions,139.242
P0311,keyword,2,microwave imaging,microwave imaging,89.004
P0311,keyword,3,inverse scattering,inverse scattering,83.687
P0311,keyword,4,imaging function,imaging function,63.134
P0311,keyword,5,Bessel function,Bessel function,59.45
P0311,keyword,6,indicator function,indicator function,58.339
P0311,keyword,7,MUSIC algorithm,MUSIC algorithm,49.532
P0311,keyword,8,Kirchhoff migration,Kirchhoff migration,46.322
P0311,keyword,9,direct sampling,direct sampling,40.242
P0311,keyword,10,TE polarization,TE polarization,34.534
P0311,keyword,11,Inverse scattering problem,Inverse scattering problem,28.158
P0311,keyword,12,Inverse problem,Inverse problem,24.545
P0311,technique,1,머신러닝·AI,Machine Learning / AI,1.272
P0034,keyword,1,20(S)-ginsenoside Rg3,20(S)-ginsenoside Rg3,16.318
P0034,keyword,2,DR5,DR5,9.02
P0034,keyword,3,Lipidome,Lipidome,7.813
P0034,keyword,4,Principal Component Analysis,Principal Component Analysis,7.731
P0034,keyword,5,Metabolome,Metabolome,7.454
P0034,keyword,6,CHOP,CHOP,7.277
P0034,keyword,7,Agarwood,Agarwood,7.111
P0034,keyword,8,Glycerophospholipids,Glycerophospholipids,6.963
P0034,keyword,9,carbohydrate-protein interactions,carbohydrate-protein interactions,6.944
P0034,keyword,10,"Chromatography, High Pressure Liquid","Chromatography, High Pressure Liquid",6.708
P0034,keyword,11,leucine-rich repeats,leucine-rich repeats,6.681
P0034,keyword,12,Panax,Panax,6.532
P0034,technique,1,대사체·지질체,Metabolomics / Lipidomics,26.334
P0034,technique,2,질량분석,Mass Spectrometry,17.377
P0034,technique,3,예쁜꼬마선충,C. elegans,10.869
P0034,technique,4,RNA-seq·전사체,RNA-seq / Transcriptomics,4.512
P0034,technique,5,생물정보·계산생물,Bioinformatics,4.316
P0034,technique,6,머신러닝·AI,Machine Learning / AI,2.851
P0034,technique,7,줄기세포·iPSC,Stem Cells / iPSC,2.519
P0034,technique,8,나노입자·약물전달,Nanoparticles / Drug Delivery,2.331
P0246,keyword,1,skin-on-a-chip,skin-on-a-chip,10.768
P0246,keyword,2,Regenerative medicine,Regenerative medicine,8.717
P0246,keyword,3,cell-free therapy,cell-free therapy,7.22
P0246,keyword,4,Cryptococcus neoformans,Cryptococcus neoformans,6.67
P0246,keyword,5,electrical stimulation,electrical stimulation,6.172
P0246,keyword,6,"Printing, Three-Dimensional","Printing, Three-Dimensional",5.84
P0246,keyword,7,endoplasmic reticulum quality control,endoplasmic reticulum quality control,5.779
P0246,keyword,8,UV protectants,UV protectants,5.576
P0246,keyword,9,in vitro vascular model,in vitro vascular model,5.556
P0246,keyword,10,bromobutyl rubber,bromobutyl rubber,5.514
P0246,keyword,11,"Dermatitis, Atopic","Dermatitis, Atopic",5.462
P0246,keyword,12,Wound Healing,Wound Healing,5.306
P0246,technique,1,엑소좀·세포외소포,Exosomes / EVs,19.135
P0246,technique,2,조직공학·바이오프린팅,Tissue Engineering / Bioprinting,6.822
P0246,technique,3,미세유체·장기칩,Microfluidics / Organ-on-a-chip,6.224
P0246,technique,4,줄기세포·iPSC,Stem Cells / iPSC,5.906
P0246,technique,5,하이드로젤·스캐폴드,Hydrogels / Scaffolds,5.745
P0246,technique,6,오가노이드,Organoids,5.595
P0246,technique,7,나노입자·약물전달,Nanoparticles / Drug Delivery,3.342
P0246,technique,8,웨스턴블롯,Western Blot,0.213
P0749,keyword,1,Cellular Senescence,Cellular Senescence,25.877
P0749,keyword,2,senescence-associated secretory phenotype,senescence-associated secretory phenotype,19.078
P0749,keyword,3,GATA4 Transcription Factor,GATA4 Transcription Factor,10.319
P0749,keyword,4,Lamin B Receptor,Lamin B Receptor,8.734
P0749,keyword,5,Autophagy,Autophagy,8.521
P0749,keyword,6,senescence-associated inflammation,senescence-associated inflammation,6.813
P0749,keyword,7,Aging,Aging,6.352
P0749,keyword,8,cellular rejuvenation,cellular rejuvenation,5.724
P0749,keyword,9,RhoU,RhoU,5.457
P0749,keyword,10,GATA4,GATA4,5.3
P0749,keyword,11,adipose tissue aging,adipose tissue aging,5.105
P0749,keyword,12,selective autophagy,selective autophagy,4.975
P0749,technique,1,예쁜꼬마선충,C. elegans,4.722
P0749,technique,2,생물정보·계산생물,Bioinformatics,0.51
P0749,technique,3,RNA-seq·전사체,RNA-seq / Transcriptomics,0.429
P0271,keyword,1,Interventricular septum,Interventricular septum,0.926
P0271,keyword,2,hyperphosphatemia,hyperphosphatemia,0.772
P0271,keyword,3,secondary hyperparathyroidism,secondary hyperparathyroidism,0.707
P0271,keyword,4,Airway obstruction,Airway obstruction,0.635
P0271,keyword,5,Larynx,Larynx,0.599
P0271,keyword,6,Calcification,Calcification,0.473
P0271,keyword,7,Airway,Airway,0.402
P0271,keyword,8,Kidney disease,Kidney disease,0.329
P0271,keyword,9,Radiation therapy,Radiation therapy,0.262
P0271,keyword,10,Lymphoma,Lymphoma,0.25
P0271,keyword,11,Lesion,Lesion,0.243
P0271,keyword,12,Complication,Complication,0.214
P0688,keyword,1,hot air drying,hot air drying,7.734
P0688,keyword,2,Monascus,Monascus,6.001
P0688,keyword,3,Hanseniaspora uvarum,Hanseniaspora uvarum,5.129
P0688,keyword,4,moisture content,moisture content,5.087
P0688,keyword,5,cassava starch,cassava starch,4.977
P0688,keyword,6,oriental melon,oriental melon,4.525
P0688,keyword,7,fruit leather,fruit leather,4.33
P0688,keyword,8,soju,soju,3.578
P0688,keyword,9,microbial pigments,microbial pigments,3.512
P0688,keyword,10,freeze-thaw cycles,freeze-thaw cycles,3.497
P0688,keyword,11,sensory acceptability,sensory acceptability,3.398
P0688,keyword,12,physical pretreatment,physical pretreatment,3.364
P0688,technique,1,하이드로젤·스캐폴드,Hydrogels / Scaffolds,0.909
P0688,technique,2,나노입자·약물전달,Nanoparticles / Drug Delivery,0.461
P0398,keyword,1,Hip Fractures,Hip Fractures,24.751
P0398,keyword,2,"Arthroplasty, Replacement, Hip","Arthroplasty, Replacement, Hip",24.676
P0398,keyword,3,"Fracture Fixation, Internal","Fracture Fixation, Internal",15.512
P0398,keyword,4,Hip Prosthesis,Hip Prosthesis,15.157
P0398,keyword,5,total hip arthroplasty,total hip arthroplasty,13.687
P0398,keyword,6,Femoral head,Femoral head,12.641
P0398,keyword,7,Osteoporotic Fractures,Osteoporotic Fractures,10.903
P0398,keyword,8,Femur Head Necrosis,Femur Head Necrosis,9.746
P0398,keyword,9,Reoperation,Reoperation,9.58
P0398,keyword,10,Postoperative Complications,Postoperative Complications,9.153
P0398,keyword,11,nonunion,nonunion,9.142
P0398,keyword,12,Hip fracture,Hip fracture,8.952
P0398,technique,1,임상시험,Clinical Trials,3.911
P0398,technique,2,MRI·PET 영상,MRI / PET Imaging,0.741
P0398,technique,3,전자현미경,Electron Microscopy,0.418
P0398,technique,4,생물정보·계산생물,Bioinformatics,0.356
P0398,technique,5,머신러닝·AI,Machine Learning / AI,0.259
P0398,technique,6,X선 결정학·구조분석,X-ray Crystallography,0.197
P0398,technique,7,나노입자·약물전달,Nanoparticles / Drug Delivery,0.072
P0599,keyword,1,Eosinophilic Esophagitis,Eosinophilic Esophagitis,8.141
P0599,keyword,2,eosinophilic gastrointestinal disorders,eosinophilic gastrointestinal disorders,5.171
P0599,keyword,3,peripheral eosinophil count,peripheral eosinophil count,5.124
P0599,keyword,4,eosinophilic colitis,eosinophilic colitis,4.735
P0599,keyword,5,eosinophilic enteritis,eosinophilic enteritis,4.655
P0599,keyword,6,pediatric inflammatory bowel disease,pediatric inflammatory bowel disease,4.384
P0599,keyword,7,eosinophilic gastritis,eosinophilic gastritis,4.356
P0599,keyword,8,esophageal involvement,esophageal involvement,3.927
P0599,keyword,9,radiolucent foreign bodies,radiolucent foreign bodies,3.808
P0599,keyword,10,Crohn Disease,Crohn Disease,3.475
P0599,keyword,11,fecal calprotectin,fecal calprotectin,3.312
P0599,keyword,12,computed tomography comparison,computed tomography comparison,3.097
P0567,keyword,1,Tinnitus,Tinnitus,6.34
P0567,keyword,2,Oxyhemoglobins,Oxyhemoglobins,4.541
P0567,keyword,3,Prepulse Inhibition,Prepulse Inhibition,4.254
P0567,keyword,4,Startle reaction,Startle reaction,4.217
P0567,keyword,5,"Schools, Medical","Schools, Medical",3.604
P0567,keyword,6,computer-based testing,computer-based testing,3.422
P0567,keyword,7,personalized learning guidance,personalized learning guidance,3.227
P0567,keyword,8,"Education, Medical","Education, Medical",3.193
P0567,keyword,9,Problem Solving,Problem Solving,3.193
P0567,keyword,10,salicylate-induced tinnitus,salicylate-induced tinnitus,2.967
P0567,keyword,11,Spinal Cord Injuries,Spinal Cord Injuries,2.958
P0567,keyword,12,response time,response time,2.93
P0567,technique,1,머신러닝·AI,Machine Learning / AI,0.96
P0567,technique,2,줄기세포·iPSC,Stem Cells / iPSC,0.573
P0567,technique,3,질량분석,Mass Spectrometry,0.55
P0567,technique,4,나노입자·약물전달,Nanoparticles / Drug Delivery,0.126
P0093,keyword,1,Amino Acyl-tRNA Synthetases,Amino Acyl-tRNA Synthetases,10.592
P0093,keyword,2,Leucine-tRNA Ligase,Leucine-tRNA Ligase,8.924
P0093,keyword,3,aminoacyl-tRNA synthetase,aminoacyl-tRNA synthetase,8.92
P0093,keyword,4,Mechanistic Target of Rapamycin Complex 1,Mechanistic Target of Rapamycin Complex 1,5.13
P0093,keyword,5,metabolic signalling,metabolic signalling,4.079
P0093,keyword,6,Triptycene,Triptycene,4.065
P0093,keyword,7,non-canonical functions,non-canonical functions,4.002
P0093,keyword,8,translation,translation,3.959
P0093,keyword,9,TAK1 phosphorylation,TAK1 phosphorylation,3.839
P0093,keyword,10,mTORC1,mTORC1,3.543
P0093,keyword,11,Leucine,Leucine,3.416
P0093,keyword,12,halofuginone,halofuginone,3.279
P0093,technique,1,X선 결정학·구조분석,X-ray Crystallography,0.466
P0093,technique,2,생물정보·계산생물,Bioinformatics,0.29
P0145,keyword,1,Human liver,Human liver,9.999
P0145,keyword,2,Serostatus,Serostatus,6.22
P0145,keyword,3,human cytomegalovirus,human cytomegalovirus,5.537
P0145,keyword,4,adult intussusception,adult intussusception,5.218
P0145,keyword,5,Growth Disorders,Growth Disorders,5.008
P0145,keyword,6,intussusception,intussusception,4.958
P0145,keyword,7,pediatric intussusception,pediatric intussusception,4.931
P0145,keyword,8,"Emergency Service, Hospital","Emergency Service, Hospital",4.857
P0145,keyword,9,Crohn Disease,Crohn Disease,3.975
P0145,keyword,10,Abdominal Pain,Abdominal Pain,3.758
P0145,keyword,11,adenovirus,adenovirus,3.577
P0145,keyword,12,social distancing,social distancing,3.348
P0145,technique,1,RNA-seq·전사체,RNA-seq / Transcriptomics,0.894
P0145,technique,2,X선 결정학·구조분석,X-ray Crystallography,0.39
P0145,technique,3,생물정보·계산생물,Bioinformatics,0.08
P0143,keyword,1,"RNA, Nuclear","RNA, Nuclear",11.004
P0143,keyword,2,"RNA, Untranslated","RNA, Untranslated",9.069
P0143,keyword,3,Alzheimer Disease,Alzheimer Disease,8.414
P0143,keyword,4,"RNA, Long Noncoding","RNA, Long Noncoding",7.783
P0143,keyword,5,neurodegenerative diseases,neurodegenerative diseases,7.296
P0143,keyword,6,RNA-protein interactions,RNA-protein interactions,7.253
P0143,keyword,7,Hallucinogens,Hallucinogens,7.031
P0143,keyword,8,tau aggregation,tau aggregation,6.052
P0143,keyword,9,Brain Diseases,Brain Diseases,5.923
P0143,keyword,10,Lysergic Acid Diethylamide,Lysergic Acid Diethylamide,5.919
P0143,keyword,11,CD48 Antigen,CD48 Antigen,5.895
P0143,keyword,12,RNA-DNA interactions,RNA-DNA interactions,5.77
P0143,technique,1,머신러닝·AI,Machine Learning / AI,8.0
P0143,technique,2,GWAS·유전역학,GWAS / Genetic Epidemiology,6.92
P0143,technique,3,단일세포 분석,Single-cell Analysis,3.85
P0143,technique,4,유전자변형 마우스,Genetically Modified Mice,2.593
P0143,technique,5,단백체,Proteomics,2.281
P0143,technique,6,RNA-seq·전사체,RNA-seq / Transcriptomics,2.215
P0143,technique,7,생물정보·계산생물,Bioinformatics,1.665
P0143,technique,8,면역조직화학,Immunohistochemistry,0.19
P0848,keyword,1,Aspergillus fumigatus,Aspergillus fumigatus,28.269
P0848,keyword,2,"Gene Expression Regulation, Fungal","Gene Expression Regulation, Fungal",13.127
P0848,keyword,3,Fungal Proteins,Fungal Proteins,12.878
P0848,keyword,4,Saccharomyces cerevisiae Proteins,Saccharomyces cerevisiae Proteins,11.823
P0848,keyword,5,Caspofungin,Caspofungin,11.308
P0848,keyword,6,Gliotoxin,Gliotoxin,10.457
P0848,keyword,7,Echinocandins,Echinocandins,9.668
P0848,keyword,8,Saccharomyces cerevisiae,Saccharomyces cerevisiae,9.501
P0848,keyword,9,pseurotin A,pseurotin A,8.986
P0848,keyword,10,Hyperthyroidism,Hyperthyroidism,8.765
P0848,keyword,11,zinc regulation,zinc regulation,8.028
P0848,keyword,12,fungal virulence,fungal virulence,7.191
P0848,technique,1,RNA-seq·전사체,RNA-seq / Transcriptomics,0.59
P0848,technique,2,웨스턴블롯,Western Blot,0.185
P0848,technique,3,나노입자·약물전달,Nanoparticles / Drug Delivery,0.129
P0579,keyword,1,C-MAC videolaryngoscope,C-MAC videolaryngoscope,7.034
P0579,keyword,2,incident reporting systems,incident reporting systems,6.359
P0579,keyword,3,cervical manipulation,cervical manipulation,5.288
P0579,keyword,4,dural injury,dural injury,5.286
P0579,keyword,5,Problem-based learning,Problem-based learning,5.244
P0579,keyword,6,Intracranial Hypotension,Intracranial Hypotension,4.972
P0579,keyword,7,orthostatic headache,orthostatic headache,4.905
P0579,keyword,8,video laryngoscopy,video laryngoscopy,4.503
P0579,keyword,9,epidural blood patch,epidural blood patch,4.391
P0579,keyword,10,cerebrospinal fluid leak,cerebrospinal fluid leak,3.699
P0579,keyword,11,anesthesia induction,anesthesia induction,3.639
P0579,keyword,12,anesthesiologist role,anesthesiologist role,3.615
P0483,keyword,1,"Printing, Three-Dimensional","Printing, Three-Dimensional",10.131
P0483,keyword,2,craniomaxillofacial reconstruction,craniomaxillofacial reconstruction,7.369
P0483,keyword,3,vascularization,vascularization,6.578
P0483,keyword,4,scaffold vascularization,scaffold vascularization,5.903
P0483,keyword,5,smooth muscle cells,smooth muscle cells,5.805
P0483,keyword,6,Alginates,Alginates,5.555
P0483,keyword,7,Myoblasts,Myoblasts,5.134
P0483,keyword,8,Punctures,Punctures,5.109
P0483,keyword,9,sheep model,sheep model,4.442
P0483,keyword,10,cranial bone defects,cranial bone defects,4.298
P0483,keyword,11,rat hindlimb,rat hindlimb,4.246
P0483,keyword,12,Ink,Ink,3.995
P0483,technique,1,조직공학·바이오프린팅,Tissue Engineering / Bioprinting,20.67
P0483,technique,2,하이드로젤·스캐폴드,Hydrogels / Scaffolds,10.649
P0483,technique,3,줄기세포·iPSC,Stem Cells / iPSC,2.791
P1110,keyword,1,lanthipeptides,lanthipeptides,7.764
P1110,keyword,2,sodium naphthalenide,sodium naphthalenide,5.261
P1110,keyword,3,modular synthesis,modular synthesis,4.93
P1110,keyword,4,Eutectic system,Eutectic system,3.996
P1110,keyword,5,Deep eutectic solvent,Deep eutectic solvent,3.834
P1110,keyword,6,ribosomally synthesized and post-translationally modified peptides,ribosomally synthesized and post-translationally modified peptides,3.744
P1110,keyword,7,Rheology,Rheology,3.598
P1110,keyword,8,Dispersant,Dispersant,3.474
P1110,keyword,9,Michael-type addition,Michael-type addition,3.298
P1110,keyword,10,Colloid,Colloid,3.292
P1110,keyword,11,non-viral gene therapy,non-viral gene therapy,3.263
P1110,keyword,12,RiPP biosynthesis,RiPP biosynthesis,3.228
P1110,technique,1,엑소좀·세포외소포,Exosomes / EVs,1.298
P1110,technique,2,분자도킹·시뮬레이션,Molecular Docking / Dynamics,1.136
P1110,technique,3,나노입자·약물전달,Nanoparticles / Drug Delivery,0.916
P1110,technique,4,대사체·지질체,Metabolomics / Lipidomics,0.645
P1110,technique,5,종양 이종이식 모델,Xenograft Models,0.405
P0665,keyword,1,Periodontitis,Periodontitis,22.006
P0665,keyword,2,Osteoclasts,Osteoclasts,14.064
P0665,keyword,3,alveolar bone loss,alveolar bone loss,13.113
P0665,keyword,4,Bone Resorption,Bone Resorption,12.799
P0665,keyword,5,RANK Ligand,RANK Ligand,11.511
P0665,keyword,6,Osteogenesis,Osteogenesis,8.34
P0665,keyword,7,Chronic periodontitis,Chronic periodontitis,8.263
P0665,keyword,8,osteoclastogenesis,osteoclastogenesis,8.042
P0665,keyword,9,ligature-induced periodontitis,ligature-induced periodontitis,7.532
P0665,keyword,10,NFATC Transcription Factors,NFATC Transcription Factors,7.349
P0665,keyword,11,Osteoclast,Osteoclast,7.349
P0665,keyword,12,RANKL,RANKL,7.041
P0665,technique,1,RNA-seq·전사체,RNA-seq / Transcriptomics,3.217
P0665,technique,2,엑소좀·세포외소포,Exosomes / EVs,2.726
P0665,technique,3,qPCR,Real-time PCR,2.229
P0665,technique,4,생물정보·계산생물,Bioinformatics,1.142
P0665,technique,5,유전자변형 마우스,Genetically Modified Mice,1.129
P0665,technique,6,면역조직화학,Immunohistochemistry,0.56
P0665,technique,7,종양 이종이식 모델,Xenograft Models,0.444
P0665,technique,8,웨스턴블롯,Western Blot,0.443
P0795,keyword,1,Saccharomyces cerevisiae Proteins,Saccharomyces cerevisiae Proteins,24.709
P0795,keyword,2,Saccharomyces cerevisiae,Saccharomyces cerevisiae,23.369
P0795,keyword,3,"Receptors, CXCR4","Receptors, CXCR4",13.665
P0795,keyword,4,Nicotinamidase,Nicotinamidase,12.259
P0795,keyword,5,Sphingosine-1-Phosphate Receptors,Sphingosine-1-Phosphate Receptors,11.616
P0795,keyword,6,"Silent Information Regulator Proteins, Saccharomyces cerevisiae","Silent Information Regulator Proteins, Saccharomyces cerevisiae",9.835
P0795,keyword,7,Pertussis Vaccine,Pertussis Vaccine,9.804
P0795,keyword,8,Chemokine CXCL12,Chemokine CXCL12,9.517
P0795,keyword,9,Gαi,Gαi,9.352
P0795,keyword,10,CXCL12,CXCL12,9.027
P0795,keyword,11,Sir2,Sir2,8.985
P0795,keyword,12,"Receptors, Pituitary Adenylate Cyclase-Activating Polypeptide, Type I","Receptors, Pituitary Adenylate Cyclase-Activating Polypeptide, Type I",8.928
P0795,technique,1,GWAS·유전역학,GWAS / Genetic Epidemiology,1.962
P0795,technique,2,생물정보·계산생물,Bioinformatics,1.512
P0795,technique,3,단백체,Proteomics,1.112
P0795,technique,4,RNA-seq·전사체,RNA-seq / Transcriptomics,0.393
P0795,technique,5,유전자변형 마우스,Genetically Modified Mice,0.281
P0795,technique,6,웨스턴블롯,Western Blot,0.067
P0556,keyword,1,cultivar identification,cultivar identification,11.935
P0556,keyword,2,Raphanus,Raphanus,10.286
P0556,keyword,3,pollen viability,pollen viability,9.817
P0556,keyword,4,fruit yield,fruit yield,9.569
P0556,keyword,5,fruit size,fruit size,8.909
P0556,keyword,6,heat stress,heat stress,8.627
P0556,keyword,7,radish,radish,8.057
P0556,keyword,8,Fruit set,Fruit set,7.597
P0556,keyword,9,Horticulture,Horticulture,7.484
P0556,keyword,10,stem diameter,stem diameter,7.072
P0556,keyword,11,Cultivar,Cultivar,6.961
P0556,keyword,12,fruit number,fruit number,6.881
P0556,technique,1,애기장대·식물 모델,Arabidopsis,3.211
P0556,technique,2,생물정보·계산생물,Bioinformatics,0.191
P0556,technique,3,RNA-seq·전사체,RNA-seq / Transcriptomics,0.136
P0460,keyword,1,Systems pharmacology,Systems pharmacology,0.602
P0460,keyword,2,Hyperplasia,Hyperplasia,0.366
P0460,keyword,3,Cell cycle checkpoint,Cell cycle checkpoint,0.209
P0460,keyword,4,Prostate,Prostate,0.147
P0341,keyword,1,Brachial Plexus Block,Brachial Plexus Block,7.367
P0341,keyword,2,"Anesthetics, Local","Anesthetics, Local",5.979
P0341,keyword,3,Epidural Space,Epidural Space,5.642
P0341,keyword,4,Ropivacaine,Ropivacaine,5.541
P0341,keyword,5,Combined spinal epidural,Combined spinal epidural,5.497
P0341,keyword,6,major abdominal surgery,major abdominal surgery,5.215
P0341,keyword,7,Consciousness Monitors,Consciousness Monitors,5.011
P0341,keyword,8,psoas muscle area,psoas muscle area,4.674
P0341,keyword,9,shoulder arthroscopy,shoulder arthroscopy,4.597
P0341,keyword,10,intraoperative hypotension,intraoperative hypotension,4.549
P0341,keyword,11,perineural dexamethasone,perineural dexamethasone,4.422
P0341,keyword,12,modified frailty index,modified frailty index,4.306
P0341,technique,1,머신러닝·AI,Machine Learning / AI,1.348
P0341,technique,2,임상시험,Clinical Trials,0.611
P0563,keyword,1,Cytochrome P-450 CYP2D6,Cytochrome P-450 CYP2D6,26.217
P0563,keyword,2,Tolperisone,Tolperisone,18.408
P0563,keyword,3,Cytochrome P-450 CYP2C9,Cytochrome P-450 CYP2C9,12.216
P0563,keyword,4,CYP2D6,CYP2D6,12.143
P0563,keyword,5,Cytochrome P-450 CYP2C19,Cytochrome P-450 CYP2C19,11.383
P0563,keyword,6,CYP2C19,CYP2C19,10.634
P0563,keyword,7,Genotype,Genotype,10.601
P0563,keyword,8,physiologically based pharmacokinetic modeling,physiologically based pharmacokinetic modeling,9.988
P0563,keyword,9,"Polymorphism, Genetic","Polymorphism, Genetic",9.763
P0563,keyword,10,Zolpidem,Zolpidem,8.875
P0563,keyword,11,pharmacokinetics,pharmacokinetics,8.807
P0563,keyword,12,Pharmacogenomic Variants,Pharmacogenomic Variants,8.749
P0563,technique,1,질량분석,Mass Spectrometry,2.903
P1061,keyword,1,Base Composition,Base Composition,46.054
P1061,keyword,2,Bacterial Typing Techniques,Bacterial Typing Techniques,45.239
P1061,keyword,3,Seawater,Seawater,41.051
P1061,keyword,4,"RNA, Ribosomal, 16S","RNA, Ribosomal, 16S",39.084
P1061,keyword,5,"DNA, Bacterial","DNA, Bacterial",37.804
P1061,keyword,6,Phylogeny,Phylogeny,35.886
P1061,keyword,7,Fatty Acids,Fatty Acids,34.444
P1061,keyword,8,Flavobacteriaceae,Flavobacteriaceae,30.056
P1061,keyword,9,Phospholipids,Phospholipids,28.549
P1061,keyword,10,Rhodobacteraceae,Rhodobacteraceae,25.155
P1061,keyword,11,"Sequence Analysis, DNA","Sequence Analysis, DNA",24.856
P1061,keyword,12,bacterial taxonomy,bacterial taxonomy,24.38
P1061,technique,1,전자현미경,Electron Microscopy,3.758
P1061,technique,2,차세대 시퀀싱(NGS),Next-generation Sequencing,1.725
P0994,keyword,1,Kelch-Like ECH-Associated Protein 1,Kelch-Like ECH-Associated Protein 1,16.124
P0994,keyword,2,NF-E2-Related Factor 2,NF-E2-Related Factor 2,11.404
P0994,keyword,3,Keap1-Nrf2 interaction,Keap1-Nrf2 interaction,8.149
P0994,keyword,4,protein-protein interaction inhibitors,protein-protein interaction inhibitors,7.199
P0994,keyword,5,Structure-Activity Relationship,Structure-Activity Relationship,5.858
P0994,keyword,6,Benzene Derivatives,Benzene Derivatives,5.407
P0994,keyword,7,Naphthalenes,Naphthalenes,5.125
P0994,keyword,8,electrophilic stress,electrophilic stress,5.096
P0994,keyword,9,GSTM3,GSTM3,5.043
P0994,keyword,10,prosciutto,prosciutto,4.924
P0994,keyword,11,Nrf2 activation,Nrf2 activation,4.903
P0994,keyword,12,ROS1-positive non-small cell lung cancer,ROS1-positive non-small cell lung cancer,4.861
P0994,technique,1,미세유체·장기칩,Microfluidics / Organ-on-a-chip,3.832
P0994,technique,2,조직공학·바이오프린팅,Tissue Engineering / Bioprinting,2.959
P0994,technique,3,하이드로젤·스캐폴드,Hydrogels / Scaffolds,2.368
P0994,technique,4,분자도킹·시뮬레이션,Molecular Docking / Dynamics,0.536
P0994,technique,5,나노입자·약물전달,Nanoparticles / Drug Delivery,0.496
P0994,technique,6,웨스턴블롯,Western Blot,0.293
P0994,technique,7,생물정보·계산생물,Bioinformatics,0.184
P0532,keyword,1,Ischemic Stroke,Ischemic Stroke,45.268
P0532,keyword,2,acute ischemic stroke,acute ischemic stroke,41.855
P0532,keyword,3,stroke,stroke,37.071
P0532,keyword,4,stroke recurrence,stroke recurrence,26.566
P0532,keyword,5,Modified Rankin Scale,Modified Rankin Scale,23.797
P0532,keyword,6,Stroke (engine),Stroke (engine),21.938
P0532,keyword,7,Registries,Registries,21.432
P0532,keyword,8,Brain Ischemia,Brain Ischemia,17.096
P0532,keyword,9,atrial fibrillation,atrial fibrillation,16.318
P0532,keyword,10,functional outcome,functional outcome,15.624
P0532,keyword,11,intravenous thrombolysis,intravenous thrombolysis,15.313
P0532,keyword,12,secondary stroke prevention,secondary stroke prevention,14.033
P0532,technique,1,MRI·PET 영상,MRI / PET Imaging,8.057
P0532,technique,2,임상시험,Clinical Trials,2.452
P0532,technique,3,머신러닝·AI,Machine Learning / AI,1.759
P0532,technique,4,단백체,Proteomics,0.552
P0532,technique,5,생물정보·계산생물,Bioinformatics,0.19
P0513,keyword,1,parainfluenza virus,parainfluenza virus,0.873
P0513,keyword,2,human enteroviruses,human enteroviruses,0.803
P0513,keyword,3,culture-negative tuberculosis,culture-negative tuberculosis,0.745
P0513,keyword,4,human rhinovirus,human rhinovirus,0.692
P0513,keyword,5,brain metastasis mimic,brain metastasis mimic,0.66
P0513,keyword,6,adenovirus,adenovirus,0.653
P0513,keyword,7,Tuberculous lymphadenitis,Tuberculous lymphadenitis,0.618
P0513,keyword,8,respiratory virus detection,respiratory virus detection,0.605
P0513,keyword,9,pulmonary tuberculosis,pulmonary tuberculosis,0.601
P0513,keyword,10,nasopharyngeal swab,nasopharyngeal swab,0.583
P0513,keyword,11,intracranial tuberculoma,intracranial tuberculoma,0.553
P0513,keyword,12,tuberculosis relapse,tuberculosis relapse,0.55
P1073,keyword,1,Gigantea,Gigantea,9.446
P1073,keyword,2,flowering time,flowering time,6.738
P1073,keyword,3,Salt Tolerance,Salt Tolerance,5.736
P1073,keyword,4,"Gene Expression Regulation, Plant","Gene Expression Regulation, Plant",4.968
P1073,keyword,5,Flowers,Flowers,3.734
P1073,keyword,6,CONSTANS,CONSTANS,3.698
P1073,keyword,7,zinc finger nucleases,zinc finger nucleases,3.343
P1073,keyword,8,FLOWERING LOCUS T,FLOWERING LOCUS T,3.228
P1073,keyword,9,photoperiodic flowering,photoperiodic flowering,3.194
P1073,keyword,10,crop genetic resources,crop genetic resources,3.168
P1073,keyword,11,floral induction,floral induction,3.12
P1073,keyword,12,"Genome, Plant","Genome, Plant",3.094
P1073,technique,1,애기장대·식물 모델,Arabidopsis,18.477
P1073,technique,2,RNA-seq·전사체,RNA-seq / Transcriptomics,0.918
P1073,technique,3,후성유전 분석,Epigenomics (ChIP/ATAC-seq),0.619
P1073,technique,4,단백체,Proteomics,0.444
P1073,technique,5,생물정보·계산생물,Bioinformatics,0.176
P0162,keyword,1,"Lupus Erythematosus, Systemic","Lupus Erythematosus, Systemic",20.322
P0162,keyword,2,Asphalt,Asphalt,16.898
P0162,keyword,3,Genetic Predisposition to Disease,Genetic Predisposition to Disease,16.737
P0162,keyword,4,systemic lupus erythematosus,systemic lupus erythematosus,16.66
P0162,keyword,5,HLA-DRB1,HLA-DRB1,15.049
P0162,keyword,6,"Polymorphism, Single Nucleotide","Polymorphism, Single Nucleotide",13.586
P0162,keyword,7,Major histocompatibility complex,Major histocompatibility complex,10.907
P0162,keyword,8,Radiant cooling,Radiant cooling,9.767
P0162,keyword,9,"Arthritis, Rheumatoid","Arthritis, Rheumatoid",9.642
P0162,keyword,10,C4A,C4A,9.193
P0162,keyword,11,HLA-C,HLA-C,8.698
P0162,keyword,12,HLA Antigens,HLA Antigens,8.606
P0162,technique,1,GWAS·유전역학,GWAS / Genetic Epidemiology,23.789
P0162,technique,2,차세대 시퀀싱(NGS),Next-generation Sequencing,2.382
P0162,technique,3,RNA-seq·전사체,RNA-seq / Transcriptomics,1.24
P0162,technique,4,생물정보·계산생물,Bioinformatics,0.78
P0162,technique,5,머신러닝·AI,Machine Learning / AI,0.36
P0162,technique,6,X선 결정학·구조분석,X-ray Crystallography,0.256
P0657,keyword,1,Bone Regeneration,Bone Regeneration,13.022
P0657,keyword,2,photothermal conversion,photothermal conversion,9.261
P0657,keyword,3,Ti3C2 MXene,Ti3C2 MXene,8.295
P0657,keyword,4,osteogenic differentiation,osteogenic differentiation,8.179
P0657,keyword,5,Regenerative medicine,Regenerative medicine,7.689
P0657,keyword,6,MXene nanosheets,MXene nanosheets,7.522
P0657,keyword,7,"Spheroids, Cellular","Spheroids, Cellular",7.337
P0657,keyword,8,controlled drug release,controlled drug release,7.308
P0657,keyword,9,antibacterial activity,antibacterial activity,7.269
P0657,keyword,10,vascularization,vascularization,7.212
P0657,keyword,11,near-infrared irradiation,near-infrared irradiation,6.882
P0657,keyword,12,"Neovascularization, Physiologic","Neovascularization, Physiologic",6.784
P0657,technique,1,조직공학·바이오프린팅,Tissue Engineering / Bioprinting,20.177
P0657,technique,2,하이드로젤·스캐폴드,Hydrogels / Scaffolds,15.607
P0657,technique,3,줄기세포·iPSC,Stem Cells / iPSC,10.016
P0657,technique,4,나노입자·약물전달,Nanoparticles / Drug Delivery,7.306
P0657,technique,5,머신러닝·AI,Machine Learning / AI,0.977
P0657,technique,6,오가노이드,Organoids,0.726
P0657,technique,7,전자현미경,Electron Microscopy,0.513
P0657,technique,8,X선 결정학·구조분석,X-ray Crystallography,0.425
P0166,keyword,1,perovskite solar cells,perovskite solar cells,9.734
P0166,keyword,2,two-dimensional halide perovskites,two-dimensional halide perovskites,8.126
P0166,keyword,3,space photovoltaics,space photovoltaics,7.244
P0166,keyword,4,organic-inorganic hybrid perovskites,organic-inorganic hybrid perovskites,7.005
P0166,keyword,5,band gap tuning,band gap tuning,6.848
P0166,keyword,6,single crystals,single crystals,6.695
P0166,keyword,7,Perovskite (structure),Perovskite (structure),6.685
P0166,keyword,8,Dion-Jacobson phase,Dion-Jacobson phase,6.457
P0166,keyword,9,UiO-66-NH2,UiO-66-NH2,6.457
P0166,keyword,10,photoelectrodes,photoelectrodes,6.015
P0166,keyword,11,carrier diffusion length,carrier diffusion length,5.993
P0166,keyword,12,radiation hardening,radiation hardening,5.784
P0166,technique,1,나노입자·약물전달,Nanoparticles / Drug Delivery,1.554
P0166,technique,2,X선 결정학·구조분석,X-ray Crystallography,0.762
P0166,technique,3,전자현미경,Electron Microscopy,0.107
P0409,keyword,1,"Pulmonary Disease, Chronic Obstructive","Pulmonary Disease, Chronic Obstructive",39.463
P0409,keyword,2,chronic obstructive pulmonary disease,chronic obstructive pulmonary disease,27.737
P0409,keyword,3,inhaled corticosteroids,inhaled corticosteroids,23.069
P0409,keyword,4,Forced Expiratory Volume,Forced Expiratory Volume,16.899
P0409,keyword,5,COPD,COPD,15.919
P0409,keyword,6,Spirometry,Spirometry,15.1
P0409,keyword,7,Traffic-Related Pollution,Traffic-Related Pollution,12.255
P0409,keyword,8,COPD exacerbations,COPD exacerbations,11.527
P0409,keyword,9,Bronchiectasis,Bronchiectasis,10.883
P0409,keyword,10,Vital capacity,Vital capacity,10.699
P0409,keyword,11,"Administration, Inhalation","Administration, Inhalation",9.591
P0409,keyword,12,smokers,smokers,9.406
P0409,technique,1,GWAS·유전역학,GWAS / Genetic Epidemiology,1.865
P0409,technique,2,MRI·PET 영상,MRI / PET Imaging,1.679
P0409,technique,3,엑소좀·세포외소포,Exosomes / EVs,0.729
P0409,technique,4,유전자변형 마우스,Genetically Modified Mice,0.589
P0409,technique,5,머신러닝·AI,Machine Learning / AI,0.438
P0409,technique,6,임상시험,Clinical Trials,0.241
P0409,technique,7,면역조직화학,Immunohistochemistry,0.209
P1099,keyword,1,herbicide metabolism,herbicide metabolism,19.615
P1099,keyword,2,herbicide resistance,herbicide resistance,16.466
P1099,keyword,3,Amaranthus palmeri,Amaranthus palmeri,14.85
P1099,keyword,4,Echinochloa,Echinochloa,14.595
P1099,keyword,5,Herbicides,Herbicides,13.19
P1099,keyword,6,endosulfan,endosulfan,12.319
P1099,keyword,7,cyhalofop-butyl,cyhalofop-butyl,11.06
P1099,keyword,8,Echinochloa crus-galli,Echinochloa crus-galli,11.041
P1099,keyword,9,florpyrauxifen-benzyl,florpyrauxifen-benzyl,10.891
P1099,keyword,10,Zingiberales,Zingiberales,10.627
P1099,keyword,11,non-target-site resistance,non-target-site resistance,9.743
P1099,keyword,12,Soil Pollutants,Soil Pollutants,9.512
P1099,technique,1,머신러닝·AI,Machine Learning / AI,1.758
P1099,technique,2,나노입자·약물전달,Nanoparticles / Drug Delivery,0.27
P1099,technique,3,질량분석,Mass Spectrometry,0.139
P0153,keyword,1,Amyotrophic Lateral Sclerosis,Amyotrophic Lateral Sclerosis,33.404
P0153,keyword,2,Paraproteinemias,Paraproteinemias,7.209
P0153,keyword,3,IgM monoclonal gammopathy,IgM monoclonal gammopathy,5.297
P0153,keyword,4,SOD1,SOD1,4.368
P0153,keyword,5,monoclonal gammopathy,monoclonal gammopathy,4.302
P0153,keyword,6,lower motor neuron degeneration,lower motor neuron degeneration,4.142
P0153,keyword,7,Dystonic Disorders,Dystonic Disorders,4.046
P0153,keyword,8,NCKAP1,NCKAP1,3.726
P0153,keyword,9,Dystonia,Dystonia,3.692
P0153,keyword,10,Mesenchymal Stem Cell Transplantation,Mesenchymal Stem Cell Transplantation,3.467
P0153,keyword,11,nerve conduction,nerve conduction,3.375
P0153,keyword,12,Charcot,Charcot,3.366
P0153,technique,1,줄기세포·iPSC,Stem Cells / iPSC,2.611
P0153,technique,2,제브라피시,Zebrafish,1.455
P0153,technique,3,MRI·PET 영상,MRI / PET Imaging,1.223
P0153,technique,4,분자도킹·시뮬레이션,Molecular Docking / Dynamics,0.987
P0153,technique,5,임상시험,Clinical Trials,0.712
P0153,technique,6,차세대 시퀀싱(NGS),Next-generation Sequencing,0.225
P0967,keyword,1,Bifidobacterium adolescentis,Bifidobacterium adolescentis,1.675
P0967,keyword,2,RS3,RS3,1.64
P0967,keyword,3,"Intestine, Large","Intestine, Large",1.542
P0967,keyword,4,human fecal microbiota,human fecal microbiota,1.531
P0967,keyword,5,beta-glucuronidase,beta-glucuronidase,1.344
P0967,keyword,6,bile salt tolerance,bile salt tolerance,1.297
P0967,keyword,7,Synbiotics,Synbiotics,1.175
P0967,keyword,8,resistant starch,resistant starch,1.16
P0967,keyword,9,Prebiotics,Prebiotics,1.085
P0967,keyword,10,acid resistance,acid resistance,1.045
P0967,keyword,11,Bifidobacterium,Bifidobacterium,0.925
P0967,keyword,12,Probiotics,Probiotics,0.88
P0108,keyword,1,Gelatin,Gelatin,10.531
P0108,keyword,2,Blood-Brain Barrier,Blood-Brain Barrier,7.556
P0108,keyword,3,Keratin,Keratin,6.756
P0108,keyword,4,Keratins,Keratins,6.205
P0108,keyword,5,Biocompatible Materials,Biocompatible Materials,6.19
P0108,keyword,6,Hemostasis,Hemostasis,6.098
P0108,keyword,7,oncolytic vaccinia virus,oncolytic vaccinia virus,6.077
P0108,keyword,8,mechanotransduction,mechanotransduction,5.948
P0108,keyword,9,Oncolytic Viruses,Oncolytic Viruses,5.717
P0108,keyword,10,Oncolytic Virotherapy,Oncolytic Virotherapy,5.642
P0108,keyword,11,decellularized extracellular matrix,decellularized extracellular matrix,5.386
P0108,keyword,12,Vaccinia virus,Vaccinia virus,5.166
P0108,technique,1,하이드로젤·스캐폴드,Hydrogels / Scaffolds,21.164
P0108,technique,2,조직공학·바이오프린팅,Tissue Engineering / Bioprinting,15.623
P0108,technique,3,나노입자·약물전달,Nanoparticles / Drug Delivery,7.279
P0108,technique,4,줄기세포·iPSC,Stem Cells / iPSC,7.221
P0108,technique,5,미세유체·장기칩,Microfluidics / Organ-on-a-chip,4.885
P0108,technique,6,초파리,Drosophila,4.168
P0108,technique,7,오가노이드,Organoids,4.16
P0108,technique,8,제브라피시,Zebrafish,2.139
P0748,keyword,1,Cryogels,Cryogels,51.899
P0748,keyword,2,Bone Regeneration,Bone Regeneration,22.691
P0748,keyword,3,Whitlockite,Whitlockite,20.085
P0748,keyword,4,Osteogenesis,Osteogenesis,17.538
P0748,keyword,5,Gelatin,Gelatin,16.937
P0748,keyword,6,Regenerative medicine,Regenerative medicine,15.209
P0748,keyword,7,cranial defects,cranial defects,13.248
P0748,keyword,8,Extracellular matrix,Extracellular matrix,12.424
P0748,keyword,9,postoperative adhesions,postoperative adhesions,11.787
P0748,keyword,10,decellularized extracellular matrix,decellularized extracellular matrix,11.686
P0748,keyword,11,Regeneration,Regeneration,11.653
P0748,keyword,12,Biomedical engineering,Biomedical engineering,11.169
P0748,technique,1,조직공학·바이오프린팅,Tissue Engineering / Bioprinting,55.1
P0748,technique,2,하이드로젤·스캐폴드,Hydrogels / Scaffolds,52.355
P0748,technique,3,나노입자·약물전달,Nanoparticles / Drug Delivery,15.845
P0748,technique,4,줄기세포·iPSC,Stem Cells / iPSC,14.537
P0748,technique,5,오가노이드,Organoids,7.584
P0748,technique,6,미세유체·장기칩,Microfluidics / Organ-on-a-chip,6.092
P0748,technique,7,전자현미경,Electron Microscopy,1.377
P0748,technique,8,RNA 치료제·siRNA,RNA Therapeutics,1.19
P0851,keyword,1,mechanical computation,mechanical computation,1.626
P0851,keyword,2,Common emitter,Common emitter,1.155
P0851,keyword,3,vibration sensing,vibration sensing,1.071
P0851,keyword,4,3D electronics,3D electronics,1.036
P0851,keyword,5,logic devices,logic devices,0.931
P0851,keyword,6,soft robotics,soft robotics,0.882
P0851,keyword,7,soft electronics,soft electronics,0.751
P0851,keyword,8,Stress concentration,Stress concentration,0.735
P0851,keyword,9,Criminology,Criminology,0.562
P0851,keyword,10,Crystalline silicon,Crystalline silicon,0.449
P0851,keyword,11,inorganic sulfur,inorganic sulfur,0.357
P0851,keyword,12,methionine biosynthesis,methionine biosynthesis,0.35
P0925,keyword,1,Hsp27,Hsp27,11.694
P0925,keyword,2,Oncolytic adenovirus,Oncolytic adenovirus,11.563
P0925,keyword,3,Adenoviridae,Adenoviridae,8.328
P0925,keyword,4,TNF-Related Apoptosis-Inducing Ligand,TNF-Related Apoptosis-Inducing Ligand,6.255
P0925,keyword,5,Co-Repressor Proteins,Co-Repressor Proteins,6.045
P0925,keyword,6,Oncolytic Viruses,Oncolytic Viruses,5.34
P0925,keyword,7,DAXX,DAXX,5.069
P0925,keyword,8,"Receptor, IGF Type 1","Receptor, IGF Type 1",5.009
P0925,keyword,9,Heat-Shock Proteins,Heat-Shock Proteins,4.953
P0925,keyword,10,Sorafenib,Sorafenib,4.943
P0925,keyword,11,Oncolytic Virotherapy,Oncolytic Virotherapy,4.794
P0925,keyword,12,GRP78,GRP78,4.733
P0925,technique,1,RNA 치료제·siRNA,RNA Therapeutics,5.084
P0925,technique,2,종양 이종이식 모델,Xenograft Models,1.58
P0925,technique,3,생물정보·계산생물,Bioinformatics,0.171
P0925,technique,4,웨스턴블롯,Western Blot,0.076
P0925,technique,5,유세포분석,Flow Cytometry,0.074
P0226,keyword,1,cultured meat,cultured meat,105.451
P0226,keyword,2,Meat,Meat,28.128
P0226,keyword,3,meat substitutes,meat substitutes,23.29
P0226,keyword,4,plant-based meat,plant-based meat,22.724
P0226,keyword,5,In Vitro Meat,In Vitro Meat,22.018
P0226,keyword,6,Fetal bovine serum,Fetal bovine serum,20.659
P0226,keyword,7,Meat Products,Meat Products,19.665
P0226,keyword,8,mycoprotein,mycoprotein,19.621
P0226,keyword,9,Digestion (alchemy),Digestion (alchemy),19.062
P0226,keyword,10,myogenesis,myogenesis,18.969
P0226,keyword,11,Digestion,Digestion,16.902
P0226,keyword,12,satellite cells,satellite cells,15.972
P0226,technique,1,하이드로젤·스캐폴드,Hydrogels / Scaffolds,7.784
P0226,technique,2,조직공학·바이오프린팅,Tissue Engineering / Bioprinting,6.136
P0226,technique,3,분자도킹·시뮬레이션,Molecular Docking / Dynamics,2.096
P0226,technique,4,질량분석,Mass Spectrometry,1.014
P0226,technique,5,단백체,Proteomics,0.939
P0226,technique,6,형광·공초점 이미징,Fluorescence / Confocal Imaging,0.756
P0226,technique,7,생물정보·계산생물,Bioinformatics,0.402
P0217,keyword,1,CoMSIA,CoMSIA,3.985
P0217,keyword,2,ceramide analogues,ceramide analogues,2.624
P0217,keyword,3,3D-QSAR,3D-QSAR,2.259
P0217,keyword,4,Quantitative structure–activity relationship,Quantitative structure–activity relationship,1.966
P0217,keyword,5,CoMFA,CoMFA,1.792
P0217,keyword,6,HL-60 Cells,HL-60 Cells,1.681
P0217,keyword,7,alkyl chain length,alkyl chain length,1.634
P0217,keyword,8,naphthyridine derivatives,naphthyridine derivatives,1.631
P0217,keyword,9,hydrophobic substituents,hydrophobic substituents,1.433
P0217,keyword,10,apoptosis inducers,apoptosis inducers,1.418
P0217,keyword,11,PC-3 Cells,PC-3 Cells,1.408
P0217,keyword,12,Quantitative Structure-Activity Relationship,Quantitative Structure-Activity Relationship,1.306
P1064,keyword,1,Cytochrome P-450 CYP2C9,Cytochrome P-450 CYP2C9,14.616
P1064,keyword,2,Pharmacogenomic Variants,Pharmacogenomic Variants,10.139
P1064,keyword,3,Cytochrome P-450 CYP2D6,Cytochrome P-450 CYP2D6,9.406
P1064,keyword,4,Pharmacogenetics,Pharmacogenetics,8.924
P1064,keyword,5,pharmacokinetics,pharmacokinetics,8.538
P1064,keyword,6,CYP2C19,CYP2C19,8.262
P1064,keyword,7,CYP2C9,CYP2C9,8.106
P1064,keyword,8,Gliclazide,Gliclazide,8.0
P1064,keyword,9,Aryl Hydrocarbon Hydroxylases,Aryl Hydrocarbon Hydroxylases,7.615
P1064,keyword,10,Genotype,Genotype,7.478
P1064,keyword,11,"Polymorphism, Genetic","Polymorphism, Genetic",7.341
P1064,keyword,12,CYP2D6,CYP2D6,6.669
P1064,technique,1,질량분석,Mass Spectrometry,2.812
P1090,keyword,1,bacterial density,bacterial density,3.797
P1090,keyword,2,freshness index,freshness index,3.386
P1090,keyword,3,Hyperspectral imaging,Hyperspectral imaging,2.732
P1090,keyword,4,Magnification,Magnification,1.933
P1090,keyword,5,dopaminergic neurons,dopaminergic neurons,1.86
P1090,keyword,6,herbicide neurotoxicity,herbicide neurotoxicity,1.763
P1090,keyword,7,Mitochondria,Mitochondria,1.68
P1090,keyword,8,linear discriminant analysis,linear discriminant analysis,1.665
P1090,keyword,9,MPTP,MPTP,1.653
P1090,keyword,10,meat freshness,meat freshness,1.651
P1090,keyword,11,computational sensing,computational sensing,1.611
P1090,keyword,12,Triple system,Triple system,1.566
P1090,technique,1,머신러닝·AI,Machine Learning / AI,0.72
P1090,technique,2,종양 이종이식 모델,Xenograft Models,0.629
P1090,technique,3,유전자변형 마우스,Genetically Modified Mice,0.463
P0571,keyword,1,pyroelectric detectors,pyroelectric detectors,0.159
P0571,keyword,2,Beer-Lambert law,Beer-Lambert law,0.134
P0571,keyword,3,non-dispersive infrared,non-dispersive infrared,0.133
P0571,keyword,4,mass flow controller,mass flow controller,0.13
P0571,keyword,5,Deposition (geology),Deposition (geology),0.103
P0571,keyword,6,portable gas analyzer,portable gas analyzer,0.083
P0571,keyword,7,Polydimethylsiloxane,Polydimethylsiloxane,0.081
P0571,keyword,8,Electrode,Electrode,0.076
P0571,keyword,9,Substrate (aquarium),Substrate (aquarium),0.071
P0571,keyword,10,Metal,Metal,0.052
P0571,keyword,11,Electrical conductor,Electrical conductor,0.05
P0571,keyword,12,response time,response time,0.044
P0523,keyword,1,AJCC stage,AJCC stage,1.87
P0523,keyword,2,Clear cell renal cell carcinoma,Clear cell renal cell carcinoma,1.639
P0523,keyword,3,subtotal gastrectomy,subtotal gastrectomy,1.616
P0523,keyword,4,Chromophobe cell,Chromophobe cell,1.564
P0523,keyword,5,Myoepithelioma,Myoepithelioma,1.43
P0523,keyword,6,gene expression loss,gene expression loss,1.387
P0523,keyword,7,BAP1,BAP1,1.341
P0523,keyword,8,total gastrectomy,total gastrectomy,1.328
P0523,keyword,9,prognostic factors,prognostic factors,1.23
P0523,keyword,10,neutrophil-to-lymphocyte ratio,neutrophil-to-lymphocyte ratio,1.223
P0523,keyword,11,Endoscopic submucosal dissection,Endoscopic submucosal dissection,1.179
P0523,keyword,12,Wnt7a,Wnt7a,1.17
P0523,technique,1,면역조직화학,Immunohistochemistry,0.726
P0174,keyword,1,"Evoked Potentials, Auditory, Brain Stem","Evoked Potentials, Auditory, Brain Stem",22.257
P0174,keyword,2,"Hair Cells, Auditory","Hair Cells, Auditory",16.593
P0174,keyword,3,"Hearing Loss, Sensorineural","Hearing Loss, Sensorineural",15.25
P0174,keyword,4,Plant Extracts,Plant Extracts,14.883
P0174,keyword,5,"Hearing Loss, Noise-Induced","Hearing Loss, Noise-Induced",13.697
P0174,keyword,6,rambutan peel,rambutan peel,12.323
P0174,keyword,7,corilagin,corilagin,12.261
P0174,keyword,8,Noise-induced hearing loss,Noise-induced hearing loss,11.877
P0174,keyword,9,Nephelium lappaceum,Nephelium lappaceum,11.558
P0174,keyword,10,Sensorineural hearing loss,Sensorineural hearing loss,11.076
P0174,keyword,11,Hearing loss,Hearing loss,9.889
P0174,keyword,12,Ototoxicity,Ototoxicity,9.753
P0174,technique,1,제브라피시,Zebrafish,26.049
P0174,technique,2,분자도킹·시뮬레이션,Molecular Docking / Dynamics,3.49
P0174,technique,3,전기생리,Electrophysiology,0.718
P0174,technique,4,유전자변형 마우스,Genetically Modified Mice,0.677
P0174,technique,5,머신러닝·AI,Machine Learning / AI,0.137
P0445,keyword,1,tube removal,tube removal,10.177
P0445,keyword,2,proton pump inhibitors,proton pump inhibitors,9.7
P0445,keyword,3,antithrombotic agents,antithrombotic agents,9.159
P0445,keyword,4,Percutaneous endoscopic gastrostomy,Percutaneous endoscopic gastrostomy,8.516
P0445,keyword,5,timing of enteral feeding,timing of enteral feeding,8.396
P0445,keyword,6,Endoscopic Mucosal Resection,Endoscopic Mucosal Resection,8.21
P0445,keyword,7,small bowel bleeding,small bowel bleeding,7.728
P0445,keyword,8,bleeding risk,bleeding risk,7.665
P0445,keyword,9,Gastrointestinal Hemorrhage,Gastrointestinal Hemorrhage,7.511
P0445,keyword,10,Enteral Nutrition,Enteral Nutrition,7.486
P0445,keyword,11,Helicobacter pylori,Helicobacter pylori,7.225
P0445,keyword,12,Stomach Neoplasms,Stomach Neoplasms,6.895
P0445,technique,1,줄기세포·iPSC,Stem Cells / iPSC,2.361
P0445,technique,2,전자현미경,Electron Microscopy,1.071
P0445,technique,3,MRI·PET 영상,MRI / PET Imaging,0.868
P0445,technique,4,면역조직화학,Immunohistochemistry,0.696
P0445,technique,5,임상시험,Clinical Trials,0.551
P0646,keyword,1,Ionic liquid,Ionic liquid,2.316
P0646,keyword,2,Isobutane,Isobutane,1.634
P0646,keyword,3,Hexafluorophosphate,Hexafluorophosphate,1.381
P0646,keyword,4,Fischer–Tropsch process,Fischer–Tropsch process,1.219
P0646,keyword,5,Zeolite,Zeolite,1.087
P0646,keyword,6,Catalysis,Catalysis,0.983
P0646,keyword,7,Chemical engineering,Chemical engineering,0.907
P0646,keyword,8,Olefin fiber,Olefin fiber,0.904
P0646,keyword,9,Granule (geology),Granule (geology),0.884
P0646,keyword,10,Ionic bonding,Ionic bonding,0.883
P0646,keyword,11,Alkylation,Alkylation,0.757
P0646,keyword,12,Anatase,Anatase,0.754
P0700,keyword,1,Streptomyces,Streptomyces,95.755
P0700,keyword,2,Absolute configuration,Absolute configuration,41.014
P0700,keyword,3,Molecular Structure,Molecular Structure,39.891
P0700,keyword,4,structure elucidation,structure elucidation,30.373
P0700,keyword,5,biosynthetic gene clusters,biosynthetic gene clusters,23.397
P0700,keyword,6,natural product discovery,natural product discovery,22.392
P0700,keyword,7,Macrolides,Macrolides,19.176
P0700,keyword,8,Actinobacteria,Actinobacteria,18.078
P0700,keyword,9,Biological Products,Biological Products,17.641
P0700,keyword,10,"Peptides, Cyclic","Peptides, Cyclic",17.205
P0700,keyword,11,Depsipeptides,Depsipeptides,16.945
P0700,keyword,12,Microbial Sensitivity Tests,Microbial Sensitivity Tests,15.486
P0700,technique,1,X선 결정학·구조분석,X-ray Crystallography,9.277
P0700,technique,2,대사체·지질체,Metabolomics / Lipidomics,5.607
P0700,technique,3,질량분석,Mass Spectrometry,3.455
P0700,technique,4,생물정보·계산생물,Bioinformatics,1.821
P0700,technique,5,차세대 시퀀싱(NGS),Next-generation Sequencing,1.311
P0700,technique,6,제브라피시,Zebrafish,1.04
P0700,technique,7,분자도킹·시뮬레이션,Molecular Docking / Dynamics,1.038
P0700,technique,8,줄기세포·iPSC,Stem Cells / iPSC,1.033
P0299,keyword,1,resistome,resistome,17.959
P0299,keyword,2,Saccharomyces cerevisiae,Saccharomyces cerevisiae,11.73
P0299,keyword,3,Saccharomyces boulardii,Saccharomyces boulardii,9.795
P0299,keyword,4,metabolic engineering,metabolic engineering,8.734
P0299,keyword,5,Microbiome,Microbiome,8.192
P0299,keyword,6,Probiotics,Probiotics,7.847
P0299,keyword,7,Gastrointestinal Microbiome,Gastrointestinal Microbiome,7.791
P0299,keyword,8,terpene biosynthesis,terpene biosynthesis,7.426
P0299,keyword,9,Gut microbiome,Gut microbiome,6.47
P0299,keyword,10,"RNA, Ribosomal, 16S","RNA, Ribosomal, 16S",5.995
P0299,keyword,11,Feces,Feces,5.657
P0299,keyword,12,Fermentation,Fermentation,5.498
P0299,technique,1,대사체·지질체,Metabolomics / Lipidomics,4.087
P0299,technique,2,질량분석,Mass Spectrometry,2.585
P0299,technique,3,임상시험,Clinical Trials,2.404
P0299,technique,4,생물정보·계산생물,Bioinformatics,1.503
P0299,technique,5,머신러닝·AI,Machine Learning / AI,0.363
P0299,technique,6,CRISPR 유전자편집,CRISPR Gene Editing,0.336
P0890,keyword,1,Alzheimer Disease,Alzheimer Disease,14.341
P0890,keyword,2,Apolipoprotein E4,Apolipoprotein E4,13.285
P0890,keyword,3,APOE ε4,APOE ε4,11.692
P0890,keyword,4,Alzheimer's disease,Alzheimer's disease,10.58
P0890,keyword,5,Astrocytes,Astrocytes,10.156
P0890,keyword,6,Amyloid beta-Peptides,Amyloid beta-Peptides,7.567
P0890,keyword,7,Cyclin-Dependent Kinase 5,Cyclin-Dependent Kinase 5,6.784
P0890,keyword,8,APP mutations,APP mutations,6.498
P0890,keyword,9,neural progenitor cells,neural progenitor cells,6.081
P0890,keyword,10,lipid rafts,lipid rafts,5.598
P0890,keyword,11,Microglia,Microglia,5.253
P0890,keyword,12,human neurons,human neurons,4.854
P0890,technique,1,줄기세포·iPSC,Stem Cells / iPSC,13.569
P0890,technique,2,오가노이드,Organoids,6.398
P0890,technique,3,GWAS·유전역학,GWAS / Genetic Epidemiology,3.698
P0890,technique,4,유전자변형 마우스,Genetically Modified Mice,2.91
P0890,technique,5,RNA-seq·전사체,RNA-seq / Transcriptomics,1.953
P0890,technique,6,CRISPR 유전자편집,CRISPR Gene Editing,0.666
P0890,technique,7,전기생리,Electrophysiology,0.533
P0890,technique,8,광유전학,Optogenetics,0.438
P0007,keyword,1,Theilovirus,Theilovirus,54.57
P0007,keyword,2,Demyelinating Diseases,Demyelinating Diseases,30.79
P0007,keyword,3,Cardiovirus Infections,Cardiovirus Infections,26.951
P0007,keyword,4,demyelinating disease,demyelinating disease,25.111
P0007,keyword,5,Theiler's murine encephalomyelitis virus,Theiler's murine encephalomyelitis virus,18.582
P0007,keyword,6,Polyglycolic Acid,Polyglycolic Acid,16.438
P0007,keyword,7,Polylactic Acid-Polyglycolic Acid Copolymer,Polylactic Acid-Polyglycolic Acid Copolymer,15.295
P0007,keyword,8,Fibrin,Fibrin,14.129
P0007,keyword,9,Multiple Myeloma,Multiple Myeloma,14.062
P0007,keyword,10,Mesenchymal Stem Cell Transplantation,Mesenchymal Stem Cell Transplantation,12.777
P0007,keyword,11,Stem cell,Stem cell,12.162
P0007,keyword,12,Myocardial Infarction,Myocardial Infarction,11.803
P0007,technique,1,줄기세포·iPSC,Stem Cells / iPSC,39.621
P0007,technique,2,조직공학·바이오프린팅,Tissue Engineering / Bioprinting,22.702
P0007,technique,3,나노입자·약물전달,Nanoparticles / Drug Delivery,20.555
P0007,technique,4,하이드로젤·스캐폴드,Hydrogels / Scaffolds,9.384
P0007,technique,5,엑소좀·세포외소포,Exosomes / EVs,8.843
P0007,technique,6,전자현미경,Electron Microscopy,5.401
P0007,technique,7,CAR-T·입양세포치료,CAR-T / Adoptive Cell Therapy,4.245
P0007,technique,8,면역조직화학,Immunohistochemistry,4.22
P0990,keyword,1,total synthesis,total synthesis,3.006
P0990,keyword,2,ilaprazole,ilaprazole,2.878
P0990,keyword,3,clinically node-negative breast cancer,clinically node-negative breast cancer,2.799
P0990,keyword,4,axillary recurrence,axillary recurrence,2.723
P0990,keyword,5,Cannabidiol,Cannabidiol,2.705
P0990,keyword,6,Sentinel lymph node,Sentinel lymph node,2.598
P0990,keyword,7,Cathepsin D,Cathepsin D,2.478
P0990,keyword,8,L-aspartic acid,L-aspartic acid,2.456
P0990,keyword,9,amino acid coupling,amino acid coupling,2.274
P0990,keyword,10,Prodrugs,Prodrugs,2.139
P0990,keyword,11,"2,5-diketopiperazines","2,5-diketopiperazines",2.11
P0990,keyword,12,Radioisotopes,Radioisotopes,2.103
P0990,technique,1,나노입자·약물전달,Nanoparticles / Drug Delivery,0.901
P0990,technique,2,종양 이종이식 모델,Xenograft Models,0.806
P0990,technique,3,분자도킹·시뮬레이션,Molecular Docking / Dynamics,0.661
P0990,technique,4,X선 결정학·구조분석,X-ray Crystallography,0.502
P0990,technique,5,줄기세포·iPSC,Stem Cells / iPSC,0.287
P1034,keyword,1,Cadaver,Cadaver,14.442
P1034,keyword,2,elastic fibers,elastic fibers,13.135
P1034,keyword,3,tibialis posterior,tibialis posterior,9.317
P1034,keyword,4,collagen fibers,collagen fibers,9.025
P1034,keyword,5,Thoracic Arteries,Thoracic Arteries,8.928
P1034,keyword,6,Muscle architecture,Muscle architecture,8.754
P1034,keyword,7,flexor hallucis longus,flexor hallucis longus,8.437
P1034,keyword,8,ankle plantar flexors,ankle plantar flexors,8.199
P1034,keyword,9,Flexor Digitorum Longus,Flexor Digitorum Longus,7.513
P1034,keyword,10,Axillary artery,Axillary artery,7.417
P1034,keyword,11,Abdominal Muscles,Abdominal Muscles,7.417
P1034,keyword,12,fascicle length,fascicle length,7.315
P0968,keyword,1,apoptosis,apoptosis,33.552
P0968,keyword,2,oxaliplatin resistance,oxaliplatin resistance,32.139
P0968,keyword,3,caspase activation,caspase activation,30.242
P0968,keyword,4,reactive oxygen species,reactive oxygen species,26.633
P0968,keyword,5,Chalcones,Chalcones,22.686
P0968,keyword,6,mitochondrial membrane potential,mitochondrial membrane potential,21.843
P0968,keyword,7,"Membrane Potential, Mitochondrial","Membrane Potential, Mitochondrial",20.779
P0968,keyword,8,Proto-Oncogene Proteins c-met,Proto-Oncogene Proteins c-met,19.76
P0968,keyword,9,Podophyllotoxin,Podophyllotoxin,16.708
P0968,keyword,10,Cell Proliferation,Cell Proliferation,16.461
P0968,keyword,11,MET,MET,16.449
P0968,keyword,12,Esophageal Squamous Cell Carcinoma,Esophageal Squamous Cell Carcinoma,16.439
P0968,technique,1,분자도킹·시뮬레이션,Molecular Docking / Dynamics,7.6
P0968,technique,2,종양 이종이식 모델,Xenograft Models,3.736
P0968,technique,3,웨스턴블롯,Western Blot,2.709
P0968,technique,4,나노입자·약물전달,Nanoparticles / Drug Delivery,1.967
P0968,technique,5,유세포분석,Flow Cytometry,1.412
P0968,technique,6,임상시험,Clinical Trials,0.992
P0968,technique,7,유전자변형 마우스,Genetically Modified Mice,0.977
P0968,technique,8,면역조직화학,Immunohistochemistry,0.618
P1003,keyword,1,Histone-Lysine N-Methyltransferase,Histone-Lysine N-Methyltransferase,12.606
P1003,keyword,2,histone H2B,histone H2B,9.975
P1003,keyword,3,Nucleosomes,Nucleosomes,9.824
P1003,keyword,4,RGG motif,RGG motif,9.803
P1003,keyword,5,Histones,Histones,9.77
P1003,keyword,6,Ubiquitination,Ubiquitination,8.58
P1003,keyword,7,PRMT1,PRMT1,8.112
P1003,keyword,8,Protein-Arginine N-Methyltransferases,Protein-Arginine N-Methyltransferases,7.904
P1003,keyword,9,KMT2B,KMT2B,7.767
P1003,keyword,10,DNA-Binding Proteins,DNA-Binding Proteins,7.557
P1003,keyword,11,Methylation,Methylation,7.395
P1003,keyword,12,Transcriptional Elongation Factors,Transcriptional Elongation Factors,7.255
P1003,technique,1,제브라피시,Zebrafish,2.446
P1003,technique,2,줄기세포·iPSC,Stem Cells / iPSC,1.712
P1003,technique,3,유전자변형 마우스,Genetically Modified Mice,1.442
P1003,technique,4,후성유전 분석,Epigenomics (ChIP/ATAC-seq),0.514
P1003,technique,5,생물정보·계산생물,Bioinformatics,0.374
P1003,technique,6,X선 결정학·구조분석,X-ray Crystallography,0.357
P1003,technique,7,머신러닝·AI,Machine Learning / AI,0.251
P1015,keyword,1,SYNGAP1,SYNGAP1,12.911
P1015,keyword,2,"Receptors, AMPA","Receptors, AMPA",6.772
P1015,keyword,3,synaptic plasticity,synaptic plasticity,6.583
P1015,keyword,4,ras GTPase-Activating Proteins,ras GTPase-Activating Proteins,6.521
P1015,keyword,5,Visual Cortex,Visual Cortex,5.324
P1015,keyword,6,Fear,Fear,5.162
P1015,keyword,7,Parvalbumins,Parvalbumins,4.516
P1015,keyword,8,AMPA receptor,AMPA receptor,4.242
P1015,keyword,9,intellectual disability,intellectual disability,4.174
P1015,keyword,10,SynGAP,SynGAP,4.075
P1015,keyword,11,Long-Term Potentiation,Long-Term Potentiation,4.06
P1015,keyword,12,orientation selectivity,orientation selectivity,4.024
P1015,technique,1,전기생리,Electrophysiology,2.1
P1015,technique,2,유전자변형 마우스,Genetically Modified Mice,1.335
P1015,technique,3,CRISPR 유전자편집,CRISPR Gene Editing,1.133
P1015,technique,4,오가노이드,Organoids,0.836
P1015,technique,5,형광·공초점 이미징,Fluorescence / Confocal Imaging,0.818
P1015,technique,6,질량분석,Mass Spectrometry,0.679
P1015,technique,7,광유전학,Optogenetics,0.638
P1015,technique,8,단백체,Proteomics,0.587
P0680,keyword,1,Muscular Atrophy,Muscular Atrophy,13.732
P0680,keyword,2,ginsenoside compound K,ginsenoside compound K,12.766
P0680,keyword,3,SIRT1,SIRT1,12.197
P0680,keyword,4,Sirtuin 1,Sirtuin 1,10.416
P0680,keyword,5,inflammation,inflammation,10.307
P0680,keyword,6,obesity risk,obesity risk,9.349
P0680,keyword,7,NAD+ salvage pathway,NAD+ salvage pathway,9.064
P0680,keyword,8,nicotinamide riboside,nicotinamide riboside,8.622
P0680,keyword,9,Citrus paradisi,Citrus paradisi,7.892
P0680,keyword,10,Obesity,Obesity,7.26
P0680,keyword,11,shikimic acid,shikimic acid,7.058
P0680,keyword,12,HDAC4,HDAC4,7.021
P0680,technique,1,GWAS·유전역학,GWAS / Genetic Epidemiology,6.588
P0680,technique,2,분자도킹·시뮬레이션,Molecular Docking / Dynamics,5.249
P0680,technique,3,유전자변형 마우스,Genetically Modified Mice,1.621
P1051,keyword,1,Antitubercular Agents,Antitubercular Agents,5.218
P1051,keyword,2,Mycobacterium tuberculosis,Mycobacterium tuberculosis,4.976
P1051,keyword,3,hollow-fiber infection model,hollow-fiber infection model,4.654
P1051,keyword,4,Tuberculosis,Tuberculosis,3.774
P1051,keyword,5,Mycobacterium tuberculosis H37Ra,Mycobacterium tuberculosis H37Ra,3.652
P1051,keyword,6,Isoniazid,Isoniazid,3.164
P1051,keyword,7,pharmacokinetics/pharmacodynamics,pharmacokinetics/pharmacodynamics,2.554
P1051,keyword,8,individualized dosing,individualized dosing,2.21
P1051,keyword,9,Bayes Theorem,Bayes Theorem,1.83
P1051,keyword,10,dose reduction,dose reduction,1.519
P1051,keyword,11,Drug Design,Drug Design,1.444
P1051,keyword,12,carbon monoxide detection,carbon monoxide detection,1.428
P1051,technique,1,분자도킹·시뮬레이션,Molecular Docking / Dynamics,1.28
P1051,technique,2,X선 결정학·구조분석,X-ray Crystallography,0.053
P0008,keyword,1,Escherichia coli,Escherichia coli,5.92
P0008,keyword,2,metabolic engineering,metabolic engineering,5.838
P0008,keyword,3,synthetic biology,synthetic biology,5.674
P0008,keyword,4,"Chromatography, Supercritical Fluid","Chromatography, Supercritical Fluid",4.633
P0008,keyword,5,Clustered Regularly Interspaced Short Palindromic Repeats,Clustered Regularly Interspaced Short Palindromic Repeats,4.538
P0008,keyword,6,"Gene Expression Regulation, Bacterial","Gene Expression Regulation, Bacterial",3.988
P0008,keyword,7,Genetic Engineering,Genetic Engineering,3.116
P0008,keyword,8,Escherichia coli Proteins,Escherichia coli Proteins,3.081
P0008,keyword,9,lycopene production,lycopene production,3.076
P0008,keyword,10,Protein Biosynthesis,Protein Biosynthesis,3.062
P0008,keyword,11,lysine degradation,lysine degradation,2.914
P0008,keyword,12,ultra-high performance supercritical fluid chromatography,ultra-high performance supercritical fluid chromatography,2.612
P0008,technique,1,CRISPR 유전자편집,CRISPR Gene Editing,3.521
P0008,technique,2,대사체·지질체,Metabolomics / Lipidomics,3.311
P0008,technique,3,질량분석,Mass Spectrometry,2.405
P0008,technique,4,생물정보·계산생물,Bioinformatics,1.422
P0008,technique,5,머신러닝·AI,Machine Learning / AI,0.099
P0920,keyword,1,Cystic Fibrosis Transmembrane Conductance Regulator,Cystic Fibrosis Transmembrane Conductance Regulator,38.647
P0920,keyword,2,unconventional secretion,unconventional secretion,29.303
P0920,keyword,3,RhoA,RhoA,27.442
P0920,keyword,4,Secretory Pathway,Secretory Pathway,24.897
P0920,keyword,5,ΔF508-CFTR,ΔF508-CFTR,20.542
P0920,keyword,6,Golgi Apparatus,Golgi Apparatus,20.296
P0920,keyword,7,Craniosynostoses,Craniosynostoses,19.953
P0920,keyword,8,CFTR,CFTR,13.874
P0920,keyword,9,Bicarbonates,Bicarbonates,13.355
P0920,keyword,10,Cystic Fibrosis,Cystic Fibrosis,12.883
P0920,keyword,11,Sulfate Transporters,Sulfate Transporters,12.563
P0920,keyword,12,Endoplasmic Reticulum,Endoplasmic Reticulum,12.56
P0920,technique,1,전기생리,Electrophysiology,5.455
P0920,technique,2,차세대 시퀀싱(NGS),Next-generation Sequencing,4.519
P0920,technique,3,유전자변형 마우스,Genetically Modified Mice,3.657
P0920,technique,4,GWAS·유전역학,GWAS / Genetic Epidemiology,3.297
P0920,technique,5,RNA 치료제·siRNA,RNA Therapeutics,2.265
P0920,technique,6,초파리,Drosophila,1.718
P0920,technique,7,엑소좀·세포외소포,Exosomes / EVs,1.683
P0920,technique,8,면역조직화학,Immunohistochemistry,1.459
P0630,keyword,1,laparoscopic distal pancreatectomy,laparoscopic distal pancreatectomy,7.81
P0630,keyword,2,Laparoscopy,Laparoscopy,4.696
P0630,keyword,3,pancreatic head,pancreatic head,4.386
P0630,keyword,4,Gallbladder cancer,Gallbladder cancer,4.262
P0630,keyword,5,perineural invasion,perineural invasion,4.044
P0630,keyword,6,Hepatectomy,Hepatectomy,3.882
P0630,keyword,7,laparoscopic foreign body removal,laparoscopic foreign body removal,3.68
P0630,keyword,8,Pancreatectomy,Pancreatectomy,3.36
P0630,keyword,9,Pancreatic Fistula,Pancreatic Fistula,3.356
P0630,keyword,10,chronic cholecystitis,chronic cholecystitis,3.023
P0630,keyword,11,Distal pancreatectomy,Distal pancreatectomy,2.962
P0630,keyword,12,retained foreign body,retained foreign body,2.805
P0630,technique,1,조직공학·바이오프린팅,Tissue Engineering / Bioprinting,0.24
P0630,technique,2,전기생리,Electrophysiology,0.237
P0630,technique,3,줄기세포·iPSC,Stem Cells / iPSC,0.194
P0630,technique,4,웨스턴블롯,Western Blot,0.105
P0630,technique,5,면역조직화학,Immunohistochemistry,0.028
P0266,keyword,1,Equartevirus,Equartevirus,11.988
P0266,keyword,2,Classical Swine Fever Virus,Classical Swine Fever Virus,11.84
P0266,keyword,3,Virus Internalization,Virus Internalization,11.387
P0266,keyword,4,Hong Kong,Hong Kong,11.358
P0266,keyword,5,equine arteritis virus,equine arteritis virus,11.292
P0266,keyword,6,Antiviral Agents,Antiviral Agents,10.921
P0266,keyword,7,dengue virus,dengue virus,10.48
P0266,keyword,8,Virus Replication,Virus Replication,10.153
P0266,keyword,9,Arterivirus Infections,Arterivirus Infections,9.917
P0266,keyword,10,equine viral arteritis,equine viral arteritis,9.754
P0266,keyword,11,Feline infectious peritonitis,Feline infectious peritonitis,9.511
P0266,keyword,12,Dengue,Dengue,9.243
P0266,technique,1,분자도킹·시뮬레이션,Molecular Docking / Dynamics,2.269
P0266,technique,2,차세대 시퀀싱(NGS),Next-generation Sequencing,2.212
P0266,technique,3,qPCR,Real-time PCR,1.938
P0266,technique,4,유세포분석,Flow Cytometry,0.985
P0266,technique,5,GWAS·유전역학,GWAS / Genetic Epidemiology,0.924
P0266,technique,6,RNA 치료제·siRNA,RNA Therapeutics,0.473
P0266,technique,7,생물정보·계산생물,Bioinformatics,0.388
P0033,keyword,1,YAP-Signaling Proteins,YAP-Signaling Proteins,13.935
P0033,keyword,2,Transcriptional Coactivator with PDZ-Binding Motif Proteins,Transcriptional Coactivator with PDZ-Binding Motif Proteins,12.468
P0033,keyword,3,Hippo Signaling Pathway,Hippo Signaling Pathway,10.094
P0033,keyword,4,"Adaptor Proteins, Signal Transducing","Adaptor Proteins, Signal Transducing",8.247
P0033,keyword,5,IRF3 phosphorylation,IRF3 phosphorylation,7.849
P0033,keyword,6,cholangiocytes,cholangiocytes,7.51
P0033,keyword,7,hepatic macrophages,hepatic macrophages,7.208
P0033,keyword,8,hepatic stellate cells,hepatic stellate cells,7.149
P0033,keyword,9,Non-alcoholic Fatty Liver Disease,Non-alcoholic Fatty Liver Disease,7.131
P0033,keyword,10,Fatty Liver,Fatty Liver,6.932
P0033,keyword,11,liver cirrhosis,liver cirrhosis,6.68
P0033,keyword,12,hepatocyte repopulation,hepatocyte repopulation,6.444
P0033,technique,1,유전자변형 마우스,Genetically Modified Mice,0.915
P0033,technique,2,RNA 치료제·siRNA,RNA Therapeutics,0.378
P0033,technique,3,생물정보·계산생물,Bioinformatics,0.378
P0033,technique,4,질량분석,Mass Spectrometry,0.324
P1055,keyword,1,total synthesis,total synthesis,6.438
P1055,keyword,2,Depsipeptides,Depsipeptides,5.858
P1055,keyword,3,cyclic depsipeptides,cyclic depsipeptides,3.466
P1055,keyword,4,Molecular Structure,Molecular Structure,3.273
P1055,keyword,5,convergent synthesis,convergent synthesis,3.05
P1055,keyword,6,macrocyclization,macrocyclization,2.803
P1055,keyword,7,wet chemical synthesis,wet chemical synthesis,2.737
P1055,keyword,8,Cyclization,Cyclization,2.691
P1055,keyword,9,Lactones,Lactones,2.557
P1055,keyword,10,natural product synthesis,natural product synthesis,2.468
P1055,keyword,11,gamma-butyrolactone,gamma-butyrolactone,2.236
P1055,keyword,12,"Peptides, Cyclic","Peptides, Cyclic",2.227
P1055,technique,1,X선 결정학·구조분석,X-ray Crystallography,0.78
P1083,keyword,1,macrophage targeting,macrophage targeting,10.43
P1083,keyword,2,HIC1,HIC1,7.377
P1083,keyword,3,metastasis suppression,metastasis suppression,6.775
P1083,keyword,4,triple-negative breast cancer,triple-negative breast cancer,5.57
P1083,keyword,5,IL-31,IL-31,5.453
P1083,keyword,6,Pruritus,Pruritus,4.872
P1083,keyword,7,post-inflammatory hyperpigmentation,post-inflammatory hyperpigmentation,4.813
P1083,keyword,8,bakuchiol,bakuchiol,4.692
P1083,keyword,9,skin barrier,skin barrier,4.159
P1083,keyword,10,Ceramide,Ceramide,4.066
P1083,keyword,11,skin permeation,skin permeation,4.014
P1083,keyword,12,cytokine production,cytokine production,3.907
P1083,technique,1,나노입자·약물전달,Nanoparticles / Drug Delivery,11.936
P1083,technique,2,CRISPR 유전자편집,CRISPR Gene Editing,5.426
P1083,technique,3,MRI·PET 영상,MRI / PET Imaging,0.999
P1083,technique,4,항체 개발,Antibody Engineering,0.814
P1083,technique,5,RNA 치료제·siRNA,RNA Therapeutics,0.714
P1083,technique,6,전자현미경,Electron Microscopy,0.458
P1083,technique,7,생물정보·계산생물,Bioinformatics,0.436
P1083,technique,8,형광·공초점 이미징,Fluorescence / Confocal Imaging,0.376
P0296,keyword,1,Trapa japonica,Trapa japonica,5.364
P0296,keyword,2,β-catenin degradation,β-catenin degradation,4.752
P0296,keyword,3,ferroptosis,ferroptosis,3.866
P0296,keyword,4,beta Catenin,beta Catenin,2.91
P0296,keyword,5,Colonic Neoplasms,Colonic Neoplasms,2.53
P0296,keyword,6,Wnt signaling pathway,Wnt signaling pathway,2.53
P0296,keyword,7,GSK3β,GSK3β,2.39
P0296,keyword,8,c-Myc,c-Myc,2.356
P0296,keyword,9,Wnt/β-catenin signaling,Wnt/β-catenin signaling,2.286
P0296,keyword,10,Glycogen Synthase Kinase 3 beta,Glycogen Synthase Kinase 3 beta,2.149
P0296,keyword,11,caspase activation,caspase activation,2.1
P0296,keyword,12,anticancer natural products,anticancer natural products,1.952
P0323,keyword,1,5-fluorouracil/leucovorin,5-fluorouracil/leucovorin,7.495
P0323,keyword,2,liposomal irinotecan,liposomal irinotecan,6.97
P0323,keyword,3,pancreatic cancer,pancreatic cancer,6.664
P0323,keyword,4,FOLFIRINOX,FOLFIRINOX,6.468
P0323,keyword,5,Febrile Neutropenia,Febrile Neutropenia,4.779
P0323,keyword,6,second-line chemotherapy,second-line chemotherapy,3.876
P0323,keyword,7,Pancreatic Neoplasms,Pancreatic Neoplasms,3.7
P0323,keyword,8,albumin levels,albumin levels,3.619
P0323,keyword,9,pancreatic ductal adenocarcinoma,pancreatic ductal adenocarcinoma,3.518
P0323,keyword,10,renin-angiotensin system inhibitors,renin-angiotensin system inhibitors,3.414
P0323,keyword,11,stromal fibrosis,stromal fibrosis,3.295
P0323,keyword,12,Desmoplasia,Desmoplasia,3.089
P0323,technique,1,임상시험,Clinical Trials,0.962
P0213,keyword,1,natural product-derived drugs,natural product-derived drugs,6.49
P0213,keyword,2,flavonoid-protein interaction,flavonoid-protein interaction,6.242
P0213,keyword,3,induced fit,induced fit,5.889
P0213,keyword,4,allosteric modulation,allosteric modulation,5.089
P0213,keyword,5,molecular mechanisms of action,molecular mechanisms of action,5.059
P0213,keyword,6,conformational selection,conformational selection,4.963
P0213,keyword,7,covalent modification,covalent modification,4.814
P0213,keyword,8,Tunicamycin,Tunicamycin,4.8
P0213,keyword,9,mitochondrial calcium uniporter,mitochondrial calcium uniporter,4.549
P0213,keyword,10,Calcium Channels,Calcium Channels,4.398
P0213,keyword,11,Quercetin,Quercetin,4.179
P0213,keyword,12,CK2α,CK2α,4.082
P0213,technique,1,크라이오전자현미경,Cryo-EM,6.293
P0213,technique,2,X선 결정학·구조분석,X-ray Crystallography,0.849
P0213,technique,3,초파리,Drosophila,0.775
P0213,technique,4,분자도킹·시뮬레이션,Molecular Docking / Dynamics,0.551
P0213,technique,5,항체 개발,Antibody Engineering,0.331
P0213,technique,6,생물정보·계산생물,Bioinformatics,0.07
P0611,keyword,1,tracheal tumor,tracheal tumor,3.759
P0611,keyword,2,Adenoid cystic carcinoma,Adenoid cystic carcinoma,3.339
P0611,keyword,3,multidisciplinary treatment,multidisciplinary treatment,2.442
P0611,keyword,4,concurrent chemoradiotherapy,concurrent chemoradiotherapy,2.147
P0611,keyword,5,Dyspnea,Dyspnea,1.988
P0611,keyword,6,long-term prognosis,long-term prognosis,1.973
P0611,keyword,7,differential diagnosis,differential diagnosis,1.216
P0611,keyword,8,lacrimal gland,lacrimal gland,1.197
P0611,keyword,9,Digestive tract,Digestive tract,1.089
P0611,keyword,10,Sebaceous carcinoma,Sebaceous carcinoma,0.993
P0611,keyword,11,adjuvant radiotherapy,adjuvant radiotherapy,0.83
P0611,keyword,12,Eyelid,Eyelid,0.783
P0977,keyword,1,slaughtered pigs,slaughtered pigs,16.512
P0977,keyword,2,porcine circovirus type 3,porcine circovirus type 3,16.201
P0977,keyword,3,Phlebovirus,Phlebovirus,14.961
P0977,keyword,4,"Herpesvirus 1, Suid","Herpesvirus 1, Suid",14.923
P0977,keyword,5,Severe Fever with Thrombocytopenia Syndrome,Severe Fever with Thrombocytopenia Syndrome,14.786
P0977,keyword,6,Casein Kinase 1 epsilon,Casein Kinase 1 epsilon,14.478
P0977,keyword,7,Pseudorabies,Pseudorabies,14.294
P0977,keyword,8,wild boar,wild boar,13.727
P0977,keyword,9,porcine circovirus type 2,porcine circovirus type 2,12.37
P0977,keyword,10,ZFAS1,ZFAS1,10.224
P0977,keyword,11,Interferon Type I,Interferon Type I,10.144
P0977,keyword,12,CK1ε,CK1ε,9.991
P0977,technique,1,유전자변형 마우스,Genetically Modified Mice,9.074
P0977,technique,2,RNA-seq·전사체,RNA-seq / Transcriptomics,4.381
P0977,technique,3,면역조직화학,Immunohistochemistry,2.605
P0977,technique,4,qPCR,Real-time PCR,1.49
P0977,technique,5,MRI·PET 영상,MRI / PET Imaging,1.026
P0977,technique,6,전자현미경,Electron Microscopy,0.357
P0977,technique,7,ELISA,ELISA,0.172
P0977,technique,8,항체 개발,Antibody Engineering,0.099
P0586,keyword,1,Thoracostomy,Thoracostomy,6.806
P0586,keyword,2,Extracorporeal Membrane Oxygenation,Extracorporeal Membrane Oxygenation,4.243
P0586,keyword,3,Fasciitis,Fasciitis,3.814
P0586,keyword,4,resuscitative endovascular balloon occlusion of the aorta,resuscitative endovascular balloon occlusion of the aorta,3.49
P0586,keyword,5,REBOA,REBOA,3.162
P0586,keyword,6,trauma management,trauma management,3.059
P0586,keyword,7,patient selection criteria,patient selection criteria,3.049
P0586,keyword,8,Hemorrhagic shock,Hemorrhagic shock,2.967
P0586,keyword,9,carbon dioxide removal,carbon dioxide removal,2.801
P0586,keyword,10,Thoracic wall,Thoracic wall,2.763
P0586,keyword,11,device placement,device placement,2.473
P0586,keyword,12,Chest tube,Chest tube,2.466
P0489,keyword,1,Pseudomonas aeruginosa,Pseudomonas aeruginosa,35.979
P0489,keyword,2,Pseudomonas Phages,Pseudomonas Phages,27.876
P0489,keyword,3,Bacteriophages,Bacteriophages,21.525
P0489,keyword,4,"Fimbriae, Bacterial","Fimbriae, Bacterial",14.127
P0489,keyword,5,RNA Phages,RNA Phages,12.426
P0489,keyword,6,Pseudomonas Infections,Pseudomonas Infections,12.036
P0489,keyword,7,Pilus,Pilus,11.509
P0489,keyword,8,Bacteriophage,Bacteriophage,9.574
P0489,keyword,9,Anti-Bacterial Agents,Anti-Bacterial Agents,9.115
P0489,keyword,10,Artemisinins,Artemisinins,8.939
P0489,keyword,11,Virulence,Virulence,8.775
P0489,keyword,12,Fimbriae Proteins,Fimbriae Proteins,8.678
P0489,technique,1,초파리,Drosophila,16.196
P0489,technique,2,CRISPR 유전자편집,CRISPR Gene Editing,3.94
P0489,technique,3,차세대 시퀀싱(NGS),Next-generation Sequencing,0.66
P0489,technique,4,생물정보·계산생물,Bioinformatics,0.518
P0489,technique,5,RNA-seq·전사체,RNA-seq / Transcriptomics,0.478
P0489,technique,6,X선 결정학·구조분석,X-ray Crystallography,0.303
P0489,technique,7,qPCR,Real-time PCR,0.166
P0231,keyword,1,Food Contamination,Food Contamination,54.933
P0231,keyword,2,aflatoxins,aflatoxins,50.611
P0231,keyword,3,Mycotoxins,Mycotoxins,39.312
P0231,keyword,4,Aspergillus flavus,Aspergillus flavus,32.328
P0231,keyword,5,Aflatoxin,Aflatoxin,24.404
P0231,keyword,6,Mycotoxin,Mycotoxin,23.768
P0231,keyword,7,Trichothecenes,Trichothecenes,21.019
P0231,keyword,8,fumonisins,fumonisins,19.697
P0231,keyword,9,Food Safety,Food Safety,18.982
P0231,keyword,10,deoxynivalenol,deoxynivalenol,18.346
P0231,keyword,11,Zearalenone,Zearalenone,18.25
P0231,keyword,12,nivalenol,nivalenol,18.009
P0231,technique,1,질량분석,Mass Spectrometry,12.005
P0231,technique,2,RNA-seq·전사체,RNA-seq / Transcriptomics,1.337
P0231,technique,3,나노입자·약물전달,Nanoparticles / Drug Delivery,1.248
P0231,technique,4,ELISA,ELISA,1.055
P0231,technique,5,머신러닝·AI,Machine Learning / AI,0.817
P0231,technique,6,생물정보·계산생물,Bioinformatics,0.686
P0231,technique,7,항체 개발,Antibody Engineering,0.612
P0231,technique,8,X선 결정학·구조분석,X-ray Crystallography,0.218
P0428,keyword,1,proton pump inhibitors,proton pump inhibitors,31.113
P0428,keyword,2,Helicobacter pylori,Helicobacter pylori,17.24
P0428,keyword,3,Helicobacter Infections,Helicobacter Infections,13.989
P0428,keyword,4,Clarithromycin,Clarithromycin,11.179
P0428,keyword,5,Irritable Bowel Syndrome,Irritable Bowel Syndrome,10.586
P0428,keyword,6,gastroesophageal reflux disease,gastroesophageal reflux disease,10.508
P0428,keyword,7,Helicobacter pylori eradication,Helicobacter pylori eradication,9.579
P0428,keyword,8,potassium-competitive acid blocker,potassium-competitive acid blocker,9.571
P0428,keyword,9,erosive esophagitis,erosive esophagitis,9.04
P0428,keyword,10,GERD,GERD,8.927
P0428,keyword,11,clarithromycin resistance,clarithromycin resistance,8.343
P0428,keyword,12,Helicobacter pylori infection,Helicobacter pylori infection,7.909
P0428,technique,1,임상시험,Clinical Trials,3.895
P0428,technique,2,줄기세포·iPSC,Stem Cells / iPSC,0.772
P0428,technique,3,MRI·PET 영상,MRI / PET Imaging,0.681
P0428,technique,4,면역조직화학,Immunohistochemistry,0.293
P0088,keyword,1,battery degradation,battery degradation,5.051
P0088,keyword,2,Mental Disorders,Mental Disorders,4.919
P0088,keyword,3,neurodevelopmental disorders,neurodevelopmental disorders,4.826
P0088,keyword,4,deterioration diagnosis,deterioration diagnosis,4.396
P0088,keyword,5,lithium-ion batteries,lithium-ion batteries,3.895
P0088,keyword,6,health indicators,health indicators,3.871
P0088,keyword,7,state of health estimation,state of health estimation,3.449
P0088,keyword,8,Probiotics,Probiotics,3.169
P0088,keyword,9,overpotential,overpotential,3.049
P0088,keyword,10,neurodegenerative diseases,neurodegenerative diseases,3.033
P0088,keyword,11,coincidence detection,coincidence detection,2.804
P0088,keyword,12,Auricle,Auricle,2.585
P0088,technique,1,머신러닝·AI,Machine Learning / AI,0.906
P0088,technique,2,MRI·PET 영상,MRI / PET Imaging,0.316
P1109,keyword,1,collagenase inhibition,collagenase inhibition,4.66
P1109,keyword,2,elastase inhibition,elastase inhibition,4.268
P1109,keyword,3,red algae,red algae,3.825
P1109,keyword,4,functional cosmetics,functional cosmetics,3.584
P1109,keyword,5,Procollagen,Procollagen,2.995
P1109,keyword,6,MMP-1,MMP-1,2.644
P1109,keyword,7,anti-aging,anti-aging,2.019
P1109,keyword,8,antioxidant activity,antioxidant activity,1.94
P1109,keyword,9,Polyphenols,Polyphenols,1.777
P1109,keyword,10,Skin Aging,Skin Aging,1.724
P1109,keyword,11,Flavonoids,Flavonoids,1.423
P1109,keyword,12,Andrographis paniculata,Andrographis paniculata,1.181
P0639,keyword,1,Pyometra,Pyometra,8.18
P0639,keyword,2,Uterine Perforation,Uterine Perforation,6.909
P0639,keyword,3,Ureaplasma,Ureaplasma,6.648
P0639,keyword,4,integrated sensing and communication,integrated sensing and communication,6.106
P0639,keyword,5,uterine infection,uterine infection,6.038
P0639,keyword,6,vaginal discharge,vaginal discharge,5.457
P0639,keyword,7,Bacteremia,Bacteremia,4.907
P0639,keyword,8,persistent bacteremia,persistent bacteremia,4.841
P0639,keyword,9,rate-splitting multiple access,rate-splitting multiple access,4.658
P0639,keyword,10,reconfigurable intelligent surface,reconfigurable intelligent surface,4.658
P0639,keyword,11,non-terrestrial networks,non-terrestrial networks,4.643
P0639,keyword,12,millimeter wave,millimeter wave,4.546
P0639,technique,1,임상시험,Clinical Trials,0.499
P0667,keyword,1,"Trigeminal Nucleus, Spinal","Trigeminal Nucleus, Spinal",0.162
P0667,keyword,2,Muscle Spindles,Muscle Spindles,0.132
P0667,keyword,3,Jaw,Jaw,0.111
P0667,keyword,4,"Microscopy, Immunoelectron","Microscopy, Immunoelectron",0.093
P0667,keyword,5,Nerve Fibers,Nerve Fibers,0.083
P0667,keyword,6,Reflex,Reflex,0.081
P0667,keyword,7,Horseradish peroxidase,Horseradish peroxidase,0.076
P0667,keyword,8,Presynaptic Terminals,Presynaptic Terminals,0.075
P0667,keyword,9,Axons,Axons,0.067
P0667,keyword,10,Cats,Cats,0.067
P0667,keyword,11,Motor Neurons,Motor Neurons,0.066
P0667,keyword,12,Axon terminal,Axon terminal,0.06
P0498,keyword,1,Melanins,Melanins,14.567
P0498,keyword,2,Melanocytes,Melanocytes,14.565
P0498,keyword,3,B16 melanoma,B16 melanoma,11.993
P0498,keyword,4,Keratinocytes,Keratinocytes,9.391
P0498,keyword,5,Microphthalmia-Associated Transcription Factor,Microphthalmia-Associated Transcription Factor,9.227
P0498,keyword,6,Monophenol Monooxygenase,Monophenol Monooxygenase,9.191
P0498,keyword,7,Skin,Skin,8.163
P0498,keyword,8,alpha-melanocyte-stimulating hormone,alpha-melanocyte-stimulating hormone,8.141
P0498,keyword,9,melanogenesis inhibition,melanogenesis inhibition,8.049
P0498,keyword,10,Cyclohexylamines,Cyclohexylamines,7.892
P0498,keyword,11,skin lightening,skin lightening,7.859
P0498,keyword,12,tyrosinase,tyrosinase,7.856
P0498,technique,1,ELISA,ELISA,0.815
P0498,technique,2,웨스턴블롯,Western Blot,0.804
P0498,technique,3,RNA 치료제·siRNA,RNA Therapeutics,0.682
P0498,technique,4,질량분석,Mass Spectrometry,0.085
P0770,keyword,1,Scathophagidae,Scathophagidae,111.998
P0770,keyword,2,Diptera,Diptera,100.172
P0770,keyword,3,DNA barcoding,DNA barcoding,85.636
P0770,keyword,4,high-altitude wetlands,high-altitude wetlands,83.766
P0770,keyword,5,Cordilura,Cordilura,46.811
P0770,keyword,6,COI sequences,COI sequences,32.089
P0770,keyword,7,new species,new species,30.397
P0770,keyword,8,Orthoptera,Orthoptera,29.314
P0770,keyword,9,head morphology,head morphology,28.347
P0770,keyword,10,male genitalia morphology,male genitalia morphology,27.433
P0770,keyword,11,Wetland,Wetland,24.579
P0770,keyword,12,biogeography,biogeography,23.916
P0770,technique,1,RNA-seq·전사체,RNA-seq / Transcriptomics,4.683
P0770,technique,2,초파리,Drosophila,1.81
P0770,technique,3,생물정보·계산생물,Bioinformatics,0.94
P0155,keyword,1,endometrial stem cells,endometrial stem cells,5.617
P0155,keyword,2,alpha-synuclein,alpha-synuclein,5.349
P0155,keyword,3,Parkinson's disease,Parkinson's disease,4.793
P0155,keyword,4,Lewy bodies,Lewy bodies,4.779
P0155,keyword,5,Parkinson Disease,Parkinson Disease,4.604
P0155,keyword,6,menstrual endometrium,menstrual endometrium,4.471
P0155,keyword,7,chondrocyte transplantation,chondrocyte transplantation,4.343
P0155,keyword,8,Smad2 phosphorylation,Smad2 phosphorylation,4.164
P0155,keyword,9,AAVS1 locus,AAVS1 locus,4.126
P0155,keyword,10,Cell therapy,Cell therapy,4.063
P0155,keyword,11,dopaminergic neuron differentiation,dopaminergic neuron differentiation,4.041
P0155,keyword,12,fibrillization,fibrillization,3.842
P0155,technique,1,광유전학,Optogenetics,7.199
P0155,technique,2,줄기세포·iPSC,Stem Cells / iPSC,7.043
P0155,technique,3,오가노이드,Organoids,1.003
P0155,technique,4,초파리,Drosophila,0.349
P0155,technique,5,유전자변형 마우스,Genetically Modified Mice,0.31
P0155,technique,6,웨스턴블롯,Western Blot,0.268
P0155,technique,7,RNA-seq·전사체,RNA-seq / Transcriptomics,0.214
P0155,technique,8,RNA 치료제·siRNA,RNA Therapeutics,0.153
P1017,keyword,1,Fluorescence Resonance Energy Transfer,Fluorescence Resonance Energy Transfer,10.897
P1017,keyword,2,Single Molecule Imaging,Single Molecule Imaging,9.177
P1017,keyword,3,peptide nucleic acid probes,peptide nucleic acid probes,7.367
P1017,keyword,4,model pruning,model pruning,6.897
P1017,keyword,5,Teicoplanin,Teicoplanin,6.807
P1017,keyword,6,single-molecule FRET,single-molecule FRET,6.4
P1017,keyword,7,nucleosome dynamics,nucleosome dynamics,6.294
P1017,keyword,8,chromatin condensation,chromatin condensation,6.257
P1017,keyword,9,Chromatin,Chromatin,6.118
P1017,keyword,10,nucleosome spacing,nucleosome spacing,6.111
P1017,keyword,11,Clustered Regularly Interspaced Short Palindromic Repeats,Clustered Regularly Interspaced Short Palindromic Repeats,5.993
P1017,keyword,12,"Transcription Initiation, Genetic","Transcription Initiation, Genetic",5.813
P1017,technique,1,CRISPR 유전자편집,CRISPR Gene Editing,6.941
P1017,technique,2,생물정보·계산생물,Bioinformatics,2.45
P1017,technique,3,분자도킹·시뮬레이션,Molecular Docking / Dynamics,2.335
P1017,technique,4,형광·공초점 이미징,Fluorescence / Confocal Imaging,2.319
P1017,technique,5,예쁜꼬마선충,C. elegans,1.243
P1017,technique,6,머신러닝·AI,Machine Learning / AI,1.232
P1017,technique,7,X선 결정학·구조분석,X-ray Crystallography,0.15
P1017,technique,8,전자현미경,Electron Microscopy,0.075
P0281,keyword,1,edible insects,edible insects,62.266
P0281,keyword,2,water holding capacity,water holding capacity,60.483
P0281,keyword,3,protein solubility,protein solubility,56.047
P0281,keyword,4,lipid oxidation,lipid oxidation,54.528
P0281,keyword,5,emulsion stability,emulsion stability,50.904
P0281,keyword,6,Meat Products,Meat Products,43.733
P0281,keyword,7,cooking loss,cooking loss,40.566
P0281,keyword,8,Protaetia brevitarsis,Protaetia brevitarsis,39.45
P0281,keyword,9,myofibrillar proteins,myofibrillar proteins,38.017
P0281,keyword,10,Food Handling,Food Handling,32.982
P0281,keyword,11,insect protein,insect protein,30.692
P0281,keyword,12,Food science,Food science,30.373
P0281,technique,1,제브라피시,Zebrafish,2.003
P0281,technique,2,질량분석,Mass Spectrometry,1.54
P0281,technique,3,나노입자·약물전달,Nanoparticles / Drug Delivery,0.535
P0281,technique,4,머신러닝·AI,Machine Learning / AI,0.388
P0281,technique,5,X선 결정학·구조분석,X-ray Crystallography,0.148
P0978,keyword,1,Porcine reproductive and respiratory syndrome virus,Porcine reproductive and respiratory syndrome virus,59.644
P0978,keyword,2,Porcine respiratory and reproductive syndrome virus,Porcine respiratory and reproductive syndrome virus,57.318
P0978,keyword,3,Porcine Reproductive and Respiratory Syndrome,Porcine Reproductive and Respiratory Syndrome,53.428
P0978,keyword,4,Swine,Swine,23.633
P0978,keyword,5,swine diseases,swine diseases,19.31
P0978,keyword,6,porcine circovirus type 2,porcine circovirus type 2,14.871
P0978,keyword,7,pigs,pigs,13.463
P0978,keyword,8,Viral Vaccines,Viral Vaccines,13.106
P0978,keyword,9,Circovirus,Circovirus,11.709
P0978,keyword,10,Circoviridae Infections,Circoviridae Infections,11.632
P0978,keyword,11,"Parvovirus, Porcine","Parvovirus, Porcine",10.237
P0978,keyword,12,PRRSV-2,PRRSV-2,9.841
P0978,technique,1,차세대 시퀀싱(NGS),Next-generation Sequencing,4.572
P0978,technique,2,머신러닝·AI,Machine Learning / AI,2.29
P0978,technique,3,ELISA,ELISA,1.432
P0978,technique,4,qPCR,Real-time PCR,1.42
P0978,technique,5,생물정보·계산생물,Bioinformatics,1.178
P0978,technique,6,RNA-seq·전사체,RNA-seq / Transcriptomics,0.43
P0978,technique,7,유세포분석,Flow Cytometry,0.227
P0671,keyword,1,Protoporphyrin IX,Protoporphyrin IX,16.008
P0671,keyword,2,Protochlorophyllide,Protochlorophyllide,13.637
P0671,keyword,3,Non-photochemical quenching,Non-photochemical quenching,13.539
P0671,keyword,4,Oryza,Oryza,12.56
P0671,keyword,5,porphyrin synthesis,porphyrin synthesis,11.888
P0671,keyword,6,ascorbate peroxidase,ascorbate peroxidase,11.77
P0671,keyword,7,Porphyrin,Porphyrin,11.605
P0671,keyword,8,Halogenated Diphenyl Ethers,Halogenated Diphenyl Ethers,10.864
P0671,keyword,9,chlorophyll biosynthesis,chlorophyll biosynthesis,10.291
P0671,keyword,10,Chlorophyll,Chlorophyll,9.762
P0671,keyword,11,Porphyrins,Porphyrins,9.123
P0671,keyword,12,photoprotection,photoprotection,8.615
P0671,technique,1,애기장대·식물 모델,Arabidopsis,1.207
P0076,keyword,1,synaptic vesicles,synaptic vesicles,18.894
P0076,keyword,2,Sodium Cholate,Sodium Cholate,14.343
P0076,keyword,3,dendritic spines,dendritic spines,12.234
P0076,keyword,4,Presynaptic Terminals,Presynaptic Terminals,12.12
P0076,keyword,5,Synapses,Synapses,11.066
P0076,keyword,6,Endocytosis,Endocytosis,11.031
P0076,keyword,7,NHE6,NHE6,9.988
P0076,keyword,8,Adaptor Protein Complex 4,Adaptor Protein Complex 4,8.878
P0076,keyword,9,quantal size,quantal size,8.769
P0076,keyword,10,Synaptic vesicle,Synaptic vesicle,8.698
P0076,keyword,11,whole-organ imaging,whole-organ imaging,7.926
P0076,keyword,12,Synaptic vesicle recycling,Synaptic vesicle recycling,7.494
P0076,technique,1,오가노이드,Organoids,3.465
P0076,technique,2,전기생리,Electrophysiology,2.767
P0076,technique,3,면역조직화학,Immunohistochemistry,2.513
P0076,technique,4,유전자변형 마우스,Genetically Modified Mice,2.228
P0076,technique,5,RNA 치료제·siRNA,RNA Therapeutics,2.204
P0076,technique,6,형광·공초점 이미징,Fluorescence / Confocal Imaging,2.055
P0076,technique,7,머신러닝·AI,Machine Learning / AI,1.417
P0076,technique,8,RNA-seq·전사체,RNA-seq / Transcriptomics,0.551
P0050,keyword,1,Doxorubicin,Doxorubicin,11.99
P0050,keyword,2,Drug Liberation,Drug Liberation,9.993
P0050,keyword,3,photodynamic therapy,photodynamic therapy,9.444
P0050,keyword,4,Chondroitin Sulfates,Chondroitin Sulfates,9.073
P0050,keyword,5,chondroitin sulfate A,chondroitin sulfate A,8.938
P0050,keyword,6,pH-responsive drug release,pH-responsive drug release,7.981
P0050,keyword,7,pharmacokinetics,pharmacokinetics,7.551
P0050,keyword,8,Drug Carriers,Drug Carriers,7.536
P0050,keyword,9,Enzyme replacement therapy,Enzyme replacement therapy,7.155
P0050,keyword,10,CD44 targeting,CD44 targeting,7.142
P0050,keyword,11,glutathione scavenging,glutathione scavenging,6.793
P0050,keyword,12,Hyaluronan Receptors,Hyaluronan Receptors,6.437
P0050,technique,1,나노입자·약물전달,Nanoparticles / Drug Delivery,21.393
P0050,technique,2,하이드로젤·스캐폴드,Hydrogels / Scaffolds,7.04
P0050,technique,3,CRISPR 유전자편집,CRISPR Gene Editing,5.343
P0050,technique,4,종양 이종이식 모델,Xenograft Models,4.356
P0050,technique,5,줄기세포·iPSC,Stem Cells / iPSC,4.022
P0050,technique,6,X선 결정학·구조분석,X-ray Crystallography,1.584
P0050,technique,7,질량분석,Mass Spectrometry,1.387
P0050,technique,8,CAR-T·입양세포치료,CAR-T / Adoptive Cell Therapy,1.205
P0786,keyword,1,PTEN-Induced Putative Kinase,PTEN-Induced Putative Kinase,16.297
P0786,keyword,2,PINK1,PINK1,14.257
P0786,keyword,3,Parkinson Disease,Parkinson Disease,12.01
P0786,keyword,4,Parkin,Parkin,11.997
P0786,keyword,5,mitophagy,mitophagy,10.423
P0786,keyword,6,Fumarates,Fumarates,10.413
P0786,keyword,7,Protein Kinases,Protein Kinases,10.042
P0786,keyword,8,fumarate,fumarate,8.994
P0786,keyword,9,Wolfram Syndrome,Wolfram Syndrome,8.878
P0786,keyword,10,Ubiquitin-Protein Ligases,Ubiquitin-Protein Ligases,7.761
P0786,keyword,11,IP3 receptor,IP3 receptor,7.415
P0786,keyword,12,cysteine modification,cysteine modification,7.412
P0786,technique,1,초파리,Drosophila,45.19
P0786,technique,2,유전자변형 마우스,Genetically Modified Mice,2.213
P0786,technique,3,후성유전 분석,Epigenomics (ChIP/ATAC-seq),1.095
P0786,technique,4,전자현미경,Electron Microscopy,0.866
P0786,technique,5,면역조직화학,Immunohistochemistry,0.848
P0786,technique,6,RNA-seq·전사체,RNA-seq / Transcriptomics,0.479
P0786,technique,7,생물정보·계산생물,Bioinformatics,0.478
P0786,technique,8,웨스턴블롯,Western Blot,0.337
P0858,keyword,1,Uropathogenic Escherichia coli,Uropathogenic Escherichia coli,25.016
P0858,keyword,2,Mast Cells,Mast Cells,15.814
P0858,keyword,3,Urinary Bladder,Urinary Bladder,11.294
P0858,keyword,4,Escherichia coli Infections,Escherichia coli Infections,10.483
P0858,keyword,5,urinary microbiome,urinary microbiome,9.829
P0858,keyword,6,Urinary Tract Infections,Urinary Tract Infections,9.479
P0858,keyword,7,bladder epithelial cells,bladder epithelial cells,9.118
P0858,keyword,8,anaphylaxis,anaphylaxis,9.066
P0858,keyword,9,recurrent urinary tract infection,recurrent urinary tract infection,8.975
P0858,keyword,10,Mast cell,Mast cell,8.281
P0858,keyword,11,urinary tract infection,urinary tract infection,7.57
P0858,keyword,12,Chymase,Chymase,6.904
P0858,technique,1,유전자변형 마우스,Genetically Modified Mice,0.992
P0858,technique,2,RNA-seq·전사체,RNA-seq / Transcriptomics,0.351
P0858,technique,3,생물정보·계산생물,Bioinformatics,0.313
P0658,keyword,1,interfacial layer thickness,interfacial layer thickness,5.794
P0658,keyword,2,polymer globules,polymer globules,5.706
P0658,keyword,3,universal scaling,universal scaling,5.171
P0658,keyword,4,bead-spring model,bead-spring model,4.862
P0658,keyword,5,ginsenoside content,ginsenoside content,4.358
P0658,keyword,6,active force,active force,4.297
P0658,keyword,7,core density,core density,4.268
P0658,keyword,8,disorder-to-order transition,disorder-to-order transition,4.011
P0658,keyword,9,Propiconazole,Propiconazole,3.919
P0658,keyword,10,gene-rich regions,gene-rich regions,3.582
P0658,keyword,11,benzyladenine,benzyladenine,3.445
P0658,keyword,12,chain conformation,chain conformation,3.078
P1024,keyword,1,membrane protein folding,membrane protein folding,40.027
P1024,keyword,2,single-molecule force spectroscopy,single-molecule force spectroscopy,29.031
P1024,keyword,3,Protein Folding,Protein Folding,22.709
P1024,keyword,4,Magnetic tweezers,Magnetic tweezers,19.408
P1024,keyword,5,Lipid Bilayers,Lipid Bilayers,18.725
P1024,keyword,6,Single Molecule Imaging,Single Molecule Imaging,16.683
P1024,keyword,7,dimerization kinetics,dimerization kinetics,14.901
P1024,keyword,8,Membrane Proteins,Membrane Proteins,14.422
P1024,keyword,9,energy landscape,energy landscape,13.674
P1024,keyword,10,residue interactions,residue interactions,13.018
P1024,keyword,11,peptide binding,peptide binding,13.012
P1024,keyword,12,molecular tweezers,molecular tweezers,11.957
P1024,technique,1,분자도킹·시뮬레이션,Molecular Docking / Dynamics,3.71
P1024,technique,2,단백체,Proteomics,2.527
P1024,technique,3,X선 결정학·구조분석,X-ray Crystallography,1.277
P1024,technique,4,생물정보·계산생물,Bioinformatics,0.44
P1024,technique,5,형광·공초점 이미징,Fluorescence / Confocal Imaging,0.413
P0373,keyword,1,lymphedema,lymphedema,9.465
P0373,keyword,2,Low-Level Light Therapy,Low-Level Light Therapy,5.859
P0373,keyword,3,Hemiarthroplasty,Hemiarthroplasty,5.048
P0373,keyword,4,Lymphography,Lymphography,4.952
P0373,keyword,5,tissue dielectric constant,tissue dielectric constant,4.842
P0373,keyword,6,gait analysis,gait analysis,4.84
P0373,keyword,7,Manual Lymphatic Drainage,Manual Lymphatic Drainage,4.735
P0373,keyword,8,arthrocentesis,arthrocentesis,4.691
P0373,keyword,9,balance function,balance function,4.638
P0373,keyword,10,elastic index,elastic index,4.335
P0373,keyword,11,upper limb lymphedema,upper limb lymphedema,4.303
P0373,keyword,12,bioelectrical impedance analysis,bioelectrical impedance analysis,4.265
P0373,technique,1,임상시험,Clinical Trials,0.338
P0373,technique,2,머신러닝·AI,Machine Learning / AI,0.312
P0023,keyword,1,"Evolution, Molecular","Evolution, Molecular",9.98
P0023,keyword,2,tumor recurrence prediction,tumor recurrence prediction,8.48
P0023,keyword,3,cancer driver genes,cancer driver genes,8.1
P0023,keyword,4,network propagation,network propagation,7.947
P0023,keyword,5,gene regulatory networks,gene regulatory networks,7.887
P0023,keyword,6,immune cell proportions,immune cell proportions,7.574
P0023,keyword,7,"Databases, Protein","Databases, Protein",7.368
P0023,keyword,8,Drug-Related Side Effects and Adverse Reactions,Drug-Related Side Effects and Adverse Reactions,7.011
P0023,keyword,9,Drug withdrawal,Drug withdrawal,7.005
P0023,keyword,10,drug response prediction,drug response prediction,6.976
P0023,keyword,11,Quantum,Quantum,6.782
P0023,keyword,12,proton channel,proton channel,6.752
P0023,technique,1,머신러닝·AI,Machine Learning / AI,7.861
P0023,technique,2,생물정보·계산생물,Bioinformatics,7.717
P0023,technique,3,오가노이드,Organoids,5.009
P0023,technique,4,CRISPR 유전자편집,CRISPR Gene Editing,4.841
P0023,technique,5,RNA-seq·전사체,RNA-seq / Transcriptomics,4.197
P0023,technique,6,예쁜꼬마선충,C. elegans,2.222
P0023,technique,7,차세대 시퀀싱(NGS),Next-generation Sequencing,1.953
P0023,technique,8,단일세포 분석,Single-cell Analysis,1.902
P0561,keyword,1,Opuntia,Opuntia,8.724
P0561,keyword,2,Opuntia humifusa,Opuntia humifusa,5.806
P0561,keyword,3,Prebiotics,Prebiotics,5.071
P0561,keyword,4,HPLC determination,HPLC determination,4.113
P0561,keyword,5,Lactobacillus paracasei,Lactobacillus paracasei,4.1
P0561,keyword,6,Synbiotics,Synbiotics,3.955
P0561,keyword,7,flavonol glycosides,flavonol glycosides,3.841
P0561,keyword,8,prebiotic activity,prebiotic activity,3.788
P0561,keyword,9,isorhamnetin,isorhamnetin,3.161
P0561,keyword,10,ethanol extraction,ethanol extraction,2.868
P0561,keyword,11,fruit extract,fruit extract,2.736
P0561,keyword,12,Plant Leaves,Plant Leaves,2.501
P0277,keyword,1,"Conditioning, Classical","Conditioning, Classical",25.38
P0277,keyword,2,lateral habenula,lateral habenula,23.905
P0277,keyword,3,Habenula,Habenula,21.548
P0277,keyword,4,conditioned inhibition,conditioned inhibition,19.004
P0277,keyword,5,"Inhibition, Psychological","Inhibition, Psychological",16.587
P0277,keyword,6,Hippocampus,Hippocampus,16.503
P0277,keyword,7,"Recognition, Psychology","Recognition, Psychology",13.876
P0277,keyword,8,Prefrontal Cortex,Prefrontal Cortex,12.513
P0277,keyword,9,appetitive behavior,appetitive behavior,11.81
P0277,keyword,10,medial prefrontal cortex,medial prefrontal cortex,10.82
P0277,keyword,11,neurotoxic lesion,neurotoxic lesion,10.806
P0277,keyword,12,"Stress, Psychological","Stress, Psychological",9.691
P0277,technique,1,광유전학,Optogenetics,5.46
P0277,technique,2,유전자변형 마우스,Genetically Modified Mice,3.324
P0277,technique,3,웨스턴블롯,Western Blot,1.57
P0277,technique,4,머신러닝·AI,Machine Learning / AI,1.452
P0277,technique,5,면역조직화학,Immunohistochemistry,1.277
P0277,technique,6,생물정보·계산생물,Bioinformatics,0.344
P0277,technique,7,MRI·PET 영상,MRI / PET Imaging,0.222
P0277,technique,8,항체 개발,Antibody Engineering,0.155
P0135,keyword,1,Osteoarthritis,Osteoarthritis,35.689
P0135,keyword,2,Chondrocytes,Chondrocytes,22.098
P0135,keyword,3,cartilage degeneration,cartilage degeneration,19.973
P0135,keyword,4,intra-articular injection,intra-articular injection,15.322
P0135,keyword,5,Prussian blue nanozymes,Prussian blue nanozymes,14.875
P0135,keyword,6,"Cartilage, Articular","Cartilage, Articular",14.32
P0135,keyword,7,destabilization of the medial meniscus,destabilization of the medial meniscus,12.651
P0135,keyword,8,Bromodomain Containing Proteins,Bromodomain Containing Proteins,11.41
P0135,keyword,9,Cartilage,Cartilage,10.983
P0135,keyword,10,inflammatory osteoarthritis,inflammatory osteoarthritis,9.231
P0135,keyword,11,NF-κB signaling,NF-κB signaling,8.285
P0135,keyword,12,articular chondrocytes,articular chondrocytes,8.115
P0135,technique,1,유전자변형 마우스,Genetically Modified Mice,3.326
P0135,technique,2,나노입자·약물전달,Nanoparticles / Drug Delivery,1.654
P0135,technique,3,RNA-seq·전사체,RNA-seq / Transcriptomics,1.522
P0135,technique,4,단일세포 분석,Single-cell Analysis,0.631
P0135,technique,5,웨스턴블롯,Western Blot,0.423
P0135,technique,6,유세포분석,Flow Cytometry,0.418
P0135,technique,7,면역조직화학,Immunohistochemistry,0.362
P0135,technique,8,생물정보·계산생물,Bioinformatics,0.24
P0744,keyword,1,Lithium (medication),Lithium (medication),54.715
P0744,keyword,2,Electrolyte,Electrolyte,53.572
P0744,keyword,3,lithium metal batteries,lithium metal batteries,51.845
P0744,keyword,4,all-solid-state batteries,all-solid-state batteries,50.102
P0744,keyword,5,Anode,Anode,45.112
P0744,keyword,6,Cathode,Cathode,31.536
P0744,keyword,7,solid electrolyte interphase,solid electrolyte interphase,30.543
P0744,keyword,8,Battery (electricity),Battery (electricity),30.512
P0744,keyword,9,lithium metal anode,lithium metal anode,30.053
P0744,keyword,10,sulfide solid electrolytes,sulfide solid electrolytes,29.636
P0744,keyword,11,energy density,energy density,28.937
P0744,keyword,12,lithium dendrite suppression,lithium dendrite suppression,27.926
P0744,technique,1,나노입자·약물전달,Nanoparticles / Drug Delivery,6.246
P0744,technique,2,X선 결정학·구조분석,X-ray Crystallography,3.118
P0744,technique,3,MRI·PET 영상,MRI / PET Imaging,2.701
P0744,technique,4,전자현미경,Electron Microscopy,1.908
P0744,technique,5,대사체·지질체,Metabolomics / Lipidomics,1.729
P0744,technique,6,머신러닝·AI,Machine Learning / AI,1.659
P0744,technique,7,분자도킹·시뮬레이션,Molecular Docking / Dynamics,0.523
P0268,keyword,1,Dog Diseases,Dog Diseases,21.858
P0268,keyword,2,Dogs,Dogs,10.322
P0268,keyword,3,Mediastinal Neoplasms,Mediastinal Neoplasms,7.984
P0268,keyword,4,"Calicivirus, Feline","Calicivirus, Feline",6.821
P0268,keyword,5,Cat Diseases,Cat Diseases,6.242
P0268,keyword,6,"Lymphoma, T-Cell","Lymphoma, T-Cell",5.836
P0268,keyword,7,Cryotherapy,Cryotherapy,5.753
P0268,keyword,8,PKD1 mutations,PKD1 mutations,5.744
P0268,keyword,9,environmental allergens,environmental allergens,5.629
P0268,keyword,10,interdigital dermatitis,interdigital dermatitis,5.564
P0268,keyword,11,Pseudomonas Infections,Pseudomonas Infections,5.473
P0268,keyword,12,otitis externa,otitis externa,5.461
P0856,keyword,1,Argonaute Proteins,Argonaute Proteins,11.48
P0856,keyword,2,8-oxoguanine,8-oxoguanine,9.143
P0856,keyword,3,MicroRNAs,MicroRNAs,7.702
P0856,keyword,4,RNA oxidation,RNA oxidation,7.326
P0856,keyword,5,Guanine,Guanine,6.366
P0856,keyword,6,Base Pairing,Base Pairing,5.514
P0856,keyword,7,RNA-RNA interactions,RNA-RNA interactions,5.021
P0856,keyword,8,seed sequence,seed sequence,4.447
P0856,keyword,9,diethylnitrosamine-induced hepatocarcinogenesis,diethylnitrosamine-induced hepatocarcinogenesis,4.441
P0856,keyword,10,Guide RNA,Guide RNA,4.403
P0856,keyword,11,miR-124,miR-124,4.274
P0856,keyword,12,miR-218,miR-218,4.117
P0856,technique,1,CRISPR 유전자편집,CRISPR Gene Editing,5.297
P0856,technique,2,RNA 치료제·siRNA,RNA Therapeutics,3.31
P0856,technique,3,RNA-seq·전사체,RNA-seq / Transcriptomics,2.486
P0856,technique,4,생물정보·계산생물,Bioinformatics,1.312
P0856,technique,5,유전자변형 마우스,Genetically Modified Mice,1.034
P1092,keyword,1,Pyrethrins,Pyrethrins,26.381
P1092,keyword,2,Insecticides,Insecticides,18.377
P1092,keyword,3,calcium homeostasis,calcium homeostasis,17.401
P1092,keyword,4,Mitochondria,Mitochondria,14.781
P1092,keyword,5,Leydig Cells,Leydig Cells,14.712
P1092,keyword,6,Sertoli Cells,Sertoli Cells,14.588
P1092,keyword,7,endoplasmic reticulum stress,endoplasmic reticulum stress,14.509
P1092,keyword,8,apoptosis,apoptosis,12.737
P1092,keyword,9,Testis,Testis,12.567
P1092,keyword,10,mitochondrial membrane potential,mitochondrial membrane potential,11.993
P1092,keyword,11,bovine mammary epithelial cells,bovine mammary epithelial cells,10.972
P1092,keyword,12,Trophoblasts,Trophoblasts,10.865
P1092,technique,1,머신러닝·AI,Machine Learning / AI,2.27
P1092,technique,2,분자도킹·시뮬레이션,Molecular Docking / Dynamics,0.436
P1092,technique,3,나노입자·약물전달,Nanoparticles / Drug Delivery,0.391
P1092,technique,4,생물정보·계산생물,Bioinformatics,0.133
P0842,keyword,1,"Antigens, CD1d","Antigens, CD1d",12.975
P0842,keyword,2,Natural Killer T-Cells,Natural Killer T-Cells,12.909
P0842,keyword,3,Bone Marrow Stromal Antigen 2,Bone Marrow Stromal Antigen 2,9.984
P0842,keyword,4,CD1D,CD1D,7.873
P0842,keyword,5,GPI-Linked Proteins,GPI-Linked Proteins,7.011
P0842,keyword,6,Antigen Presentation,Antigen Presentation,6.747
P0842,keyword,7,dendritic cells,dendritic cells,6.191
P0842,keyword,8,BST2,BST2,5.911
P0842,keyword,9,"T-Lymphocytes, Cytotoxic","T-Lymphocytes, Cytotoxic",5.285
P0842,keyword,10,lymph node retention,lymph node retention,5.233
P0842,keyword,11,Natural killer T cell,Natural killer T cell,5.16
P0842,keyword,12,lymph node homing,lymph node homing,4.919
P0842,technique,1,유전자변형 마우스,Genetically Modified Mice,6.014
P0842,technique,2,유세포분석,Flow Cytometry,0.612
P0842,technique,3,항체 개발,Antibody Engineering,0.101
P0256,keyword,1,Dog Diseases,Dog Diseases,13.576
P0256,keyword,2,Dogs,Dogs,10.807
P0256,keyword,3,lameness,lameness,8.611
P0256,keyword,4,Surgery,Surgery,7.696
P0256,keyword,5,foals,foals,5.529
P0256,keyword,6,Glaucoma Drainage Implants,Glaucoma Drainage Implants,4.861
P0256,keyword,7,Cadaver,Cadaver,4.698
P0256,keyword,8,sacroiliac luxation,sacroiliac luxation,4.594
P0256,keyword,9,Glaucoma valve,Glaucoma valve,4.558
P0256,keyword,10,Latissimus dorsi muscle,Latissimus dorsi muscle,4.544
P0256,keyword,11,toy breed dogs,toy breed dogs,4.441
P0256,keyword,12,anoplasty,anoplasty,4.303
P0256,technique,1,MRI·PET 영상,MRI / PET Imaging,0.818
P0769,keyword,1,Hedgehog signaling,Hedgehog signaling,12.093
P0769,keyword,2,Hedgehog Proteins,Hedgehog Proteins,7.819
P0769,keyword,3,Bladder cancer,Bladder cancer,7.739
P0769,keyword,4,neurological disease models,neurological disease models,6.516
P0769,keyword,5,neuron-glia interactions,neuron-glia interactions,6.356
P0769,keyword,6,assembloids,assembloids,5.404
P0769,keyword,7,"Prostatic Neoplasms, Castration-Resistant","Prostatic Neoplasms, Castration-Resistant",5.284
P0769,keyword,8,Urinary Bladder Neoplasms,Urinary Bladder Neoplasms,5.263
P0769,keyword,9,Hedgehogs,Hedgehogs,5.245
P0769,keyword,10,synthetic embryos,synthetic embryos,5.073
P0769,keyword,11,Wnt11,Wnt11,4.937
P0769,keyword,12,human pluripotent stem cells,human pluripotent stem cells,4.885
P0769,technique,1,오가노이드,Organoids,21.923
P0769,technique,2,줄기세포·iPSC,Stem Cells / iPSC,2.312
P0769,technique,3,단일세포 분석,Single-cell Analysis,1.749
P0769,technique,4,조직공학·바이오프린팅,Tissue Engineering / Bioprinting,1.574
P0769,technique,5,칼슘 이미징,Calcium Imaging,1.395
P0769,technique,6,RNA-seq·전사체,RNA-seq / Transcriptomics,1.056
P0769,technique,7,CRISPR 유전자편집,CRISPR Gene Editing,0.814
P0769,technique,8,생물정보·계산생물,Bioinformatics,0.763
P1000,keyword,1,YKL-40,YKL-40,17.201
P1000,keyword,2,Chitinase-3-Like Protein 1,Chitinase-3-Like Protein 1,16.031
P1000,keyword,3,Cytokine-Induced Killer Cells,Cytokine-Induced Killer Cells,13.396
P1000,keyword,4,"Lupus Erythematosus, Systemic","Lupus Erythematosus, Systemic",12.199
P1000,keyword,5,"Mice, Inbred MRL lpr","Mice, Inbred MRL lpr",10.938
P1000,keyword,6,Histone Deacetylase Inhibitors,Histone Deacetylase Inhibitors,10.7
P1000,keyword,7,dendritic cells,dendritic cells,10.287
P1000,keyword,8,systemic lupus erythematosus,systemic lupus erythematosus,10.275
P1000,keyword,9,NF-kappa B,NF-kappa B,8.768
P1000,keyword,10,B cell inhibition,B cell inhibition,8.632
P1000,keyword,11,Signal Transduction,Signal Transduction,8.45
P1000,keyword,12,Hydroxamic Acids,Hydroxamic Acids,7.859
P1000,technique,1,유전자변형 마우스,Genetically Modified Mice,11.657
P1000,technique,2,줄기세포·iPSC,Stem Cells / iPSC,10.133
P1000,technique,3,분자도킹·시뮬레이션,Molecular Docking / Dynamics,6.919
P1000,technique,4,CAR-T·입양세포치료,CAR-T / Adoptive Cell Therapy,4.26
P1000,technique,5,종양 이종이식 모델,Xenograft Models,4.004
P1000,technique,6,RNA 치료제·siRNA,RNA Therapeutics,2.967
P1000,technique,7,유세포분석,Flow Cytometry,2.237
P1000,technique,8,웨스턴블롯,Western Blot,2.161
P1080,keyword,1,estimated glomerular filtration rate,estimated glomerular filtration rate,16.061
P1080,keyword,2,Glomerular Filtration Rate,Glomerular Filtration Rate,10.518
P1080,keyword,3,chronic kidney disease,chronic kidney disease,10.192
P1080,keyword,4,Renal function,Renal function,9.384
P1080,keyword,5,"Renal Insufficiency, Chronic","Renal Insufficiency, Chronic",8.047
P1080,keyword,6,causal effects,causal effects,6.257
P1080,keyword,7,tracheostomy complications,tracheostomy complications,5.824
P1080,keyword,8,cardio-cerebrovascular disease,cardio-cerebrovascular disease,5.602
P1080,keyword,9,Tile,Tile,5.241
P1080,keyword,10,left internal mammary artery,left internal mammary artery,5.025
P1080,keyword,11,smoking initiation age,smoking initiation age,4.753
P1080,keyword,12,Median sternotomy,Median sternotomy,4.463
P1080,technique,1,GWAS·유전역학,GWAS / Genetic Epidemiology,9.349
P1080,technique,2,RNA-seq·전사체,RNA-seq / Transcriptomics,0.889
P1080,technique,3,MRI·PET 영상,MRI / PET Imaging,0.187
P0472,keyword,1,Probiotic,Probiotic,0.591
P0472,keyword,2,Enterococcus,Enterococcus,0.426
P0472,keyword,3,Candidate gene,Candidate gene,0.281
P0472,keyword,4,16S ribosomal RNA,16S ribosomal RNA,0.265
P0472,keyword,5,Virulence,Virulence,0.258
P0472,keyword,6,antibiotic resistance,antibiotic resistance,0.175
P0472,keyword,7,Phenotype,Phenotype,0.142
P0472,keyword,8,Gene,Gene,0.141
P0404,keyword,1,Glycogen Synthase Kinase 3 beta,Glycogen Synthase Kinase 3 beta,4.372
P0404,keyword,2,TNF Receptor-Associated Factor 6,TNF Receptor-Associated Factor 6,3.304
P0404,keyword,3,Ubiquitination,Ubiquitination,2.983
P0404,keyword,4,RING Finger Domains,RING Finger Domains,2.779
P0404,keyword,5,TNF Receptor-Associated Factor 2,TNF Receptor-Associated Factor 2,2.763
P0404,keyword,6,Toll-Like Receptor 3,Toll-Like Receptor 3,2.761
P0404,keyword,7,TLR3 signaling,TLR3 signaling,2.585
P0404,keyword,8,glycogen synthase kinase-3β,glycogen synthase kinase-3β,2.219
P0404,keyword,9,Interferon-beta,Interferon-beta,2.107
P0404,keyword,10,Interferon Regulatory Factor-8,Interferon Regulatory Factor-8,2.104
P0404,keyword,11,RANK Ligand,RANK Ligand,2.097
P0404,keyword,12,GSK-3,GSK-3,2.08
P0404,technique,1,유전자변형 마우스,Genetically Modified Mice,1.575
P0404,technique,2,단백체,Proteomics,0.697
P0404,technique,3,웨스턴블롯,Western Blot,0.551
P0404,technique,4,RNA 치료제·siRNA,RNA Therapeutics,0.437
P0404,technique,5,RNA-seq·전사체,RNA-seq / Transcriptomics,0.197
P0785,keyword,1,Morpholino,Morpholino,13.478
P0785,keyword,2,Nanopore sequencing,Nanopore sequencing,12.959
P0785,keyword,3,Replicate,Replicate,9.54
P0785,keyword,4,TAIL-seq,TAIL-seq,9.188
P0785,keyword,5,Embryo,Embryo,8.102
P0785,keyword,6,Myotonic Dystrophy,Myotonic Dystrophy,8.091
P0785,keyword,7,Myotonin-Protein Kinase,Myotonin-Protein Kinase,5.952
P0785,keyword,8,poly(A) tail length,poly(A) tail length,5.519
P0785,keyword,9,Type (biology),Type (biology),4.069
P0785,keyword,10,Nanopores,Nanopores,3.905
P0785,keyword,11,"Hemagglutinin Glycoproteins, Influenza Virus","Hemagglutinin Glycoproteins, Influenza Virus",3.891
P0785,keyword,12,Algorithms,Algorithms,3.731
P0785,technique,1,제브라피시,Zebrafish,13.727
P0785,technique,2,RNA-seq·전사체,RNA-seq / Transcriptomics,5.954
P0785,technique,3,차세대 시퀀싱(NGS),Next-generation Sequencing,5.521
P0785,technique,4,생물정보·계산생물,Bioinformatics,4.299
P0785,technique,5,RNA 치료제·siRNA,RNA Therapeutics,3.3
P0785,technique,6,초파리,Drosophila,1.265
P0785,technique,7,머신러닝·AI,Machine Learning / AI,0.401
P0785,technique,8,줄기세포·iPSC,Stem Cells / iPSC,0.161
P0820,keyword,1,electrolyte additives,electrolyte additives,9.585
P0820,keyword,2,solid electrolyte interphase,solid electrolyte interphase,9.057
P0820,keyword,3,Chemical engineering,Chemical engineering,8.261
P0820,keyword,4,gamma-alumina,gamma-alumina,7.829
P0820,keyword,5,lithium-ion batteries,lithium-ion batteries,7.421
P0820,keyword,6,Lithium (medication),Lithium (medication),7.256
P0820,keyword,7,Anode,Anode,7.115
P0820,keyword,8,Lewis acid sites,Lewis acid sites,6.98
P0820,keyword,9,Electrolyte,Electrolyte,6.95
P0820,keyword,10,defluorination,defluorination,6.871
P0820,keyword,11,Density functional theory,Density functional theory,6.868
P0820,keyword,12,thermal boundary layer,thermal boundary layer,6.868
P0820,technique,1,나노입자·약물전달,Nanoparticles / Drug Delivery,6.239
P0820,technique,2,X선 결정학·구조분석,X-ray Crystallography,5.073
P0820,technique,3,분자도킹·시뮬레이션,Molecular Docking / Dynamics,4.166
P0820,technique,4,전자현미경,Electron Microscopy,0.503
P0820,technique,5,종양 이종이식 모델,Xenograft Models,0.358
P0820,technique,6,머신러닝·AI,Machine Learning / AI,0.26
P1058,keyword,1,Salmonella Infantis,Salmonella Infantis,25.642
P1058,keyword,2,pork supply chain,pork supply chain,17.788
P1058,keyword,3,foodborne pathogens,foodborne pathogens,16.982
P1058,keyword,4,One Health,One Health,16.821
P1058,keyword,5,blaCTX-M-65,blaCTX-M-65,16.63
P1058,keyword,6,Mycobacterium avium subsp. paratuberculosis,Mycobacterium avium subsp. paratuberculosis,16.384
P1058,keyword,7,antimicrobial resistance,antimicrobial resistance,14.492
P1058,keyword,8,zoonotic transmission,zoonotic transmission,13.36
P1058,keyword,9,"Drug Resistance, Multiple, Bacterial","Drug Resistance, Multiple, Bacterial",13.067
P1058,keyword,10,virulence genes,virulence genes,12.81
P1058,keyword,11,Pork Meat,Pork Meat,12.773
P1058,keyword,12,pig farms,pig farms,12.595
P1058,technique,1,차세대 시퀀싱(NGS),Next-generation Sequencing,19.958
P1058,technique,2,생물정보·계산생물,Bioinformatics,2.499
P1058,technique,3,항체 개발,Antibody Engineering,2.037
P1058,technique,4,유세포분석,Flow Cytometry,1.889
P1058,technique,5,qPCR,Real-time PCR,0.896
P1058,technique,6,ELISA,ELISA,0.231
P0142,keyword,1,phosphatidylserine exposure,phosphatidylserine exposure,29.61
P0142,keyword,2,thrombin generation,thrombin generation,28.469
P0142,keyword,3,procoagulant activity,procoagulant activity,26.663
P0142,keyword,4,Erythrocytes,Erythrocytes,24.19
P0142,keyword,5,Phosphatidylserines,Phosphatidylserines,23.867
P0142,keyword,6,bEnd.3 cells,bEnd.3 cells,21.24
P0142,keyword,7,brain endothelial cells,brain endothelial cells,20.632
P0142,keyword,8,Blood-Brain Barrier,Blood-Brain Barrier,20.15
P0142,keyword,9,Disinfectants,Disinfectants,19.56
P0142,keyword,10,Endothelial Cells,Endothelial Cells,16.176
P0142,keyword,11,Erythrocyte Deformability,Erythrocyte Deformability,15.344
P0142,keyword,12,Venous Thrombosis,Venous Thrombosis,14.527
P0142,technique,1,나노입자·약물전달,Nanoparticles / Drug Delivery,8.327
P0142,technique,2,RNA 치료제·siRNA,RNA Therapeutics,0.7
P0142,technique,3,단백체,Proteomics,0.556
P0142,technique,4,유세포분석,Flow Cytometry,0.457
P0142,technique,5,전자현미경,Electron Microscopy,0.436
P0142,technique,6,생물정보·계산생물,Bioinformatics,0.429
P0142,technique,7,임상시험,Clinical Trials,0.399
P0142,technique,8,질량분석,Mass Spectrometry,0.225
P0484,keyword,1,metastatic lymph nodes,metastatic lymph nodes,18.583
P0484,keyword,2,molecular evolution,molecular evolution,15.099
P0484,keyword,3,Tumor heterogeneity,Tumor heterogeneity,11.184
P0484,keyword,4,Quantile,Quantile,9.265
P0484,keyword,5,treatment response,treatment response,9.119
P0484,keyword,6,colorectal cancer,colorectal cancer,8.456
P0484,keyword,7,durvalumab,durvalumab,7.65
P0484,keyword,8,Oncology,Oncology,7.642
P0484,keyword,9,KRAS,KRAS,7.265
P0484,keyword,10,Lung cancer,Lung cancer,6.287
P0484,keyword,11,tremelimumab,tremelimumab,6.211
P0484,keyword,12,Genetic Heterogeneity,Genetic Heterogeneity,6.151
P0484,technique,1,차세대 시퀀싱(NGS),Next-generation Sequencing,7.868
P0484,technique,2,RNA-seq·전사체,RNA-seq / Transcriptomics,7.141
P0484,technique,3,생물정보·계산생물,Bioinformatics,2.461
P0484,technique,4,항체 개발,Antibody Engineering,1.773
P0484,technique,5,단일세포 분석,Single-cell Analysis,1.654
P0484,technique,6,머신러닝·AI,Machine Learning / AI,1.526
P0484,technique,7,애기장대·식물 모델,Arabidopsis,1.431
P0484,technique,8,GWAS·유전역학,GWAS / Genetic Epidemiology,1.301
P1026,keyword,1,Tetanus Toxin,Tetanus Toxin,1.146
P1026,keyword,2,alpha-Amino-3-hydroxy-5-methyl-4-isoxazolepropionic Acid,alpha-Amino-3-hydroxy-5-methyl-4-isoxazolepropionic Acid,1.008
P1026,keyword,3,Brain Waves,Brain Waves,0.891
P1026,keyword,4,Metalloendopeptidases,Metalloendopeptidases,0.871
P1026,keyword,5,Carbachol,Carbachol,0.791
P1026,keyword,6,"Recognition, Psychology","Recognition, Psychology",0.772
P1026,keyword,7,Tissue Culture Techniques,Tissue Culture Techniques,0.699
P1026,keyword,8,"Models, Neurological","Models, Neurological",0.666
P1026,keyword,9,Nerve Net,Nerve Net,0.618
P1026,keyword,10,Synaptic Transmission,Synaptic Transmission,0.519
P1026,keyword,11,Electroencephalography,Electroencephalography,0.487
P1026,keyword,12,Calcium Signaling,Calcium Signaling,0.45
P1077,keyword,1,levan,levan,22.759
P1077,keyword,2,Fructans,Fructans,21.652
P1077,keyword,3,Hexosyltransferases,Hexosyltransferases,9.885
P1077,keyword,4,Pseudomonas chlororaphis,Pseudomonas chlororaphis,7.987
P1077,keyword,5,Paenibacillus polymyxa,Paenibacillus polymyxa,7.335
P1077,keyword,6,levansucrase,levansucrase,7.089
P1077,keyword,7,cucumber mosaic virus,cucumber mosaic virus,5.739
P1077,keyword,8,Cucumovirus,Cucumovirus,4.9
P1077,keyword,9,Kluyveromyces,Kluyveromyces,4.9
P1077,keyword,10,tobacco,tobacco,4.806
P1077,keyword,11,fallen leaves,fallen leaves,4.63
P1077,keyword,12,galactose induction,galactose induction,4.519
P0466,keyword,1,photodynamic therapy,photodynamic therapy,5.17
P0466,keyword,2,Antineoplastic Agents,Antineoplastic Agents,3.615
P0466,keyword,3,Optical Imaging,Optical Imaging,3.128
P0466,keyword,4,"1,3-oxathiolanes","1,3-oxathiolanes",3.103
P0466,keyword,5,photosensitizer design,photosensitizer design,3.06
P0466,keyword,6,Fluorescent Dyes,Fluorescent Dyes,3.04
P0466,keyword,7,cancer stem cells,cancer stem cells,3.01
P0466,keyword,8,mitochondrial oxidative stress,mitochondrial oxidative stress,2.997
P0466,keyword,9,amide groups,amide groups,2.893
P0466,keyword,10,DEAB,DEAB,2.89
P0466,keyword,11,Triple Negative Breast Neoplasms,Triple Negative Breast Neoplasms,2.882
P0466,keyword,12,"Antibiotics, Antineoplastic","Antibiotics, Antineoplastic",2.764
P0466,technique,1,나노입자·약물전달,Nanoparticles / Drug Delivery,1.649
P0466,technique,2,종양 이종이식 모델,Xenograft Models,0.86
P0466,technique,3,형광·공초점 이미징,Fluorescence / Confocal Imaging,0.53
P0466,technique,4,웨스턴블롯,Western Blot,0.221
P0466,technique,5,qPCR,Real-time PCR,0.21
P0589,keyword,1,gastric tuberculosis,gastric tuberculosis,7.336
P0589,keyword,2,subepithelial lesions,subepithelial lesions,5.815
P0589,keyword,3,retroperitoneal leiomyoma,retroperitoneal leiomyoma,5.177
P0589,keyword,4,intrahepatic bile duct dilatation,intrahepatic bile duct dilatation,4.575
P0589,keyword,5,lesser sac,lesser sac,4.505
P0589,keyword,6,radiological mimicry,radiological mimicry,4.019
P0589,keyword,7,gastric submucosal tumor,gastric submucosal tumor,3.857
P0589,keyword,8,hepatic infiltration,hepatic infiltration,3.815
P0589,keyword,9,gastric mass,gastric mass,3.614
P0589,keyword,10,exophytic growth,exophytic growth,3.603
P0589,keyword,11,differential diagnosis,differential diagnosis,3.541
P0589,keyword,12,pancreaticobiliary fistula,pancreaticobiliary fistula,3.485
P0589,technique,1,MRI·PET 영상,MRI / PET Imaging,2.098
P0589,technique,2,나노입자·약물전달,Nanoparticles / Drug Delivery,0.457
P0589,technique,3,줄기세포·iPSC,Stem Cells / iPSC,0.232
P0636,keyword,1,chronic rhinosinusitis,chronic rhinosinusitis,12.175
P0636,keyword,2,allergic rhinitis,allergic rhinitis,11.932
P0636,keyword,3,Nasal Obstruction,Nasal Obstruction,11.904
P0636,keyword,4,Rhinoplasty,Rhinoplasty,10.65
P0636,keyword,5,chronic rhinosinusitis with nasal polyps,chronic rhinosinusitis with nasal polyps,10.216
P0636,keyword,6,septal deviation,septal deviation,10.025
P0636,keyword,7,Nasal Polyps,Nasal Polyps,9.02
P0636,keyword,8,SNOT-22,SNOT-22,7.511
P0636,keyword,9,costal cartilage,costal cartilage,7.448
P0636,keyword,10,inferior turbinate hypertrophy,inferior turbinate hypertrophy,7.077
P0636,keyword,11,adenotonsillar hypertrophy,adenotonsillar hypertrophy,6.855
P0636,keyword,12,sneezing,sneezing,6.785
P0636,technique,1,나노입자·약물전달,Nanoparticles / Drug Delivery,1.3
P0636,technique,2,줄기세포·iPSC,Stem Cells / iPSC,1.007
P0636,technique,3,머신러닝·AI,Machine Learning / AI,0.075
P0006,keyword,1,Rh-Hr Blood-Group System,Rh-Hr Blood-Group System,47.088
P0006,keyword,2,"Killer Cells, Natural","Killer Cells, Natural",35.826
P0006,keyword,3,ABO blood group system,ABO blood group system,33.811
P0006,keyword,4,ABO Blood-Group System,ABO Blood-Group System,28.35
P0006,keyword,5,blood group antigens,blood group antigens,19.273
P0006,keyword,6,Alleles,Alleles,17.088
P0006,keyword,7,natural killer cells,natural killer cells,16.012
P0006,keyword,8,transfusion safety,transfusion safety,14.99
P0006,keyword,9,Genotyping,Genotyping,14.627
P0006,keyword,10,"Decision Support Systems, Clinical","Decision Support Systems, Clinical",14.533
P0006,keyword,11,NK cell expansion,NK cell expansion,13.918
P0006,keyword,12,Blood transfusion,Blood transfusion,13.618
P0006,technique,1,CAR-T·입양세포치료,CAR-T / Adoptive Cell Therapy,17.987
P0006,technique,2,유세포분석,Flow Cytometry,13.101
P0006,technique,3,항체 개발,Antibody Engineering,4.061
P0006,technique,4,qPCR,Real-time PCR,3.585
P0006,technique,5,종양 이종이식 모델,Xenograft Models,2.6
P0006,technique,6,미세유체·장기칩,Microfluidics / Organ-on-a-chip,2.48
P0006,technique,7,차세대 시퀀싱(NGS),Next-generation Sequencing,2.034
P0006,technique,8,머신러닝·AI,Machine Learning / AI,1.736
P0265,keyword,1,Dog Diseases,Dog Diseases,37.38
P0265,keyword,2,Dogs,Dogs,20.767
P0265,keyword,3,Schirmer test,Schirmer test,15.301
P0265,keyword,4,tear film break-up time,tear film break-up time,15.187
P0265,keyword,5,Corneal Ulcer,Corneal Ulcer,12.852
P0265,keyword,6,transient visual evoked potentials,transient visual evoked potentials,11.3
P0265,keyword,7,Phacoemulsification,Phacoemulsification,11.076
P0265,keyword,8,canine ophthalmology,canine ophthalmology,10.704
P0265,keyword,9,canine cataract,canine cataract,10.645
P0265,keyword,10,N1-P2 amplitude,N1-P2 amplitude,10.125
P0265,keyword,11,steady-state visual evoked potentials,steady-state visual evoked potentials,8.957
P0265,keyword,12,cataract,cataract,8.528
P0265,technique,1,MRI·PET 영상,MRI / PET Imaging,2.232
P0265,technique,2,머신러닝·AI,Machine Learning / AI,0.993
P0265,technique,3,종양 이종이식 모델,Xenograft Models,0.678
P0265,technique,4,항체 개발,Antibody Engineering,0.383
P0265,technique,5,후성유전 분석,Epigenomics (ChIP/ATAC-seq),0.243
P0265,technique,6,생물정보·계산생물,Bioinformatics,0.207
P0265,technique,7,RNA 치료제·siRNA,RNA Therapeutics,0.169
P0573,keyword,1,maternal folate,maternal folate,0.346
P0573,keyword,2,maternal folate status,maternal folate status,0.288
P0573,keyword,3,human biomonitoring,human biomonitoring,0.252
P0573,keyword,4,prenatal nutrition,prenatal nutrition,0.25
P0573,keyword,5,blood and urine samples,blood and urine samples,0.217
P0573,keyword,6,allergic diseases,allergic diseases,0.208
P0573,keyword,7,Methylmercury,Methylmercury,0.203
P0573,keyword,8,respiratory diseases,respiratory diseases,0.202
P0573,keyword,9,aflatoxins,aflatoxins,0.196
P0573,keyword,10,high-risk groups,high-risk groups,0.189
P0573,keyword,11,Gross motor skill,Gross motor skill,0.183
P0573,keyword,12,phthalates,phthalates,0.18
P0573,technique,1,머신러닝·AI,Machine Learning / AI,0.003
P0622,keyword,1,news articles,news articles,5.346
P0622,keyword,2,Palliative Prognostic Index,Palliative Prognostic Index,5.223
P0622,keyword,3,North Korean defectors,North Korean defectors,4.353
P0622,keyword,4,"Hand Deformities, Congenital","Hand Deformities, Congenital",4.202
P0622,keyword,5,Micrognathism,Micrognathism,4.202
P0622,keyword,6,palliative radiotherapy,palliative radiotherapy,3.954
P0622,keyword,7,drug use,drug use,3.424
P0622,keyword,8,CYP2C9 inhibition,CYP2C9 inhibition,2.982
P0622,keyword,9,VHL mutation,VHL mutation,2.941
P0622,keyword,10,SDHB mutation,SDHB mutation,2.935
P0622,keyword,11,pediatric neuroendocrine tumors,pediatric neuroendocrine tumors,2.616
P0622,keyword,12,intellectual disability,intellectual disability,2.557
P0622,technique,1,GWAS·유전역학,GWAS / Genetic Epidemiology,0.398
P0622,technique,2,MRI·PET 영상,MRI / PET Imaging,0.388
P0622,technique,3,유전자변형 마우스,Genetically Modified Mice,0.382
P0609,keyword,1,Gallbladder cancer,Gallbladder cancer,4.2
P0609,keyword,2,pancreatic head,pancreatic head,3.689
P0609,keyword,3,General surgery,General surgery,3.324
P0609,keyword,4,radical resection,radical resection,3.32
P0609,keyword,5,IBM,IBM,3.247
P0609,keyword,6,Aged care,Aged care,2.77
P0609,keyword,7,R0 resection,R0 resection,2.755
P0609,keyword,8,CA19-9,CA19-9,2.709
P0609,keyword,9,perineural invasion,perineural invasion,2.668
P0609,keyword,10,cyanoacrylate,cyanoacrylate,2.544
P0609,keyword,11,Pressure Ulcer,Pressure Ulcer,2.362
P0609,keyword,12,Fistulectomy,Fistulectomy,2.281
P0609,technique,1,면역조직화학,Immunohistochemistry,0.305
P0447,keyword,1,high potassium diet,high potassium diet,10.111
P0447,keyword,2,collecting duct,collecting duct,7.968
P0447,keyword,3,proximal tubule,proximal tubule,7.678
P0447,keyword,4,low potassium diet,low potassium diet,7.678
P0447,keyword,5,primary cilia,primary cilia,7.512
P0447,keyword,6,potassium homeostasis,potassium homeostasis,6.909
P0447,keyword,7,Kidney Tubules,Kidney Tubules,6.468
P0447,keyword,8,intercalated cells,intercalated cells,6.329
P0447,keyword,9,potassium intake,potassium intake,6.067
P0447,keyword,10,Aquaporin 1,Aquaporin 1,5.491
P0447,keyword,11,collecting duct principal cells,collecting duct principal cells,5.161
P0447,keyword,12,type A intercalated cells,type A intercalated cells,5.032
P0447,technique,1,전자현미경,Electron Microscopy,3.294
P0447,technique,2,면역조직화학,Immunohistochemistry,2.071
P0447,technique,3,유전자변형 마우스,Genetically Modified Mice,1.034
P0447,technique,4,웨스턴블롯,Western Blot,0.951
P0447,technique,5,항체 개발,Antibody Engineering,0.007
P0471,keyword,1,adhesive peptides,adhesive peptides,11.15
P0471,keyword,2,mussel proteins,mussel proteins,10.882
P0471,keyword,3,LL-37,LL-37,8.634
P0471,keyword,4,Rosacea,Rosacea,7.646
P0471,keyword,5,TAT protein transduction domain,TAT protein transduction domain,7.138
P0471,keyword,6,"Gene Products, tat","Gene Products, tat",6.605
P0471,keyword,7,Dermal papillae,Dermal papillae,5.73
P0471,keyword,8,Matrix Metalloproteinase 3,Matrix Metalloproteinase 3,5.584
P0471,keyword,9,Calpain,Calpain,5.403
P0471,keyword,10,C-terminal arginine,C-terminal arginine,5.377
P0471,keyword,11,nuclear uptake,nuclear uptake,5.282
P0471,keyword,12,"Receptors, Corticotropin-Releasing Hormone","Receptors, Corticotropin-Releasing Hormone",5.144
P0471,technique,1,줄기세포·iPSC,Stem Cells / iPSC,0.671
P0471,technique,2,RNA 치료제·siRNA,RNA Therapeutics,0.648
P0471,technique,3,qPCR,Real-time PCR,0.476
P0471,technique,4,유세포분석,Flow Cytometry,0.471
P0471,technique,5,형광·공초점 이미징,Fluorescence / Confocal Imaging,0.443
P0471,technique,6,웨스턴블롯,Western Blot,0.348
P0471,technique,7,나노입자·약물전달,Nanoparticles / Drug Delivery,0.281
P0471,technique,8,X선 결정학·구조분석,X-ray Crystallography,0.271
P0285,keyword,1,pharmacokinetics,pharmacokinetics,24.124
P0285,keyword,2,L-pyroglutamic acid,L-pyroglutamic acid,12.238
P0285,keyword,3,Metformin,Metformin,11.801
P0285,keyword,4,Herb-Drug Interactions,Herb-Drug Interactions,10.446
P0285,keyword,5,mirabegron,mirabegron,8.912
P0285,keyword,6,Tissue Distribution,Tissue Distribution,8.664
P0285,keyword,7,solubility enhancement,solubility enhancement,8.479
P0285,keyword,8,Drug Interactions,Drug Interactions,8.148
P0285,keyword,9,BCS class II drugs,BCS class II drugs,8.046
P0285,keyword,10,"Microsomes, Liver","Microsomes, Liver",7.578
P0285,keyword,11,cocrystals,cocrystals,7.469
P0285,keyword,12,H157 cells,H157 cells,7.437
P0285,technique,1,질량분석,Mass Spectrometry,3.129
P0285,technique,2,종양 이종이식 모델,Xenograft Models,2.972
P0285,technique,3,CRISPR 유전자편집,CRISPR Gene Editing,2.579
P0285,technique,4,항체 개발,Antibody Engineering,2.391
P0285,technique,5,나노입자·약물전달,Nanoparticles / Drug Delivery,1.31
P0285,technique,6,분자도킹·시뮬레이션,Molecular Docking / Dynamics,0.901
P0285,technique,7,면역조직화학,Immunohistochemistry,0.669
P0285,technique,8,웨스턴블롯,Western Blot,0.352
P0509,keyword,1,Reg3β,Reg3β,3.624
P0509,keyword,2,Melatonin,Melatonin,3.534
P0509,keyword,3,"Colitis, Ulcerative","Colitis, Ulcerative",3.461
P0509,keyword,4,goblet cell differentiation,goblet cell differentiation,2.96
P0509,keyword,5,"Receptors, Melatonin","Receptors, Melatonin",2.774
P0509,keyword,6,melatonin receptors,melatonin receptors,2.454
P0509,keyword,7,Pancreatitis-Associated Proteins,Pancreatitis-Associated Proteins,2.39
P0509,keyword,8,Erysipelotrichaceae,Erysipelotrichaceae,2.283
P0509,keyword,9,Bacillota,Bacillota,2.129
P0509,keyword,10,sleep deprivation,sleep deprivation,2.055
P0509,keyword,11,ulcerative colitis,ulcerative colitis,2.05
P0509,keyword,12,Firmicutes/Bacteroidetes ratio,Firmicutes/Bacteroidetes ratio,1.817
P0806,keyword,1,thermochemical pretreatment,thermochemical pretreatment,5.345
P0806,keyword,2,Caproiciproducens,Caproiciproducens,5.058
P0806,keyword,3,lignin extraction,lignin extraction,4.942
P0806,keyword,4,Fermentative hydrogen production,Fermentative hydrogen production,4.782
P0806,keyword,5,bio-oil upgrading,bio-oil upgrading,4.678
P0806,keyword,6,microbial communities,microbial communities,4.42
P0806,keyword,7,catalytic cracking,catalytic cracking,4.402
P0806,keyword,8,rice husk,rice husk,4.336
P0806,keyword,9,vegetative cells,vegetative cells,4.29
P0806,keyword,10,catalyst acidity,catalyst acidity,4.134
P0806,keyword,11,anaerobic fermentation,anaerobic fermentation,3.975
P0806,keyword,12,nitrate content,nitrate content,3.973
P0806,technique,1,머신러닝·AI,Machine Learning / AI,0.272
P0080,keyword,1,ACE2 receptor binding affinity,ACE2 receptor binding affinity,1.172
P0080,keyword,2,amino acid substitutions,amino acid substitutions,0.792
P0080,keyword,3,variants of concern,variants of concern,0.787
P0080,keyword,4,web-based prediction tool,web-based prediction tool,0.692
P0080,keyword,5,Omicron variant,Omicron variant,0.572
P0080,keyword,6,viral evolution,viral evolution,0.538
P0080,keyword,7,receptor binding domain,receptor binding domain,0.507
P0080,keyword,8,spike protein,spike protein,0.462
P0080,keyword,9,SARS-CoV-2,SARS-CoV-2,0.328
P0080,keyword,10,viral entry,viral entry,0.226
P0063,keyword,1,neural probes,neural probes,16.076
P0063,keyword,2,pressure-sensitive adhesives,pressure-sensitive adhesives,14.866
P0063,keyword,3,thermal drawing,thermal drawing,13.867
P0063,keyword,4,liquid metal particles,liquid metal particles,12.285
P0063,keyword,5,neuromodulation,neuromodulation,12.281
P0063,keyword,6,Graphene,Graphene,11.403
P0063,keyword,7,neural interfaces,neural interfaces,10.919
P0063,keyword,8,Neurons,Neurons,9.758
P0063,keyword,9,Tissue Adhesives,Tissue Adhesives,9.717
P0063,keyword,10,"Nanotubes, Carbon","Nanotubes, Carbon",9.579
P0063,keyword,11,microsensors,microsensors,9.526
P0063,keyword,12,soft actuators,soft actuators,9.351
P0063,technique,1,광유전학,Optogenetics,17.185
P0063,technique,2,하이드로젤·스캐폴드,Hydrogels / Scaffolds,12.765
P0063,technique,3,전기생리,Electrophysiology,5.135
P0063,technique,4,나노입자·약물전달,Nanoparticles / Drug Delivery,4.159
P0063,technique,5,미세유체·장기칩,Microfluidics / Organ-on-a-chip,2.32
P0063,technique,6,머신러닝·AI,Machine Learning / AI,1.642
P0063,technique,7,조직공학·바이오프린팅,Tissue Engineering / Bioprinting,1.151
P0063,technique,8,줄기세포·iPSC,Stem Cells / iPSC,0.922
P0987,keyword,1,Cannabis sativa,Cannabis sativa,3.199
P0987,keyword,2,protoplast isolation,protoplast isolation,3.132
P0987,keyword,3,Benzenesulfonamides,Benzenesulfonamides,2.482
P0987,keyword,4,transient expression,transient expression,2.213
P0987,keyword,5,protoplast transformation,protoplast transformation,1.896
P0987,keyword,6,Dipeptidyl-Peptidase IV Inhibitors,Dipeptidyl-Peptidase IV Inhibitors,1.641
P0987,keyword,7,Dogs,Dogs,1.572
P0987,keyword,8,Cytochrome P-450 CYP3A,Cytochrome P-450 CYP3A,1.444
P0987,keyword,9,Piperazines,Piperazines,1.382
P0987,keyword,10,Pyrimidines,Pyrimidines,1.371
P0987,keyword,11,Sulfonamides,Sulfonamides,1.345
P0987,keyword,12,Phosphodiesterase Inhibitors,Phosphodiesterase Inhibitors,1.344
P0987,technique,1,질량분석,Mass Spectrometry,0.471
P0346,keyword,1,Bisphosphonate-Associated Osteonecrosis of the Jaw,Bisphosphonate-Associated Osteonecrosis of the Jaw,48.402
P0346,keyword,2,parathyroid hormone analog,parathyroid hormone analog,47.808
P0346,keyword,3,osseointegration,osseointegration,47.786
P0346,keyword,4,medication-related osteonecrosis of the jaw,medication-related osteonecrosis of the jaw,43.028
P0346,keyword,5,titanium implants,titanium implants,38.836
P0346,keyword,6,postmenopausal osteoporosis,postmenopausal osteoporosis,34.113
P0346,keyword,7,bone microarchitecture,bone microarchitecture,32.115
P0346,keyword,8,beagle dog model,beagle dog model,31.164
P0346,keyword,9,Bone Regeneration,Bone Regeneration,30.15
P0346,keyword,10,Osteonecrosis of the jaw,Osteonecrosis of the jaw,29.409
P0346,keyword,11,bone defects,bone defects,27.114
P0346,keyword,12,Bone Density Conservation Agents,Bone Density Conservation Agents,26.617
P0346,technique,1,머신러닝·AI,Machine Learning / AI,7.759
P0346,technique,2,엑소좀·세포외소포,Exosomes / EVs,4.632
P0346,technique,3,줄기세포·iPSC,Stem Cells / iPSC,2.356
P0346,technique,4,MRI·PET 영상,MRI / PET Imaging,2.201
P0346,technique,5,조직공학·바이오프린팅,Tissue Engineering / Bioprinting,1.421
P0346,technique,6,전자현미경,Electron Microscopy,1.374
P0346,technique,7,나노입자·약물전달,Nanoparticles / Drug Delivery,1.292
P0346,technique,8,임상시험,Clinical Trials,0.936
P1081,keyword,1,total synthesis,total synthesis,9.651
P1081,keyword,2,stereoselective synthesis,stereoselective synthesis,7.66
P1081,keyword,3,Xenium,Xenium,5.533
P1081,keyword,4,cell type mapping,cell type mapping,4.972
P1081,keyword,5,6-endo cyclization,6-endo cyclization,4.023
P1081,keyword,6,centrolobine,centrolobine,3.804
P1081,keyword,7,alkaline activator,alkaline activator,3.631
P1081,keyword,8,Silicone rubber,Silicone rubber,3.481
P1081,keyword,9,blast furnace slag cement,blast furnace slag cement,3.25
P1081,keyword,10,carbon nanotubes,carbon nanotubes,3.236
P1081,keyword,11,PD-1 pathway,PD-1 pathway,3.165
P1081,keyword,12,MERSCOPE,MERSCOPE,2.991
P1081,technique,1,머신러닝·AI,Machine Learning / AI,0.698
P1081,technique,2,X선 결정학·구조분석,X-ray Crystallography,0.658
P1081,technique,3,종양 이종이식 모델,Xenograft Models,0.549
P1081,technique,4,생물정보·계산생물,Bioinformatics,0.074
P0200,keyword,1,Bioequivalence,Bioequivalence,23.117
P0200,keyword,2,Cross-Over Studies,Cross-Over Studies,22.925
P0200,keyword,3,Healthy Volunteers,Healthy Volunteers,22.453
P0200,keyword,4,pharmacokinetics,pharmacokinetics,19.116
P0200,keyword,5,Area Under Curve,Area Under Curve,14.447
P0200,keyword,6,Therapeutic Equivalency,Therapeutic Equivalency,14.051
P0200,keyword,7,Crossover study,Crossover study,13.933
P0200,keyword,8,Cmax,Cmax,9.971
P0200,keyword,9,Hypoglycemic Agents,Hypoglycemic Agents,9.28
P0200,keyword,10,"Drugs, Chinese Herbal","Drugs, Chinese Herbal",8.171
P0200,keyword,11,Herb-Drug Interactions,Herb-Drug Interactions,8.102
P0200,keyword,12,Sulfonylurea Compounds,Sulfonylurea Compounds,7.866
P0200,technique,1,질량분석,Mass Spectrometry,8.73
P0200,technique,2,면역조직화학,Immunohistochemistry,1.378
P0200,technique,3,머신러닝·AI,Machine Learning / AI,1.249
P0200,technique,4,임상시험,Clinical Trials,1.071
P0200,technique,5,웨스턴블롯,Western Blot,0.705
P0200,technique,6,MRI·PET 영상,MRI / PET Imaging,0.504
P0200,technique,7,GWAS·유전역학,GWAS / Genetic Epidemiology,0.286
P0200,technique,8,유전자변형 마우스,Genetically Modified Mice,0.255
P0598,keyword,1,liver function test abnormalities,liver function test abnormalities,0.762
P0598,keyword,2,hepatitis B surface antibody,hepatitis B surface antibody,0.708
P0598,keyword,3,anti-HCV antibodies,anti-HCV antibodies,0.666
P0598,keyword,4,Hepatitis C Antibodies,Hepatitis C Antibodies,0.66
P0598,keyword,5,chronic hepatitis C,chronic hepatitis C,0.608
P0598,keyword,6,Hepatitis B Antibodies,Hepatitis B Antibodies,0.564
P0598,keyword,7,"Hepatitis C, Chronic","Hepatitis C, Chronic",0.526
P0598,keyword,8,chronic hepatitis B,chronic hepatitis B,0.506
P0598,keyword,9,"Hepatitis B, Chronic","Hepatitis B, Chronic",0.474
P0598,keyword,10,Hepatitis B Surface Antigens,Hepatitis B Surface Antigens,0.458
P0598,keyword,11,Seroprevalence,Seroprevalence,0.435
P0598,keyword,12,Liver Function Tests,Liver Function Tests,0.43
P0598,technique,1,유세포분석,Flow Cytometry,0.082
P0458,keyword,1,Health Personnel,Health Personnel,3.299
P0458,keyword,2,occupational radiation exposure,occupational radiation exposure,2.641
P0458,keyword,3,Occupational Exposure,Occupational Exposure,2.634
P0458,keyword,4,radiographers,radiographers,2.506
P0458,keyword,5,medical radiation workers,medical radiation workers,2.373
P0458,keyword,6,Radiation exposure,Radiation exposure,2.116
P0458,keyword,7,Organs at Risk,Organs at Risk,1.915
P0458,keyword,8,organ dose estimation,organ dose estimation,1.799
P0458,keyword,9,Thermoluminescent Dosimetry,Thermoluminescent Dosimetry,1.683
P0458,keyword,10,Radiation Dosage,Radiation Dosage,1.639
P0458,keyword,11,Occupational Injuries,Occupational Injuries,1.558
P0458,keyword,12,thyroid dose,thyroid dose,1.479
P0583,keyword,1,Niclosamide,Niclosamide,0.897
P0583,keyword,2,Porous glass,Porous glass,0.626
P0583,keyword,3,Emulsion,Emulsion,0.455
P0583,keyword,4,Dissolution,Dissolution,0.448
P0583,keyword,5,Bioavailability,Bioavailability,0.381
P0583,keyword,6,Solubility,Solubility,0.361
P0583,keyword,7,Aqueous solution,Aqueous solution,0.223
P0583,keyword,8,Membrane,Membrane,0.198
P1075,keyword,1,Polyhydroxyalkanoates,Polyhydroxyalkanoates,30.197
P1075,keyword,2,Hydroxybutyrates,Hydroxybutyrates,27.71
P1075,keyword,3,biodegradable plastics,biodegradable plastics,27.171
P1075,keyword,4,biohydrogen production,biohydrogen production,22.158
P1075,keyword,5,Polyesters,Polyesters,20.21
P1075,keyword,6,Polyhydroxybutyrates,Polyhydroxybutyrates,19.377
P1075,keyword,7,Halomonas,Halomonas,17.275
P1075,keyword,8,Solanum melongena,Solanum melongena,16.014
P1075,keyword,9,Pseudomonas resinovorans,Pseudomonas resinovorans,14.767
P1075,keyword,10,"Biodegradation, Environmental","Biodegradation, Environmental",13.876
P1075,keyword,11,polyhydroxybutyrate,polyhydroxybutyrate,13.8
P1075,keyword,12,Soil Microbiology,Soil Microbiology,12.383
P1075,technique,1,전자현미경,Electron Microscopy,0.601
P0136,keyword,1,Selfing,Selfing,9.175
P0136,keyword,2,natural genetic variation,natural genetic variation,8.54
P0136,keyword,3,Balancing selection,Balancing selection,7.168
P0136,keyword,4,ascarosides,ascarosides,7.017
P0136,keyword,5,pheromone production,pheromone production,6.673
P0136,keyword,6,Biological Evolution,Biological Evolution,5.905
P0136,keyword,7,Nematoda,Nematoda,5.893
P0136,keyword,8,Outcrossing,Outcrossing,5.868
P0136,keyword,9,perineurial glia,perineurial glia,5.161
P0136,keyword,10,Genetic Variation,Genetic Variation,4.908
P0136,keyword,11,channel width,channel width,4.635
P0136,keyword,12,wild isolate,wild isolate,4.578
P0136,technique,1,예쁜꼬마선충,C. elegans,24.561
P0136,technique,2,초파리,Drosophila,7.402
P0136,technique,3,단일세포 분석,Single-cell Analysis,3.565
P0136,technique,4,GWAS·유전역학,GWAS / Genetic Epidemiology,2.257
P0136,technique,5,RNA-seq·전사체,RNA-seq / Transcriptomics,1.52
P0136,technique,6,생물정보·계산생물,Bioinformatics,0.277
P0228,keyword,1,Regenerative medicine,Regenerative medicine,11.513
P0228,keyword,2,Pluripotent Stem Cells,Pluripotent Stem Cells,8.063
P0228,keyword,3,Spermatogonia,Spermatogonia,7.979
P0228,keyword,4,cardiotoxicity,cardiotoxicity,7.218
P0228,keyword,5,GC-1 cells,GC-1 cells,6.658
P0228,keyword,6,drug efficacy testing,drug efficacy testing,6.518
P0228,keyword,7,thymidine kinase 2,thymidine kinase 2,6.292
P0228,keyword,8,livestock,livestock,6.089
P0228,keyword,9,microgravity,microgravity,5.941
P0228,keyword,10,bioelectronic interfaces,bioelectronic interfaces,5.871
P0228,keyword,11,"Myocytes, Cardiac","Myocytes, Cardiac",5.87
P0228,keyword,12,Brugada Syndrome,Brugada Syndrome,5.87
P0228,technique,1,줄기세포·iPSC,Stem Cells / iPSC,17.026
P0228,technique,2,오가노이드,Organoids,10.03
P0228,technique,3,조직공학·바이오프린팅,Tissue Engineering / Bioprinting,7.216
P0228,technique,4,전기생리,Electrophysiology,5.485
P0228,technique,5,CRISPR 유전자편집,CRISPR Gene Editing,3.386
P0228,technique,6,미세유체·장기칩,Microfluidics / Organ-on-a-chip,3.278
P0228,technique,7,엑소좀·세포외소포,Exosomes / EVs,2.516
P0228,technique,8,머신러닝·AI,Machine Learning / AI,2.266
P0613,keyword,1,Flutter,Flutter,2.341
P0613,keyword,2,Ramsay Hunt syndrome,Ramsay Hunt syndrome,2.163
P0613,keyword,3,Mental Status and Dementia Tests,Mental Status and Dementia Tests,2.066
P0613,keyword,4,Meningoencephalitis,Meningoencephalitis,1.949
P0613,keyword,5,Nystagmus,Nystagmus,1.906
P0613,keyword,6,Vestibular system,Vestibular system,1.711
P0613,keyword,7,Retinal degeneration,Retinal degeneration,1.605
P0613,keyword,8,opsoclonus-myoclonus syndrome,opsoclonus-myoclonus syndrome,1.466
P0613,keyword,9,"Tomography, Optical Coherence","Tomography, Optical Coherence",1.454
P0613,keyword,10,Nerve fiber layer,Nerve fiber layer,1.397
P0613,keyword,11,Cranial nerves,Cranial nerves,1.236
P0613,keyword,12,Opsoclonus,Opsoclonus,1.192
P0613,technique,1,MRI·PET 영상,MRI / PET Imaging,0.321
P0040,keyword,1,SMAD4,SMAD4,45.181
P0040,keyword,2,AURKA,AURKA,30.198
P0040,keyword,3,Claudin-3,Claudin-3,19.788
P0040,keyword,4,antibody-cytokine fusion proteins,antibody-cytokine fusion proteins,18.245
P0040,keyword,5,tumor suppressor inactivation,tumor suppressor inactivation,15.319
P0040,keyword,6,colorectal cancer cells,colorectal cancer cells,12.136
P0040,keyword,7,TROP2,TROP2,11.419
P0040,keyword,8,Protein degradation,Protein degradation,10.971
P0040,keyword,9,Cancer research,Cancer research,10.048
P0040,keyword,10,non-small cell lung cancer,non-small cell lung cancer,9.91
P0040,keyword,11,Metastasis,Metastasis,9.907
P0040,keyword,12,ovarian cancer,ovarian cancer,9.565
P0040,technique,1,종양 이종이식 모델,Xenograft Models,12.556
P0040,technique,2,RNA 치료제·siRNA,RNA Therapeutics,9.137
P0040,technique,3,항체 개발,Antibody Engineering,8.588
P0040,technique,4,면역조직화학,Immunohistochemistry,3.676
P0040,technique,5,후성유전 분석,Epigenomics (ChIP/ATAC-seq),3.476
P0040,technique,6,차세대 시퀀싱(NGS),Next-generation Sequencing,2.37
P0040,technique,7,나노입자·약물전달,Nanoparticles / Drug Delivery,2.238
P0040,technique,8,RNA-seq·전사체,RNA-seq / Transcriptomics,2.099
P0543,keyword,1,Acinetobacter Infections,Acinetobacter Infections,8.047
P0543,keyword,2,Acinetobacter baumannii,Acinetobacter baumannii,7.04
P0543,keyword,3,Virulence Factors,Virulence Factors,5.433
P0543,keyword,4,surface motility,surface motility,3.968
P0543,keyword,5,Bacterial Outer Membrane Proteins,Bacterial Outer Membrane Proteins,3.949
P0543,keyword,6,antimicrobial resistance,antimicrobial resistance,3.671
P0543,keyword,7,insertion sequence transposition,insertion sequence transposition,3.645
P0543,keyword,8,OmpA,OmpA,3.499
P0543,keyword,9,Biofilms,Biofilms,3.329
P0543,keyword,10,outer membrane vesicles,outer membrane vesicles,3.264
P0543,keyword,11,Anti-Bacterial Agents,Anti-Bacterial Agents,3.219
P0543,keyword,12,"Drug Resistance, Multiple, Bacterial","Drug Resistance, Multiple, Bacterial",3.032
P0754,keyword,1,Ankylosing spondylitis,Ankylosing spondylitis,13.085
P0754,keyword,2,CFHR5,CFHR5,11.043
P0754,keyword,3,Synovial fluid,Synovial fluid,10.725
P0754,keyword,4,TurboID,TurboID,9.295
P0754,keyword,5,maternal-to-zygotic transition,maternal-to-zygotic transition,9.224
P0754,keyword,6,zygotic genome activation,zygotic genome activation,9.199
P0754,keyword,7,Proteome,Proteome,9.172
P0754,keyword,8,RNA-Binding Proteins,RNA-Binding Proteins,8.276
P0754,keyword,9,Biotinylation,Biotinylation,8.024
P0754,keyword,10,HCoV-OC43,HCoV-OC43,7.333
P0754,keyword,11,APEX2,APEX2,6.363
P0754,keyword,12,Staining and Labeling,Staining and Labeling,6.318
P0754,technique,1,단백체,Proteomics,17.162
P0754,technique,2,질량분석,Mass Spectrometry,8.784
P0754,technique,3,초파리,Drosophila,5.07
P0754,technique,4,생물정보·계산생물,Bioinformatics,2.224
P0754,technique,5,CRISPR 유전자편집,CRISPR Gene Editing,1.852
P0754,technique,6,애기장대·식물 모델,Arabidopsis,1.272
P0754,technique,7,유전자변형 마우스,Genetically Modified Mice,0.833
P0754,technique,8,X선 결정학·구조분석,X-ray Crystallography,0.815
P0060,keyword,1,Autophagy,Autophagy,36.028
P0060,keyword,2,N-degron pathway,N-degron pathway,32.518
P0060,keyword,3,p62,p62,32.513
P0060,keyword,4,N-recognin,N-recognin,30.77
P0060,keyword,5,Macroautophagy,Macroautophagy,27.257
P0060,keyword,6,Proteolysis,Proteolysis,26.976
P0060,keyword,7,Sequestosome-1 Protein,Sequestosome-1 Protein,21.858
P0060,keyword,8,lysosomal degradation,lysosomal degradation,19.261
P0060,keyword,9,autophagy-lysosome system,autophagy-lysosome system,19.201
P0060,keyword,10,Proteasome Endopeptidase Complex,Proteasome Endopeptidase Complex,18.869
P0060,keyword,11,Ubiquitin,Ubiquitin,17.313
P0060,keyword,12,Arginine,Arginine,13.807
P0060,technique,1,유전자변형 마우스,Genetically Modified Mice,4.59
P0060,technique,2,종양 이종이식 모델,Xenograft Models,3.981
P0060,technique,3,CAR-T·입양세포치료,CAR-T / Adoptive Cell Therapy,1.389
P0060,technique,4,항체 개발,Antibody Engineering,1.368
P0060,technique,5,줄기세포·iPSC,Stem Cells / iPSC,1.041
P0060,technique,6,제브라피시,Zebrafish,0.961
P0060,technique,7,형광·공초점 이미징,Fluorescence / Confocal Imaging,0.943
P0060,technique,8,생물정보·계산생물,Bioinformatics,0.797
P0425,keyword,1,Institutionalisation,Institutionalisation,0.463
P0425,keyword,2,Political science,Political science,0.053
P0425,keyword,3,Disease,Disease,0.05
P0425,keyword,4,Psychiatry,Psychiatry,0.041
P0425,keyword,5,Psychology,Psychology,0.036
P0564,keyword,1,total synthesis,total synthesis,14.448
P0564,keyword,2,MPP+ neurotoxicity,MPP+ neurotoxicity,10.668
P0564,keyword,3,1-Methyl-4-phenylpyridinium,1-Methyl-4-phenylpyridinium,8.959
P0564,keyword,4,Cycloisomerization,Cycloisomerization,8.673
P0564,keyword,5,structure confirmation,structure confirmation,8.373
P0564,keyword,6,Neuroprotective Agents,Neuroprotective Agents,7.498
P0564,keyword,7,proteasome activity,proteasome activity,7.085
P0564,keyword,8,methyl anthranilate,methyl anthranilate,6.851
P0564,keyword,9,RKIP,RKIP,6.262
P0564,keyword,10,Myxobacteria,Myxobacteria,6.133
P0564,keyword,11,Molecular Structure,Molecular Structure,5.385
P0564,keyword,12,Bassia indica,Bassia indica,5.211
P0564,technique,1,예쁜꼬마선충,C. elegans,12.999
P0564,technique,2,질량분석,Mass Spectrometry,1.204
P0564,technique,3,나노입자·약물전달,Nanoparticles / Drug Delivery,0.783
P0564,technique,4,분자도킹·시뮬레이션,Molecular Docking / Dynamics,0.759
P0564,technique,5,X선 결정학·구조분석,X-ray Crystallography,0.482
P0564,technique,6,유전자변형 마우스,Genetically Modified Mice,0.474
P0564,technique,7,종양 이종이식 모델,Xenograft Models,0.452
P0564,technique,8,생물정보·계산생물,Bioinformatics,0.188
P0016,keyword,1,"Killer Cells, Natural","Killer Cells, Natural",12.885
P0016,keyword,2,Dogs,Dogs,8.252
P0016,keyword,3,Feeder Cells,Feeder Cells,7.377
P0016,keyword,4,K562 Cells,K562 Cells,5.876
P0016,keyword,5,Interleukin-15,Interleukin-15,5.032
P0016,keyword,6,4-1BB,4-1BB,4.56
P0016,keyword,7,EphA2,EphA2,4.49
P0016,keyword,8,monobody,monobody,3.954
P0016,keyword,9,"Cytotoxicity, Immunologic","Cytotoxicity, Immunologic",3.879
P0016,keyword,10,CD28 costimulation,CD28 costimulation,3.685
P0016,keyword,11,Antibody-Dependent Cell Cytotoxicity,Antibody-Dependent Cell Cytotoxicity,3.46
P0016,keyword,12,CAR toxicity,CAR toxicity,3.418
P0016,technique,1,유세포분석,Flow Cytometry,3.936
P0016,technique,2,CAR-T·입양세포치료,CAR-T / Adoptive Cell Therapy,1.8
P0016,technique,3,종양 이종이식 모델,Xenograft Models,1.702
P0016,technique,4,항체 개발,Antibody Engineering,1.045
P0016,technique,5,ELISA,ELISA,0.93
P0016,technique,6,나노입자·약물전달,Nanoparticles / Drug Delivery,0.15
P0016,technique,7,면역조직화학,Immunohistochemistry,0.033
P0042,keyword,1,Molecular Structure,Molecular Structure,28.7
P0042,keyword,2,Erythrina,Erythrina,28.262
P0042,keyword,3,"Protein Tyrosine Phosphatase, Non-Receptor Type 1","Protein Tyrosine Phosphatase, Non-Receptor Type 1",26.289
P0042,keyword,4,Triterpenes,Triterpenes,23.014
P0042,keyword,5,Cleistocalyx operculatus,Cleistocalyx operculatus,22.027
P0042,keyword,6,natural product isolation,natural product isolation,21.418
P0042,keyword,7,Plant Extracts,Plant Extracts,21.075
P0042,keyword,8,Plant Leaves,Plant Leaves,19.402
P0042,keyword,9,PTP1B,PTP1B,17.453
P0042,keyword,10,PTP1B inhibitors,PTP1B inhibitors,17.086
P0042,keyword,11,"Influenza A Virus, H1N1 Subtype","Influenza A Virus, H1N1 Subtype",16.788
P0042,keyword,12,bioactivity-guided isolation,bioactivity-guided isolation,16.527
P0042,technique,1,분자도킹·시뮬레이션,Molecular Docking / Dynamics,13.717
P0042,technique,2,질량분석,Mass Spectrometry,11.068
P0042,technique,3,X선 결정학·구조분석,X-ray Crystallography,4.553
P0042,technique,4,대사체·지질체,Metabolomics / Lipidomics,4.432
P0042,technique,5,웨스턴블롯,Western Blot,4.394
P0042,technique,6,오가노이드,Organoids,1.671
P0042,technique,7,제브라피시,Zebrafish,0.987
P0042,technique,8,qPCR,Real-time PCR,0.844
P1016,keyword,1,autonomous mobility-on-demand,autonomous mobility-on-demand,1.797
P1016,keyword,2,spatio-temporal attention,spatio-temporal attention,1.711
P1016,keyword,3,fleet rebalancing,fleet rebalancing,1.634
P1016,keyword,4,demand-responsive transport,demand-responsive transport,1.085
P1016,keyword,5,encoder-decoder architecture,encoder-decoder architecture,0.988
P1016,keyword,6,CO2 emission reduction,CO2 emission reduction,0.912
P1016,keyword,7,traffic congestion,traffic congestion,0.883
P1016,keyword,8,urban traffic,urban traffic,0.866
P1016,keyword,9,Service quality,Service quality,0.459
P0626,keyword,1,Shift work,Shift work,6.534
P0626,keyword,2,night shift work,night shift work,6.005
P0626,keyword,3,occupational health,occupational health,5.133
P0626,keyword,4,estimated GFR,estimated GFR,3.74
P0626,keyword,5,lecture evaluation,lecture evaluation,3.6
P0626,keyword,6,"Students, Medical","Students, Medical",3.474
P0626,keyword,7,night work,night work,3.314
P0626,keyword,8,long working hours,long working hours,3.209
P0626,keyword,9,"Faculty, Medical","Faculty, Medical",3.138
P0626,keyword,10,Teaching,Teaching,3.138
P0626,keyword,11,teacher factors,teacher factors,3.116
P0626,keyword,12,textbook appropriateness,textbook appropriateness,3.067
P0626,technique,1,MRI·PET 영상,MRI / PET Imaging,0.326
P0326,keyword,1,Prostatectomy,Prostatectomy,13.315
P0326,keyword,2,thrombectomy,thrombectomy,12.494
P0326,keyword,3,mechanical thrombectomy,mechanical thrombectomy,10.806
P0326,keyword,4,acute ischemic stroke,acute ischemic stroke,10.712
P0326,keyword,5,Prostatic Neoplasms,Prostatic Neoplasms,10.679
P0326,keyword,6,Endovascular Procedures,Endovascular Procedures,9.621
P0326,keyword,7,Urinary Bladder Neoplasms,Urinary Bladder Neoplasms,8.552
P0326,keyword,8,Bladder cancer,Bladder cancer,8.479
P0326,keyword,9,Cystectomy,Cystectomy,8.267
P0326,keyword,10,symptomatic intracranial hemorrhage,symptomatic intracranial hemorrhage,7.97
P0326,keyword,11,Urinary Tract,Urinary Tract,7.54
P0326,keyword,12,Urinary Diversion,Urinary Diversion,7.406
P0326,technique,1,임상시험,Clinical Trials,0.341
P0326,technique,2,면역조직화학,Immunohistochemistry,0.341
P0326,technique,3,MRI·PET 영상,MRI / PET Imaging,0.267
P0326,technique,4,RNA-seq·전사체,RNA-seq / Transcriptomics,0.183
P0326,technique,5,나노입자·약물전달,Nanoparticles / Drug Delivery,0.173
P0326,technique,6,머신러닝·AI,Machine Learning / AI,0.107
P0326,technique,7,항체 개발,Antibody Engineering,0.099
P1002,keyword,1,autism spectrum disorder,autism spectrum disorder,73.54
P1002,keyword,2,Synapses,Synapses,48.786
P1002,keyword,3,"Receptors, N-Methyl-D-Aspartate","Receptors, N-Methyl-D-Aspartate",41.059
P1002,keyword,4,Synaptic Transmission,Synaptic Transmission,34.439
P1002,keyword,5,IRSp53,IRSp53,28.181
P1002,keyword,6,Nerve Tissue Proteins,Nerve Tissue Proteins,27.127
P1002,keyword,7,NMDA receptor,NMDA receptor,26.064
P1002,keyword,8,Excitatory postsynaptic potential,Excitatory postsynaptic potential,24.746
P1002,keyword,9,"Receptor-Like Protein Tyrosine Phosphatases, Class 2","Receptor-Like Protein Tyrosine Phosphatases, Class 2",23.846
P1002,keyword,10,postsynaptic density,postsynaptic density,22.517
P1002,keyword,11,Neuroscience,Neuroscience,21.487
P1002,keyword,12,Synapse,Synapse,21.132
P1002,technique,1,유전자변형 마우스,Genetically Modified Mice,19.822
P1002,technique,2,광유전학,Optogenetics,10.169
P1002,technique,3,RNA-seq·전사체,RNA-seq / Transcriptomics,7.9
P1002,technique,4,전기생리,Electrophysiology,4.785
P1002,technique,5,단일세포 분석,Single-cell Analysis,3.277
P1002,technique,6,단백체,Proteomics,3.179
P1002,technique,7,오가노이드,Organoids,2.918
P1002,technique,8,MRI·PET 영상,MRI / PET Imaging,2.698
P0011,keyword,1,"Killer Cells, Natural","Killer Cells, Natural",35.414
P0011,keyword,2,"Cytotoxicity, Immunologic","Cytotoxicity, Immunologic",22.774
P0011,keyword,3,natural killer cells,natural killer cells,17.672
P0011,keyword,4,NK-92 cells,NK-92 cells,17.396
P0011,keyword,5,cancer immunotherapy,cancer immunotherapy,16.283
P0011,keyword,6,NK cell cytotoxicity,NK cell cytotoxicity,13.733
P0011,keyword,7,CAR-NK cells,CAR-NK cells,12.341
P0011,keyword,8,Neoplasms,Neoplasms,11.66
P0011,keyword,9,"Receptors, Interleukin-7","Receptors, Interleukin-7",11.207
P0011,keyword,10,B7 Antigens,B7 Antigens,10.431
P0011,keyword,11,immune cell therapy,immune cell therapy,9.113
P0011,keyword,12,NK cell therapy,NK cell therapy,9.085
P0011,technique,1,CAR-T·입양세포치료,CAR-T / Adoptive Cell Therapy,28.428
P0011,technique,2,종양 이종이식 모델,Xenograft Models,8.891
P0011,technique,3,유전자변형 마우스,Genetically Modified Mice,2.038
P0011,technique,4,조직공학·바이오프린팅,Tissue Engineering / Bioprinting,1.785
P0011,technique,5,RNA-seq·전사체,RNA-seq / Transcriptomics,1.174
P0011,technique,6,하이드로젤·스캐폴드,Hydrogels / Scaffolds,1.007
P0011,technique,7,줄기세포·iPSC,Stem Cells / iPSC,0.759
P0011,technique,8,ELISA,ELISA,0.385
P1094,keyword,1,Heteroptera,Heteroptera,265.894
P1094,keyword,2,type specimens,type specimens,224.08
P1094,keyword,3,Miridae,Miridae,198.352
P1094,keyword,4,Hemiptera,Hemiptera,186.237
P1094,keyword,5,synonymy,synonymy,173.476
P1094,keyword,6,lectotype designation,lectotype designation,170.077
P1094,keyword,7,Animal Distribution,Animal Distribution,145.563
P1094,keyword,8,Holotype,Holotype,138.364
P1094,keyword,9,taxonomy,taxonomy,123.104
P1094,keyword,10,Genus,Genus,106.461
P1094,keyword,11,paralectotype,paralectotype,96.744
P1094,keyword,12,Taxonomy (biology),Taxonomy (biology),82.214
P1094,technique,1,머신러닝·AI,Machine Learning / AI,1.534
P1094,technique,2,CAR-T·입양세포치료,CAR-T / Adoptive Cell Therapy,1.466
P1094,technique,3,나노입자·약물전달,Nanoparticles / Drug Delivery,0.506
P1057,keyword,1,Oocytes,Oocytes,6.576
P1057,keyword,2,CCNB2,CCNB2,5.916
P1057,keyword,3,Cyclin B2,Cyclin B2,5.201
P1057,keyword,4,low dose rate,low dose rate,4.773
P1057,keyword,5,primary follicles,primary follicles,4.752
P1057,keyword,6,cyclins,cyclins,4.709
P1057,keyword,7,cyclin B3,cyclin B3,4.693
P1057,keyword,8,cyclin degradation,cyclin degradation,4.363
P1057,keyword,9,CDK1-cyclin B1,CDK1-cyclin B1,4.301
P1057,keyword,10,Ovarian follicle,Ovarian follicle,4.187
P1057,keyword,11,age-dependent radiosensitivity,age-dependent radiosensitivity,3.87
P1057,keyword,12,mouse oocytes,mouse oocytes,3.866
P1057,technique,1,나노입자·약물전달,Nanoparticles / Drug Delivery,0.44
P1057,technique,2,MRI·PET 영상,MRI / PET Imaging,0.266
P1056,keyword,1,Corynebacterium,Corynebacterium,1.215
P1056,keyword,2,DNA-Directed RNA Polymerases,DNA-Directed RNA Polymerases,0.819
P1056,keyword,3,Operon,Operon,0.535
P1056,keyword,4,RNA polymerase,RNA polymerase,0.422
P1056,keyword,5,tac promoter,tac promoter,0.31
P1056,keyword,6,hybrid promoter,hybrid promoter,0.3
P1056,keyword,7,Molecular Sequence Data,Molecular Sequence Data,0.292
P1056,keyword,8,Chloramphenicol acetyltransferase,Chloramphenicol acetyltransferase,0.273
P1056,keyword,9,Polymerase,Polymerase,0.258
P1056,keyword,10,Sigma Factor,Sigma Factor,0.238
P1056,keyword,11,"Cloning, Molecular","Cloning, Molecular",0.232
P1056,keyword,12,Protein subunit,Protein subunit,0.215
P1095,keyword,1,Erwinia pyrifoliae,Erwinia pyrifoliae,13.306
P1095,keyword,2,Pseudomonas chlororaphis,Pseudomonas chlororaphis,8.9
P1095,keyword,3,photosynthetic pigments,photosynthetic pigments,8.587
P1095,keyword,4,Erwinia amylovora,Erwinia amylovora,7.559
P1095,keyword,5,fire blight,fire blight,7.39
P1095,keyword,6,absolute quantification,absolute quantification,6.496
P1095,keyword,7,plant growth-promoting rhizobacteria,plant growth-promoting rhizobacteria,6.356
P1095,keyword,8,sodium hydrosulfide,sodium hydrosulfide,6.275
P1095,keyword,9,tobacco,tobacco,5.824
P1095,keyword,10,seed germination,seed germination,5.783
P1095,keyword,11,cysteine desulfhydrase,cysteine desulfhydrase,5.735
P1095,keyword,12,PEAR,PEAR,5.574
P1095,technique,1,차세대 시퀀싱(NGS),Next-generation Sequencing,1.12
P1095,technique,2,대사체·지질체,Metabolomics / Lipidomics,0.626
P1095,technique,3,유전자변형 마우스,Genetically Modified Mice,0.598
P1095,technique,4,RNA-seq·전사체,RNA-seq / Transcriptomics,0.414
P1095,technique,5,qPCR,Real-time PCR,0.256
P1095,technique,6,X선 결정학·구조분석,X-ray Crystallography,0.079
P1103,keyword,1,building energy simulation,building energy simulation,14.149
P1103,keyword,2,broiler houses,broiler houses,11.138
P1103,keyword,3,Broiler,Broiler,5.371
P1103,keyword,4,evaporative cooling pads,evaporative cooling pads,5.203
P1103,keyword,5,building orientation,building orientation,4.712
P1103,keyword,6,Cooling load,Cooling load,4.468
P1103,keyword,7,laying hen housing,laying hen housing,4.425
P1103,keyword,8,insulation thickness,insulation thickness,4.383
P1103,keyword,9,thermal stress reduction,thermal stress reduction,4.371
P1103,keyword,10,Index (typography),Index (typography),3.662
P1103,keyword,11,heating load,heating load,3.652
P1103,keyword,12,Regression,Regression,3.565
P0131,keyword,1,Dryophytes japonicus,Dryophytes japonicus,26.879
P0131,keyword,2,Aposematism,Aposematism,23.709
P0131,keyword,3,diel activity patterns,diel activity patterns,23.167
P0131,keyword,4,camouflage,camouflage,23.12
P0131,keyword,5,Predation,Predation,22.676
P0131,keyword,6,Predatory Behavior,Predatory Behavior,22.454
P0131,keyword,7,Crypsis,Crypsis,21.572
P0131,keyword,8,Plumage,Plumage,19.552
P0131,keyword,9,Coevolution,Coevolution,18.14
P0131,keyword,10,Moths,Moths,18.01
P0131,keyword,11,Ephemeral key,Ephemeral key,16.635
P0131,keyword,12,ephemeral streams,ephemeral streams,16.63
P0131,technique,1,머신러닝·AI,Machine Learning / AI,1.392
P0131,technique,2,초파리,Drosophila,1.299
P0830,keyword,1,techno-economic analysis,techno-economic analysis,71.059
P0830,keyword,2,life cycle assessment,life cycle assessment,68.813
P0830,keyword,3,global warming potential,global warming potential,60.87
P0830,keyword,4,heat integration,heat integration,56.885
P0830,keyword,5,minimum selling price,minimum selling price,47.759
P0830,keyword,6,Lignocellulosic biomass,Lignocellulosic biomass,38.539
P0830,keyword,7,adipic acid,adipic acid,36.966
P0830,keyword,8,Life-cycle assessment,Life-cycle assessment,26.906
P0830,keyword,9,biodegradable plastics,biodegradable plastics,25.944
P0830,keyword,10,"1,6-hexanediol","1,6-hexanediol",19.775
P0830,keyword,11,lignin valorization,lignin valorization,19.625
P0830,keyword,12,Pinch analysis,Pinch analysis,19.442
P0830,technique,1,하이드로젤·스캐폴드,Hydrogels / Scaffolds,3.842
P0830,technique,2,머신러닝·AI,Machine Learning / AI,0.389
P0203,keyword,1,pharmacopuncture,pharmacopuncture,6.637
P0203,keyword,2,peroneal muscles,peroneal muscles,4.894
P0203,keyword,3,post-stroke hemiplegia,post-stroke hemiplegia,4.645
P0203,keyword,4,traditional Korean medicine,traditional Korean medicine,4.252
P0203,keyword,5,Chuna manual therapy,Chuna manual therapy,4.188
P0203,keyword,6,headache impact,headache impact,3.609
P0203,keyword,7,gait performance,gait performance,3.57
P0203,keyword,8,acupuncture,acupuncture,3.403
P0203,keyword,9,tension-type headache,tension-type headache,3.288
P0203,keyword,10,cupping therapy,cupping therapy,3.267
P0203,keyword,11,functional dyspepsia,functional dyspepsia,3.139
P0203,keyword,12,lower limb function,lower limb function,3.016
P0965,keyword,1,lichen secondary metabolites,lichen secondary metabolites,8.734
P0965,keyword,2,4-Hydroxycoumarins,4-Hydroxycoumarins,5.624
P0965,keyword,3,wearable device data,wearable device data,5.176
P0965,keyword,4,KITENIN,KITENIN,4.914
P0965,keyword,5,Usnic acid,Usnic acid,4.72
P0965,keyword,6,Lichens,Lichens,4.554
P0965,keyword,7,4-hydroxycoumarin,4-hydroxycoumarin,4.525
P0965,keyword,8,long short-term memory networks,long short-term memory networks,4.507
P0965,keyword,9,Twist,Twist,4.503
P0965,keyword,10,atranorin,atranorin,4.296
P0965,keyword,11,Pima Indians diabetes dataset,Pima Indians diabetes dataset,4.021
P0965,keyword,12,class imbalance,class imbalance,3.493
P0965,technique,1,분자도킹·시뮬레이션,Molecular Docking / Dynamics,1.457
P0965,technique,2,종양 이종이식 모델,Xenograft Models,1.143
P0965,technique,3,머신러닝·AI,Machine Learning / AI,0.878
P0965,technique,4,제브라피시,Zebrafish,0.694
P0965,technique,5,줄기세포·iPSC,Stem Cells / iPSC,0.441
P0965,technique,6,RNA-seq·전사체,RNA-seq / Transcriptomics,0.424
P0965,technique,7,형광·공초점 이미징,Fluorescence / Confocal Imaging,0.294
P0965,technique,8,생물정보·계산생물,Bioinformatics,0.25
P0067,keyword,1,Macrophages,Macrophages,18.811
P0067,keyword,2,laboratory animal welfare,laboratory animal welfare,18.702
P0067,keyword,3,disaster preparedness,disaster preparedness,14.751
P0067,keyword,4,Tumor-Associated Macrophages,Tumor-Associated Macrophages,14.721
P0067,keyword,5,laboratory animal facilities,laboratory animal facilities,12.789
P0067,keyword,6,tumor microenvironment,tumor microenvironment,10.357
P0067,keyword,7,emergency planning,emergency planning,8.435
P0067,keyword,8,"Receptors, Histamine H4","Receptors, Histamine H4",7.91
P0067,keyword,9,CCR2,CCR2,7.639
P0067,keyword,10,Animal Testing Alternatives,Animal Testing Alternatives,7.553
P0067,keyword,11,mannose receptor targeting,mannose receptor targeting,7.398
P0067,keyword,12,sotagliflozin,sotagliflozin,7.367
P0067,technique,1,제브라피시,Zebrafish,12.818
P0067,technique,2,나노입자·약물전달,Nanoparticles / Drug Delivery,4.006
P0067,technique,3,유세포분석,Flow Cytometry,3.799
P0067,technique,4,MRI·PET 영상,MRI / PET Imaging,2.7
P0067,technique,5,유전자변형 마우스,Genetically Modified Mice,1.726
P0067,technique,6,단백체,Proteomics,1.602
P0067,technique,7,머신러닝·AI,Machine Learning / AI,1.57
P0067,technique,8,질량분석,Mass Spectrometry,1.172
P1068,keyword,1,Respiration Disorders,Respiration Disorders,0.455
P1068,keyword,2,Thorax,Thorax,0.385
P1068,keyword,3,Nutrition Surveys,Nutrition Surveys,0.369
P1068,keyword,4,Social Class,Social Class,0.331
P1068,keyword,5,Spirometry,Spirometry,0.313
P1068,keyword,6,"Tuberculosis, Pulmonary","Tuberculosis, Pulmonary",0.307
P1068,keyword,7,"Radiography, Thoracic","Radiography, Thoracic",0.302
P1068,keyword,8,National Health and Nutrition Examination Survey,National Health and Nutrition Examination Survey,0.198
P1068,keyword,9,Smoking,Smoking,0.181
P1068,keyword,10,Sex Factors,Sex Factors,0.165
P1068,keyword,11,medical history,medical history,0.152
P1068,keyword,12,Age Factors,Age Factors,0.143
P0365,keyword,1,"Infant, Premature","Infant, Premature",11.598
P0365,keyword,2,"Infant, Very Low Birth Weight","Infant, Very Low Birth Weight",11.132
P0365,keyword,3,Gestational Age,Gestational Age,8.533
P0365,keyword,4,Bronchopulmonary dysplasia,Bronchopulmonary dysplasia,8.011
P0365,keyword,5,Birth Weight,Birth Weight,7.086
P0365,keyword,6,Jacobsen syndrome,Jacobsen syndrome,6.523
P0365,keyword,7,craniofacial dysmorphism,craniofacial dysmorphism,6.17
P0365,keyword,8,ventricular septal defect,ventricular septal defect,5.007
P0365,keyword,9,"Infant, Premature, Diseases","Infant, Premature, Diseases",4.347
P0365,keyword,10,hematological abnormalities,hematological abnormalities,4.072
P0365,keyword,11,Late Onset Disorders,Late Onset Disorders,3.729
P0365,keyword,12,"Enterocolitis, Necrotizing","Enterocolitis, Necrotizing",3.729
P0365,technique,1,MRI·PET 영상,MRI / PET Imaging,0.495
P0365,technique,2,임상시험,Clinical Trials,0.096
P0365,technique,3,생물정보·계산생물,Bioinformatics,0.049
P0176,keyword,1,Populus,Populus,47.167
P0176,keyword,2,"Gene Expression Regulation, Plant","Gene Expression Regulation, Plant",32.222
P0176,keyword,3,Xylem,Xylem,30.919
P0176,keyword,4,wood formation,wood formation,29.289
P0176,keyword,5,Wood,Wood,24.97
P0176,keyword,6,"Plants, Genetically Modified","Plants, Genetically Modified",24.569
P0176,keyword,7,Pinus densiflora,Pinus densiflora,19.581
P0176,keyword,8,plant proteins,plant proteins,18.836
P0176,keyword,9,lignin biosynthesis,lignin biosynthesis,18.062
P0176,keyword,10,Lignin,Lignin,16.923
P0176,keyword,11,Pinus,Pinus,12.98
P0176,keyword,12,TAC1,TAC1,11.416
P0176,technique,1,애기장대·식물 모델,Arabidopsis,23.673
P0176,technique,2,CRISPR 유전자편집,CRISPR Gene Editing,5.733
P0176,technique,3,RNA-seq·전사체,RNA-seq / Transcriptomics,5.7
P0176,technique,4,차세대 시퀀싱(NGS),Next-generation Sequencing,0.345
P0176,technique,5,후성유전 분석,Epigenomics (ChIP/ATAC-seq),0.26
P0176,technique,6,생물정보·계산생물,Bioinformatics,0.253
P0176,technique,7,하이드로젤·스캐폴드,Hydrogels / Scaffolds,0.129
P0333,keyword,1,novel HLA allele,novel HLA allele,18.754
P0333,keyword,2,Histocompatibility Testing,Histocompatibility Testing,15.209
P0333,keyword,3,Alleles,Alleles,12.73
P0333,keyword,4,Exons,Exons,12.55
P0333,keyword,5,HLA-DP beta-Chains,HLA-DP beta-Chains,9.818
P0333,keyword,6,"β-1,3-glucan","β-1,3-glucan",8.618
P0333,keyword,7,Invasive Fungal Infections,Invasive Fungal Infections,8.39
P0333,keyword,8,HLA-C Antigens,HLA-C Antigens,8.116
P0333,keyword,9,HLA-DRB1 Chains,HLA-DRB1 Chains,7.146
P0333,keyword,10,Codon,Codon,7.089
P0333,keyword,11,"Codon, Nonsense","Codon, Nonsense",6.605
P0333,keyword,12,HLA allele identification,HLA allele identification,6.299
P0333,technique,1,차세대 시퀀싱(NGS),Next-generation Sequencing,8.996
P0333,technique,2,나노입자·약물전달,Nanoparticles / Drug Delivery,2.119
P0333,technique,3,qPCR,Real-time PCR,1.645
P0333,technique,4,분자도킹·시뮬레이션,Molecular Docking / Dynamics,1.131
P0333,technique,5,생물정보·계산생물,Bioinformatics,0.617
P0333,technique,6,머신러닝·AI,Machine Learning / AI,0.6
P0333,technique,7,웨스턴블롯,Western Blot,0.299
P0333,technique,8,면역조직화학,Immunohistochemistry,0.277
P0116,keyword,1,Lurasidone Hydrochloride,Lurasidone Hydrochloride,0.817
P0116,keyword,2,lurasidone,lurasidone,0.74
P0116,keyword,3,antipsychotic efficacy,antipsychotic efficacy,0.634
P0116,keyword,4,Clinical Global Impression Scale,Clinical Global Impression Scale,0.551
P0116,keyword,5,Risperidone,Risperidone,0.465
P0116,keyword,6,PANSS,PANSS,0.444
P0116,keyword,7,drug safety and tolerability,drug safety and tolerability,0.417
P0116,keyword,8,Antipsychotic Agents,Antipsychotic Agents,0.363
P0116,keyword,9,Schizophrenia,Schizophrenia,0.32
P0116,keyword,10,Double-Blind Method,Double-Blind Method,0.226
P0116,keyword,11,hospitalized patients,hospitalized patients,0.201
P0116,keyword,12,Asian populations,Asian populations,0.161
P0514,keyword,1,Gout,Gout,30.768
P0514,keyword,2,urate-lowering therapy,urate-lowering therapy,24.681
P0514,keyword,3,CFHR5,CFHR5,20.073
P0514,keyword,4,Gout Suppressants,Gout Suppressants,18.868
P0514,keyword,5,Hyperuricemia,Hyperuricemia,16.002
P0514,keyword,6,Febuxostat,Febuxostat,15.828
P0514,keyword,7,Uric Acid,Uric Acid,13.51
P0514,keyword,8,serum uric acid,serum uric acid,12.411
P0514,keyword,9,Ankylosing spondylitis,Ankylosing spondylitis,12.035
P0514,keyword,10,Rheumatoid arthritis,Rheumatoid arthritis,11.03
P0514,keyword,11,"Spondylitis, Ankylosing","Spondylitis, Ankylosing",9.552
P0514,keyword,12,collagen antibody-induced arthritis,collagen antibody-induced arthritis,8.6
P0514,technique,1,GWAS·유전역학,GWAS / Genetic Epidemiology,2.397
P0514,technique,2,제브라피시,Zebrafish,1.398
P0514,technique,3,나노입자·약물전달,Nanoparticles / Drug Delivery,0.637
P0514,technique,4,생물정보·계산생물,Bioinformatics,0.504
P0514,technique,5,단백체,Proteomics,0.437
P1036,keyword,1,"Adipocytes, Brown","Adipocytes, Brown",14.156
P1036,keyword,2,RAP80,RAP80,12.969
P1036,keyword,3,Adipogenesis,Adipogenesis,11.265
P1036,keyword,4,3T3-L1 Cells,3T3-L1 Cells,8.833
P1036,keyword,5,ubiquitin-interacting motif,ubiquitin-interacting motif,8.625
P1036,keyword,6,Adipocytes,Adipocytes,7.492
P1036,keyword,7,Thermogenesis,Thermogenesis,7.457
P1036,keyword,8,cryptotanshinone,cryptotanshinone,7.111
P1036,keyword,9,PPAR gamma,PPAR gamma,7.023
P1036,keyword,10,Bifidobacterium longum,Bifidobacterium longum,7.007
P1036,keyword,11,Phenanthrenes,Phenanthrenes,6.426
P1036,keyword,12,PRDM16,PRDM16,6.177
P1036,technique,1,줄기세포·iPSC,Stem Cells / iPSC,4.443
P1036,technique,2,하이드로젤·스캐폴드,Hydrogels / Scaffolds,0.939
P1036,technique,3,RNA-seq·전사체,RNA-seq / Transcriptomics,0.829
P1036,technique,4,웨스턴블롯,Western Blot,0.705
P1036,technique,5,유전자변형 마우스,Genetically Modified Mice,0.191
P1036,technique,6,면역조직화학,Immunohistochemistry,0.021
P0648,keyword,1,Liquid metal,Liquid metal,11.155
P0648,keyword,2,Agarose,Agarose,9.865
P0648,keyword,3,Gallium,Gallium,8.585
P0648,keyword,4,gallium-based liquid metals,gallium-based liquid metals,8.336
P0648,keyword,5,toluene detection,toluene detection,7.3
P0648,keyword,6,stretchable transparent electrodes,stretchable transparent electrodes,6.784
P0648,keyword,7,perovskite solar cells,perovskite solar cells,6.56
P0648,keyword,8,liquid gallium,liquid gallium,6.078
P0648,keyword,9,surface immobilization,surface immobilization,5.771
P0648,keyword,10,dye-sensitized solar cells,dye-sensitized solar cells,5.672
P0648,keyword,11,Imbibition,Imbibition,5.579
P0648,keyword,12,methanol treatment,methanol treatment,5.398
P0648,technique,1,나노입자·약물전달,Nanoparticles / Drug Delivery,5.825
P0648,technique,2,하이드로젤·스캐폴드,Hydrogels / Scaffolds,4.6
P0648,technique,3,미세유체·장기칩,Microfluidics / Organ-on-a-chip,4.302
P0648,technique,4,엑소좀·세포외소포,Exosomes / EVs,1.109
P0648,technique,5,형광·공초점 이미징,Fluorescence / Confocal Imaging,0.71
P0988,keyword,1,p21-Activated Kinases,p21-Activated Kinases,8.972
P0988,keyword,2,Hepatocytes,Hepatocytes,7.064
P0988,keyword,3,Iron Overload,Iron Overload,6.221
P0988,keyword,4,Ferroportin,Ferroportin,6.083
P0988,keyword,5,GPR84,GPR84,5.857
P0988,keyword,6,hepatic stellate cells,hepatic stellate cells,5.703
P0988,keyword,7,vascular homeostasis,vascular homeostasis,4.64
P0988,keyword,8,endoplasmic reticulum stress,endoplasmic reticulum stress,4.377
P0988,keyword,9,Cation Transport Proteins,Cation Transport Proteins,4.326
P0988,keyword,10,liver cirrhosis,liver cirrhosis,4.173
P0988,keyword,11,Forkhead Box Protein O1,Forkhead Box Protein O1,4.103
P0988,keyword,12,Farnesoid X receptor,Farnesoid X receptor,4.098
P0988,technique,1,유전자변형 마우스,Genetically Modified Mice,2.72
P0988,technique,2,면역조직화학,Immunohistochemistry,0.221
P0439,keyword,1,Epilepsy,Epilepsy,12.169
P0439,keyword,2,"Encephalomyelitis, Acute Disseminated","Encephalomyelitis, Acute Disseminated",7.047
P0439,keyword,3,drug-resistant epilepsy,drug-resistant epilepsy,6.763
P0439,keyword,4,Common Data Elements,Common Data Elements,6.083
P0439,keyword,5,Lennox-Gastaut syndrome,Lennox-Gastaut syndrome,5.76
P0439,keyword,6,Quality-Adjusted Life Years,Quality-Adjusted Life Years,5.727
P0439,keyword,7,Anticonvulsants,Anticonvulsants,5.645
P0439,keyword,8,Methadone,Methadone,5.637
P0439,keyword,9,Opiate Substitution Treatment,Opiate Substitution Treatment,5.637
P0439,keyword,10,Cost-Benefit Analysis,Cost-Benefit Analysis,5.545
P0439,keyword,11,Precursor B-Cell Lymphoblastic Leukemia-Lymphoma,Precursor B-Cell Lymphoblastic Leukemia-Lymphoma,5.5
P0439,keyword,12,Health Resources,Health Resources,5.388
P0439,technique,1,차세대 시퀀싱(NGS),Next-generation Sequencing,1.575
P0439,technique,2,MRI·PET 영상,MRI / PET Imaging,1.123
P0439,technique,3,머신러닝·AI,Machine Learning / AI,0.209
P0188,keyword,1,Soil Pollutants,Soil Pollutants,14.671
P0188,keyword,2,Acid mine drainage,Acid mine drainage,12.108
P0188,keyword,3,soil contamination,soil contamination,11.885
P0188,keyword,4,natural attenuation,natural attenuation,11.525
P0188,keyword,5,Groundwater,Groundwater,10.831
P0188,keyword,6,Arsenic,Arsenic,10.784
P0188,keyword,7,microalgae,microalgae,10.286
P0188,keyword,8,Soil,Soil,9.915
P0188,keyword,9,hydrogen fluoride,hydrogen fluoride,9.231
P0188,keyword,10,DREB1A,DREB1A,9.229
P0188,keyword,11,"Water Pollutants, Chemical","Water Pollutants, Chemical",9.111
P0188,keyword,12,iron oxyhydroxides,iron oxyhydroxides,8.843
P0188,technique,1,생물정보·계산생물,Bioinformatics,3.575
P0188,technique,2,RNA-seq·전사체,RNA-seq / Transcriptomics,2.906
P0188,technique,3,대사체·지질체,Metabolomics / Lipidomics,2.155
P0188,technique,4,애기장대·식물 모델,Arabidopsis,2.028
P0188,technique,5,차세대 시퀀싱(NGS),Next-generation Sequencing,1.561
P0188,technique,6,GWAS·유전역학,GWAS / Genetic Epidemiology,0.903
P0035,keyword,1,chiral phosphoric acid catalysis,chiral phosphoric acid catalysis,24.346
P0035,keyword,2,dynamic kinetic resolution,dynamic kinetic resolution,10.995
P0035,keyword,3,axially chiral biaryls,axially chiral biaryls,10.97
P0035,keyword,4,Kinetic resolution,Kinetic resolution,10.64
P0035,keyword,5,axial chirality,axial chirality,9.793
P0035,keyword,6,asymmetric allylic alkylation,asymmetric allylic alkylation,8.804
P0035,keyword,7,enantioselectivity,enantioselectivity,8.772
P0035,keyword,8,asymmetric synthesis,asymmetric synthesis,8.455
P0035,keyword,9,Photoredox catalysis,Photoredox catalysis,8.384
P0035,keyword,10,atroposelective synthesis,atroposelective synthesis,8.298
P0035,keyword,11,Enantioselective synthesis,Enantioselective synthesis,7.602
P0035,keyword,12,Phosphoric Acids,Phosphoric Acids,7.419
P0035,technique,1,X선 결정학·구조분석,X-ray Crystallography,3.636
P0596,keyword,1,Hepatocellular carcinoma,Hepatocellular carcinoma,9.092
P0596,keyword,2,"Hepatitis C, Chronic","Hepatitis C, Chronic",7.283
P0596,keyword,3,Hepatitis B virus,Hepatitis B virus,6.644
P0596,keyword,4,chronic hepatitis,chronic hepatitis,6.59
P0596,keyword,5,first-year medical students,first-year medical students,5.138
P0596,keyword,6,portal vein recanalization,portal vein recanalization,4.806
P0596,keyword,7,face-to-face teaching,face-to-face teaching,4.677
P0596,keyword,8,distance education,distance education,4.671
P0596,keyword,9,Protein S Deficiency,Protein S Deficiency,4.659
P0596,keyword,10,Hepatitis B,Hepatitis B,4.656
P0596,keyword,11,Liver Neoplasms,Liver Neoplasms,4.628
P0596,keyword,12,non-cirrhotic liver,non-cirrhotic liver,4.599
P0596,technique,1,MRI·PET 영상,MRI / PET Imaging,2.092
P0596,technique,2,임상시험,Clinical Trials,0.491
P0596,technique,3,면역조직화학,Immunohistochemistry,0.459
P0596,technique,4,유세포분석,Flow Cytometry,0.263
P0596,technique,5,GWAS·유전역학,GWAS / Genetic Epidemiology,0.249
P0717,keyword,1,Mo/ZSM-5 catalyst,Mo/ZSM-5 catalyst,22.301
P0717,keyword,2,BTX production,BTX production,21.023
P0717,keyword,3,Zeolite,Zeolite,15.431
P0717,keyword,4,tetrapropylammonium hydroxide,tetrapropylammonium hydroxide,11.105
P0717,keyword,5,dealumination,dealumination,11.067
P0717,keyword,6,ammonium hexafluorosilicate,ammonium hexafluorosilicate,10.891
P0717,keyword,7,Carbonylation,Carbonylation,10.014
P0717,keyword,8,quaternary ammonium hydroxide,quaternary ammonium hydroxide,9.471
P0717,keyword,9,ZSM-5 zeolite,ZSM-5 zeolite,9.025
P0717,keyword,10,post-synthesis treatment,post-synthesis treatment,8.897
P0717,keyword,11,shape selectivity,shape selectivity,7.809
P0717,keyword,12,catalyst deactivation,catalyst deactivation,7.716
P0717,technique,1,X선 결정학·구조분석,X-ray Crystallography,2.181
P0100,keyword,1,Glutaminolysis,Glutaminolysis,16.345
P0100,keyword,2,Glutamine,Glutamine,14.771
P0100,keyword,3,Amino Acid Transport System ASC,Amino Acid Transport System ASC,13.756
P0100,keyword,4,Leucine-tRNA Ligase,Leucine-tRNA Ligase,11.811
P0100,keyword,5,Minor Histocompatibility Antigens,Minor Histocompatibility Antigens,10.428
P0100,keyword,6,metabolic reprogramming,metabolic reprogramming,9.225
P0100,keyword,7,trained immunity,trained immunity,8.322
P0100,keyword,8,amino acid sensing,amino acid sensing,8.1
P0100,keyword,9,Neoplasms,Neoplasms,7.999
P0100,keyword,10,Mechanistic Target of Rapamycin Complex 1,Mechanistic Target of Rapamycin Complex 1,7.198
P0100,keyword,11,Signal Transduction,Signal Transduction,6.933
P0100,keyword,12,mitochondrial membrane permeabilization,mitochondrial membrane permeabilization,6.927
P0100,technique,1,종양 이종이식 모델,Xenograft Models,2.785
P0100,technique,2,대사체·지질체,Metabolomics / Lipidomics,2.754
P0100,technique,3,유전자변형 마우스,Genetically Modified Mice,0.904
P0100,technique,4,오가노이드,Organoids,0.833
P0100,technique,5,항체 개발,Antibody Engineering,0.344
P0100,technique,6,ELISA,ELISA,0.343
P0100,technique,7,면역조직화학,Immunohistochemistry,0.311
P0100,technique,8,웨스턴블롯,Western Blot,0.299
P0412,keyword,1,Tinnitus,Tinnitus,86.477
P0412,keyword,2,Tinnitus Handicap Inventory,Tinnitus Handicap Inventory,27.888
P0412,keyword,3,"Audiometry, Pure-Tone","Audiometry, Pure-Tone",22.872
P0412,keyword,4,loudness discomfort level,loudness discomfort level,20.972
P0412,keyword,5,"Hearing Loss, Sudden","Hearing Loss, Sudden",17.051
P0412,keyword,6,Hearing Aids,Hearing Aids,14.686
P0412,keyword,7,Hearing loss,Hearing loss,14.677
P0412,keyword,8,Hyperacusis,Hyperacusis,14.242
P0412,keyword,9,tinnitus loudness,tinnitus loudness,14.172
P0412,keyword,10,Transcranial Direct Current Stimulation,Transcranial Direct Current Stimulation,13.795
P0412,keyword,11,chronic tinnitus,chronic tinnitus,13.578
P0412,keyword,12,tinnitus distress,tinnitus distress,12.454
P0412,technique,1,MRI·PET 영상,MRI / PET Imaging,3.377
P0412,technique,2,머신러닝·AI,Machine Learning / AI,1.043
P0412,technique,3,임상시험,Clinical Trials,0.378
P0358,keyword,1,Free Tissue Flaps,Free Tissue Flaps,21.71
P0358,keyword,2,Plastic Surgery Procedures,Plastic Surgery Procedures,21.186
P0358,keyword,3,Perforator Flap,Perforator Flap,19.302
P0358,keyword,4,Succinylcholine,Succinylcholine,12.095
P0358,keyword,5,thoracodorsal artery perforator flap,thoracodorsal artery perforator flap,10.812
P0358,keyword,6,Deltoid Muscle,Deltoid Muscle,8.585
P0358,keyword,7,Early warning score,Early warning score,8.171
P0358,keyword,8,Soft Tissue Injuries,Soft Tissue Injuries,7.78
P0358,keyword,9,Blepharoplasty,Blepharoplasty,7.751
P0358,keyword,10,DIEP flap,DIEP flap,7.694
P0358,keyword,11,lower extremity reconstruction,lower extremity reconstruction,7.531
P0358,keyword,12,trapezius,trapezius,7.519
P0358,technique,1,조직공학·바이오프린팅,Tissue Engineering / Bioprinting,1.408
P0358,technique,2,면역조직화학,Immunohistochemistry,0.571
P0074,keyword,1,Conformable matrix,Conformable matrix,12.416
P0074,keyword,2,microneedle sensors,microneedle sensors,10.151
P0074,keyword,3,continuous glucose monitoring,continuous glucose monitoring,6.174
P0074,keyword,4,Extracellular Fluid,Extracellular Fluid,6.142
P0074,keyword,5,skin adhesion,skin adhesion,5.684
P0074,keyword,6,Wearable Electronic Devices,Wearable Electronic Devices,5.099
P0074,keyword,7,skin adhesives,skin adhesives,4.99
P0074,keyword,8,electrochemical sensing,electrochemical sensing,4.849
P0074,keyword,9,early disease detection,early disease detection,4.834
P0074,keyword,10,minimally invasive sensing,minimally invasive sensing,4.769
P0074,keyword,11,regulatory readiness,regulatory readiness,4.661
P0074,keyword,12,epidermal sensors,epidermal sensors,4.595
P0074,technique,1,광유전학,Optogenetics,2.551
P0074,technique,2,전기생리,Electrophysiology,2.108
P0074,technique,3,나노입자·약물전달,Nanoparticles / Drug Delivery,0.372
P0477,keyword,1,Foot Injuries,Foot Injuries,9.374
P0477,keyword,2,GRIN3A,GRIN3A,8.226
P0477,keyword,3,"Ligaments, Articular","Ligaments, Articular",7.788
P0477,keyword,4,reference architecture,reference architecture,6.594
P0477,keyword,5,hydroxyapatite mineralization,hydroxyapatite mineralization,6.559
P0477,keyword,6,"Fracture Fixation, Internal","Fracture Fixation, Internal",6.39
P0477,keyword,7,conversational AI agents,conversational AI agents,6.361
P0477,keyword,8,Acrylic Resins,Acrylic Resins,5.882
P0477,keyword,9,Gyrification,Gyrification,5.811
P0477,keyword,10,Criminal investigation,Criminal investigation,5.807
P0477,keyword,11,dendritic spines,dendritic spines,5.772
P0477,keyword,12,RNAi Therapeutics,RNAi Therapeutics,5.735
P0477,technique,1,조직공학·바이오프린팅,Tissue Engineering / Bioprinting,3.78
P0477,technique,2,하이드로젤·스캐폴드,Hydrogels / Scaffolds,3.743
P0477,technique,3,오가노이드,Organoids,3.36
P0477,technique,4,줄기세포·iPSC,Stem Cells / iPSC,3.255
P0477,technique,5,나노입자·약물전달,Nanoparticles / Drug Delivery,2.483
P0477,technique,6,RNA 치료제·siRNA,RNA Therapeutics,2.082
P0477,technique,7,유전자변형 마우스,Genetically Modified Mice,1.885
P0477,technique,8,RNA-seq·전사체,RNA-seq / Transcriptomics,1.087
P0429,keyword,1,colistin resistance,colistin resistance,9.019
P0429,keyword,2,VITEK 2,VITEK 2,7.889
P0429,keyword,3,Acinetobacter baumannii,Acinetobacter baumannii,7.837
P0429,keyword,4,Clinical microbiology,Clinical microbiology,7.788
P0429,keyword,5,bloodstream infection,bloodstream infection,7.499
P0429,keyword,6,Microbial Sensitivity Tests,Microbial Sensitivity Tests,7.481
P0429,keyword,7,laboratory diagnosis,laboratory diagnosis,7.409
P0429,keyword,8,clinical isolates,clinical isolates,7.361
P0429,keyword,9,Clostridium Infections,Clostridium Infections,7.217
P0429,keyword,10,Anti-Bacterial Agents,Anti-Bacterial Agents,6.638
P0429,keyword,11,nosocomial infections,nosocomial infections,6.592
P0429,keyword,12,"Drug Resistance, Multiple, Bacterial","Drug Resistance, Multiple, Bacterial",6.57
P0429,technique,1,차세대 시퀀싱(NGS),Next-generation Sequencing,5.549
P0429,technique,2,qPCR,Real-time PCR,3.321
P0429,technique,3,머신러닝·AI,Machine Learning / AI,0.792
P0429,technique,4,질량분석,Mass Spectrometry,0.576
P0429,technique,5,생물정보·계산생물,Bioinformatics,0.346
P0429,technique,6,RNA-seq·전사체,RNA-seq / Transcriptomics,0.345
P0504,keyword,1,Cadaver,Cadaver,12.414
P0504,keyword,2,Plastination,Plastination,6.563
P0504,keyword,3,HoloLens 2,HoloLens 2,6.464
P0504,keyword,4,Ophthalmic artery,Ophthalmic artery,5.345
P0504,keyword,5,"Surgery, Oral","Surgery, Oral",4.983
P0504,keyword,6,anatomy education,anatomy education,4.961
P0504,keyword,7,Dermal Fillers,Dermal Fillers,4.851
P0504,keyword,8,corpses,corpses,4.712
P0504,keyword,9,3D scanning,3D scanning,4.497
P0504,keyword,10,Anatomy,Anatomy,4.256
P0504,keyword,11,Orbit,Orbit,4.068
P0504,keyword,12,Nose,Nose,3.863
P0504,technique,1,줄기세포·iPSC,Stem Cells / iPSC,0.166
P1039,keyword,1,ADAMTS1,ADAMTS1,33.294
P1039,keyword,2,metalloproteinase activation,metalloproteinase activation,22.541
P1039,keyword,3,thrombospondin-1,thrombospondin-1,22.259
P1039,keyword,4,Curcumin,Curcumin,15.667
P1039,keyword,5,liver metastasis,liver metastasis,15.257
P1039,keyword,6,lung metastasis,lung metastasis,14.738
P1039,keyword,7,Prostatic Neoplasms,Prostatic Neoplasms,12.673
P1039,keyword,8,apoptosis,apoptosis,12.56
P1039,keyword,9,VEGFR1,VEGFR1,11.951
P1039,keyword,10,Necroptosis,Necroptosis,11.296
P1039,keyword,11,Melanoma,Melanoma,11.168
P1039,keyword,12,Electric Stimulation Therapy,Electric Stimulation Therapy,9.995
P1039,technique,1,엑소좀·세포외소포,Exosomes / EVs,5.505
P1039,technique,2,RNA 치료제·siRNA,RNA Therapeutics,1.21
P1039,technique,3,면역조직화학,Immunohistochemistry,1.163
P1039,technique,4,대사체·지질체,Metabolomics / Lipidomics,0.99
P1039,technique,5,웨스턴블롯,Western Blot,0.705
P0233,keyword,1,Hedgehog signaling,Hedgehog signaling,37.306
P0233,keyword,2,Gli1,Gli1,25.241
P0233,keyword,3,GANT61,GANT61,24.375
P0233,keyword,4,Garcinia mangostana,Garcinia mangostana,13.139
P0233,keyword,5,Cyclin D1,Cyclin D1,12.325
P0233,keyword,6,solasodine,solasodine,12.242
P0233,keyword,7,SMO,SMO,11.864
P0233,keyword,8,Zinc Finger Protein GLI1,Zinc Finger Protein GLI1,10.405
P0233,keyword,9,Vismodegib,Vismodegib,10.144
P0233,keyword,10,curcumol,curcumol,9.888
P0233,keyword,11,Xanthones,Xanthones,8.754
P0233,keyword,12,Boraginaceae,Boraginaceae,7.414
P0233,technique,1,종양 이종이식 모델,Xenograft Models,2.223
P0233,technique,2,분자도킹·시뮬레이션,Molecular Docking / Dynamics,1.568
P0233,technique,3,오가노이드,Organoids,1.426
P0233,technique,4,대사체·지질체,Metabolomics / Lipidomics,0.732
P0233,technique,5,질량분석,Mass Spectrometry,0.658
P0233,technique,6,웨스턴블롯,Western Blot,0.25
P0233,technique,7,X선 결정학·구조분석,X-ray Crystallography,0.144
P0233,technique,8,면역조직화학,Immunohistochemistry,0.118
P0905,keyword,1,Cilia,Cilia,16.686
P0905,keyword,2,Hedgehog Proteins,Hedgehog Proteins,15.426
P0905,keyword,3,Hedgehog signaling,Hedgehog signaling,13.469
P0905,keyword,4,primary cilia,primary cilia,10.727
P0905,keyword,5,Ciliogenesis,Ciliogenesis,10.481
P0905,keyword,6,Rab23,Rab23,6.999
P0905,keyword,7,basal bodies,basal bodies,6.933
P0905,keyword,8,Smoothened Receptor,Smoothened Receptor,6.817
P0905,keyword,9,Carpenter syndrome,Carpenter syndrome,6.786
P0905,keyword,10,lysosomal degradation,lysosomal degradation,6.534
P0905,keyword,11,Cilium,Cilium,6.395
P0905,keyword,12,BMPR1A,BMPR1A,6.185
P0905,technique,1,유전자변형 마우스,Genetically Modified Mice,3.051
P0905,technique,2,종양 이종이식 모델,Xenograft Models,1.716
P0905,technique,3,초파리,Drosophila,1.576
P0905,technique,4,형광·공초점 이미징,Fluorescence / Confocal Imaging,1.494
P0905,technique,5,나노입자·약물전달,Nanoparticles / Drug Delivery,0.782
P0905,technique,6,웨스턴블롯,Western Blot,0.681
P0905,technique,7,제브라피시,Zebrafish,0.641
P0905,technique,8,전자현미경,Electron Microscopy,0.527
P0707,keyword,1,TM4SF5,TM4SF5,76.026
P0707,keyword,2,Membrane Proteins,Membrane Proteins,28.919
P0707,keyword,3,Tetraspanins,Tetraspanins,21.652
P0707,keyword,4,Hepatocytes,Hepatocytes,16.005
P0707,keyword,5,"Carcinoma, Hepatocellular","Carcinoma, Hepatocellular",15.751
P0707,keyword,6,Liver Neoplasms,Liver Neoplasms,13.78
P0707,keyword,7,SLAMF7,SLAMF7,13.395
P0707,keyword,8,Non-alcoholic Fatty Liver Disease,Non-alcoholic Fatty Liver Disease,12.412
P0707,keyword,9,Nephrectomy,Nephrectomy,10.944
P0707,keyword,10,Cell Movement,Cell Movement,10.913
P0707,keyword,11,Hepatocellular carcinoma,Hepatocellular carcinoma,10.118
P0707,keyword,12,liver fibrosis,liver fibrosis,9.949
P0707,technique,1,유전자변형 마우스,Genetically Modified Mice,7.796
P0707,technique,2,웨스턴블롯,Western Blot,3.038
P0707,technique,3,차세대 시퀀싱(NGS),Next-generation Sequencing,2.675
P0707,technique,4,엑소좀·세포외소포,Exosomes / EVs,2.442
P0707,technique,5,RNA 치료제·siRNA,RNA Therapeutics,2.414
P0707,technique,6,종양 이종이식 모델,Xenograft Models,2.344
P0707,technique,7,제브라피시,Zebrafish,1.756
P0707,technique,8,CRISPR 유전자편집,CRISPR Gene Editing,1.536
P0351,keyword,1,Robotic Surgical Procedures,Robotic Surgical Procedures,22.634
P0351,keyword,2,Colectomy,Colectomy,18.672
P0351,keyword,3,Operative Time,Operative Time,14.075
P0351,keyword,4,Colonic Neoplasms,Colonic Neoplasms,13.83
P0351,keyword,5,minimally invasive colorectal surgery,minimally invasive colorectal surgery,13.323
P0351,keyword,6,Laparoscopy,Laparoscopy,12.435
P0351,keyword,7,complete mesorectal excision,complete mesorectal excision,10.44
P0351,keyword,8,Mesocolon,Mesocolon,9.731
P0351,keyword,9,Robotic surgery,Robotic surgery,9.417
P0351,keyword,10,early postoperative outcomes,early postoperative outcomes,8.545
P0351,keyword,11,colon cancer,colon cancer,8.377
P0351,keyword,12,opioid requirement,opioid requirement,7.723
P0351,technique,1,엑소좀·세포외소포,Exosomes / EVs,5.154
P0351,technique,2,RNA-seq·전사체,RNA-seq / Transcriptomics,0.601
P0585,keyword,1,Peritoneal Neoplasms,Peritoneal Neoplasms,5.87
P0585,keyword,2,primary colorectal cancer,primary colorectal cancer,4.308
P0585,keyword,3,peritoneal carcinomatosis,peritoneal carcinomatosis,4.227
P0585,keyword,4,Rectal Neoplasms,Rectal Neoplasms,3.535
P0585,keyword,5,PIK3CA mutation,PIK3CA mutation,3.166
P0585,keyword,6,APC mutation,APC mutation,3.113
P0585,keyword,7,cytoreductive surgery,cytoreductive surgery,3.009
P0585,keyword,8,colorectal cancer,colorectal cancer,2.966
P0585,keyword,9,Hyperthermic Intraperitoneal Chemotherapy,Hyperthermic Intraperitoneal Chemotherapy,2.659
P0585,keyword,10,Colorectal Neoplasms,Colorectal Neoplasms,2.575
P0585,keyword,11,completeness of cytoreduction,completeness of cytoreduction,2.425
P0585,keyword,12,KRAS mutation,KRAS mutation,2.348
P0585,technique,1,MRI·PET 영상,MRI / PET Imaging,0.616
P0585,technique,2,면역조직화학,Immunohistochemistry,0.291
P0585,technique,3,임상시험,Clinical Trials,0.077
P0179,keyword,1,thermomorphogenesis,thermomorphogenesis,9.718
P0179,keyword,2,Hypocotyl,Hypocotyl,9.601
P0179,keyword,3,"Gene Expression Regulation, Plant","Gene Expression Regulation, Plant",9.113
P0179,keyword,4,phytochrome,phytochrome,8.62
P0179,keyword,5,Circadian Clocks,Circadian Clocks,8.498
P0179,keyword,6,Photoperiod,Photoperiod,8.205
P0179,keyword,7,karrikin signaling,karrikin signaling,7.971
P0179,keyword,8,Gigantea,Gigantea,7.418
P0179,keyword,9,PIF4,PIF4,6.708
P0179,keyword,10,Indoleacetic Acids,Indoleacetic Acids,6.282
P0179,keyword,11,Seedlings,Seedlings,6.024
P0179,keyword,12,Basic Helix-Loop-Helix Proteins,Basic Helix-Loop-Helix Proteins,5.511
P0179,technique,1,애기장대·식물 모델,Arabidopsis,16.659
P0179,technique,2,나노입자·약물전달,Nanoparticles / Drug Delivery,0.486
P0179,technique,3,생물정보·계산생물,Bioinformatics,0.14
P0796,keyword,1,Viola,Viola,19.134
P0796,keyword,2,explosive seed dispersal,explosive seed dispersal,11.98
P0796,keyword,3,Cyclotides,Cyclotides,11.594
P0796,keyword,4,Seed Dispersal,Seed Dispersal,10.976
P0796,keyword,5,Flowers,Flowers,6.902
P0796,keyword,6,flowering plants,flowering plants,6.672
P0796,keyword,7,volatile terpenes,volatile terpenes,5.851
P0796,keyword,8,soft robotics,soft robotics,5.805
P0796,keyword,9,"Gene Expression Regulation, Plant","Gene Expression Regulation, Plant",5.47
P0796,keyword,10,Alkyl and Aryl Transferases,Alkyl and Aryl Transferases,5.243
P0796,keyword,11,Arabis,Arabis,5.065
P0796,keyword,12,Vernalization,Vernalization,4.788
P0796,technique,1,애기장대·식물 모델,Arabidopsis,15.143
P0796,technique,2,CRISPR 유전자편집,CRISPR Gene Editing,3.034
P0796,technique,3,생물정보·계산생물,Bioinformatics,0.12
P0531,keyword,1,single-port laparoscopy,single-port laparoscopy,9.727
P0531,keyword,2,Friends,Friends,9.397
P0531,keyword,3,Uterine Myomectomy,Uterine Myomectomy,8.813
P0531,keyword,4,continuous wound infiltration,continuous wound infiltration,8.484
P0531,keyword,5,adnexal pathology,adnexal pathology,7.231
P0531,keyword,6,patient-controlled intravenous analgesia,patient-controlled intravenous analgesia,7.01
P0531,keyword,7,postoperative pain management,postoperative pain management,6.929
P0531,keyword,8,Uterine artery,Uterine artery,6.215
P0531,keyword,9,Underage Drinking,Underage Drinking,6.176
P0531,keyword,10,public transport accessibility,public transport accessibility,5.797
P0531,keyword,11,fentanyl consumption,fentanyl consumption,5.666
P0531,keyword,12,Laparoscopy,Laparoscopy,5.617
P0531,technique,1,머신러닝·AI,Machine Learning / AI,0.647
P0507,keyword,1,pressure injury staging,pressure injury staging,1.548
P0507,keyword,2,nursing satisfaction,nursing satisfaction,0.938
P0507,keyword,3,mobile application,mobile application,0.918
P0507,keyword,4,interobserver variability,interobserver variability,0.762
P0507,keyword,5,clinical applicability,clinical applicability,0.736
P0507,keyword,6,image classification,image classification,0.703
P0507,keyword,7,clinical decision support,clinical decision support,0.702
P0507,keyword,8,Cohen's kappa,Cohen's kappa,0.546
P0214,keyword,1,Pulsed Radiofrequency Treatment,Pulsed Radiofrequency Treatment,14.127
P0214,keyword,2,lymphedema,lymphedema,13.14
P0214,keyword,3,Pulsed radiofrequency,Pulsed radiofrequency,13.132
P0214,keyword,4,radicular pain,radicular pain,9.351
P0214,keyword,5,transforaminal epidural steroid injection,transforaminal epidural steroid injection,8.259
P0214,keyword,6,multifidus,multifidus,7.782
P0214,keyword,7,Spinal cord injury,Spinal cord injury,7.192
P0214,keyword,8,cross-sectional area,cross-sectional area,7.166
P0214,keyword,9,intrathecal chemotherapy,intrathecal chemotherapy,6.269
P0214,keyword,10,Lumbar spine,Lumbar spine,6.217
P0214,keyword,11,axillary lymph node dissection,axillary lymph node dissection,6.152
P0214,keyword,12,"Injections, Epidural","Injections, Epidural",6.141
P0214,technique,1,MRI·PET 영상,MRI / PET Imaging,4.446
P0214,technique,2,머신러닝·AI,Machine Learning / AI,0.997
P0214,technique,3,임상시험,Clinical Trials,0.39
P0214,technique,4,면역조직화학,Immunohistochemistry,0.363
P0214,technique,5,생물정보·계산생물,Bioinformatics,0.235
P0669,keyword,1,THP-1 cells,THP-1 cells,23.279
P0669,keyword,2,"RNA, Long Noncoding","RNA, Long Noncoding",23.241
P0669,keyword,3,Long non-coding RNA,Long non-coding RNA,19.114
P0669,keyword,4,microRNA sponge,microRNA sponge,18.749
P0669,keyword,5,miR-30b-5p,miR-30b-5p,15.334
P0669,keyword,6,long intergenic non-coding RNA,long intergenic non-coding RNA,13.238
P0669,keyword,7,Lipopolysaccharides,Lipopolysaccharides,12.483
P0669,keyword,8,NF-kappa B,NF-kappa B,11.78
P0669,keyword,9,inflammation,inflammation,11.426
P0669,keyword,10,miR-326,miR-326,11.18
P0669,keyword,11,Interleukin-8,Interleukin-8,11.094
P0669,keyword,12,JAK2/STAT3 signaling,JAK2/STAT3 signaling,10.932
P0669,technique,1,항체 개발,Antibody Engineering,3.329
P0669,technique,2,유세포분석,Flow Cytometry,2.033
P0669,technique,3,ELISA,ELISA,1.59
P0669,technique,4,RNA 치료제·siRNA,RNA Therapeutics,1.585
P0669,technique,5,웨스턴블롯,Western Blot,1.482
P0669,technique,6,단백체,Proteomics,1.449
P0669,technique,7,유전자변형 마우스,Genetically Modified Mice,1.089
P0669,technique,8,면역조직화학,Immunohistochemistry,0.687
P0453,keyword,1,"Diabetes Mellitus, Type 2","Diabetes Mellitus, Type 2",7.147
P0453,keyword,2,Metabolic Syndrome,Metabolic Syndrome,5.301
P0453,keyword,3,Polycystic Ovary Syndrome,Polycystic Ovary Syndrome,5.158
P0453,keyword,4,Cardiovascular Diseases,Cardiovascular Diseases,4.73
P0453,keyword,5,Polycystic ovary,Polycystic ovary,4.483
P0453,keyword,6,Hyperandrogenism,Hyperandrogenism,4.092
P0453,keyword,7,Body Mass Index,Body Mass Index,4.062
P0453,keyword,8,Insulin Resistance,Insulin Resistance,3.869
P0453,keyword,9,gamma-glutamyl transferase,gamma-glutamyl transferase,3.629
P0453,keyword,10,Obesity,Obesity,3.479
P0453,keyword,11,tRNA Methyltransferases,tRNA Methyltransferases,3.398
P0453,keyword,12,diabetes risk prediction,diabetes risk prediction,3.328
P0453,technique,1,생물정보·계산생물,Bioinformatics,0.331
P0453,technique,2,임상시험,Clinical Trials,0.276
P0453,technique,3,MRI·PET 영상,MRI / PET Imaging,0.142
P0465,keyword,1,phenolic lipids,phenolic lipids,7.864
P0465,keyword,2,association colloids,association colloids,7.015
P0465,keyword,3,oxygen solubility,oxygen solubility,6.046
P0465,keyword,4,Esterification,Esterification,5.346
P0465,keyword,5,amphiphilic molecules,amphiphilic molecules,5.146
P0465,keyword,6,Esters,Esters,4.548
P0465,keyword,7,p-anisidine value,p-anisidine value,4.532
P0465,keyword,8,lipid oxidation,lipid oxidation,4.453
P0465,keyword,9,headspace oxygen,headspace oxygen,4.383
P0465,keyword,10,oxidative stability,oxidative stability,4.328
P0465,keyword,11,fat-soluble vitamins,fat-soluble vitamins,4.242
P0465,keyword,12,free radical chain reaction,free radical chain reaction,4.121
P0465,technique,1,질량분석,Mass Spectrometry,1.739
P0399,keyword,1,Firefighters,Firefighters,20.096
P0399,keyword,2,"Stress Disorders, Post-Traumatic","Stress Disorders, Post-Traumatic",17.707
P0399,keyword,3,Brain,Brain,14.303
P0399,keyword,4,Cognition,Cognition,12.529
P0399,keyword,5,Neural Pathways,Neural Pathways,12.113
P0399,keyword,6,Prefrontal Cortex,Prefrontal Cortex,11.114
P0399,keyword,7,default mode network,default mode network,10.9
P0399,keyword,8,processing speed,processing speed,10.809
P0399,keyword,9,functional connectivity,functional connectivity,9.781
P0399,keyword,10,Precuneus,Precuneus,9.493
P0399,keyword,11,Brain Mapping,Brain Mapping,8.555
P0399,keyword,12,Sensorimotor Cortex,Sensorimotor Cortex,8.261
P0399,technique,1,MRI·PET 영상,MRI / PET Imaging,20.44
P0399,technique,2,머신러닝·AI,Machine Learning / AI,2.715
P0399,technique,3,임상시험,Clinical Trials,0.954
P0399,technique,4,유전자변형 마우스,Genetically Modified Mice,0.302
P0666,keyword,1,Root Canal Preparation,Root Canal Preparation,36.289
P0666,keyword,2,"Torsion, Mechanical","Torsion, Mechanical",25.029
P0666,keyword,3,Nickel titanium,Nickel titanium,22.178
P0666,keyword,4,Dental Instruments,Dental Instruments,21.414
P0666,keyword,5,Dental Alloys,Dental Alloys,20.604
P0666,keyword,6,Titanium,Titanium,16.701
P0666,keyword,7,root canal instrumentation,root canal instrumentation,15.398
P0666,keyword,8,Nickel,Nickel,15.027
P0666,keyword,9,cyclic fatigue resistance,cyclic fatigue resistance,12.174
P0666,keyword,10,Equipment Failure,Equipment Failure,11.282
P0666,keyword,11,Materials Testing,Materials Testing,10.214
P0666,keyword,12,"Stress, Mechanical","Stress, Mechanical",9.621
P0666,technique,1,전자현미경,Electron Microscopy,3.921
P0666,technique,2,나노입자·약물전달,Nanoparticles / Drug Delivery,0.223
P0666,technique,3,머신러닝·AI,Machine Learning / AI,0.079
P0303,keyword,1,fluorescence lifetime imaging,fluorescence lifetime imaging,7.819
P0303,keyword,2,label-free imaging,label-free imaging,5.901
P0303,keyword,3,tissue regeneration,tissue regeneration,4.264
P0303,keyword,4,Cellular Microenvironment,Cellular Microenvironment,4.127
P0303,keyword,5,non-invasive diagnosis,non-invasive diagnosis,4.09
P0303,keyword,6,hyperphosphorylated tau,hyperphosphorylated tau,4.051
P0303,keyword,7,label-free biomarkers,label-free biomarkers,3.534
P0303,keyword,8,familial Alzheimer's disease,familial Alzheimer's disease,3.473
P0303,keyword,9,Regenerative medicine,Regenerative medicine,3.428
P0303,keyword,10,neural induction,neural induction,3.379
P0303,keyword,11,multispectral imaging,multispectral imaging,3.26
P0303,keyword,12,immune microenvironment,immune microenvironment,3.253
P0303,technique,1,줄기세포·iPSC,Stem Cells / iPSC,4.776
P0303,technique,2,나노입자·약물전달,Nanoparticles / Drug Delivery,4.389
P0303,technique,3,오가노이드,Organoids,3.951
P0303,technique,4,CRISPR 유전자편집,CRISPR Gene Editing,1.48
P0303,technique,5,CAR-T·입양세포치료,CAR-T / Adoptive Cell Therapy,1.261
P0303,technique,6,조직공학·바이오프린팅,Tissue Engineering / Bioprinting,1.222
P0303,technique,7,형광·공초점 이미징,Fluorescence / Confocal Imaging,0.159
P0703,keyword,1,G0/G1 cell cycle arrest,G0/G1 cell cycle arrest,23.625
P0703,keyword,2,Antineoplastic Agents,Antineoplastic Agents,22.151
P0703,keyword,3,gemcitabine resistance,gemcitabine resistance,21.658
P0703,keyword,4,apoptosis,apoptosis,21.374
P0703,keyword,5,antiproliferative activity,antiproliferative activity,18.667
P0703,keyword,6,Cell Proliferation,Cell Proliferation,17.251
P0703,keyword,7,Streptomyces,Streptomyces,16.326
P0703,keyword,8,Gefitinib,Gefitinib,15.783
P0703,keyword,9,Molecular Structure,Molecular Structure,14.343
P0703,keyword,10,Signal Transduction,Signal Transduction,13.567
P0703,keyword,11,triple-negative breast cancer,triple-negative breast cancer,13.384
P0703,keyword,12,Epithelial-Mesenchymal Transition,Epithelial-Mesenchymal Transition,12.797
P0703,technique,1,종양 이종이식 모델,Xenograft Models,21.309
P0703,technique,2,RNA 치료제·siRNA,RNA Therapeutics,2.66
P0703,technique,3,웨스턴블롯,Western Blot,2.303
P0703,technique,4,줄기세포·iPSC,Stem Cells / iPSC,2.283
P0703,technique,5,X선 결정학·구조분석,X-ray Crystallography,2.278
P0703,technique,6,오가노이드,Organoids,2.129
P0703,technique,7,CRISPR 유전자편집,CRISPR Gene Editing,1.587
P0703,technique,8,분자도킹·시뮬레이션,Molecular Docking / Dynamics,1.185
P0511,keyword,1,type 2 diabetes,type 2 diabetes,15.846
P0511,keyword,2,"Diabetes Mellitus, Type 2","Diabetes Mellitus, Type 2",10.68
P0511,keyword,3,Glycated Hemoglobin,Glycated Hemoglobin,10.49
P0511,keyword,4,Hypoglycemic Agents,Hypoglycemic Agents,8.307
P0511,keyword,5,Metformin,Metformin,8.008
P0511,keyword,6,Double-Blind Method,Double-Blind Method,6.923
P0511,keyword,7,SGLT2 inhibitors,SGLT2 inhibitors,6.856
P0511,keyword,8,HbA1c,HbA1c,6.773
P0511,keyword,9,glycemic control,glycemic control,6.135
P0511,keyword,10,"Drug Therapy, Combination","Drug Therapy, Combination",5.835
P0511,keyword,11,inadequate glycemic control,inadequate glycemic control,5.286
P0511,keyword,12,Blood Glucose,Blood Glucose,5.284
P0511,technique,1,임상시험,Clinical Trials,1.778
P0390,keyword,1,Amino Acid Oxidoreductases,Amino Acid Oxidoreductases,7.892
P0390,keyword,2,Chitinase-3-Like Protein 1,Chitinase-3-Like Protein 1,7.058
P0390,keyword,3,Intracranial Aneurysm,Intracranial Aneurysm,6.905
P0390,keyword,4,"Tuberculosis, Multidrug-Resistant","Tuberculosis, Multidrug-Resistant",6.323
P0390,keyword,5,Acute pancreatitis,Acute pancreatitis,6.3
P0390,keyword,6,Pancreatitis,Pancreatitis,6.259
P0390,keyword,7,Diabetic Cardiomyopathies,Diabetic Cardiomyopathies,5.637
P0390,keyword,8,Hypertriglyceridemia,Hypertriglyceridemia,5.517
P0390,keyword,9,"Tuberculosis, Pulmonary","Tuberculosis, Pulmonary",5.213
P0390,keyword,10,untreated aneurysm,untreated aneurysm,4.996
P0390,keyword,11,Deep brain stimulation,Deep brain stimulation,4.981
P0390,keyword,12,intrathecal baclofen pump,intrathecal baclofen pump,4.902
P0390,technique,1,GWAS·유전역학,GWAS / Genetic Epidemiology,2.291
P0390,technique,2,유전자변형 마우스,Genetically Modified Mice,1.23
P0390,technique,3,MRI·PET 영상,MRI / PET Imaging,0.587
P0390,technique,4,머신러닝·AI,Machine Learning / AI,0.418
P0390,technique,5,임상시험,Clinical Trials,0.214
P1101,keyword,1,Listeria monocytogenes,Listeria monocytogenes,21.12
P1101,keyword,2,Food Microbiology,Food Microbiology,11.257
P1101,keyword,3,retail food products,retail food products,10.653
P1101,keyword,4,Food Safety,Food Safety,10.558
P1101,keyword,5,Listeriosis,Listeriosis,10.395
P1101,keyword,6,Food Contamination,Food Contamination,8.501
P1101,keyword,7,microbial source tracking,microbial source tracking,8.399
P1101,keyword,8,foodborne pathogens,foodborne pathogens,7.598
P1101,keyword,9,Bacteriophages,Bacteriophages,7.004
P1101,keyword,10,physicochemical changes,physicochemical changes,6.503
P1101,keyword,11,Feces,Feces,6.425
P1101,keyword,12,Salmonella,Salmonella,6.27
P1101,technique,1,qPCR,Real-time PCR,1.582
P1101,technique,2,웨스턴블롯,Western Blot,1.095
P1101,technique,3,항체 개발,Antibody Engineering,0.472
P1097,keyword,1,maize,maize,25.349
P1097,keyword,2,Zea mays,Zea mays,13.848
P1097,keyword,3,Allium crops,Allium crops,9.433
P1097,keyword,4,"Genome, Chloroplast","Genome, Chloroplast",8.08
P1097,keyword,5,core collection,core collection,7.981
P1097,keyword,6,aleurone layer,aleurone layer,7.329
P1097,keyword,7,crop yield,crop yield,6.803
P1097,keyword,8,kernel texture,kernel texture,6.705
P1097,keyword,9,climate change impacts,climate change impacts,6.423
P1097,keyword,10,Raphanus,Raphanus,6.194
P1097,keyword,11,Zea mays subsp. mexicana,Zea mays subsp. mexicana,5.823
P1097,keyword,12,Zea mays subsp. parviglumis,Zea mays subsp. parviglumis,5.706
P1097,technique,1,RNA-seq·전사체,RNA-seq / Transcriptomics,3.346
P1097,technique,2,애기장대·식물 모델,Arabidopsis,0.513
P1097,technique,3,생물정보·계산생물,Bioinformatics,0.147
P0066,keyword,1,genome editing,genome editing,46.461
P0066,keyword,2,ABE8e,ABE8e,24.197
P0066,keyword,3,"RNA, Guide, Kinetoplastida","RNA, Guide, Kinetoplastida",15.865
P0066,keyword,4,AlphaFold3,AlphaFold3,14.609
P0066,keyword,5,RFdiffusion,RFdiffusion,13.347
P0066,keyword,6,DNA Cleavage,DNA Cleavage,13.243
P0066,keyword,7,end resection,end resection,12.521
P0066,keyword,8,Leber congenital amaurosis,Leber congenital amaurosis,12.107
P0066,keyword,9,RNA-DNA hybrids,RNA-DNA hybrids,11.57
P0066,keyword,10,Clustered Regularly Interspaced Short Palindromic Repeats,Clustered Regularly Interspaced Short Palindromic Repeats,11.512
P0066,keyword,11,Guide RNA,Guide RNA,11.418
P0066,keyword,12,DNA,DNA,11.386
P0066,technique,1,CRISPR 유전자편집,CRISPR Gene Editing,124.099
P0066,technique,2,생물정보·계산생물,Bioinformatics,6.254
P0066,technique,3,줄기세포·iPSC,Stem Cells / iPSC,5.022
P0066,technique,4,차세대 시퀀싱(NGS),Next-generation Sequencing,4.994
P0066,technique,5,애기장대·식물 모델,Arabidopsis,3.144
P0066,technique,6,머신러닝·AI,Machine Learning / AI,1.936
P0066,technique,7,질량분석,Mass Spectrometry,1.066
P0066,technique,8,RNA-seq·전사체,RNA-seq / Transcriptomics,0.816
P0027,keyword,1,"Killer Cells, Natural","Killer Cells, Natural",3.261
P0027,keyword,2,NK cell expansion,NK cell expansion,2.753
P0027,keyword,3,NK Cell Lectin-Like Receptor Subfamily C,NK Cell Lectin-Like Receptor Subfamily C,2.606
P0027,keyword,4,natural killer cells,natural killer cells,1.772
P0027,keyword,5,NK cell activation,NK cell activation,1.613
P0027,keyword,6,2-Methyl-4-chlorophenoxyacetic Acid,2-Methyl-4-chlorophenoxyacetic Acid,1.467
P0027,keyword,7,memory-like NK cells,memory-like NK cells,1.46
P0027,keyword,8,NKG2C,NKG2C,1.404
P0027,keyword,9,Immunologic Memory,Immunologic Memory,1.23
P0027,keyword,10,NK cell cytotoxicity,NK cell cytotoxicity,1.16
P0027,keyword,11,Immunophenotyping,Immunophenotyping,1.083
P0027,keyword,12,K562 Cells,K562 Cells,1.077
P0027,technique,1,유세포분석,Flow Cytometry,0.526
P1089,keyword,1,Colletotrichum siamense,Colletotrichum siamense,15.679
P1089,keyword,2,Leaf spot,Leaf spot,14.466
P1089,keyword,3,new fungal species,new fungal species,13.691
P1089,keyword,4,anthracnose,anthracnose,13.112
P1089,keyword,5,plant pathogenic fungi,plant pathogenic fungi,11.609
P1089,keyword,6,Pseudocercospora,Pseudocercospora,10.952
P1089,keyword,7,Dutch elm disease,Dutch elm disease,9.035
P1089,keyword,8,first report,first report,8.762
P1089,keyword,9,Ceratocystis,Ceratocystis,8.104
P1089,keyword,10,oak wilt,oak wilt,7.762
P1089,keyword,11,fluidized bed agglomeration,fluidized bed agglomeration,6.796
P1089,keyword,12,mitochondrial genome,mitochondrial genome,6.626
P1089,technique,1,유세포분석,Flow Cytometry,0.533
P1089,technique,2,RNA-seq·전사체,RNA-seq / Transcriptomics,0.397
P0068,keyword,1,Taurodeoxycholic Acid,Taurodeoxycholic Acid,34.715
P0068,keyword,2,P2X7 receptor,P2X7 receptor,20.119
P0068,keyword,3,NLRP3 inflammasome,NLRP3 inflammasome,12.278
P0068,keyword,4,Atopic dermatitis,Atopic dermatitis,11.458
P0068,keyword,5,IL-18,IL-18,10.082
P0068,keyword,6,Commit,Commit,9.494
P0068,keyword,7,TGR5 agonists,TGR5 agonists,9.328
P0068,keyword,8,OLFM4,OLFM4,8.588
P0068,keyword,9,dendritic cell vaccine,dendritic cell vaccine,8.014
P0068,keyword,10,calcium mobilization,calcium mobilization,6.956
P0068,keyword,11,"Dermatitis, Atopic","Dermatitis, Atopic",6.653
P0068,keyword,12,task compatibility,task compatibility,6.573
P0068,technique,1,단백체,Proteomics,2.064
P0068,technique,2,유전자변형 마우스,Genetically Modified Mice,1.804
P0068,technique,3,항체 개발,Antibody Engineering,1.526
P0068,technique,4,ELISA,ELISA,0.94
P0068,technique,5,나노입자·약물전달,Nanoparticles / Drug Delivery,0.673
P0068,technique,6,RNA 치료제·siRNA,RNA Therapeutics,0.302
P0068,technique,7,생물정보·계산생물,Bioinformatics,0.27
P0068,technique,8,RNA-seq·전사체,RNA-seq / Transcriptomics,0.221
P0503,keyword,1,Multifactor dimensionality reduction,Multifactor dimensionality reduction,22.798
P0503,keyword,2,"Epistasis, Genetic","Epistasis, Genetic",12.452
P0503,keyword,3,"Polymorphism, Single Nucleotide","Polymorphism, Single Nucleotide",11.924
P0503,keyword,4,gene-gene interaction,gene-gene interaction,8.009
P0503,keyword,5,single nucleotide polymorphisms,single nucleotide polymorphisms,7.092
P0503,keyword,6,genetic association,genetic association,6.732
P0503,keyword,7,Epistasis,Epistasis,6.202
P0503,keyword,8,Single-nucleotide polymorphism,Single-nucleotide polymorphism,5.979
P0503,keyword,9,Feature selection,Feature selection,5.369
P0503,keyword,10,Bipolar Disorder,Bipolar Disorder,5.285
P0503,keyword,11,skewed distributions,skewed distributions,5.277
P0503,keyword,12,Markov blanket,Markov blanket,4.973
P0503,technique,1,GWAS·유전역학,GWAS / Genetic Epidemiology,14.389
P0503,technique,2,생물정보·계산생물,Bioinformatics,3.475
P0503,technique,3,머신러닝·AI,Machine Learning / AI,3.272
P0503,technique,4,애기장대·식물 모델,Arabidopsis,1.267
P1013,keyword,1,Fear,Fear,25.294
P1013,keyword,2,Memory,Memory,17.102
P1013,keyword,3,"Conditioning, Classical","Conditioning, Classical",16.689
P1013,keyword,4,Engram,Engram,15.157
P1013,keyword,5,posterior insular cortex,posterior insular cortex,13.835
P1013,keyword,6,fear memory,fear memory,12.733
P1013,keyword,7,fear memory retrieval,fear memory retrieval,11.051
P1013,keyword,8,fear conditioning,fear conditioning,10.406
P1013,keyword,9,Basolateral Nuclear Complex,Basolateral Nuclear Complex,10.338
P1013,keyword,10,lateral amygdala,lateral amygdala,10.329
P1013,keyword,11,parabrachial nucleus,parabrachial nucleus,9.849
P1013,keyword,12,Insular Cortex,Insular Cortex,9.571
P1013,technique,1,광유전학,Optogenetics,11.836
P1013,technique,2,유전자변형 마우스,Genetically Modified Mice,2.48
P1013,technique,3,전기생리,Electrophysiology,0.417
P1013,technique,4,웨스턴블롯,Western Blot,0.11
P1013,technique,5,면역조직화학,Immunohistochemistry,0.106
P1013,technique,6,머신러닝·AI,Machine Learning / AI,0.097
P0738,keyword,1,many-body interactions,many-body interactions,16.789
P0738,keyword,2,liquid water,liquid water,16.708
P0738,keyword,3,dielectric spectra,dielectric spectra,16.403
P0738,keyword,4,dielectric relaxation,dielectric relaxation,15.3
P0738,keyword,5,hydrogen bond network,hydrogen bond network,11.828
P0738,keyword,6,potential barrier,potential barrier,10.164
P0738,keyword,7,methanol synthesis,methanol synthesis,8.993
P0738,keyword,8,Copolymer,Copolymer,8.592
P0738,keyword,9,lithium ion transport,lithium ion transport,8.397
P0738,keyword,10,ReaxFF,ReaxFF,8.308
P0738,keyword,11,SCAN functional,SCAN functional,8.041
P0738,keyword,12,autoclave reactor,autoclave reactor,7.741
P0738,technique,1,분자도킹·시뮬레이션,Molecular Docking / Dynamics,13.657
P0738,technique,2,머신러닝·AI,Machine Learning / AI,10.271
P0738,technique,3,하이드로젤·스캐폴드,Hydrogels / Scaffolds,2.922
P0738,technique,4,나노입자·약물전달,Nanoparticles / Drug Delivery,2.719
P0738,technique,5,전자현미경,Electron Microscopy,1.149
P0738,technique,6,X선 결정학·구조분석,X-ray Crystallography,1.019
P0738,technique,7,전기생리,Electrophysiology,0.577
P0738,technique,8,조직공학·바이오프린팅,Tissue Engineering / Bioprinting,0.448
P0338,keyword,1,Mineral trioxide aggregate,Mineral trioxide aggregate,18.268
P0338,keyword,2,Dental Pulp Cavity,Dental Pulp Cavity,17.86
P0338,keyword,3,Root Canal Filling Materials,Root Canal Filling Materials,13.21
P0338,keyword,4,Molar,Molar,13.154
P0338,keyword,5,Root Canal Obturation,Root Canal Obturation,11.221
P0338,keyword,6,Dentin,Dentin,9.935
P0338,keyword,7,Silicates,Silicates,9.05
P0338,keyword,8,Calcium Compounds,Calcium Compounds,8.957
P0338,keyword,9,Tooth Root,Tooth Root,8.885
P0338,keyword,10,calcium silicate-based sealers,calcium silicate-based sealers,8.779
P0338,keyword,11,cone-beam computed tomography,cone-beam computed tomography,8.231
P0338,keyword,12,AH Plus,AH Plus,7.873
P0338,technique,1,MRI·PET 영상,MRI / PET Imaging,3.134
P0338,technique,2,전자현미경,Electron Microscopy,0.896
P0052,keyword,1,electroacupuncture,electroacupuncture,9.792
P0052,keyword,2,traditional Korean medicine,traditional Korean medicine,9.032
P0052,keyword,3,pharmacopuncture,pharmacopuncture,8.959
P0052,keyword,4,Moxibustion,Moxibustion,7.456
P0052,keyword,5,painful diabetic polyneuropathy,painful diabetic polyneuropathy,7.314
P0052,keyword,6,gait disturbance,gait disturbance,7.291
P0052,keyword,7,Staphylococcaceae,Staphylococcaceae,7.19
P0052,keyword,8,peak height velocity,peak height velocity,7.021
P0052,keyword,9,Histamine H2 Antagonists,Histamine H2 Antagonists,6.956
P0052,keyword,10,HTLV-1-associated myelopathy/tropical spastic paraparesis,HTLV-1-associated myelopathy/tropical spastic paraparesis,6.405
P0052,keyword,11,acupuncture,acupuncture,5.849
P0052,keyword,12,advanced chronic kidney disease,advanced chronic kidney disease,5.846
P0052,technique,1,단백체,Proteomics,2.59
P0052,technique,2,임상시험,Clinical Trials,0.472
P0084,keyword,1,complement-dependent cytotoxicity,complement-dependent cytotoxicity,17.586
P0084,keyword,2,bacterial display,bacterial display,15.906
P0084,keyword,3,directed evolution,directed evolution,15.45
P0084,keyword,4,Fragment crystallizable region,Fragment crystallizable region,14.098
P0084,keyword,5,Antibody-Dependent Cell Cytotoxicity,Antibody-Dependent Cell Cytotoxicity,13.19
P0084,keyword,6,Protein Engineering,Protein Engineering,13.092
P0084,keyword,7,"Antibodies, Neutralizing","Antibodies, Neutralizing",12.08
P0084,keyword,8,"Receptors, Fc","Receptors, Fc",12.019
P0084,keyword,9,"Spike Glycoprotein, Coronavirus","Spike Glycoprotein, Coronavirus",11.777
P0084,keyword,10,yeast surface display,yeast surface display,11.499
P0084,keyword,11,Immunoglobulin G,Immunoglobulin G,11.491
P0084,keyword,12,Fc engineering,Fc engineering,10.668
P0084,technique,1,항체 개발,Antibody Engineering,22.112
P0084,technique,2,유전자변형 마우스,Genetically Modified Mice,2.411
P0084,technique,3,분자도킹·시뮬레이션,Molecular Docking / Dynamics,1.741
P0084,technique,4,종양 이종이식 모델,Xenograft Models,1.295
P0084,technique,5,생물정보·계산생물,Bioinformatics,1.125
P0084,technique,6,MRI·PET 영상,MRI / PET Imaging,0.378
P0084,technique,7,유세포분석,Flow Cytometry,0.372
P0084,technique,8,머신러닝·AI,Machine Learning / AI,0.225
P0366,keyword,1,Hip Prosthesis,Hip Prosthesis,47.895
P0366,keyword,2,"Arthroplasty, Replacement, Hip","Arthroplasty, Replacement, Hip",41.939
P0366,keyword,3,Knee Prosthesis,Knee Prosthesis,41.188
P0366,keyword,4,Prosthesis Failure,Prosthesis Failure,40.43
P0366,keyword,5,"Arthroplasty, Replacement, Knee","Arthroplasty, Replacement, Knee",35.526
P0366,keyword,6,Prosthesis Design,Prosthesis Design,35.156
P0366,keyword,7,Osteolysis,Osteolysis,27.108
P0366,keyword,8,Harris hip score,Harris hip score,17.716
P0366,keyword,9,Reoperation,Reoperation,17.605
P0366,keyword,10,"Range of Motion, Articular","Range of Motion, Articular",16.812
P0366,keyword,11,Survivorship curve,Survivorship curve,16.593
P0366,keyword,12,Hip Joint,Hip Joint,16.146
P0366,technique,1,임상시험,Clinical Trials,1.098
P0366,technique,2,qPCR,Real-time PCR,0.602
P0366,technique,3,줄기세포·iPSC,Stem Cells / iPSC,0.329
P0366,technique,4,MRI·PET 영상,MRI / PET Imaging,0.232
P0366,technique,5,머신러닝·AI,Machine Learning / AI,0.041
P0903,keyword,1,enhancer remodeling,enhancer remodeling,22.771
P0903,keyword,2,BRD4,BRD4,22.49
P0903,keyword,3,Hepatocyte Nuclear Factor 1-beta,Hepatocyte Nuclear Factor 1-beta,8.878
P0903,keyword,4,basal-like subtype,basal-like subtype,7.151
P0903,keyword,5,METTL14,METTL14,5.878
P0903,keyword,6,"Gene Expression Regulation, Neoplastic","Gene Expression Regulation, Neoplastic",5.701
P0903,keyword,7,TP53 missense mutations,TP53 missense mutations,5.688
P0903,keyword,8,Histone Demethylases,Histone Demethylases,5.422
P0903,keyword,9,Pancreatic Neoplasms,Pancreatic Neoplasms,5.401
P0903,keyword,10,transcriptional plasticity,transcriptional plasticity,5.255
P0903,keyword,11,Cellular Senescence,Cellular Senescence,5.016
P0903,keyword,12,histone lysine demethylases,histone lysine demethylases,4.963
P0903,technique,1,오가노이드,Organoids,4.76
P0903,technique,2,RNA-seq·전사체,RNA-seq / Transcriptomics,3.336
P0903,technique,3,줄기세포·iPSC,Stem Cells / iPSC,0.967
P0903,technique,4,후성유전 분석,Epigenomics (ChIP/ATAC-seq),0.907
P0903,technique,5,유전자변형 마우스,Genetically Modified Mice,0.637
P0903,technique,6,생물정보·계산생물,Bioinformatics,0.545
P0903,technique,7,웨스턴블롯,Western Blot,0.427
P1098,keyword,1,Allergen immunotherapy,Allergen immunotherapy,19.091
P1098,keyword,2,Sublingual immunotherapy,Sublingual immunotherapy,14.842
P1098,keyword,3,subcutaneous immunotherapy,subcutaneous immunotherapy,13.626
P1098,keyword,4,allergic rhinitis,allergic rhinitis,10.277
P1098,keyword,5,intralymphatic immunotherapy,intralymphatic immunotherapy,8.108
P1098,keyword,6,Asthma,Asthma,7.874
P1098,keyword,7,distal femoral resection,distal femoral resection,6.245
P1098,keyword,8,neck-shaft angle,neck-shaft angle,5.863
P1098,keyword,9,intradermal immunotherapy,intradermal immunotherapy,5.737
P1098,keyword,10,Health Services Needs and Demand,Health Services Needs and Demand,5.732
P1098,keyword,11,"Rhinitis, Allergic","Rhinitis, Allergic",5.399
P1098,keyword,12,Health Resources,Health Resources,5.388
P1098,technique,1,머신러닝·AI,Machine Learning / AI,2.372
P1098,technique,2,임상시험,Clinical Trials,1.616
P1098,technique,3,나노입자·약물전달,Nanoparticles / Drug Delivery,0.844
P1098,technique,4,항체 개발,Antibody Engineering,0.57
P1098,technique,5,MRI·PET 영상,MRI / PET Imaging,0.37
P1098,technique,6,유전자변형 마우스,Genetically Modified Mice,0.203
P1098,technique,7,생물정보·계산생물,Bioinformatics,0.117
P0146,keyword,1,Palladium,Palladium,0.452
P0146,keyword,2,Catalysis,Catalysis,0.181
P0146,keyword,3,Combinatorial chemistry,Combinatorial chemistry,0.102
P0146,keyword,4,Medicinal chemistry,Medicinal chemistry,0.067
P0146,keyword,5,Organic chemistry,Organic chemistry,0.064
P0146,keyword,6,Stereochemistry,Stereochemistry,0.038
P0837,keyword,1,Protein-Arginine N-Methyltransferases,Protein-Arginine N-Methyltransferases,17.142
P0837,keyword,2,Gluconeogenesis,Gluconeogenesis,14.984
P0837,keyword,3,Liver,Liver,11.446
P0837,keyword,4,Glucose homeostasis,Glucose homeostasis,10.87
P0837,keyword,5,Hepatocytes,Hepatocytes,9.386
P0837,keyword,6,CRTC2,CRTC2,9.068
P0837,keyword,7,"Amino Acids, Branched-Chain","Amino Acids, Branched-Chain",8.26
P0837,keyword,8,PRMT1,PRMT1,7.54
P0837,keyword,9,Arginine,Arginine,7.446
P0837,keyword,10,PRMT6,PRMT6,6.818
P0837,keyword,11,Metabolic Diseases,Metabolic Diseases,6.659
P0837,keyword,12,Transcription Factors,Transcription Factors,6.495
P0837,technique,1,유전자변형 마우스,Genetically Modified Mice,6.809
P0837,technique,2,후성유전 분석,Epigenomics (ChIP/ATAC-seq),2.02
P0837,technique,3,웨스턴블롯,Western Blot,1.811
P0837,technique,4,RNA-seq·전사체,RNA-seq / Transcriptomics,1.642
P0837,technique,5,면역조직화학,Immunohistochemistry,0.376
P0837,technique,6,형광·공초점 이미징,Fluorescence / Confocal Imaging,0.365
P0837,technique,7,qPCR,Real-time PCR,0.337
P0837,technique,8,생물정보·계산생물,Bioinformatics,0.245
P0695,keyword,1,B95-8 cells,B95-8 cells,11.914
P0695,keyword,2,ZIP8,ZIP8,11.318
P0695,keyword,3,Hepatitis B virus,Hepatitis B virus,11.307
P0695,keyword,4,Raji cells,Raji cells,10.894
P0695,keyword,5,Lymphocyte Activation,Lymphocyte Activation,10.247
P0695,keyword,6,CD4-Positive T-Lymphocytes,CD4-Positive T-Lymphocytes,9.901
P0695,keyword,7,"Receptor, Notch2","Receptor, Notch2",8.418
P0695,keyword,8,Viral Core Proteins,Viral Core Proteins,8.317
P0695,keyword,9,CD4+ T cell proliferation,CD4+ T cell proliferation,8.206
P0695,keyword,10,Mycoplasma fermentans,Mycoplasma fermentans,7.781
P0695,keyword,11,"Herpesvirus 4, Human","Herpesvirus 4, Human",7.457
P0695,keyword,12,Colitis,Colitis,7.456
P0695,technique,1,유전자변형 마우스,Genetically Modified Mice,3.376
P0695,technique,2,면역조직화학,Immunohistochemistry,1.885
P0695,technique,3,단일세포 분석,Single-cell Analysis,1.597
P0695,technique,4,차세대 시퀀싱(NGS),Next-generation Sequencing,1.128
P0695,technique,5,유세포분석,Flow Cytometry,1.118
P0695,technique,6,X선 결정학·구조분석,X-ray Crystallography,0.896
P0695,technique,7,RNA-seq·전사체,RNA-seq / Transcriptomics,0.867
P0695,technique,8,생물정보·계산생물,Bioinformatics,0.667
P0085,keyword,1,Heart-Assist Devices,Heart-Assist Devices,4.92
P0085,keyword,2,Counterpulsation,Counterpulsation,4.402
P0085,keyword,3,Needles,Needles,4.078
P0085,keyword,4,health care equity,health care equity,3.202
P0085,keyword,5,data encoding and decoding,data encoding and decoding,3.137
P0085,keyword,6,"Injections, Intradermal","Injections, Intradermal",3.035
P0085,keyword,7,violacein,violacein,2.695
P0085,keyword,8,Polyanhydrides,Polyanhydrides,2.451
P0085,keyword,9,Microinjections,Microinjections,2.436
P0085,keyword,10,porcine model,porcine model,2.198
P0085,keyword,11,Rubella vaccine,Rubella vaccine,2.149
P0085,keyword,12,Diphtheria Toxoid,Diphtheria Toxoid,2.084
P0085,technique,1,RNA 치료제·siRNA,RNA Therapeutics,1.485
P0085,technique,2,머신러닝·AI,Machine Learning / AI,1.104
P0085,technique,3,나노입자·약물전달,Nanoparticles / Drug Delivery,0.889
P1042,keyword,1,Burkitt Lymphoma,Burkitt Lymphoma,16.01
P1042,keyword,2,Ibrutinib,Ibrutinib,11.989
P1042,keyword,3,Daudi cells,Daudi cells,9.867
P1042,keyword,4,Ramos cells,Ramos cells,9.863
P1042,keyword,5,PUMA,PUMA,8.521
P1042,keyword,6,Bruton's tyrosine kinase,Bruton's tyrosine kinase,8.467
P1042,keyword,7,PROTAC degraders,PROTAC degraders,7.456
P1042,keyword,8,tazemetostat,tazemetostat,7.112
P1042,keyword,9,G2/M cell cycle arrest,G2/M cell cycle arrest,6.556
P1042,keyword,10,H3K27me3,H3K27me3,5.794
P1042,keyword,11,METTL3 inhibitor,METTL3 inhibitor,5.718
P1042,keyword,12,combination therapy,combination therapy,5.354
P1042,technique,1,종양 이종이식 모델,Xenograft Models,1.708
P1042,technique,2,줄기세포·iPSC,Stem Cells / iPSC,1.699
P1042,technique,3,유전자변형 마우스,Genetically Modified Mice,0.452
P1022,keyword,1,Liquid Biopsy,Liquid Biopsy,20.097
P1022,keyword,2,lab-on-a-disc,lab-on-a-disc,17.256
P1022,keyword,3,dendritic cell migration,dendritic cell migration,12.843
P1022,keyword,4,immature dendritic cells,immature dendritic cells,10.569
P1022,keyword,5,point-of-care testing,point-of-care testing,10.481
P1022,keyword,6,bioorthogonal catalysis,bioorthogonal catalysis,10.397
P1022,keyword,7,random motility,random motility,10.211
P1022,keyword,8,Centrifugation,Centrifugation,10.145
P1022,keyword,9,Biosensing Techniques,Biosensing Techniques,9.993
P1022,keyword,10,"Biomarkers, Tumor","Biomarkers, Tumor",9.764
P1022,keyword,11,Prostatic Neoplasms,Prostatic Neoplasms,9.266
P1022,keyword,12,Circulating tumor cell,Circulating tumor cell,8.931
P1022,technique,1,미세유체·장기칩,Microfluidics / Organ-on-a-chip,59.355
P1022,technique,2,엑소좀·세포외소포,Exosomes / EVs,52.533
P1022,technique,3,나노입자·약물전달,Nanoparticles / Drug Delivery,11.319
P1022,technique,4,ELISA,ELISA,8.382
P1022,technique,5,단백체,Proteomics,3.77
P1022,technique,6,머신러닝·AI,Machine Learning / AI,3.282
P1022,technique,7,단일세포 분석,Single-cell Analysis,2.527
P1022,technique,8,줄기세포·iPSC,Stem Cells / iPSC,2.462
P0096,keyword,1,Astrocytes,Astrocytes,9.019
P0096,keyword,2,Gliosis,Gliosis,8.667
P0096,keyword,3,astrocyte activation,astrocyte activation,8.58
P0096,keyword,4,Monoamine Oxidase,Monoamine Oxidase,8.029
P0096,keyword,5,tau phosphorylation,tau phosphorylation,7.761
P0096,keyword,6,Alzheimer Disease,Alzheimer Disease,7.029
P0096,keyword,7,PD-1/PD-L1 blockade,PD-1/PD-L1 blockade,6.77
P0096,keyword,8,amyloid plaques,amyloid plaques,6.678
P0096,keyword,9,Alzheimer's disease,Alzheimer's disease,5.938
P0096,keyword,10,Monoamine oxidase B,Monoamine oxidase B,5.563
P0096,keyword,11,cognitive function,cognitive function,5.109
P0096,keyword,12,18F-THK5351,18F-THK5351,4.762
P0096,technique,1,유전자변형 마우스,Genetically Modified Mice,2.488
P0096,technique,2,MRI·PET 영상,MRI / PET Imaging,1.367
P0096,technique,3,형광·공초점 이미징,Fluorescence / Confocal Imaging,0.476
P0096,technique,4,RNA 치료제·siRNA,RNA Therapeutics,0.243
P0096,technique,5,면역조직화학,Immunohistochemistry,0.043
P0054,keyword,1,blasting vibration,blasting vibration,5.027
P0054,keyword,2,detonators,detonators,4.84
P0054,keyword,3,tunnel blasting,tunnel blasting,4.7
P0054,keyword,4,peak particle velocity,peak particle velocity,4.363
P0054,keyword,5,blasting pattern design,blasting pattern design,4.212
P0054,keyword,6,high-speed camera measurement,high-speed camera measurement,3.393
P0054,keyword,7,Multiplier (economics),Multiplier (economics),2.709
P0054,keyword,8,Monte Carlo simulation,Monte Carlo simulation,2.351
P0054,keyword,9,vibration monitoring,vibration monitoring,2.117
P0054,keyword,10,Proof of concept,Proof of concept,1.785
P0054,keyword,11,Preadolescence,Preadolescence,1.71
P0054,keyword,12,two-dimensional transistors,two-dimensional transistors,1.647
P0056,keyword,1,Pluripotent Stem Cells,Pluripotent Stem Cells,33.981
P0056,keyword,2,TPX2,TPX2,25.728
P0056,keyword,3,naive pluripotency,naive pluripotency,24.633
P0056,keyword,4,human pluripotent stem cells,human pluripotent stem cells,24.3
P0056,keyword,5,Wip1,Wip1,20.739
P0056,keyword,6,Haspin,Haspin,19.561
P0056,keyword,7,cultural adaptation,cultural adaptation,17.658
P0056,keyword,8,primed pluripotency,primed pluripotency,16.968
P0056,keyword,9,ferroptosis,ferroptosis,16.035
P0056,keyword,10,DNA damage response,DNA damage response,14.683
P0056,keyword,11,histone H2AX,histone H2AX,13.755
P0056,keyword,12,Distal Myopathies,Distal Myopathies,13.564
P0056,technique,1,줄기세포·iPSC,Stem Cells / iPSC,41.723
P0056,technique,2,CRISPR 유전자편집,CRISPR Gene Editing,15.86
P0056,technique,3,RNA-seq·전사체,RNA-seq / Transcriptomics,4.336
P0056,technique,4,단일세포 분석,Single-cell Analysis,3.672
P0056,technique,5,종양 이종이식 모델,Xenograft Models,3.128
P0056,technique,6,분자도킹·시뮬레이션,Molecular Docking / Dynamics,2.991
P0056,technique,7,생물정보·계산생물,Bioinformatics,2.548
P0056,technique,8,나노입자·약물전달,Nanoparticles / Drug Delivery,2.106
P0562,keyword,1,Endosonography,Endosonography,22.958
P0562,keyword,2,Endoscopic ultrasound,Endoscopic ultrasound,18.986
P0562,keyword,3,"Cholangiopancreatography, Endoscopic Retrograde","Cholangiopancreatography, Endoscopic Retrograde",15.581
P0562,keyword,4,Pancreatic Neoplasms,Pancreatic Neoplasms,15.177
P0562,keyword,5,radiofrequency ablation,radiofrequency ablation,14.426
P0562,keyword,6,Pancreatitis,Pancreatitis,13.111
P0562,keyword,7,biliary drainage,biliary drainage,11.473
P0562,keyword,8,"Sphincterotomy, Endoscopic","Sphincterotomy, Endoscopic",11.419
P0562,keyword,9,"Pancreatitis, Chronic","Pancreatitis, Chronic",10.569
P0562,keyword,10,Radiology,Radiology,9.706
P0562,keyword,11,"Pancreatitis, Alcoholic","Pancreatitis, Alcoholic",9.466
P0562,keyword,12,Pancreas,Pancreas,9.32
P0562,technique,1,웨스턴블롯,Western Blot,1.529
P0562,technique,2,임상시험,Clinical Trials,1.493
P0562,technique,3,MRI·PET 영상,MRI / PET Imaging,0.937
P0562,technique,4,RNA 치료제·siRNA,RNA Therapeutics,0.783
P0562,technique,5,나노입자·약물전달,Nanoparticles / Drug Delivery,0.659
P0562,technique,6,줄기세포·iPSC,Stem Cells / iPSC,0.611
P0562,technique,7,유전자변형 마우스,Genetically Modified Mice,0.492
P0562,technique,8,머신러닝·AI,Machine Learning / AI,0.395
P0907,keyword,1,cancer metabolism,cancer metabolism,34.036
P0907,keyword,2,nutrient availability,nutrient availability,32.135
P0907,keyword,3,TAZ,TAZ,32.001
P0907,keyword,4,PEAK1,PEAK1,27.974
P0907,keyword,5,eIF5A,eIF5A,24.4
P0907,keyword,6,Hippo Signaling Pathway,Hippo Signaling Pathway,22.021
P0907,keyword,7,YAP,YAP,20.309
P0907,keyword,8,anticancer drug repurposing,anticancer drug repurposing,18.088
P0907,keyword,9,treatment response,treatment response,15.618
P0907,keyword,10,circulating tumor cells,circulating tumor cells,14.858
P0907,keyword,11,Biguanides,Biguanides,13.078
P0907,keyword,12,drug repurposing,drug repurposing,12.964
P0907,technique,1,유전자변형 마우스,Genetically Modified Mice,2.422
P0907,technique,2,RNA 치료제·siRNA,RNA Therapeutics,1.374
P0907,technique,3,머신러닝·AI,Machine Learning / AI,1.142
P0907,technique,4,나노입자·약물전달,Nanoparticles / Drug Delivery,0.855
P0907,technique,5,분자도킹·시뮬레이션,Molecular Docking / Dynamics,0.828
P0907,technique,6,qPCR,Real-time PCR,0.735
P0907,technique,7,단백체,Proteomics,0.709
P0907,technique,8,생물정보·계산생물,Bioinformatics,0.641
P0144,keyword,1,hospitalized cancer patients,hospitalized cancer patients,7.543
P0144,keyword,2,delirium,delirium,7.174
P0144,keyword,3,central nervous system drugs,central nervous system drugs,6.013
P0144,keyword,4,advanced cancer,advanced cancer,5.588
P0144,keyword,5,cancer pain,cancer pain,5.101
P0144,keyword,6,Organ Transplantation,Organ Transplantation,4.913
P0144,keyword,7,Morphine,Morphine,4.895
P0144,keyword,8,"Analgesia, Patient-Controlled","Analgesia, Patient-Controlled",4.889
P0144,keyword,9,Central Nervous System Agents,Central Nervous System Agents,4.889
P0144,keyword,10,Sodium-Glucose Transporter 2 Inhibitors,Sodium-Glucose Transporter 2 Inhibitors,4.869
P0144,keyword,11,Transplant Recipients,Transplant Recipients,4.669
P0144,keyword,12,patient-controlled analgesia,patient-controlled analgesia,4.445
P0280,keyword,1,Salmo salar,Salmo salar,10.435
P0280,keyword,2,Lens Plant,Lens Plant,8.973
P0280,keyword,3,lipid oxidation,lipid oxidation,8.046
P0280,keyword,4,bioactive lipids,bioactive lipids,7.116
P0280,keyword,5,phenolic lipids,phenolic lipids,5.907
P0280,keyword,6,Salmon,Salmon,5.485
P0280,keyword,7,fat-soluble vitamins,fat-soluble vitamins,5.303
P0280,keyword,8,Phospholipids,Phospholipids,5.231
P0280,keyword,9,milk metabolites,milk metabolites,4.96
P0280,keyword,10,Fish Oils,Fish Oils,4.57
P0280,keyword,11,fat absorption,fat absorption,4.541
P0280,keyword,12,Eicosanoids,Eicosanoids,4.522
P0280,technique,1,대사체·지질체,Metabolomics / Lipidomics,9.085
P0280,technique,2,질량분석,Mass Spectrometry,6.806
P0280,technique,3,엑소좀·세포외소포,Exosomes / EVs,2.554
P0280,technique,4,단백체,Proteomics,1.788
P0280,technique,5,생물정보·계산생물,Bioinformatics,0.482
P0593,keyword,1,Ankle injury,Ankle injury,0.051
P0593,keyword,2,Ankle,Ankle,0.032
P0593,keyword,3,Radiography,Radiography,0.021
P0593,keyword,4,Surgery,Surgery,0.008
P0593,keyword,5,Radiology,Radiology,0.007
P0403,keyword,1,"Emergency Service, Hospital","Emergency Service, Hospital",15.156
P0403,keyword,2,"Tomography, X-Ray Computed","Tomography, X-Ray Computed",9.417
P0403,keyword,3,Ultrasonography,Ultrasonography,9.031
P0403,keyword,4,Point-of-Care Systems,Point-of-Care Systems,8.907
P0403,keyword,5,Triage,Triage,8.442
P0403,keyword,6,Hospital Mortality,Hospital Mortality,6.765
P0403,keyword,7,Receiver operating characteristic,Receiver operating characteristic,6.731
P0403,keyword,8,optic nerve,optic nerve,5.834
P0403,keyword,9,emergency department,emergency department,5.72
P0403,keyword,10,elderly trauma patients,elderly trauma patients,5.588
P0403,keyword,11,undertriage,undertriage,5.497
P0403,keyword,12,trauma triage,trauma triage,5.475
P0403,technique,1,MRI·PET 영상,MRI / PET Imaging,6.674
P0403,technique,2,머신러닝·AI,Machine Learning / AI,2.215
P0686,keyword,1,phytosterols,phytosterols,12.489
P0686,keyword,2,nutraceuticals,nutraceuticals,11.744
P0686,keyword,3,antioxidant activity,antioxidant activity,11.661
P0686,keyword,4,hemp oil,hemp oil,11.164
P0686,keyword,5,Heme Oxygenase-1,Heme Oxygenase-1,10.233
P0686,keyword,6,SKH-1 mice,SKH-1 mice,10.037
P0686,keyword,7,anti-inflammatory activity,anti-inflammatory activity,9.737
P0686,keyword,8,Plant Oils,Plant Oils,9.696
P0686,keyword,9,Diarylheptanoids,Diarylheptanoids,8.538
P0686,keyword,10,hemp seeds,hemp seeds,8.411
P0686,keyword,11,Antioxidants,Antioxidants,8.368
P0686,keyword,12,Catalase,Catalase,8.271
P0686,technique,1,분자도킹·시뮬레이션,Molecular Docking / Dynamics,3.539
P0686,technique,2,줄기세포·iPSC,Stem Cells / iPSC,0.642
P0686,technique,3,질량분석,Mass Spectrometry,0.453
P0686,technique,4,대사체·지질체,Metabolomics / Lipidomics,0.387
P0686,technique,5,웨스턴블롯,Western Blot,0.355
P0686,technique,6,생물정보·계산생물,Bioinformatics,0.068
P1054,keyword,1,illicit drug use,illicit drug use,9.472
P1054,keyword,2,Clinical Audit,Clinical Audit,8.878
P1054,keyword,3,Hepatitis A,Hepatitis A,7.843
P1054,keyword,4,hub genes,hub genes,7.457
P1054,keyword,5,Research Personnel,Research Personnel,7.031
P1054,keyword,6,Medical Audit,Medical Audit,6.875
P1054,keyword,7,GEO,GEO,6.233
P1054,keyword,8,"Drugs, Investigational","Drugs, Investigational",6.112
P1054,keyword,9,Stakeholder Participation,Stakeholder Participation,5.919
P1054,keyword,10,investigational medicinal products,investigational medicinal products,5.81
P1054,keyword,11,audit experience,audit experience,5.791
P1054,keyword,12,NHANES,NHANES,5.424
P1054,technique,1,임상시험,Clinical Trials,7.442
P1054,technique,2,머신러닝·AI,Machine Learning / AI,1.002
P1054,technique,3,하이드로젤·스캐폴드,Hydrogels / Scaffolds,0.673
P0496,keyword,1,Allomyrina dichotoma,Allomyrina dichotoma,18.436
P0496,keyword,2,human diploid fibroblasts,human diploid fibroblasts,7.907
P0496,keyword,3,ethyl acetate fraction,ethyl acetate fraction,7.42
P0496,keyword,4,Skin Aging,Skin Aging,7.077
P0496,keyword,5,MMP-1,MMP-1,6.42
P0496,keyword,6,hepatic oxidative stress,hepatic oxidative stress,6.398
P0496,keyword,7,Gryllus bimaculatus,Gryllus bimaculatus,6.203
P0496,keyword,8,larval extract,larval extract,6.152
P0496,keyword,9,saffron,saffron,5.919
P0496,keyword,10,Enteromorpha prolifera,Enteromorpha prolifera,5.915
P0496,keyword,11,senescence-associated β-galactosidase,senescence-associated β-galactosidase,5.898
P0496,keyword,12,Larva,Larva,5.559
P0496,technique,1,RNA 치료제·siRNA,RNA Therapeutics,1.187
P0496,technique,2,분자도킹·시뮬레이션,Molecular Docking / Dynamics,0.684
P0496,technique,3,유전자변형 마우스,Genetically Modified Mice,0.357
P0496,technique,4,종양 이종이식 모델,Xenograft Models,0.316
P0496,technique,5,생물정보·계산생물,Bioinformatics,0.227
P0496,technique,6,질량분석,Mass Spectrometry,0.22
P0369,keyword,1,Kluyveromyces,Kluyveromyces,0.322
P0369,keyword,2,Kluyveromyces marxianus,Kluyveromyces marxianus,0.314
P0369,keyword,3,acetoacetyl-CoA,acetoacetyl-CoA,0.306
P0369,keyword,4,Caproates,Caproates,0.275
P0369,keyword,5,galactose fermentation,galactose fermentation,0.275
P0369,keyword,6,MCT1,MCT1,0.267
P0369,keyword,7,Bone Substitutes,Bone Substitutes,0.249
P0369,keyword,8,yeast metabolic engineering,yeast metabolic engineering,0.185
P0369,keyword,9,metabolic engineering,metabolic engineering,0.175
P0369,keyword,10,Bone Morphogenetic Protein Receptors,Bone Morphogenetic Protein Receptors,0.169
P0369,keyword,11,Galactose,Galactose,0.16
P0369,keyword,12,Metabolic Networks and Pathways,Metabolic Networks and Pathways,0.152
P0823,keyword,1,interfacial polymerization,interfacial polymerization,72.53
P0823,keyword,2,thin-film composite membranes,thin-film composite membranes,47.352
P0823,keyword,3,Reverse osmosis,Reverse osmosis,38.424
P0823,keyword,4,Nanofiltration,Nanofiltration,21.404
P0823,keyword,5,Thin-film composite membrane,Thin-film composite membrane,20.988
P0823,keyword,6,Menshutkin reaction,Menshutkin reaction,20.753
P0823,keyword,7,Membrane,Membrane,19.695
P0823,keyword,8,water permeance,water permeance,19.576
P0823,keyword,9,Polyamide,Polyamide,19.462
P0823,keyword,10,reverse osmosis membranes,reverse osmosis membranes,19.393
P0823,keyword,11,polyamide selective layer,polyamide selective layer,18.573
P0823,keyword,12,Biofouling,Biofouling,17.44
P0823,technique,1,나노입자·약물전달,Nanoparticles / Drug Delivery,3.966
P0823,technique,2,하이드로젤·스캐폴드,Hydrogels / Scaffolds,2.592
P0823,technique,3,머신러닝·AI,Machine Learning / AI,2.464
P0823,technique,4,X선 결정학·구조분석,X-ray Crystallography,1.712
P0823,technique,5,차세대 시퀀싱(NGS),Next-generation Sequencing,1.682
P0823,technique,6,단일세포 분석,Single-cell Analysis,1.656
P0823,technique,7,미세유체·장기칩,Microfluidics / Organ-on-a-chip,0.878
P0823,technique,8,형광·공초점 이미징,Fluorescence / Confocal Imaging,0.784
P0643,keyword,1,procedural confidence,procedural confidence,5.558
P0643,keyword,2,small bowel surgery,small bowel surgery,5.187
P0643,keyword,3,central venous catheterization,central venous catheterization,4.736
P0643,keyword,4,Digestive System Surgical Procedures,Digestive System Surgical Procedures,4.461
P0643,keyword,5,ultrasound-guided procedures,ultrasound-guided procedures,4.13
P0643,keyword,6,high-fidelity simulation,high-fidelity simulation,4.066
P0643,keyword,7,Surgical Wound Infection,Surgical Wound Infection,4.066
P0643,keyword,8,Peripherally inserted central catheter,Peripherally inserted central catheter,3.964
P0643,keyword,9,critical care procedures,critical care procedures,3.909
P0643,keyword,10,stab wounds,stab wounds,3.855
P0643,keyword,11,simulation-based training,simulation-based training,3.679
P0643,keyword,12,resuscitative endovascular balloon occlusion,resuscitative endovascular balloon occlusion,3.679
P0141,keyword,1,autocrine stimulation,autocrine stimulation,16.665
P0141,keyword,2,NOX2 inhibition,NOX2 inhibition,11.021
P0141,keyword,3,NOX2,NOX2,6.574
P0141,keyword,4,Receptor tyrosine kinase,Receptor tyrosine kinase,6.167
P0141,keyword,5,Muscular Atrophy,Muscular Atrophy,5.561
P0141,keyword,6,atrogenes,atrogenes,5.414
P0141,keyword,7,Akt/mTORC1 signaling,Akt/mTORC1 signaling,5.074
P0141,keyword,8,chemical chaperones,chemical chaperones,5.061
P0141,keyword,9,Prion Diseases,Prion Diseases,4.991
P0141,keyword,10,11β-HSD1 inhibitors,11β-HSD1 inhibitors,4.947
P0141,keyword,11,Lung cancer,Lung cancer,4.78
P0141,keyword,12,fast-twitch muscle,fast-twitch muscle,4.64
P0141,technique,1,분자도킹·시뮬레이션,Molecular Docking / Dynamics,0.712
P0141,technique,2,종양 이종이식 모델,Xenograft Models,0.365
P0141,technique,3,생물정보·계산생물,Bioinformatics,0.222
P0746,keyword,1,Nanoclusters,Nanoclusters,33.684
P0746,keyword,2,Nanotechnology,Nanotechnology,26.733
P0746,keyword,3,Cerium,Cerium,24.541
P0746,keyword,4,Nanocrystal,Nanocrystal,20.183
P0746,keyword,5,CO Faradaic efficiency,CO Faradaic efficiency,19.154
P0746,keyword,6,Catalysis,Catalysis,18.163
P0746,keyword,7,single-atom catalysts,single-atom catalysts,18.031
P0746,keyword,8,photocatalytic hydrogen evolution,photocatalytic hydrogen evolution,17.827
P0746,keyword,9,silver nanoclusters,silver nanoclusters,17.622
P0746,keyword,10,electrochemical CO2 reduction,electrochemical CO2 reduction,17.362
P0746,keyword,11,Electrocatalyst,Electrocatalyst,16.293
P0746,keyword,12,Nanomaterials,Nanomaterials,16.275
P0746,technique,1,나노입자·약물전달,Nanoparticles / Drug Delivery,62.85
P0746,technique,2,MRI·PET 영상,MRI / PET Imaging,11.457
P0746,technique,3,X선 결정학·구조분석,X-ray Crystallography,8.053
P0746,technique,4,하이드로젤·스캐폴드,Hydrogels / Scaffolds,7.872
P0746,technique,5,전자현미경,Electron Microscopy,4.989
P0746,technique,6,전기생리,Electrophysiology,3.692
P0746,technique,7,머신러닝·AI,Machine Learning / AI,2.324
P0746,technique,8,줄기세포·iPSC,Stem Cells / iPSC,1.843
P0469,keyword,1,liver acinus,liver acinus,4.076
P0469,keyword,2,urea synthesis,urea synthesis,3.891
P0469,keyword,3,acetaminophen toxicity,acetaminophen toxicity,3.357
P0469,keyword,4,hepatic zonation,hepatic zonation,3.29
P0469,keyword,5,Acetaminophen,Acetaminophen,2.795
P0469,keyword,6,albumin secretion,albumin secretion,2.48
P0469,keyword,7,Chemical and Drug Induced Liver Injury,Chemical and Drug Induced Liver Injury,2.37
P0469,keyword,8,Immunoassay,Immunoassay,2.249
P0469,keyword,9,Biosensing Techniques,Biosensing Techniques,2.033
P0469,keyword,10,CYP2E1,CYP2E1,2.027
P0469,keyword,11,Gold,Gold,1.883
P0469,keyword,12,Phosphoenolpyruvate carboxykinase,Phosphoenolpyruvate carboxykinase,1.818
P0469,technique,1,미세유체·장기칩,Microfluidics / Organ-on-a-chip,1.565
P0469,technique,2,나노입자·약물전달,Nanoparticles / Drug Delivery,0.89
P0427,keyword,1,External quality assessment,External quality assessment,18.159
P0427,keyword,2,proficiency testing,proficiency testing,14.774
P0427,keyword,3,Glomerular Filtration Rate,Glomerular Filtration Rate,14.722
P0427,keyword,4,Therapeutic drug monitoring,Therapeutic drug monitoring,14.332
P0427,keyword,5,Vancomycin,Vancomycin,13.052
P0427,keyword,6,creatinine assay,creatinine assay,12.091
P0427,keyword,7,Creatinine,Creatinine,12.056
P0427,keyword,8,area under the concentration-time curve,area under the concentration-time curve,10.511
P0427,keyword,9,Linearity,Linearity,8.444
P0427,keyword,10,"Renal Insufficiency, Chronic","Renal Insufficiency, Chronic",7.566
P0427,keyword,11,Laboratories,Laboratories,6.671
P0427,keyword,12,estimated glomerular filtration rate,estimated glomerular filtration rate,6.546
P0427,technique,1,머신러닝·AI,Machine Learning / AI,2.673
P0427,technique,2,질량분석,Mass Spectrometry,0.856
P0427,technique,3,생물정보·계산생물,Bioinformatics,0.663
P0427,technique,4,qPCR,Real-time PCR,0.659
P0427,technique,5,항체 개발,Antibody Engineering,0.551
P0427,technique,6,면역조직화학,Immunohistochemistry,0.24
P0432,keyword,1,Visual Acuity,Visual Acuity,13.302
P0432,keyword,2,"Tomography, Optical Coherence","Tomography, Optical Coherence",11.689
P0432,keyword,3,pars plana vitrectomy,pars plana vitrectomy,11.527
P0432,keyword,4,Scleral buckling,Scleral buckling,10.31
P0432,keyword,5,Retinal Perforations,Retinal Perforations,9.698
P0432,keyword,6,central macular thickness,central macular thickness,9.585
P0432,keyword,7,Retinal Detachment,Retinal Detachment,9.122
P0432,keyword,8,neovascular age-related macular degeneration,neovascular age-related macular degeneration,8.809
P0432,keyword,9,Vitrectomy,Vitrectomy,8.576
P0432,keyword,10,Wet Macular Degeneration,Wet Macular Degeneration,8.016
P0432,keyword,11,Fluorescein Angiography,Fluorescein Angiography,6.993
P0432,keyword,12,diabetic vitreous hemorrhage,diabetic vitreous hemorrhage,6.808
P0212,keyword,1,visible light photocatalysis,visible light photocatalysis,26.267
P0212,keyword,2,Catalysis,Catalysis,22.145
P0212,keyword,3,aerobic oxidation,aerobic oxidation,14.912
P0212,keyword,4,Brucine,Brucine,14.645
P0212,keyword,5,Friedel–Crafts reaction,Friedel–Crafts reaction,14.224
P0212,keyword,6,Keto–enol tautomerism,Keto–enol tautomerism,13.932
P0212,keyword,7,three-component reaction,three-component reaction,13.543
P0212,keyword,8,Alkenes,Alkenes,13.105
P0212,keyword,9,single electron transfer,single electron transfer,12.515
P0212,keyword,10,Tandem,Tandem,11.821
P0212,keyword,11,quinoxalin-2(1H)-ones,quinoxalin-2(1H)-ones,11.444
P0212,keyword,12,Combinatorial chemistry,Combinatorial chemistry,11.307
P0212,technique,1,X선 결정학·구조분석,X-ray Crystallography,6.155
P0212,technique,2,질량분석,Mass Spectrometry,0.589
P0212,technique,3,분자도킹·시뮬레이션,Molecular Docking / Dynamics,0.57
P0212,technique,4,나노입자·약물전달,Nanoparticles / Drug Delivery,0.282
P0594,keyword,1,AZD0530,AZD0530,16.632
P0594,keyword,2,saracatinib,saracatinib,13.41
P0594,keyword,3,gastric cancer,gastric cancer,7.333
P0594,keyword,4,RAD51C,RAD51C,6.228
P0594,keyword,5,ABL kinase inhibitors,ABL kinase inhibitors,5.692
P0594,keyword,6,pancreatic head,pancreatic head,5.42
P0594,keyword,7,Colorectal Neoplasms,Colorectal Neoplasms,5.032
P0594,keyword,8,Circulating Tumor DNA,Circulating Tumor DNA,4.802
P0594,keyword,9,laparoscopic foreign body removal,laparoscopic foreign body removal,4.6
P0594,keyword,10,combination chemotherapy,combination chemotherapy,4.518
P0594,keyword,11,Liver transplantation,Liver transplantation,4.509
P0594,keyword,12,Olaparib,Olaparib,4.432
P0594,technique,1,오가노이드,Organoids,2.873
P0594,technique,2,종양 이종이식 모델,Xenograft Models,1.53
P0594,technique,3,CRISPR 유전자편집,CRISPR Gene Editing,1.15
P0594,technique,4,단일세포 분석,Single-cell Analysis,0.998
P0594,technique,5,차세대 시퀀싱(NGS),Next-generation Sequencing,0.863
P0594,technique,6,RNA 치료제·siRNA,RNA Therapeutics,0.804
P0594,technique,7,줄기세포·iPSC,Stem Cells / iPSC,0.64
P0594,technique,8,유전자변형 마우스,Genetically Modified Mice,0.421
P0095,keyword,1,Population pharmacokinetics,Population pharmacokinetics,26.309
P0095,keyword,2,Extracorporeal Membrane Oxygenation,Extracorporeal Membrane Oxygenation,21.765
P0095,keyword,3,Ticagrelor,Ticagrelor,12.292
P0095,keyword,4,one-compartment model,one-compartment model,11.659
P0095,keyword,5,volume of distribution,volume of distribution,11.458
P0095,keyword,6,dose optimization,dose optimization,11.063
P0095,keyword,7,medication regimen complexity,medication regimen complexity,10.564
P0095,keyword,8,NONMEM,NONMEM,9.698
P0095,keyword,9,pharmacokinetics,pharmacokinetics,8.426
P0095,keyword,10,Therapeutic drug monitoring,Therapeutic drug monitoring,8.144
P0095,keyword,11,critical illness,critical illness,7.936
P0095,keyword,12,pembrolizumab,pembrolizumab,7.931
P0095,technique,1,임상시험,Clinical Trials,4.737
P0095,technique,2,질량분석,Mass Spectrometry,2.89
P0521,keyword,1,Microglia,Microglia,8.865
P0521,keyword,2,Neuralgia,Neuralgia,6.517
P0521,keyword,3,Inflammasomes,Inflammasomes,6.23
P0521,keyword,4,stroke,stroke,6.078
P0521,keyword,5,photothrombotic stroke,photothrombotic stroke,6.002
P0521,keyword,6,infarct size,infarct size,5.934
P0521,keyword,7,"NLR Family, Pyrin Domain-Containing 3 Protein","NLR Family, Pyrin Domain-Containing 3 Protein",5.894
P0521,keyword,8,Brain Injuries,Brain Injuries,5.709
P0521,keyword,9,inflammasome priming,inflammasome priming,5.561
P0521,keyword,10,Polylactic Acid-Polyglycolic Acid Copolymer,Polylactic Acid-Polyglycolic Acid Copolymer,5.314
P0521,keyword,11,Ischemic Stroke,Ischemic Stroke,5.208
P0521,keyword,12,convulsive status epilepticus,convulsive status epilepticus,4.789
P0521,technique,1,나노입자·약물전달,Nanoparticles / Drug Delivery,6.377
P0521,technique,2,RNA 치료제·siRNA,RNA Therapeutics,4.411
P0521,technique,3,유전자변형 마우스,Genetically Modified Mice,2.163
P0521,technique,4,초파리,Drosophila,0.86
P0521,technique,5,CRISPR 유전자편집,CRISPR Gene Editing,0.479
P0521,technique,6,면역조직화학,Immunohistochemistry,0.094
P0521,technique,7,생물정보·계산생물,Bioinformatics,0.084
P0568,keyword,1,Kelch-Like ECH-Associated Protein 1,Kelch-Like ECH-Associated Protein 1,7.854
P0568,keyword,2,Sequestosome-1 Protein,Sequestosome-1 Protein,6.685
P0568,keyword,3,NF-E2-Related Factor 2,NF-E2-Related Factor 2,5.377
P0568,keyword,4,KEAP1,KEAP1,4.137
P0568,keyword,5,lipotoxicity,lipotoxicity,4.092
P0568,keyword,6,Autophagy,Autophagy,3.223
P0568,keyword,7,ezetimibe,ezetimibe,2.57
P0568,keyword,8,modified low-density lipoprotein,modified low-density lipoprotein,2.546
P0568,keyword,9,"Adaptor Proteins, Signal Transducing","Adaptor Proteins, Signal Transducing",2.497
P0568,keyword,10,mTORC1,mTORC1,2.345
P0568,keyword,11,Heat-Shock Proteins,Heat-Shock Proteins,2.246
P0568,keyword,12,saturated free fatty acids,saturated free fatty acids,2.225
P0568,technique,1,미세유체·장기칩,Microfluidics / Organ-on-a-chip,1.569
P0568,technique,2,RNA 치료제·siRNA,RNA Therapeutics,0.779
P0568,technique,3,나노입자·약물전달,Nanoparticles / Drug Delivery,0.597
P0568,technique,4,유전자변형 마우스,Genetically Modified Mice,0.536
P0195,keyword,1,homologous targeting,homologous targeting,11.203
P0195,keyword,2,homophilic adhesion,homophilic adhesion,9.73
P0195,keyword,3,tumor cell membrane,tumor cell membrane,9.26
P0195,keyword,4,Snail Family Transcription Factors,Snail Family Transcription Factors,8.18
P0195,keyword,5,Clostridium perfringens enterotoxin,Clostridium perfringens enterotoxin,7.538
P0195,keyword,6,E-cadherin,E-cadherin,7.285
P0195,keyword,7,Cadherins,Cadherins,6.876
P0195,keyword,8,Doxorubicin,Doxorubicin,6.006
P0195,keyword,9,Claudin-4,Claudin-4,6.004
P0195,keyword,10,intermittent fasting,intermittent fasting,5.723
P0195,keyword,11,adhesion molecules,adhesion molecules,5.297
P0195,keyword,12,MoSe2 nanosheets,MoSe2 nanosheets,5.273
P0195,technique,1,나노입자·약물전달,Nanoparticles / Drug Delivery,6.803
P0195,technique,2,종양 이종이식 모델,Xenograft Models,1.794
P0195,technique,3,RNA-seq·전사체,RNA-seq / Transcriptomics,0.975
P0195,technique,4,유전자변형 마우스,Genetically Modified Mice,0.375
P0195,technique,5,생물정보·계산생물,Bioinformatics,0.116
P0788,keyword,1,Indoleacetic Acids,Indoleacetic Acids,16.439
P0788,keyword,2,Plant Roots,Plant Roots,13.965
P0788,keyword,3,Root hair,Root hair,11.309
P0788,keyword,4,Auxin,Auxin,10.51
P0788,keyword,5,PIN2,PIN2,10.176
P0788,keyword,6,"Gene Expression Regulation, Plant","Gene Expression Regulation, Plant",8.738
P0788,keyword,7,Gravitropism,Gravitropism,8.133
P0788,keyword,8,lateral root formation,lateral root formation,8.086
P0788,keyword,9,Plant Epidermis,Plant Epidermis,6.715
P0788,keyword,10,polar auxin transport,polar auxin transport,6.193
P0788,keyword,11,root hair growth,root hair growth,6.035
P0788,keyword,12,auxin efflux transporters,auxin efflux transporters,5.68
P0788,technique,1,애기장대·식물 모델,Arabidopsis,29.39
P0788,technique,2,형광·공초점 이미징,Fluorescence / Confocal Imaging,0.999
P0788,technique,3,RNA-seq·전사체,RNA-seq / Transcriptomics,0.255
P0788,technique,4,생물정보·계산생물,Bioinformatics,0.108
P0549,keyword,1,soybean,soybean,17.389
P0549,keyword,2,recombinant inbred lines,recombinant inbred lines,15.349
P0549,keyword,3,Quantitative Trait Loci,Quantitative Trait Loci,10.139
P0549,keyword,4,Glycine max,Glycine max,9.353
P0549,keyword,5,Genetic Linkage,Genetic Linkage,8.66
P0549,keyword,6,host plant resistance,host plant resistance,8.035
P0549,keyword,7,seed protein content,seed protein content,7.901
P0549,keyword,8,Chromosome Mapping,Chromosome Mapping,7.761
P0549,keyword,9,soybean breeding,soybean breeding,7.727
P0549,keyword,10,Quantitative trait locus,Quantitative trait locus,7.455
P0549,keyword,11,Genetic linkage map,Genetic linkage map,6.709
P0549,keyword,12,flower color,flower color,6.651
P0549,technique,1,GWAS·유전역학,GWAS / Genetic Epidemiology,3.782
P0549,technique,2,생물정보·계산생물,Bioinformatics,0.122
P0676,keyword,1,Helicobacter pylori,Helicobacter pylori,12.121
P0676,keyword,2,arctigenin,arctigenin,8.722
P0676,keyword,3,XIAP,XIAP,7.905
P0676,keyword,4,CagA,CagA,7.337
P0676,keyword,5,SecA,SecA,7.234
P0676,keyword,6,zerumbone,zerumbone,6.872
P0676,keyword,7,Hesperetin,Hesperetin,6.58
P0676,keyword,8,Survivin,Survivin,6.528
P0676,keyword,9,caraway,caraway,6.516
P0676,keyword,10,evodiamine,evodiamine,6.128
P0676,keyword,11,CagA translocation,CagA translocation,5.859
P0676,keyword,12,type IV secretion system,type IV secretion system,5.61
P0676,technique,1,웨스턴블롯,Western Blot,1.031
P0676,technique,2,RNA-seq·전사체,RNA-seq / Transcriptomics,0.721
P0140,keyword,1,synthetic biology,synthetic biology,9.957
P0140,keyword,2,Escherichia coli,Escherichia coli,9.063
P0140,keyword,3,"Gene Expression Regulation, Bacterial","Gene Expression Regulation, Bacterial",5.224
P0140,keyword,4,gene essentiality,gene essentiality,4.976
P0140,keyword,5,Escherichia coli Proteins,Escherichia coli Proteins,4.723
P0140,keyword,6,"Genome, Bacterial","Genome, Bacterial",4.424
P0140,keyword,7,Gentamicins,Gentamicins,4.127
P0140,keyword,8,toxin-antitoxin systems,toxin-antitoxin systems,4.034
P0140,keyword,9,Escherichia coli K12,Escherichia coli K12,3.879
P0140,keyword,10,Enzyme Assays,Enzyme Assays,3.781
P0140,keyword,11,bacterial respiration,bacterial respiration,3.575
P0140,keyword,12,gentamicin resistance,gentamicin resistance,3.515
P0140,technique,1,CRISPR 유전자편집,CRISPR Gene Editing,3.901
P0140,technique,2,RNA-seq·전사체,RNA-seq / Transcriptomics,2.835
P0140,technique,3,생물정보·계산생물,Bioinformatics,1.638
P0140,technique,4,머신러닝·AI,Machine Learning / AI,0.72
P0140,technique,5,차세대 시퀀싱(NGS),Next-generation Sequencing,0.54
P1004,keyword,1,South Atlantic Convergence Zone,South Atlantic Convergence Zone,1.263
P1004,keyword,2,wave-mean flow interaction,wave-mean flow interaction,0.795
P1004,keyword,3,atmospheric waves,atmospheric waves,0.792
P1004,keyword,4,statistical downscaling,statistical downscaling,0.776
P1004,keyword,5,tropical convection,tropical convection,0.695
P1004,keyword,6,regional climate modeling,regional climate modeling,0.644
P1004,keyword,7,multi-model ensemble,multi-model ensemble,0.529
P1004,keyword,8,climate downscaling,climate downscaling,0.488
P0222,keyword,1,irisin,irisin,27.605
P0222,keyword,2,Myokines,Myokines,19.508
P0222,keyword,3,FNDC5,FNDC5,18.842
P0222,keyword,4,"Muscle, Skeletal","Muscle, Skeletal",10.757
P0222,keyword,5,NLRP3 inflammasome,NLRP3 inflammasome,8.824
P0222,keyword,6,Myokine,Myokine,8.811
P0222,keyword,7,Adipocytes,Adipocytes,8.719
P0222,keyword,8,Fibronectins,Fibronectins,8.704
P0222,keyword,9,FABP4,FABP4,8.547
P0222,keyword,10,adipose tissue inflammation,adipose tissue inflammation,8.473
P0222,keyword,11,high-fat diet,high-fat diet,8.394
P0222,keyword,12,Exercise,Exercise,7.63
P0222,technique,1,유전자변형 마우스,Genetically Modified Mice,2.739
P0222,technique,2,RNA-seq·전사체,RNA-seq / Transcriptomics,1.179
P0222,technique,3,웨스턴블롯,Western Blot,0.877
P0222,technique,4,ELISA,ELISA,0.741
P0222,technique,5,qPCR,Real-time PCR,0.45
P0222,technique,6,나노입자·약물전달,Nanoparticles / Drug Delivery,0.329
P0222,technique,7,생물정보·계산생물,Bioinformatics,0.301
P1041,keyword,1,Osteoarthritis,Osteoarthritis,7.271
P1041,keyword,2,cartilage homeostasis,cartilage homeostasis,6.83
P1041,keyword,3,polymethoxyflavonoids,polymethoxyflavonoids,6.764
P1041,keyword,4,Chondrocytes,Chondrocytes,6.477
P1041,keyword,5,CTX-II,CTX-II,6.273
P1041,keyword,6,"Cartilage, Articular","Cartilage, Articular",5.889
P1041,keyword,7,ASCUS,ASCUS,4.2
P1041,keyword,8,immunocytochemical staining,immunocytochemical staining,4.15
P1041,keyword,9,monosodium iodoacetate,monosodium iodoacetate,4.12
P1041,keyword,10,extracellular matrix degradation,extracellular matrix degradation,3.805
P1041,keyword,11,cervical atrophy,cervical atrophy,3.445
P1041,keyword,12,TIMP-1,TIMP-1,3.382
P1041,technique,1,유전자변형 마우스,Genetically Modified Mice,0.265
P1041,technique,2,RNA-seq·전사체,RNA-seq / Transcriptomics,0.245
P0240,keyword,1,watermelon,watermelon,19.32
P0240,keyword,2,Bulked segregant analysis,Bulked segregant analysis,14.885
P0240,keyword,3,Citrullus,Citrullus,12.307
P0240,keyword,4,SNP markers,SNP markers,10.39
P0240,keyword,5,Tobamovirus,Tobamovirus,8.5
P0240,keyword,6,virus-induced gene silencing,virus-induced gene silencing,8.0
P0240,keyword,7,Cucurbitaceae,Cucurbitaceae,6.409
P0240,keyword,8,CaMV 35S promoter,CaMV 35S promoter,6.243
P0240,keyword,9,stamen development,stamen development,5.888
P0240,keyword,10,gene function validation,gene function validation,5.855
P0240,keyword,11,cultivar identification,cultivar identification,5.686
P0240,keyword,12,male sterility,male sterility,4.836
P0240,technique,1,RNA-seq·전사체,RNA-seq / Transcriptomics,1.305
P0240,technique,2,차세대 시퀀싱(NGS),Next-generation Sequencing,0.218
P0240,technique,3,생물정보·계산생물,Bioinformatics,0.164
P0449,keyword,1,Genetic Counseling,Genetic Counseling,14.853
P0449,keyword,2,hereditary breast and ovarian cancer,hereditary breast and ovarian cancer,8.482
P0449,keyword,3,Genetic Testing,Genetic Testing,7.523
P0449,keyword,4,"Leukemia, Myeloid, Acute","Leukemia, Myeloid, Acute",7.288
P0449,keyword,5,BRCA2 Protein,BRCA2 Protein,6.766
P0449,keyword,6,Cytogenetic Analysis,Cytogenetic Analysis,6.484
P0449,keyword,7,BRCA1 Protein,BRCA1 Protein,6.013
P0449,keyword,8,Karyotyping,Karyotyping,5.921
P0449,keyword,9,BRCA1,BRCA1,5.49
P0449,keyword,10,Cytogenetics,Cytogenetics,5.226
P0449,keyword,11,Ovarian Neoplasms,Ovarian Neoplasms,5.166
P0449,keyword,12,Myelodysplastic Syndromes,Myelodysplastic Syndromes,5.046
P0449,technique,1,RNA-seq·전사체,RNA-seq / Transcriptomics,1.379
P0449,technique,2,GWAS·유전역학,GWAS / Genetic Epidemiology,1.0
P0449,technique,3,머신러닝·AI,Machine Learning / AI,0.766
P0449,technique,4,생물정보·계산생물,Bioinformatics,0.693
P0449,technique,5,유세포분석,Flow Cytometry,0.678
P0449,technique,6,면역조직화학,Immunohistochemistry,0.629
P0449,technique,7,웨스턴블롯,Western Blot,0.105
P0958,keyword,1,Sphingosine N-Acyltransferase,Sphingosine N-Acyltransferase,7.123
P0958,keyword,2,Sphingolipids,Sphingolipids,6.028
P0958,keyword,3,multi-view stereo,multi-view stereo,4.928
P0958,keyword,4,Palatine Tonsil,Palatine Tonsil,4.756
P0958,keyword,5,ceramide synthase 2,ceramide synthase 2,4.715
P0958,keyword,6,SARS-CoV-2 nucleocapsid protein,SARS-CoV-2 nucleocapsid protein,4.659
P0958,keyword,7,convex hull,convex hull,4.651
P0958,keyword,8,magnetic actuation,magnetic actuation,4.583
P0958,keyword,9,workspace expansion,workspace expansion,4.5
P0958,keyword,10,Ceramides,Ceramides,4.335
P0958,keyword,11,minimum enclosing circle,minimum enclosing circle,4.088
P0958,keyword,12,bioaerosol detection,bioaerosol detection,3.979
P0958,technique,1,줄기세포·iPSC,Stem Cells / iPSC,2.753
P0958,technique,2,유전자변형 마우스,Genetically Modified Mice,1.687
P0958,technique,3,나노입자·약물전달,Nanoparticles / Drug Delivery,1.157
P0958,technique,4,웨스턴블롯,Western Blot,1.046
P0958,technique,5,qPCR,Real-time PCR,0.793
P0958,technique,6,ELISA,ELISA,0.663
P0958,technique,7,유세포분석,Flow Cytometry,0.515
P0958,technique,8,RNA-seq·전사체,RNA-seq / Transcriptomics,0.365
P1107,keyword,1,partial equilibrium model,partial equilibrium model,4.321
P1107,keyword,2,policy simulation model,policy simulation model,3.74
P1107,keyword,3,rice prices,rice prices,3.611
P1107,keyword,4,policy effectiveness and efficiency,policy effectiveness and efficiency,3.6
P1107,keyword,5,agricultural markets,agricultural markets,2.939
P1107,keyword,6,agricultural trade,agricultural trade,2.141
P1107,keyword,7,Agricultural economics,Agricultural economics,2.134
P1107,keyword,8,economic growth effects,economic growth effects,1.923
P1107,keyword,9,agricultural policy,agricultural policy,1.542
P1107,keyword,10,Agriculture,Agriculture,1.525
P1107,keyword,11,Tariff,Tariff,1.386
P1107,keyword,12,Direct Payments,Direct Payments,1.253
P0538,keyword,1,Indoor air quality,Indoor air quality,14.105
P0538,keyword,2,Erwinia amylovora,Erwinia amylovora,13.071
P0538,keyword,3,fire blight,fire blight,12.906
P0538,keyword,4,fungal diversity,fungal diversity,9.433
P0538,keyword,5,National Archives of Korea,National Archives of Korea,7.291
P0538,keyword,6,fungal concentration,fungal concentration,6.96
P0538,keyword,7,Mushroom,Mushroom,6.902
P0538,keyword,8,Indoor air,Indoor air,6.572
P0538,keyword,9,coprophilous fungi,coprophilous fungi,6.503
P0538,keyword,10,horse dung,horse dung,6.405
P0538,keyword,11,airborne fungi,airborne fungi,6.209
P0538,keyword,12,Agaricus bisporus,Agaricus bisporus,5.554
P0538,technique,1,qPCR,Real-time PCR,0.598
P0538,technique,2,생물정보·계산생물,Bioinformatics,0.374
P0329,keyword,1,Endometrial cancer,Endometrial cancer,9.878
P0329,keyword,2,KRAS signaling,KRAS signaling,7.399
P0329,keyword,3,corticosteroid response,corticosteroid response,6.387
P0329,keyword,4,RL95-2 cells,RL95-2 cells,6.378
P0329,keyword,5,Ishikawa cells,Ishikawa cells,6.129
P0329,keyword,6,progesterone resistance,progesterone resistance,5.601
P0329,keyword,7,Medroxyprogesterone acetate,Medroxyprogesterone acetate,4.935
P0329,keyword,8,endometrioid carcinoma,endometrioid carcinoma,4.891
P0329,keyword,9,adult granulosa cell tumor,adult granulosa cell tumor,4.694
P0329,keyword,10,high-risk endometrial cancer,high-risk endometrial cancer,4.612
P0329,keyword,11,Endometrial Neoplasms,Endometrial Neoplasms,4.517
P0329,keyword,12,epithelial differentiation,epithelial differentiation,4.497
P0329,technique,1,면역조직화학,Immunohistochemistry,0.935
P0329,technique,2,임상시험,Clinical Trials,0.79
P0329,technique,3,RNA-seq·전사체,RNA-seq / Transcriptomics,0.584
P0329,technique,4,조직공학·바이오프린팅,Tissue Engineering / Bioprinting,0.155
P0329,technique,5,생물정보·계산생물,Bioinformatics,0.078
P0660,keyword,1,media hype,media hype,5.223
P0660,keyword,2,public concern,public concern,3.66
P0660,keyword,3,Risk perception,Risk perception,3.607
P0660,keyword,4,online public participation,online public participation,2.834
P0660,keyword,5,internet environment,internet environment,2.525
P0660,keyword,6,Social constructionism,Social constructionism,2.027
P0660,keyword,7,Altruism (biology),Altruism (biology),2.006
P0660,keyword,8,media coverage,media coverage,1.925
P0660,keyword,9,media influence,media influence,1.805
P0660,keyword,10,Mass Media,Mass Media,1.582
P0660,keyword,11,interactivity,interactivity,1.574
P0660,keyword,12,psychometric assessment,psychometric assessment,1.555
P0660,technique,1,머신러닝·AI,Machine Learning / AI,0.104
P0926,keyword,1,sample multiplexing,sample multiplexing,8.767
P0926,keyword,2,semi-nonnegative matrix factorization,semi-nonnegative matrix factorization,6.859
P0926,keyword,3,cell hashing,cell hashing,6.458
P0926,keyword,4,surface protein expression,surface protein expression,5.832
P0926,keyword,5,pediatric lupus,pediatric lupus,5.506
P0926,keyword,6,demultiplexing,demultiplexing,4.695
P0926,keyword,7,CD4+ T cell activation,CD4+ T cell activation,4.547
P0926,keyword,8,Epitopes,Epitopes,4.163
P0926,keyword,9,fibrosis prediction,fibrosis prediction,4.137
P0926,keyword,10,CTLA-4 Antigen,CTLA-4 Antigen,3.922
P0926,keyword,11,Aging brain,Aging brain,3.784
P0926,keyword,12,cell surface proteome,cell surface proteome,3.726
P0926,technique,1,단일세포 분석,Single-cell Analysis,14.311
P0926,technique,2,CRISPR 유전자편집,CRISPR Gene Editing,9.603
P0926,technique,3,RNA-seq·전사체,RNA-seq / Transcriptomics,6.813
P0926,technique,4,차세대 시퀀싱(NGS),Next-generation Sequencing,6.66
P0926,technique,5,CAR-T·입양세포치료,CAR-T / Adoptive Cell Therapy,2.699
P0926,technique,6,생물정보·계산생물,Bioinformatics,2.533
P0926,technique,7,유세포분석,Flow Cytometry,1.47
P0726,keyword,1,slot-die coating,slot-die coating,28.055
P0726,keyword,2,extensional rheology,extensional rheology,18.719
P0726,keyword,3,complex fluids,complex fluids,12.504
P0726,keyword,4,adaptive mesh refinement,adaptive mesh refinement,12.212
P0726,keyword,5,slurry microstructure,slurry microstructure,10.901
P0726,keyword,6,Jeffreys model,Jeffreys model,10.176
P0726,keyword,7,Viscoelasticity,Viscoelasticity,10.151
P0726,keyword,8,Coating,Coating,9.94
P0726,keyword,9,fluid classification,fluid classification,9.299
P0726,keyword,10,battery electrodes,battery electrodes,9.251
P0726,keyword,11,Newtonian fluid,Newtonian fluid,9.094
P0726,keyword,12,Weissenberg number,Weissenberg number,8.975
P0726,technique,1,머신러닝·AI,Machine Learning / AI,2.862
P0726,technique,2,전자현미경,Electron Microscopy,0.996
P0726,technique,3,미세유체·장기칩,Microfluidics / Organ-on-a-chip,0.771
P0726,technique,4,나노입자·약물전달,Nanoparticles / Drug Delivery,0.295
P0726,technique,5,분자도킹·시뮬레이션,Molecular Docking / Dynamics,0.142
P0726,technique,6,X선 결정학·구조분석,X-ray Crystallography,0.099
P0154,keyword,1,Amyotrophic Lateral Sclerosis,Amyotrophic Lateral Sclerosis,12.69
P0154,keyword,2,Dementia,Dementia,6.655
P0154,keyword,3,Weight Lifting,Weight Lifting,6.328
P0154,keyword,4,Deglutition Disorders,Deglutition Disorders,6.032
P0154,keyword,5,Gastrostomy,Gastrostomy,5.691
P0154,keyword,6,Pick Disease of the Brain,Pick Disease of the Brain,5.457
P0154,keyword,7,Frontotemporal dementia,Frontotemporal dementia,5.183
P0154,keyword,8,"Hematoma, Epidural, Spinal","Hematoma, Epidural, Spinal",5.138
P0154,keyword,9,bulbar onset,bulbar onset,5.032
P0154,keyword,10,Gastroscopy,Gastroscopy,4.784
P0154,keyword,11,cerebral microbleeds,cerebral microbleeds,3.856
P0154,keyword,12,Enteral Nutrition,Enteral Nutrition,3.835
P0154,technique,1,MRI·PET 영상,MRI / PET Imaging,1.499
P0595,keyword,1,subcortical infarcts,subcortical infarcts,5.855
P0595,keyword,2,corona radiata,corona radiata,4.736
P0595,keyword,3,lacunar stroke,lacunar stroke,3.384
P0595,keyword,4,lesion size,lesion size,3.054
P0595,keyword,5,transient ischemic attack,transient ischemic attack,3.032
P0595,keyword,6,hanging,hanging,2.831
P0595,keyword,7,lesion localization,lesion localization,2.633
P0595,keyword,8,diffusion-weighted imaging,diffusion-weighted imaging,2.245
P0595,keyword,9,suicide attempts,suicide attempts,1.446
P0595,keyword,10,traumatic brain injury,traumatic brain injury,1.4
P0595,keyword,11,Internal Capsule,Internal Capsule,1.358
P0595,keyword,12,Rhabdomyolysis,Rhabdomyolysis,1.313
P0595,technique,1,MRI·PET 영상,MRI / PET Imaging,1.549
P0959,keyword,1,barley sprouts,barley sprouts,11.373
P0959,keyword,2,Plant Extracts,Plant Extracts,8.909
P0959,keyword,3,Phyllanthus emblica,Phyllanthus emblica,8.703
P0959,keyword,4,wrinkle formation,wrinkle formation,8.626
P0959,keyword,5,Laurus nobilis,Laurus nobilis,7.711
P0959,keyword,6,Withania,Withania,7.031
P0959,keyword,7,Melanogenesis,Melanogenesis,6.755
P0959,keyword,8,"Cartilage, Articular","Cartilage, Articular",6.656
P0959,keyword,9,Osteoarthritis,Osteoarthritis,6.614
P0959,keyword,10,photoaging,photoaging,6.51
P0959,keyword,11,UVB irradiation,UVB irradiation,6.391
P0959,keyword,12,Nasal cartilages,Nasal cartilages,6.387
P0959,technique,1,종양 이종이식 모델,Xenograft Models,0.378
P0959,technique,2,면역조직화학,Immunohistochemistry,0.32
P0959,technique,3,질량분석,Mass Spectrometry,0.274
P0959,technique,4,RNA-seq·전사체,RNA-seq / Transcriptomics,0.163
P0959,technique,5,생물정보·계산생물,Bioinformatics,0.042
P0959,technique,6,머신러닝·AI,Machine Learning / AI,0.036
P0278,keyword,1,Amusement,Amusement,3.307
P0278,keyword,2,Enrofloxacin,Enrofloxacin,3.08
P0278,keyword,3,Sucralose,Sucralose,2.906
P0278,keyword,4,Artificial Sweetener,Artificial Sweetener,2.829
P0278,keyword,5,Aspartame,Aspartame,2.791
P0278,keyword,6,Maximum Residue Limit,Maximum Residue Limit,1.94
P0278,keyword,7,Drug Residues,Drug Residues,1.805
P0278,keyword,8,Putrefaction,Putrefaction,1.8
P0278,keyword,9,Microchip Analytical Procedures,Microchip Analytical Procedures,1.699
P0278,keyword,10,Food science,Food science,1.615
P0278,keyword,11,Food Inspection,Food Inspection,1.558
P0278,keyword,12,Food Contamination,Food Contamination,1.447
P0852,keyword,1,"Gene Expression Regulation, Plant","Gene Expression Regulation, Plant",19.155
P0852,keyword,2,"Organogenesis, Plant","Organogenesis, Plant",12.677
P0852,keyword,3,Solanum tuberosum,Solanum tuberosum,12.114
P0852,keyword,4,shoot regeneration,shoot regeneration,10.617
P0852,keyword,5,potato,potato,9.872
P0852,keyword,6,ethylene signaling,ethylene signaling,8.491
P0852,keyword,7,Plant Leaves,Plant Leaves,8.068
P0852,keyword,8,Indoleacetic Acids,Indoleacetic Acids,7.726
P0852,keyword,9,Photoperiod,Photoperiod,7.582
P0852,keyword,10,MADS Domain Proteins,MADS Domain Proteins,7.502
P0852,keyword,11,Plant Tubers,Plant Tubers,6.802
P0852,keyword,12,Ethylenes,Ethylenes,6.706
P0852,technique,1,애기장대·식물 모델,Arabidopsis,33.479
P0852,technique,2,RNA-seq·전사체,RNA-seq / Transcriptomics,1.424
P0852,technique,3,CRISPR 유전자편집,CRISPR Gene Editing,1.359
P0852,technique,4,차세대 시퀀싱(NGS),Next-generation Sequencing,0.688
P0852,technique,5,생물정보·계산생물,Bioinformatics,0.416
P0251,keyword,1,Alzheimer Disease,Alzheimer Disease,12.264
P0251,keyword,2,Amyloid beta-Peptides,Amyloid beta-Peptides,10.716
P0251,keyword,3,linear ubiquitination,linear ubiquitination,8.414
P0251,keyword,4,Mushroom Bodies,Mushroom Bodies,8.096
P0251,keyword,5,Ephrins,Ephrins,7.91
P0251,keyword,6,Wasps,Wasps,7.209
P0251,keyword,7,Fatty Acid-Binding Proteins,Fatty Acid-Binding Proteins,6.777
P0251,keyword,8,Neuroglia,Neuroglia,6.683
P0251,keyword,9,HOIP,HOIP,6.595
P0251,keyword,10,Vespa crabro,Vespa crabro,6.536
P0251,keyword,11,European hornet,European hornet,6.294
P0251,keyword,12,Proteostasis,Proteostasis,6.208
P0251,technique,1,초파리,Drosophila,34.677
P0251,technique,2,분자도킹·시뮬레이션,Molecular Docking / Dynamics,0.649
P0251,technique,3,생물정보·계산생물,Bioinformatics,0.609
P0251,technique,4,면역조직화학,Immunohistochemistry,0.605
P0251,technique,5,웨스턴블롯,Western Blot,0.425
P0251,technique,6,전자현미경,Electron Microscopy,0.259
P0254,keyword,1,Bone Wires,Bone Wires,42.128
P0254,keyword,2,"Fracture Fixation, Internal","Fracture Fixation, Internal",39.18
P0254,keyword,3,"Fractures, Bone","Fractures, Bone",27.732
P0254,keyword,4,failure load,failure load,25.829
P0254,keyword,5,Bone Nails,Bone Nails,25.685
P0254,keyword,6,Dogs,Dogs,22.09
P0254,keyword,7,Cadaver,Cadaver,21.757
P0254,keyword,8,Patella fracture,Patella fracture,21.27
P0254,keyword,9,Biomechanical Phenomena,Biomechanical Phenomena,20.162
P0254,keyword,10,fracture fixation biomechanics,fracture fixation biomechanics,19.88
P0254,keyword,11,Bone Screws,Bone Screws,18.331
P0254,keyword,12,Cats,Cats,15.915
P0254,technique,1,조직공학·바이오프린팅,Tissue Engineering / Bioprinting,3.908
P0254,technique,2,MRI·PET 영상,MRI / PET Imaging,2.707
P0254,technique,3,하이드로젤·스캐폴드,Hydrogels / Scaffolds,2.515
P0254,technique,4,나노입자·약물전달,Nanoparticles / Drug Delivery,1.647
P0254,technique,5,줄기세포·iPSC,Stem Cells / iPSC,1.138
P0254,technique,6,머신러닝·AI,Machine Learning / AI,1.008
P0254,technique,7,임상시험,Clinical Trials,0.864
P0254,technique,8,유전자변형 마우스,Genetically Modified Mice,0.433
P0107,keyword,1,"Enhancer Elements, Genetic","Enhancer Elements, Genetic",12.508
P0107,keyword,2,enhancer RNA,enhancer RNA,5.691
P0107,keyword,3,Enhancer,Enhancer,5.53
P0107,keyword,4,"Transcription, Genetic","Transcription, Genetic",5.045
P0107,keyword,5,"Herpesvirus 8, Human","Herpesvirus 8, Human",4.657
P0107,keyword,6,flavopiridol,flavopiridol,4.601
P0107,keyword,7,"Promoter Regions, Genetic","Promoter Regions, Genetic",4.434
P0107,keyword,8,biomolecular condensates,biomolecular condensates,4.368
P0107,keyword,9,transcriptional bursting,transcriptional bursting,4.361
P0107,keyword,10,enhancer-promoter interactions,enhancer-promoter interactions,4.147
P0107,keyword,11,ligand-dependent transcription,ligand-dependent transcription,4.036
P0107,keyword,12,eukaryotic transcription,eukaryotic transcription,3.867
P0107,technique,1,CRISPR 유전자편집,CRISPR Gene Editing,1.324
P0107,technique,2,머신러닝·AI,Machine Learning / AI,1.207
P0107,technique,3,형광·공초점 이미징,Fluorescence / Confocal Imaging,1.043
P0107,technique,4,생물정보·계산생물,Bioinformatics,0.69
P0107,technique,5,유전자변형 마우스,Genetically Modified Mice,0.563
P0107,technique,6,종양 이종이식 모델,Xenograft Models,0.441
P0107,technique,7,나노입자·약물전달,Nanoparticles / Drug Delivery,0.363
P0107,technique,8,qPCR,Real-time PCR,0.212
P0102,keyword,1,Th2 differentiation,Th2 differentiation,6.266
P0102,keyword,2,Vitis amurensis,Vitis amurensis,6.233
P0102,keyword,3,GATA3 Transcription Factor,GATA3 Transcription Factor,6.032
P0102,keyword,4,stilbenoids,stilbenoids,5.432
P0102,keyword,5,Vitis,Vitis,5.337
P0102,keyword,6,transcriptional inhibition,transcriptional inhibition,5.276
P0102,keyword,7,Circular Dichroism,Circular Dichroism,4.779
P0102,keyword,8,Anticodon,Anticodon,4.145
P0102,keyword,9,"Models, Molecular","Models, Molecular",3.991
P0102,keyword,10,undruggable proteins,undruggable proteins,3.876
P0102,keyword,11,Stilbenes,Stilbenes,3.793
P0102,keyword,12,Binding Sites,Binding Sites,3.789
P0102,technique,1,X선 결정학·구조분석,X-ray Crystallography,10.323
P0102,technique,2,분자도킹·시뮬레이션,Molecular Docking / Dynamics,4.193
P0102,technique,3,질량분석,Mass Spectrometry,2.138
P0102,technique,4,생물정보·계산생물,Bioinformatics,0.598
P0102,technique,5,ELISA,ELISA,0.559
P0102,technique,6,단백체,Proteomics,0.296
P0102,technique,7,종양 이종이식 모델,Xenograft Models,0.233
P0102,technique,8,머신러닝·AI,Machine Learning / AI,0.031
P0829,keyword,1,microalgae,microalgae,78.712
P0829,keyword,2,Haematococcus pluvialis,Haematococcus pluvialis,76.33
P0829,keyword,3,Biomass,Biomass,52.277
P0829,keyword,4,Photobioreactor,Photobioreactor,40.167
P0829,keyword,5,photobioreactors,photobioreactors,39.361
P0829,keyword,6,Chlorophyta,Chlorophyta,35.741
P0829,keyword,7,Astaxanthin,Astaxanthin,34.773
P0829,keyword,8,Chlamydomonas reinhardtii,Chlamydomonas reinhardtii,34.005
P0829,keyword,9,Biosensing Techniques,Biosensing Techniques,32.297
P0829,keyword,10,Chlorophyceae,Chlorophyceae,30.675
P0829,keyword,11,xanthophylls,xanthophylls,29.157
P0829,keyword,12,Gold,Gold,27.377
P0829,technique,1,나노입자·약물전달,Nanoparticles / Drug Delivery,23.983
P0829,technique,2,미세유체·장기칩,Microfluidics / Organ-on-a-chip,14.41
P0829,technique,3,엑소좀·세포외소포,Exosomes / EVs,6.417
P0829,technique,4,머신러닝·AI,Machine Learning / AI,5.067
P0829,technique,5,생물정보·계산생물,Bioinformatics,2.446
P0829,technique,6,RNA-seq·전사체,RNA-seq / Transcriptomics,1.865
P0829,technique,7,전자현미경,Electron Microscopy,1.669
P0829,technique,8,CRISPR 유전자편집,CRISPR Gene Editing,1.598
P0448,keyword,1,Meckel's diverticulum,Meckel's diverticulum,0.345
P0448,keyword,2,Acute disseminated encephalomyelitis,Acute disseminated encephalomyelitis,0.315
P0448,keyword,3,Diverticulum (mollusc),Diverticulum (mollusc),0.233
P0448,keyword,4,Acute abdomen,Acute abdomen,0.206
P0448,keyword,5,Myoclonic Jerk,Myoclonic Jerk,0.191
P0448,keyword,6,Diverticulitis,Diverticulitis,0.162
P0448,keyword,7,Intussusception (medical disorder),Intussusception (medical disorder),0.14
P0448,keyword,8,Hemiparesis,Hemiparesis,0.133
P0448,keyword,9,Abdomen,Abdomen,0.106
P0448,keyword,10,Perforation,Perforation,0.106
P0448,keyword,11,Encephalitis,Encephalitis,0.089
P0448,keyword,12,Multiple sclerosis,Multiple sclerosis,0.088
P0424,keyword,1,tuberculosis prevention,tuberculosis prevention,8.189
P0424,keyword,2,"Education, Medical, Undergraduate","Education, Medical, Undergraduate",6.473
P0424,keyword,3,"Schools, Medical","Schools, Medical",6.473
P0424,keyword,4,web platform,web platform,5.773
P0424,keyword,5,exergames,exergames,5.7
P0424,keyword,6,leadership,leadership,5.488
P0424,keyword,7,system-level design,system-level design,5.348
P0424,keyword,8,Infection Control,Infection Control,5.31
P0424,keyword,9,tuberculosis surveillance,tuberculosis surveillance,5.178
P0424,keyword,10,Antitubercular Agents,Antitubercular Agents,5.178
P0424,keyword,11,family involvement,family involvement,5.129
P0424,keyword,12,tuberculosis care,tuberculosis care,5.094
P0295,keyword,1,Streptomyces,Streptomyces,9.755
P0295,keyword,2,Tripolium pannonicum,Tripolium pannonicum,9.375
P0295,keyword,3,Absolute configuration,Absolute configuration,8.699
P0295,keyword,4,chiral derivatization,chiral derivatization,8.638
P0295,keyword,5,structure elucidation,structure elucidation,8.571
P0295,keyword,6,molecular networking,molecular networking,8.448
P0295,keyword,7,Bacillus amyloliquefaciens,Bacillus amyloliquefaciens,8.326
P0295,keyword,8,Lipopeptides,Lipopeptides,8.237
P0295,keyword,9,Amycolatopsis,Amycolatopsis,7.627
P0295,keyword,10,phenylglycine methyl ester,phenylglycine methyl ester,7.31
P0295,keyword,11,"Peptides, Cyclic","Peptides, Cyclic",7.109
P0295,keyword,12,lasso peptides,lasso peptides,6.578
P0295,technique,1,대사체·지질체,Metabolomics / Lipidomics,4.639
P0295,technique,2,질량분석,Mass Spectrometry,3.86
P0295,technique,3,분자도킹·시뮬레이션,Molecular Docking / Dynamics,1.292
P0295,technique,4,X선 결정학·구조분석,X-ray Crystallography,0.6
P0024,keyword,1,Liver transplantation,Liver transplantation,30.118
P0024,keyword,2,Living Donors,Living Donors,28.304
P0024,keyword,3,living donor liver transplantation,living donor liver transplantation,14.181
P0024,keyword,4,deceased donor liver transplantation,deceased donor liver transplantation,7.747
P0024,keyword,5,graft failure,graft failure,6.684
P0024,keyword,6,Graft Survival,Graft Survival,6.41
P0024,keyword,7,Hepatectomy,Hepatectomy,6.045
P0024,keyword,8,donor age,donor age,5.999
P0024,keyword,9,graft reperfusion,graft reperfusion,5.618
P0024,keyword,10,hepatic ischemia-reperfusion injury,hepatic ischemia-reperfusion injury,4.818
P0024,keyword,11,"Carcinoma, Hepatocellular","Carcinoma, Hepatocellular",4.818
P0024,keyword,12,Burn Units,Burn Units,4.658
P0024,technique,1,유세포분석,Flow Cytometry,0.342
P0711,keyword,1,insulin-like growth factor II,insulin-like growth factor II,56.189
P0711,keyword,2,alveolar stem cells,alveolar stem cells,51.553
P0711,keyword,3,emphysema,emphysema,42.659
P0711,keyword,4,alveolar regeneration,alveolar regeneration,34.543
P0711,keyword,5,Lung Neoplasms,Lung Neoplasms,31.61
P0711,keyword,6,benzo[a]pyrene,benzo[a]pyrene,30.83
P0711,keyword,7,"Carcinoma, Non-Small-Cell Lung","Carcinoma, Non-Small-Cell Lung",28.369
P0711,keyword,8,IGF-1 receptor,IGF-1 receptor,28.284
P0711,keyword,9,Lung cancer,Lung cancer,27.218
P0711,keyword,10,non-small cell lung cancer,non-small cell lung cancer,23.693
P0711,keyword,11,alveolar type II cells,alveolar type II cells,23.381
P0711,keyword,12,Hsp90,Hsp90,22.751
P0711,technique,1,종양 이종이식 모델,Xenograft Models,16.107
P0711,technique,2,항체 개발,Antibody Engineering,8.964
P0711,technique,3,웨스턴블롯,Western Blot,3.361
P0711,technique,4,면역조직화학,Immunohistochemistry,3.184
P0711,technique,5,유전자변형 마우스,Genetically Modified Mice,2.586
P0711,technique,6,RNA 치료제·siRNA,RNA Therapeutics,1.708
P0711,technique,7,생물정보·계산생물,Bioinformatics,1.556
P0711,technique,8,RNA-seq·전사체,RNA-seq / Transcriptomics,1.453
P1011,keyword,1,Astrocytes,Astrocytes,37.993
P1011,keyword,2,Synapses,Synapses,31.811
P1011,keyword,3,synaptic pruning,synaptic pruning,28.668
P1011,keyword,4,Phagocytosis,Phagocytosis,23.797
P1011,keyword,5,Microglia,Microglia,17.958
P1011,keyword,6,Neuroglia,Neuroglia,13.255
P1011,keyword,7,c-Mer Tyrosine Kinase,c-Mer Tyrosine Kinase,12.955
P1011,keyword,8,glial phagocytosis,glial phagocytosis,11.253
P1011,keyword,9,Synapse,Synapse,10.935
P1011,keyword,10,Synaptosomes,Synaptosomes,10.745
P1011,keyword,11,Neuronal Plasticity,Neuronal Plasticity,9.599
P1011,keyword,12,brain homeostasis,brain homeostasis,8.032
P1011,technique,1,유전자변형 마우스,Genetically Modified Mice,7.004
P1011,technique,2,오가노이드,Organoids,1.953
P1011,technique,3,RNA-seq·전사체,RNA-seq / Transcriptomics,1.734
P1011,technique,4,제브라피시,Zebrafish,1.208
P1011,technique,5,형광·공초점 이미징,Fluorescence / Confocal Imaging,1.198
P1011,technique,6,RNA 치료제·siRNA,RNA Therapeutics,0.771
P1011,technique,7,초파리,Drosophila,0.642
P1011,technique,8,단일세포 분석,Single-cell Analysis,0.609
P1074,keyword,1,ataxia telangiectasia,ataxia telangiectasia,19.404
P1074,keyword,2,Ataxia Telangiectasia Mutated Proteins,Ataxia Telangiectasia Mutated Proteins,18.362
P1074,keyword,3,ATM kinase,ATM kinase,18.225
P1074,keyword,4,MRE11 Homologue Protein,MRE11 Homologue Protein,9.926
P1074,keyword,5,DNA damage response,DNA damage response,8.967
P1074,keyword,6,Ataxia-telangiectasia,Ataxia-telangiectasia,8.738
P1074,keyword,7,DNA Damage,DNA Damage,7.252
P1074,keyword,8,Acid Anhydride Hydrolases,Acid Anhydride Hydrolases,6.746
P1074,keyword,9,DNA Repair Enzymes,DNA Repair Enzymes,6.68
P1074,keyword,10,DNA Repair,DNA Repair,5.532
P1074,keyword,11,Proteostasis,Proteostasis,4.843
P1074,keyword,12,Rad50,Rad50,4.344
P1074,technique,1,애기장대·식물 모델,Arabidopsis,2.034
P1074,technique,2,초파리,Drosophila,0.85
P1074,technique,3,유전자변형 마우스,Genetically Modified Mice,0.32
P1074,technique,4,전자현미경,Electron Microscopy,0.17
P1074,technique,5,생물정보·계산생물,Bioinformatics,0.167
P0090,keyword,1,Phospholipase D,Phospholipase D,64.741
P0090,keyword,2,phospholipase D1,phospholipase D1,43.841
P0090,keyword,3,Feedback loop,Feedback loop,34.573
P0090,keyword,4,Wnt signaling pathway,Wnt signaling pathway,33.803
P0090,keyword,5,Loop (graph theory),Loop (graph theory),24.475
P0090,keyword,6,Morinda,Morinda,23.966
P0090,keyword,7,E2F1,E2F1,19.327
P0090,keyword,8,hypogonadism,hypogonadism,18.77
P0090,keyword,9,Catenin,Catenin,13.387
P0090,keyword,10,Signal Transduction,Signal Transduction,13.076
P0090,keyword,11,andropause,andropause,13.075
P0090,keyword,12,Morinda citrifolia,Morinda citrifolia,12.055
P0090,technique,1,유전자변형 마우스,Genetically Modified Mice,4.158
P0090,technique,2,웨스턴블롯,Western Blot,2.959
P0090,technique,3,후성유전 분석,Epigenomics (ChIP/ATAC-seq),1.87
P0090,technique,4,면역조직화학,Immunohistochemistry,1.642
P0090,technique,5,RNA 치료제·siRNA,RNA Therapeutics,1.532
P0090,technique,6,줄기세포·iPSC,Stem Cells / iPSC,1.389
P0090,technique,7,유세포분석,Flow Cytometry,1.24
P0090,technique,8,종양 이종이식 모델,Xenograft Models,0.777
P0442,keyword,1,radical cystectomy,radical cystectomy,5.054
P0442,keyword,2,urothelial carcinoma,urothelial carcinoma,4.34
P0442,keyword,3,micropapillary variant,micropapillary variant,3.457
P0442,keyword,4,"Carcinoma, Transitional Cell","Carcinoma, Transitional Cell",3.416
P0442,keyword,5,Urinary Bladder Neoplasms,Urinary Bladder Neoplasms,3.177
P0442,keyword,6,negative appendectomy,negative appendectomy,2.941
P0442,keyword,7,appendiceal diameter,appendiceal diameter,2.899
P0442,keyword,8,Appendicitis Inflammatory Response score,Appendicitis Inflammatory Response score,2.747
P0442,keyword,9,incidental appendectomy,incidental appendectomy,2.685
P0442,keyword,10,Bladder cancer,Bladder cancer,2.647
P0442,keyword,11,appendiceal histopathology,appendiceal histopathology,2.607
P0442,keyword,12,AJCC staging,AJCC staging,2.473
P0442,technique,1,면역조직화학,Immunohistochemistry,1.558
P0442,technique,2,머신러닝·AI,Machine Learning / AI,0.585
P0272,keyword,1,Xanthomonas oryzae pv. oryzae,Xanthomonas oryzae pv. oryzae,65.246
P0272,keyword,2,Xanthomonas oryzae,Xanthomonas oryzae,45.409
P0272,keyword,3,Xanthomonas,Xanthomonas,24.857
P0272,keyword,4,Pathogen,Pathogen,14.137
P0272,keyword,5,beta-Lactamases,beta-Lactamases,12.668
P0272,keyword,6,Crystallization,Crystallization,11.905
P0272,keyword,7,crystal structure,crystal structure,10.519
P0272,keyword,8,serine beta-lactamases,serine beta-lactamases,8.905
P0272,keyword,9,"Models, Molecular","Models, Molecular",8.628
P0272,keyword,10,Fibroblast Growth Factor 10,Fibroblast Growth Factor 10,8.337
P0272,keyword,11,Acinetobacter baumannii,Acinetobacter baumannii,8.204
P0272,keyword,12,pathogenicity,pathogenicity,7.586
P0272,technique,1,X선 결정학·구조분석,X-ray Crystallography,17.877
P0272,technique,2,분자도킹·시뮬레이션,Molecular Docking / Dynamics,2.993
P0272,technique,3,RNA-seq·전사체,RNA-seq / Transcriptomics,1.524
P0272,technique,4,생물정보·계산생물,Bioinformatics,1.096
P0272,technique,5,초파리,Drosophila,0.211
P0272,technique,6,전자현미경,Electron Microscopy,0.207
P0272,technique,7,머신러닝·AI,Machine Learning / AI,0.042
P0160,keyword,1,Plankton,Plankton,1.854
P0160,keyword,2,"DNA, Environmental","DNA, Environmental",1.661
P0160,keyword,3,reservoir ecosystems,reservoir ecosystems,1.403
P0160,keyword,4,dinoflagellates,dinoflagellates,1.387
P0160,keyword,5,"RNA, Ribosomal, 18S","RNA, Ribosomal, 18S",1.215
P0160,keyword,6,eDNA metabarcoding,eDNA metabarcoding,1.213
P0160,keyword,7,Zooplankton,Zooplankton,1.195
P0160,keyword,8,spatial gradients,spatial gradients,1.187
P0160,keyword,9,total nitrogen,total nitrogen,1.159
P0160,keyword,10,seasonal dynamics,seasonal dynamics,1.112
P0160,keyword,11,dissolved oxygen,dissolved oxygen,1.108
P0160,keyword,12,"DNA Barcoding, Taxonomic","DNA Barcoding, Taxonomic",1.076
P0617,keyword,1,low-dose chest CT,low-dose chest CT,5.7
P0617,keyword,2,muscle mass assessment,muscle mass assessment,5.445
P0617,keyword,3,peripheral arthritis,peripheral arthritis,4.779
P0617,keyword,4,contrast-enhanced chest CT,contrast-enhanced chest CT,4.68
P0617,keyword,5,skeletal muscle index,skeletal muscle index,4.256
P0617,keyword,6,inflammatory lesions,inflammatory lesions,3.904
P0617,keyword,7,healthcare resource utilization,healthcare resource utilization,3.886
P0617,keyword,8,resolvin D1,resolvin D1,3.348
P0617,keyword,9,keratitis,keratitis,3.254
P0617,keyword,10,Psoriatic arthritis,Psoriatic arthritis,2.918
P0617,keyword,11,bacterial keratitis,bacterial keratitis,2.89
P0617,keyword,12,musculoskeletal imaging,musculoskeletal imaging,2.858
P0617,technique,1,MRI·PET 영상,MRI / PET Imaging,1.239
P0617,technique,2,머신러닝·AI,Machine Learning / AI,0.318
P0617,technique,3,줄기세포·iPSC,Stem Cells / iPSC,0.227
P0617,technique,4,유세포분석,Flow Cytometry,0.201
P1020,keyword,1,Stromal Interaction Molecule 1,Stromal Interaction Molecule 1,14.292
P1020,keyword,2,ORAI1 Protein,ORAI1 Protein,12.33
P1020,keyword,3,Stromal Interaction Molecule 2,Stromal Interaction Molecule 2,12.304
P1020,keyword,4,store-operated calcium entry,store-operated calcium entry,12.261
P1020,keyword,5,STIM1,STIM1,11.185
P1020,keyword,6,Septins,Septins,10.128
P1020,keyword,7,Orai1,Orai1,10.077
P1020,keyword,8,Calcium Signaling,Calcium Signaling,10.021
P1020,keyword,9,mitotic clonal expansion,mitotic clonal expansion,9.248
P1020,keyword,10,Actomyosin,Actomyosin,7.631
P1020,keyword,11,main protease,main protease,6.683
P1020,keyword,12,Coronavirus 3C Proteases,Coronavirus 3C Proteases,6.197
P1020,technique,1,하이드로젤·스캐폴드,Hydrogels / Scaffolds,0.989
P1020,technique,2,종양 이종이식 모델,Xenograft Models,0.888
P1020,technique,3,줄기세포·iPSC,Stem Cells / iPSC,0.777
P1020,technique,4,애기장대·식물 모델,Arabidopsis,0.756
P1020,technique,5,전기생리,Electrophysiology,0.482
P1020,technique,6,생물정보·계산생물,Bioinformatics,0.179
P1020,technique,7,면역조직화학,Immunohistochemistry,0.026
P0678,keyword,1,rice husk biochar,rice husk biochar,9.417
P0678,keyword,2,gene misexpression,gene misexpression,8.854
P0678,keyword,3,Soil fertility,Soil fertility,6.547
P0678,keyword,4,Meta-Analysis as Topic,Meta-Analysis as Topic,6.516
P0678,keyword,5,p-value combination,p-value combination,5.979
P0678,keyword,6,available nitrogen,available nitrogen,5.766
P0678,keyword,7,false positive rate control,false positive rate control,5.481
P0678,keyword,8,bagging,bagging,5.364
P0678,keyword,9,lettuce,lettuce,5.057
P0678,keyword,10,Organic fertilizer,Organic fertilizer,4.758
P0678,keyword,11,ammonia volatilization,ammonia volatilization,4.738
P0678,keyword,12,CpG Islands,CpG Islands,4.659
P0678,technique,1,RNA-seq·전사체,RNA-seq / Transcriptomics,3.406
P0678,technique,2,조직공학·바이오프린팅,Tissue Engineering / Bioprinting,2.977
P0678,technique,3,하이드로젤·스캐폴드,Hydrogels / Scaffolds,2.763
P0678,technique,4,생물정보·계산생물,Bioinformatics,2.309
P0678,technique,5,차세대 시퀀싱(NGS),Next-generation Sequencing,1.659
P0678,technique,6,분자도킹·시뮬레이션,Molecular Docking / Dynamics,0.902
P0678,technique,7,나노입자·약물전달,Nanoparticles / Drug Delivery,0.409
P0678,technique,8,항체 개발,Antibody Engineering,0.121
P0389,keyword,1,prostate cancer,prostate cancer,7.756
P0389,keyword,2,androgen deprivation therapy,androgen deprivation therapy,7.725
P0389,keyword,3,Thulium,Thulium,7.142
P0389,keyword,4,"Lithotripsy, Laser","Lithotripsy, Laser",7.142
P0389,keyword,5,Ureteroscopy,Ureteroscopy,7.097
P0389,keyword,6,Prostatectomy,Prostatectomy,5.889
P0389,keyword,7,"Lasers, Solid-State","Lasers, Solid-State",5.647
P0389,keyword,8,Prostatic Neoplasms,Prostatic Neoplasms,5.464
P0389,keyword,9,Lithotripsy,Lithotripsy,5.284
P0389,keyword,10,Urinary Tract,Urinary Tract,3.889
P0389,keyword,11,genitourinary malignancies,genitourinary malignancies,3.311
P0389,keyword,12,STAMPEDE trial,STAMPEDE trial,3.192
P0389,technique,1,임상시험,Clinical Trials,1.53
P0389,technique,2,MRI·PET 영상,MRI / PET Imaging,0.832
P0389,technique,3,머신러닝·AI,Machine Learning / AI,0.402
P0481,keyword,1,Deubiquitinating Enzymes,Deubiquitinating Enzymes,74.72
P0481,keyword,2,deubiquitinase,deubiquitinase,51.229
P0481,keyword,3,Ubiquitination,Ubiquitination,49.158
P0481,keyword,4,Ubiquitin,Ubiquitin,43.714
P0481,keyword,5,Deubiquitinating enzyme,Deubiquitinating enzyme,40.275
P0481,keyword,6,Proteasome Endopeptidase Complex,Proteasome Endopeptidase Complex,31.473
P0481,keyword,7,ubiquitin-proteasome system,ubiquitin-proteasome system,31.377
P0481,keyword,8,Ubiquitin Thiolesterase,Ubiquitin Thiolesterase,28.124
P0481,keyword,9,"Abortion, Habitual","Abortion, Habitual",21.101
P0481,keyword,10,Ubiquitin-Specific Peptidase 7,Ubiquitin-Specific Peptidase 7,20.922
P0481,keyword,11,protein stability,protein stability,18.748
P0481,keyword,12,recurrent pregnancy loss,recurrent pregnancy loss,17.626
P0481,technique,1,단백체,Proteomics,8.249
P0481,technique,2,RNA-seq·전사체,RNA-seq / Transcriptomics,2.978
P0481,technique,3,줄기세포·iPSC,Stem Cells / iPSC,2.668
P0481,technique,4,생물정보·계산생물,Bioinformatics,2.572
P0481,technique,5,웨스턴블롯,Western Blot,2.175
P0481,technique,6,RNA 치료제·siRNA,RNA Therapeutics,1.334
P0481,technique,7,초파리,Drosophila,1.267
P0481,technique,8,항체 개발,Antibody Engineering,0.732
P0371,keyword,1,oroantral fistula,oroantral fistula,13.785
P0371,keyword,2,Maxillary Sinusitis,Maxillary Sinusitis,12.543
P0371,keyword,3,odontogenic sinusitis,odontogenic sinusitis,10.6
P0371,keyword,4,maxillofacial surgery,maxillofacial surgery,9.227
P0371,keyword,5,Orbital Cellulitis,Orbital Cellulitis,8.449
P0371,keyword,6,obstructive sleep apnea,obstructive sleep apnea,8.432
P0371,keyword,7,Nasal Bone,Nasal Bone,8.322
P0371,keyword,8,Olfactory epithelium,Olfactory epithelium,7.587
P0371,keyword,9,olfaction,olfaction,7.251
P0371,keyword,10,nasal bone fracture,nasal bone fracture,7.248
P0371,keyword,11,Skull Fractures,Skull Fractures,7.058
P0371,keyword,12,fracture classification,fracture classification,6.94
P0371,technique,1,조직공학·바이오프린팅,Tissue Engineering / Bioprinting,0.146
P0371,technique,2,웨스턴블롯,Western Blot,0.089
P0325,keyword,1,SuperAgers,SuperAgers,25.817
P0325,keyword,2,Cognition,Cognition,20.648
P0325,keyword,3,Dementia,Dementia,19.112
P0325,keyword,4,older adults,older adults,13.979
P0325,keyword,5,Cognitive training,Cognitive training,13.351
P0325,keyword,6,Neuropsychological Tests,Neuropsychological Tests,13.185
P0325,keyword,7,mild cognitive impairment,mild cognitive impairment,12.553
P0325,keyword,8,cognitive resilience,cognitive resilience,11.346
P0325,keyword,9,cognitive aging,cognitive aging,11.26
P0325,keyword,10,Alzheimer's disease,Alzheimer's disease,11.229
P0325,keyword,11,Alzheimer Disease,Alzheimer Disease,10.646
P0325,keyword,12,subjective memory complaints,subjective memory complaints,10.207
P0325,technique,1,MRI·PET 영상,MRI / PET Imaging,16.703
P0325,technique,2,머신러닝·AI,Machine Learning / AI,2.248
P0325,technique,3,임상시험,Clinical Trials,1.991
P0325,technique,4,항체 개발,Antibody Engineering,0.721
P1059,keyword,1,endothelial inflammation,endothelial inflammation,13.399
P1059,keyword,2,Smad1/5/9 signaling,Smad1/5/9 signaling,6.984
P1059,keyword,3,endothelial permeability,endothelial permeability,6.804
P1059,keyword,4,monocyte adhesion,monocyte adhesion,6.63
P1059,keyword,5,vascular inflammation,vascular inflammation,5.96
P1059,keyword,6,Atherosclerosis,Atherosclerosis,5.913
P1059,keyword,7,Endothelial Cells,Endothelial Cells,5.779
P1059,keyword,8,vascular homeostasis,vascular homeostasis,5.587
P1059,keyword,9,oscillatory shear stress,oscillatory shear stress,5.409
P1059,keyword,10,endothelial-to-mesenchymal transition,endothelial-to-mesenchymal transition,5.359
P1059,keyword,11,Vascular permeability,Vascular permeability,4.425
P1059,keyword,12,Cadherin 5,Cadherin 5,4.197
P1059,technique,1,RNA 치료제·siRNA,RNA Therapeutics,0.346
P1059,technique,2,유전자변형 마우스,Genetically Modified Mice,0.255
P1059,technique,3,X선 결정학·구조분석,X-ray Crystallography,0.193
P0350,keyword,1,Biliary Tract Neoplasms,Biliary Tract Neoplasms,6.887
P0350,keyword,2,end-of-life care,end-of-life care,6.459
P0350,keyword,3,Palliative Care,Palliative Care,6.419
P0350,keyword,4,Circulating Tumor DNA,Circulating Tumor DNA,6.128
P0350,keyword,5,attitudes toward end-of-life care,attitudes toward end-of-life care,4.797
P0350,keyword,6,advance care planning,advance care planning,4.646
P0350,keyword,7,Bile Duct Neoplasms,Bile Duct Neoplasms,4.563
P0350,keyword,8,Terminal Care,Terminal Care,4.218
P0350,keyword,9,biliary tract cancer,biliary tract cancer,4.158
P0350,keyword,10,Attitude of Health Personnel,Attitude of Health Personnel,4.023
P0350,keyword,11,advanced cancer,advanced cancer,4.008
P0350,keyword,12,Attitude to Death,Attitude to Death,3.639
P0350,technique,1,차세대 시퀀싱(NGS),Next-generation Sequencing,2.194
P0350,technique,2,면역조직화학,Immunohistochemistry,0.766
P0350,technique,3,임상시험,Clinical Trials,0.476
P0437,keyword,1,"Injections, Epidural","Injections, Epidural",7.619
P0437,keyword,2,cervical radicular pain,cervical radicular pain,5.581
P0437,keyword,3,functional disability,functional disability,4.792
P0437,keyword,4,Hypoesthesia,Hypoesthesia,4.485
P0437,keyword,5,Patellofemoral joint,Patellofemoral joint,4.343
P0437,keyword,6,Zygapophyseal Joint,Zygapophyseal Joint,3.977
P0437,keyword,7,Steroids,Steroids,3.943
P0437,keyword,8,zoster-associated pain,zoster-associated pain,3.672
P0437,keyword,9,postherpetic neuralgia,postherpetic neuralgia,3.303
P0437,keyword,10,"Anesthetics, Local","Anesthetics, Local",3.299
P0437,keyword,11,Valgus,Valgus,3.264
P0437,keyword,12,Radiculopathy,Radiculopathy,3.254
P0282,keyword,1,agro-industrial by-products,agro-industrial by-products,6.523
P0282,keyword,2,carrot pomace,carrot pomace,6.477
P0282,keyword,3,grape seeds,grape seeds,5.889
P0282,keyword,4,olive leaf,olive leaf,5.718
P0282,keyword,5,anthocyanin stabilization,anthocyanin stabilization,5.06
P0282,keyword,6,carotenoids,carotenoids,4.514
P0282,keyword,7,food sources,food sources,4.495
P0282,keyword,8,onion,onion,4.292
P0282,keyword,9,green extraction,green extraction,4.243
P0282,keyword,10,citrus peel,citrus peel,4.157
P0282,keyword,11,food waste valorization,food waste valorization,3.948
P0282,keyword,12,microencapsulation,microencapsulation,3.926
P0616,keyword,1,chronic myeloid leukemia,chronic myeloid leukemia,19.847
P0616,keyword,2,nilotinib,nilotinib,16.731
P0616,keyword,3,Imatinib,Imatinib,13.73
P0616,keyword,4,Dasatinib,Dasatinib,12.432
P0616,keyword,5,treatment-free remission,treatment-free remission,11.943
P0616,keyword,6,chronic phase,chronic phase,11.175
P0616,keyword,7,major molecular response,major molecular response,11.09
P0616,keyword,8,BCR-ABL transcript,BCR-ABL transcript,9.022
P0616,keyword,9,Imatinib Mesylate,Imatinib Mesylate,8.621
P0616,keyword,10,deep molecular response,deep molecular response,7.961
P0616,keyword,11,intraperitoneal paclitaxel,intraperitoneal paclitaxel,7.427
P0616,keyword,12,bosutinib,bosutinib,7.281
P0616,technique,1,임상시험,Clinical Trials,0.863
P0616,technique,2,차세대 시퀀싱(NGS),Next-generation Sequencing,0.117
P0319,keyword,1,hypertension phenotypes,hypertension phenotypes,7.138
P0319,keyword,2,cholesterol embolization syndrome,cholesterol embolization syndrome,6.529
P0319,keyword,3,fibromuscular dysplasia,fibromuscular dysplasia,6.501
P0319,keyword,4,shaggy aorta,shaggy aorta,6.131
P0319,keyword,5,carotid-subclavian bypass,carotid-subclavian bypass,5.935
P0319,keyword,6,thoracic endovascular aortic repair,thoracic endovascular aortic repair,5.777
P0319,keyword,7,Livedo reticularis,Livedo reticularis,5.073
P0319,keyword,8,blue toe syndrome,blue toe syndrome,5.046
P0319,keyword,9,disease severity,disease severity,4.935
P0319,keyword,10,Coronary angiography,Coronary angiography,4.841
P0319,keyword,11,preoperative risk stratification,preoperative risk stratification,4.658
P0319,keyword,12,spinal cord infarction,spinal cord infarction,4.407
P0319,technique,1,엑소좀·세포외소포,Exosomes / EVs,4.196
P0927,keyword,1,viperin,viperin,17.082
P0927,keyword,2,Viperin Protein,Viperin Protein,13.069
P0927,keyword,3,Cytomegalovirus,Cytomegalovirus,9.938
P0927,keyword,4,K18-hACE2 mice,K18-hACE2 mice,8.78
P0927,keyword,5,human cytomegalovirus,human cytomegalovirus,8.212
P0927,keyword,6,Viral Proteins,Viral Proteins,8.15
P0927,keyword,7,Cytomegalovirus Infections,Cytomegalovirus Infections,7.981
P0927,keyword,8,Lipoylation,Lipoylation,7.716
P0927,keyword,9,Virus Release,Virus Release,7.716
P0927,keyword,10,tegument proteins,tegument proteins,7.521
P0927,keyword,11,COVID-19,COVID-19,7.093
P0927,keyword,12,cysteine residues,cysteine residues,6.992
P0927,technique,1,유전자변형 마우스,Genetically Modified Mice,3.455
P0927,technique,2,단백체,Proteomics,0.439
P0927,technique,3,종양 이종이식 모델,Xenograft Models,0.176
P0569,keyword,1,Gefitinib,Gefitinib,6.145
P0569,keyword,2,triple-negative breast cancer,triple-negative breast cancer,5.284
P0569,keyword,3,ribosomal protein S3,ribosomal protein S3,4.878
P0569,keyword,4,Neoplasms,Neoplasms,4.53
P0569,keyword,5,ribosome maturation,ribosome maturation,4.457
P0569,keyword,6,Ribosomal Proteins,Ribosomal Proteins,4.32
P0569,keyword,7,Ribosomal Protein S6,Ribosomal Protein S6,4.172
P0569,keyword,8,Signal Transduction,Signal Transduction,3.788
P0569,keyword,9,"Drug Resistance, Neoplasm","Drug Resistance, Neoplasm",3.763
P0569,keyword,10,translation initiation,translation initiation,3.747
P0569,keyword,11,mesenchymal stem-like subtype,mesenchymal stem-like subtype,3.695
P0569,keyword,12,PD0325901,PD0325901,3.491
P0569,technique,1,RNA 치료제·siRNA,RNA Therapeutics,0.931
P0569,technique,2,질량분석,Mass Spectrometry,0.828
P0569,technique,3,종양 이종이식 모델,Xenograft Models,0.556
P0569,technique,4,항체 개발,Antibody Engineering,0.164
P0569,technique,5,웨스턴블롯,Western Blot,0.12
P0379,keyword,1,stroke,stroke,54.211
P0379,keyword,2,Ischemic Stroke,Ischemic Stroke,41.831
P0379,keyword,3,Tooth Loss,Tooth Loss,39.974
P0379,keyword,4,Oral Health,Oral Health,39.586
P0379,keyword,5,Oral Hygiene,Oral Hygiene,36.255
P0379,keyword,6,toothbrushing frequency,toothbrushing frequency,36.064
P0379,keyword,7,atrial fibrillation,atrial fibrillation,35.392
P0379,keyword,8,Periodontitis,Periodontitis,31.046
P0379,keyword,9,dental scaling,dental scaling,29.836
P0379,keyword,10,acute ischemic stroke,acute ischemic stroke,29.684
P0379,keyword,11,Toothbrushing,Toothbrushing,28.677
P0379,keyword,12,Migraine,Migraine,27.28
P0379,technique,1,MRI·PET 영상,MRI / PET Imaging,6.174
P0379,technique,2,임상시험,Clinical Trials,6.016
P0379,technique,3,GWAS·유전역학,GWAS / Genetic Epidemiology,3.818
P0379,technique,4,RNA 치료제·siRNA,RNA Therapeutics,2.723
P0379,technique,5,항체 개발,Antibody Engineering,2.041
P0379,technique,6,머신러닝·AI,Machine Learning / AI,0.818
P0379,technique,7,대사체·지질체,Metabolomics / Lipidomics,0.495
P0379,technique,8,면역조직화학,Immunohistochemistry,0.383
P0518,keyword,1,Medial forebrain bundle,Medial forebrain bundle,5.105
P0518,keyword,2,Magnetic particle imaging,Magnetic particle imaging,4.972
P0518,keyword,3,Axotomy,Axotomy,4.371
P0518,keyword,4,neuroanatomy,neuroanatomy,4.161
P0518,keyword,5,Licking,Licking,4.088
P0518,keyword,6,tumor-specific imaging,tumor-specific imaging,3.868
P0518,keyword,7,anatomical orientation,anatomical orientation,3.596
P0518,keyword,8,Parkinson's disease model,Parkinson's disease model,3.283
P0518,keyword,9,MC38 colon carcinoma,MC38 colon carcinoma,3.242
P0518,keyword,10,neuroanatomy education,neuroanatomy education,3.195
P0518,keyword,11,3D-printed molds,3D-printed molds,3.015
P0518,keyword,12,Magnetic Phenomena,Magnetic Phenomena,2.985
P0518,technique,1,면역조직화학,Immunohistochemistry,1.459
P0518,technique,2,나노입자·약물전달,Nanoparticles / Drug Delivery,1.373
P0518,technique,3,MRI·PET 영상,MRI / PET Imaging,1.227
P0518,technique,4,웨스턴블롯,Western Blot,0.921
P0518,technique,5,qPCR,Real-time PCR,0.794
P0438,keyword,1,Health Status Disparities,Health Status Disparities,25.696
P0438,keyword,2,Socioeconomic Factors,Socioeconomic Factors,12.3
P0438,keyword,3,Health Services Accessibility,Health Services Accessibility,10.546
P0438,keyword,4,Multilevel Analysis,Multilevel Analysis,10.169
P0438,keyword,5,Life expectancy,Life expectancy,9.337
P0438,keyword,6,Inequality,Inequality,9.061
P0438,keyword,7,Social Class,Social Class,8.83
P0438,keyword,8,socioeconomic disparities,socioeconomic disparities,8.738
P0438,keyword,9,Income,Income,7.614
P0438,keyword,10,Workplace violence,Workplace violence,7.565
P0438,keyword,11,Access to Primary Care,Access to Primary Care,7.336
P0438,keyword,12,Cause of death,Cause of death,6.564
P0438,technique,1,머신러닝·AI,Machine Learning / AI,0.008
P0588,keyword,1,breast cancer survivors,breast cancer survivors,8.874
P0588,keyword,2,Breast Neoplasms,Breast Neoplasms,6.452
P0588,keyword,3,Cancer Survivors,Cancer Survivors,5.557
P0588,keyword,4,"Granuloma, Pyogenic","Granuloma, Pyogenic",4.983
P0588,keyword,5,breast cancer,breast cancer,4.314
P0588,keyword,6,Adiponectin,Adiponectin,2.868
P0588,keyword,7,Sentinel Lymph Node Biopsy,Sentinel Lymph Node Biopsy,2.843
P0588,keyword,8,Gynecomastia,Gynecomastia,2.825
P0588,keyword,9,interstitial fluid accumulation,interstitial fluid accumulation,2.816
P0588,keyword,10,pyogenic granuloma,pyogenic granuloma,2.71
P0588,keyword,11,breast cancer-related lymphedema,breast cancer-related lymphedema,2.453
P0588,keyword,12,Nails,Nails,2.353
P0588,technique,1,임상시험,Clinical Trials,0.598
P0588,technique,2,면역조직화학,Immunohistochemistry,0.461
P0588,technique,3,생물정보·계산생물,Bioinformatics,0.112
P1062,keyword,1,Thymoquinone,Thymoquinone,13.956
P1062,keyword,2,domperidone,domperidone,10.041
P1062,keyword,3,reactive oxygen species,reactive oxygen species,9.696
P1062,keyword,4,apoptosis,apoptosis,9.318
P1062,keyword,5,STAT3 Transcription Factor,STAT3 Transcription Factor,8.31
P1062,keyword,6,Survivin,Survivin,7.927
P1062,keyword,7,STAT3 signaling,STAT3 signaling,7.403
P1062,keyword,8,"Receptors, Prostaglandin E, EP4 Subtype","Receptors, Prostaglandin E, EP4 Subtype",7.31
P1062,keyword,9,Janus Kinase 2,Janus Kinase 2,6.945
P1062,keyword,10,Signal Transduction,Signal Transduction,6.829
P1062,keyword,11,N-acetylcysteine,N-acetylcysteine,6.733
P1062,keyword,12,HCT116 Cells,HCT116 Cells,6.717
P1062,technique,1,종양 이종이식 모델,Xenograft Models,2.139
P1062,technique,2,웨스턴블롯,Western Blot,1.638
P1062,technique,3,나노입자·약물전달,Nanoparticles / Drug Delivery,1.543
P1062,technique,4,유전자변형 마우스,Genetically Modified Mice,0.635
P1062,technique,5,분자도킹·시뮬레이션,Molecular Docking / Dynamics,0.541
P1062,technique,6,생물정보·계산생물,Bioinformatics,0.21
P1062,technique,7,유세포분석,Flow Cytometry,0.11
P1062,technique,8,면역조직화학,Immunohistochemistry,0.038
P0097,keyword,1,Silicone Oils,Silicone Oils,20.372
P0097,keyword,2,subvisible particles,subvisible particles,18.164
P0097,keyword,3,Syringes,Syringes,17.37
P0097,keyword,4,Protein Aggregates,Protein Aggregates,14.511
P0097,keyword,5,"Calorimetry, Differential Scanning","Calorimetry, Differential Scanning",14.232
P0097,keyword,6,Drug Stability,Drug Stability,10.998
P0097,keyword,7,Etanercept,Etanercept,9.896
P0097,keyword,8,Silicone oil,Silicone oil,9.771
P0097,keyword,9,Buffers,Buffers,8.271
P0097,keyword,10,Circular Dichroism,Circular Dichroism,8.091
P0097,keyword,11,"Immunoglobulins, Intravenous","Immunoglobulins, Intravenous",7.799
P0097,keyword,12,Dynamic light scattering,Dynamic light scattering,7.185
P0097,technique,1,나노입자·약물전달,Nanoparticles / Drug Delivery,6.485
P0097,technique,2,RNA 치료제·siRNA,RNA Therapeutics,2.983
P0097,technique,3,머신러닝·AI,Machine Learning / AI,1.387
P0097,technique,4,X선 결정학·구조분석,X-ray Crystallography,0.825
P0097,technique,5,하이드로젤·스캐폴드,Hydrogels / Scaffolds,0.606
P0097,technique,6,질량분석,Mass Spectrometry,0.472
P0097,technique,7,형광·공초점 이미징,Fluorescence / Confocal Imaging,0.224
P0097,technique,8,전자현미경,Electron Microscopy,0.187
P0574,keyword,1,Triple Negative Breast Neoplasms,Triple Negative Breast Neoplasms,7.849
P0574,keyword,2,Citrus sinensis,Citrus sinensis,7.288
P0574,keyword,3,triple-negative breast cancer,triple-negative breast cancer,6.908
P0574,keyword,4,filgotinib,filgotinib,5.919
P0574,keyword,5,peficitinib,peficitinib,5.789
P0574,keyword,6,Microvesicles,Microvesicles,5.341
P0574,keyword,7,ipatasertib,ipatasertib,5.106
P0574,keyword,8,fedratinib,fedratinib,5.075
P0574,keyword,9,alpelisib,alpelisib,4.938
P0574,keyword,10,Janus Kinase 2,Janus Kinase 2,4.684
P0574,keyword,11,cobimetinib,cobimetinib,4.458
P0574,keyword,12,JAK2 inhibition,JAK2 inhibition,4.284
P0574,technique,1,엑소좀·세포외소포,Exosomes / EVs,11.425
P0574,technique,2,줄기세포·iPSC,Stem Cells / iPSC,3.694
P0574,technique,3,나노입자·약물전달,Nanoparticles / Drug Delivery,1.456
P0574,technique,4,질량분석,Mass Spectrometry,0.828
P0574,technique,5,종양 이종이식 모델,Xenograft Models,0.66
P0574,technique,6,RNA 치료제·siRNA,RNA Therapeutics,0.507
P0574,technique,7,웨스턴블롯,Western Blot,0.429
P0574,technique,8,생물정보·계산생물,Bioinformatics,0.219
P0755,keyword,1,Osteoarthritis,Osteoarthritis,20.05
P0755,keyword,2,cooling towers,cooling towers,19.911
P0755,keyword,3,"Cartilage, Articular","Cartilage, Articular",16.238
P0755,keyword,4,physics-based modeling,physics-based modeling,16.118
P0755,keyword,5,Chondrocytes,Chondrocytes,15.588
P0755,keyword,6,senescence-associated secretory phenotype,senescence-associated secretory phenotype,13.927
P0755,keyword,7,chondrosarcoma,chondrosarcoma,13.893
P0755,keyword,8,post-traumatic osteoarthritis,post-traumatic osteoarthritis,13.882
P0755,keyword,9,ASHRAE Guideline 14,ASHRAE Guideline 14,13.409
P0755,keyword,10,data-driven modeling,data-driven modeling,12.591
P0755,keyword,11,chondrocyte senescence,chondrocyte senescence,11.158
P0755,keyword,12,transfer learning,transfer learning,9.207
P0755,technique,1,머신러닝·AI,Machine Learning / AI,5.874
P0755,technique,2,유전자변형 마우스,Genetically Modified Mice,4.997
P0755,technique,3,나노입자·약물전달,Nanoparticles / Drug Delivery,1.3
P0755,technique,4,종양 이종이식 모델,Xenograft Models,0.986
P0755,technique,5,RNA-seq·전사체,RNA-seq / Transcriptomics,0.858
P0755,technique,6,X선 결정학·구조분석,X-ray Crystallography,0.75
P0755,technique,7,항체 개발,Antibody Engineering,0.667
P0755,technique,8,애기장대·식물 모델,Arabidopsis,0.613
P0610,keyword,1,in-stent stenosis,in-stent stenosis,4.923
P0610,keyword,2,Endogenous retrovirus,Endogenous retrovirus,3.781
P0610,keyword,3,Posterior reversible encephalopathy syndrome,Posterior reversible encephalopathy syndrome,3.668
P0610,keyword,4,eclampsia,eclampsia,3.157
P0610,keyword,5,carotid artery stenting,carotid artery stenting,3.146
P0610,keyword,6,cervical radiculopathy,cervical radiculopathy,2.653
P0610,keyword,7,ruptured intracranial aneurysm,ruptured intracranial aneurysm,2.098
P0610,keyword,8,stent-assisted coiling,stent-assisted coiling,2.093
P0610,keyword,9,Carotid endarterectomy,Carotid endarterectomy,2.068
P0610,keyword,10,Endovascular treatment,Endovascular treatment,1.995
P0610,keyword,11,carotid artery stenosis,carotid artery stenosis,1.948
P0610,keyword,12,cervical spine degenerative disease,cervical spine degenerative disease,1.946
P0610,technique,1,생물정보·계산생물,Bioinformatics,0.219
P0334,keyword,1,suicidal ideation,suicidal ideation,8.281
P0334,keyword,2,Rhinitis,Rhinitis,6.281
P0334,keyword,3,Osteitis,Osteitis,5.931
P0334,keyword,4,Sinusitis,Sinusitis,5.16
P0334,keyword,5,eosinophilic chronic rhinosinusitis,eosinophilic chronic rhinosinusitis,4.693
P0334,keyword,6,bone thickening,bone thickening,4.648
P0334,keyword,7,Single Parent,Single Parent,4.01
P0334,keyword,8,Depression,Depression,3.993
P0334,keyword,9,sinonasal mucosa,sinonasal mucosa,3.802
P0334,keyword,10,depressive mood,depressive mood,3.769
P0334,keyword,11,Mental health,Mental health,3.552
P0334,keyword,12,New York State,New York State,3.517
P0334,technique,1,유전자변형 마우스,Genetically Modified Mice,1.837
P0334,technique,2,RNA 치료제·siRNA,RNA Therapeutics,0.725
P0334,technique,3,나노입자·약물전달,Nanoparticles / Drug Delivery,0.403
P0334,technique,4,생물정보·계산생물,Bioinformatics,0.048
P0624,keyword,1,traumatic brain injury,traumatic brain injury,10.657
P0624,keyword,2,Glasgow Coma Scale,Glasgow Coma Scale,7.437
P0624,keyword,3,regional trauma centers,regional trauma centers,6.945
P0624,keyword,4,growing skull fracture,growing skull fracture,5.811
P0624,keyword,5,severe traumatic brain injury,severe traumatic brain injury,5.748
P0624,keyword,6,Trauma center,Trauma center,4.579
P0624,keyword,7,brain herniation,brain herniation,4.363
P0624,keyword,8,multimodal brain monitoring,multimodal brain monitoring,4.351
P0624,keyword,9,intracranial pressure management,intracranial pressure management,4.239
P0624,keyword,10,Glasgow Outcome Scale,Glasgow Outcome Scale,4.055
P0624,keyword,11,Craniocerebral Trauma,Craniocerebral Trauma,3.961
P0624,keyword,12,dural injury,dural injury,3.818
P0624,technique,1,MRI·PET 영상,MRI / PET Imaging,0.491
P1106,keyword,1,Cane,Cane,1.056
P1106,keyword,2,Pruning,Pruning,1.011
P1106,keyword,3,Vine,Vine,0.868
P1106,keyword,4,Segmentation,Segmentation,0.523
P1106,keyword,5,Position (finance),Position (finance),0.362
P1106,keyword,6,Pattern recognition (psychology),Pattern recognition (psychology),0.225
P0629,keyword,1,Anti-Neutrophil Cytoplasmic Antibody-Associated Vasculitis,Anti-Neutrophil Cytoplasmic Antibody-Associated Vasculitis,13.153
P0629,keyword,2,Granulomatosis with polyangiitis,Granulomatosis with polyangiitis,12.018
P0629,keyword,3,Microscopic polyangiitis,Microscopic polyangiitis,9.334
P0629,keyword,4,Spondylarthritis,Spondylarthritis,7.103
P0629,keyword,5,Five-Factor Score,Five-Factor Score,6.958
P0629,keyword,6,Cystatin C,Cystatin C,6.215
P0629,keyword,7,ANCA-associated vasculitis,ANCA-associated vasculitis,6.072
P0629,keyword,8,splenic nodules,splenic nodules,5.648
P0629,keyword,9,"Antibodies, Antineutrophil Cytoplasmic","Antibodies, Antineutrophil Cytoplasmic",5.268
P0629,keyword,10,peripheral spondyloarthritis,peripheral spondyloarthritis,5.15
P0629,keyword,11,Birmingham Vasculitis Activity Score,Birmingham Vasculitis Activity Score,5.08
P0629,keyword,12,splenic involvement,splenic involvement,4.979
P0194,keyword,1,Oryza,Oryza,97.067
P0194,keyword,2,"Gene Expression Regulation, Plant","Gene Expression Regulation, Plant",69.921
P0194,keyword,3,rice,rice,69.119
P0194,keyword,4,plant proteins,plant proteins,64.048
P0194,keyword,5,pollen tube growth,pollen tube growth,60.363
P0194,keyword,6,Pollen Tube,Pollen Tube,59.402
P0194,keyword,7,Pollen,Pollen,38.495
P0194,keyword,8,pollen germination,pollen germination,37.753
P0194,keyword,9,functional redundancy,functional redundancy,26.558
P0194,keyword,10,Plant Infertility,Plant Infertility,24.039
P0194,keyword,11,Amplicon sequencing,Amplicon sequencing,20.29
P0194,keyword,12,"Plants, Genetically Modified","Plants, Genetically Modified",19.889
P0194,technique,1,애기장대·식물 모델,Arabidopsis,36.698
P0194,technique,2,RNA-seq·전사체,RNA-seq / Transcriptomics,27.415
P0194,technique,3,CRISPR 유전자편집,CRISPR Gene Editing,22.696
P0194,technique,4,생물정보·계산생물,Bioinformatics,8.763
P0194,technique,5,GWAS·유전역학,GWAS / Genetic Epidemiology,2.614
P0194,technique,6,단백체,Proteomics,2.325
P0194,technique,7,qPCR,Real-time PCR,1.802
P0194,technique,8,전자현미경,Electron Microscopy,0.594
P0973,keyword,1,"Aortic Aneurysm, Abdominal","Aortic Aneurysm, Abdominal",1.854
P0973,keyword,2,Insulin Secretagogues,Insulin Secretagogues,1.56
P0973,keyword,3,Dipeptidyl-Peptidase IV Inhibitors,Dipeptidyl-Peptidase IV Inhibitors,0.906
P0973,keyword,4,Hypoglycemic Agents,Hypoglycemic Agents,0.763
P0973,keyword,5,Abdominal aortic aneurysm,Abdominal aortic aneurysm,0.731
P0973,keyword,6,Metformin,Metformin,0.615
P0973,keyword,7,Risk Assessment,Risk Assessment,0.394
P0973,keyword,8,Aortic Aneurysm,Aortic Aneurysm,0.385
P0973,keyword,9,Disease Progression,Disease Progression,0.351
P0973,keyword,10,Aneurysm,Aneurysm,0.231
P0973,keyword,11,MEDLINE,MEDLINE,0.158
P0973,keyword,12,Diabetes Mellitus,Diabetes Mellitus,0.106
P0288,keyword,1,Long non-coding RNA,Long non-coding RNA,11.803
P0288,keyword,2,"RNA, Long Noncoding","RNA, Long Noncoding",10.82
P0288,keyword,3,Breast Neoplasms,Breast Neoplasms,10.137
P0288,keyword,4,DNA Methylation,DNA Methylation,9.759
P0288,keyword,5,"Gene Expression Regulation, Neoplastic","Gene Expression Regulation, Neoplastic",9.442
P0288,keyword,6,Competing endogenous RNA,Competing endogenous RNA,8.568
P0288,keyword,7,MCF-7 Cells,MCF-7 Cells,8.37
P0288,keyword,8,breast cancer,breast cancer,8.023
P0288,keyword,9,ginsenosides,ginsenosides,7.655
P0288,keyword,10,ELOVL2,ELOVL2,7.378
P0288,keyword,11,Plasma Gases,Plasma Gases,7.182
P0288,keyword,12,alkyl hydroperoxide reductase,alkyl hydroperoxide reductase,6.516
P0288,technique,1,RNA-seq·전사체,RNA-seq / Transcriptomics,4.161
P0288,technique,2,RNA 치료제·siRNA,RNA Therapeutics,3.092
P0288,technique,3,후성유전 분석,Epigenomics (ChIP/ATAC-seq),2.335
P0288,technique,4,GWAS·유전역학,GWAS / Genetic Epidemiology,2.323
P0288,technique,5,qPCR,Real-time PCR,1.547
P0288,technique,6,종양 이종이식 모델,Xenograft Models,0.873
P0288,technique,7,유전자변형 마우스,Genetically Modified Mice,0.809
P0288,technique,8,웨스턴블롯,Western Blot,0.62
P0694,keyword,1,"Leukemia, Myelogenous, Chronic, BCR-ABL Positive","Leukemia, Myelogenous, Chronic, BCR-ABL Positive",30.678
P0694,keyword,2,chronic myeloid leukemia,chronic myeloid leukemia,27.964
P0694,keyword,3,Antineoplastic Agents,Antineoplastic Agents,26.044
P0694,keyword,4,Neoplasms,Neoplasms,25.992
P0694,keyword,5,Histone Deacetylase Inhibitors,Histone Deacetylase Inhibitors,25.087
P0694,keyword,6,apoptosis,apoptosis,24.609
P0694,keyword,7,"Leukemia, Myeloid, Acute","Leukemia, Myeloid, Acute",24.283
P0694,keyword,8,Biological Products,Biological Products,23.673
P0694,keyword,9,K562 Cells,K562 Cells,22.582
P0694,keyword,10,Cardiac Glycosides,Cardiac Glycosides,20.014
P0694,keyword,11,U937 Cells,U937 Cells,18.107
P0694,keyword,12,Aquatic Organisms,Aquatic Organisms,16.038
P0694,technique,1,제브라피시,Zebrafish,14.317
P0694,technique,2,종양 이종이식 모델,Xenograft Models,10.912
P0694,technique,3,생물정보·계산생물,Bioinformatics,4.124
P0694,technique,4,분자도킹·시뮬레이션,Molecular Docking / Dynamics,4.022
P0694,technique,5,웨스턴블롯,Western Blot,2.788
P0694,technique,6,임상시험,Clinical Trials,2.436
P0694,technique,7,RNA-seq·전사체,RNA-seq / Transcriptomics,1.618
P0694,technique,8,후성유전 분석,Epigenomics (ChIP/ATAC-seq),1.013
P0774,keyword,1,SNARE Proteins,SNARE Proteins,27.368
P0774,keyword,2,venetoclax,venetoclax,18.599
P0774,keyword,3,Membrane Fusion,Membrane Fusion,15.44
P0774,keyword,4,Protein Folding,Protein Folding,15.06
P0774,keyword,5,Vesicle fusion,Vesicle fusion,13.983
P0774,keyword,6,Magnetic tweezers,Magnetic tweezers,13.506
P0774,keyword,7,Single Molecule Imaging,Single Molecule Imaging,13.34
P0774,keyword,8,SNARE complex,SNARE complex,12.42
P0774,keyword,9,BH3 mimetics,BH3 mimetics,12.401
P0774,keyword,10,Lipid bilayer fusion,Lipid bilayer fusion,11.538
P0774,keyword,11,Exocytosis,Exocytosis,10.506
P0774,keyword,12,SNARE complex assembly,SNARE complex assembly,10.359
P0774,technique,1,크라이오전자현미경,Cryo-EM,2.543
P0774,technique,2,생물정보·계산생물,Bioinformatics,2.015
P0774,technique,3,형광·공초점 이미징,Fluorescence / Confocal Imaging,1.917
P0774,technique,4,단일세포 분석,Single-cell Analysis,1.495
P0774,technique,5,나노입자·약물전달,Nanoparticles / Drug Delivery,1.144
P0774,technique,6,미세유체·장기칩,Microfluidics / Organ-on-a-chip,0.86
P0774,technique,7,X선 결정학·구조분석,X-ray Crystallography,0.761
P0774,technique,8,분자도킹·시뮬레이션,Molecular Docking / Dynamics,0.746
P0422,keyword,1,Palatine Tonsil,Palatine Tonsil,30.667
P0422,keyword,2,Schwann Cells,Schwann Cells,23.04
P0422,keyword,3,Mesenchymal Stem Cell Transplantation,Mesenchymal Stem Cell Transplantation,20.863
P0422,keyword,4,Schwann cell-like cells,Schwann cell-like cells,16.23
P0422,keyword,5,Charcot-Marie-Tooth disease,Charcot-Marie-Tooth disease,14.823
P0422,keyword,6,Peripheral Nerve Injuries,Peripheral Nerve Injuries,11.983
P0422,keyword,7,Nerve Regeneration,Nerve Regeneration,11.648
P0422,keyword,8,Cell Differentiation,Cell Differentiation,10.451
P0422,keyword,9,Globotriaosylceramide,Globotriaosylceramide,9.747
P0422,keyword,10,Sciatic Nerve,Sciatic Nerve,9.261
P0422,keyword,11,neuromuscular junction,neuromuscular junction,9.244
P0422,keyword,12,Fabry Disease,Fabry Disease,8.907
P0422,technique,1,줄기세포·iPSC,Stem Cells / iPSC,24.34
P0422,technique,2,RNA-seq·전사체,RNA-seq / Transcriptomics,2.099
P0422,technique,3,차세대 시퀀싱(NGS),Next-generation Sequencing,1.661
P0422,technique,4,유전자변형 마우스,Genetically Modified Mice,1.549
P0422,technique,5,MRI·PET 영상,MRI / PET Imaging,1.041
P0422,technique,6,면역조직화학,Immunohistochemistry,0.906
P0422,technique,7,웨스턴블롯,Western Blot,0.5
P0422,technique,8,조직공학·바이오프린팅,Tissue Engineering / Bioprinting,0.438
P0963,keyword,1,medication regimen complexity,medication regimen complexity,15.933
P0963,keyword,2,polypharmacy,polypharmacy,10.484
P0963,keyword,3,MRCI,MRCI,8.592
P0963,keyword,4,micronutrient supplementation,micronutrient supplementation,8.26
P0963,keyword,5,multivitamins,multivitamins,7.834
P0963,keyword,6,NRS-2002,NRS-2002,7.344
P0963,keyword,7,medication adherence,medication adherence,7.254
P0963,keyword,8,protocol adherence,protocol adherence,6.689
P0963,keyword,9,intensive care nutrition,intensive care nutrition,6.689
P0963,keyword,10,potentially inappropriate medications,potentially inappropriate medications,6.608
P0963,keyword,11,nutrition support team,nutrition support team,6.468
P0963,keyword,12,simulation-based education,simulation-based education,6.273
P0693,keyword,1,T-Lymphocytes,T-Lymphocytes,14.497
P0693,keyword,2,"Receptors, Antigen, T-Cell","Receptors, Antigen, T-Cell",10.756
P0693,keyword,3,TCR-engineered T cells,TCR-engineered T cells,9.135
P0693,keyword,4,Immunological Synapses,Immunological Synapses,9.015
P0693,keyword,5,Programmed Cell Death 1 Receptor,Programmed Cell Death 1 Receptor,8.665
P0693,keyword,6,NY-ESO-1,NY-ESO-1,7.911
P0693,keyword,7,PD-1,PD-1,7.185
P0693,keyword,8,Blood Group Incompatibility,Blood Group Incompatibility,7.169
P0693,keyword,9,linker for activation of T cells,linker for activation of T cells,6.456
P0693,keyword,10,ABO Blood-Group System,ABO Blood-Group System,6.142
P0693,keyword,11,Organ Transplantation,Organ Transplantation,6.142
P0693,keyword,12,Lymphocyte Depletion,Lymphocyte Depletion,5.791
P0693,technique,1,CAR-T·입양세포치료,CAR-T / Adoptive Cell Therapy,23.613
P0693,technique,2,항체 개발,Antibody Engineering,7.301
P0693,technique,3,CRISPR 유전자편집,CRISPR Gene Editing,7.213
P0693,technique,4,종양 이종이식 모델,Xenograft Models,5.848
P0693,technique,5,유전자변형 마우스,Genetically Modified Mice,2.281
P0693,technique,6,생물정보·계산생물,Bioinformatics,0.515
P0693,technique,7,머신러닝·AI,Machine Learning / AI,0.492
P0693,technique,8,X선 결정학·구조분석,X-ray Crystallography,0.196
P0520,keyword,1,caloric restriction mimetics,caloric restriction mimetics,4.424
P0520,keyword,2,CNS homeostasis,CNS homeostasis,3.944
P0520,keyword,3,astrocyte-neuron crosstalk,astrocyte-neuron crosstalk,3.713
P0520,keyword,4,cytochrome c oxidase subunit IV,cytochrome c oxidase subunit IV,3.321
P0520,keyword,5,trimethyltin,trimethyltin,2.867
P0520,keyword,6,brain region specificity,brain region specificity,2.851
P0520,keyword,7,Lithium,Lithium,2.778
P0520,keyword,8,mitochondrial DNA copy number,mitochondrial DNA copy number,2.484
P0520,keyword,9,Huntington's disease,Huntington's disease,2.477
P0520,keyword,10,estrogen-related receptor alpha,estrogen-related receptor alpha,2.462
P0520,keyword,11,neuronal culture,neuronal culture,2.2
P0520,keyword,12,neurodegenerative diseases,neurodegenerative diseases,2.162
P0224,keyword,1,Chickens,Chickens,60.38
P0224,keyword,2,Influenza in Birds,Influenza in Birds,47.547
P0224,keyword,3,"Influenza A Virus, H5N1 Subtype","Influenza A Virus, H5N1 Subtype",41.912
P0224,keyword,4,Poultry Diseases,Poultry Diseases,35.313
P0224,keyword,5,highly pathogenic avian influenza,highly pathogenic avian influenza,32.414
P0224,keyword,6,Avian Proteins,Avian Proteins,28.616
P0224,keyword,7,HD11 cells,HD11 cells,24.563
P0224,keyword,8,JAK/STAT signaling,JAK/STAT signaling,18.89
P0224,keyword,9,Influenza A virus,Influenza A virus,18.37
P0224,keyword,10,Avian influenza virus,Avian influenza virus,18.031
P0224,keyword,11,MicroRNAs,MicroRNAs,17.999
P0224,keyword,12,differentially expressed miRNAs,differentially expressed miRNAs,16.757
P0224,technique,1,엑소좀·세포외소포,Exosomes / EVs,27.485
P0224,technique,2,RNA-seq·전사체,RNA-seq / Transcriptomics,5.882
P0224,technique,3,qPCR,Real-time PCR,1.457
P0224,technique,4,생물정보·계산생물,Bioinformatics,1.119
P0224,technique,5,웨스턴블롯,Western Blot,0.981
P0224,technique,6,항체 개발,Antibody Engineering,0.907
P0224,technique,7,ELISA,ELISA,0.781
P0224,technique,8,유세포분석,Flow Cytometry,0.704
P0998,keyword,1,TNF-alpha inhibitors,TNF-alpha inhibitors,11.157
P0998,keyword,2,"Polymorphism, Single Nucleotide","Polymorphism, Single Nucleotide",10.366
P0998,keyword,3,Rheumatoid arthritis,Rheumatoid arthritis,8.815
P0998,keyword,4,elastic net,elastic net,8.282
P0998,keyword,5,Antirheumatic Agents,Antirheumatic Agents,8.161
P0998,keyword,6,"Arthritis, Rheumatoid","Arthritis, Rheumatoid",7.93
P0998,keyword,7,Heart Valve Prosthesis,Heart Valve Prosthesis,7.452
P0998,keyword,8,COVID-19,COVID-19,7.285
P0998,keyword,9,single nucleotide polymorphisms,single nucleotide polymorphisms,7.146
P0998,keyword,10,Vitamin K Epoxide Reductases,Vitamin K Epoxide Reductases,6.668
P0998,keyword,11,VKORC1,VKORC1,6.665
P0998,keyword,12,Warfarin,Warfarin,6.504
P0998,technique,1,머신러닝·AI,Machine Learning / AI,3.94
P0998,technique,2,ELISA,ELISA,0.923
P0998,technique,3,qPCR,Real-time PCR,0.854
P0998,technique,4,항체 개발,Antibody Engineering,0.639
P0998,technique,5,종양 이종이식 모델,Xenograft Models,0.536
P0998,technique,6,나노입자·약물전달,Nanoparticles / Drug Delivery,0.506
P0998,technique,7,생물정보·계산생물,Bioinformatics,0.404
P0998,technique,8,임상시험,Clinical Trials,0.386
P0370,keyword,1,skin lesion segmentation,skin lesion segmentation,17.41
P0370,keyword,2,skin lesion classification,skin lesion classification,16.95
P0370,keyword,3,InceptionV3,InceptionV3,15.793
P0370,keyword,4,ISIC dataset,ISIC dataset,15.128
P0370,keyword,5,Python,Python,10.748
P0370,keyword,6,skin cancer detection,skin cancer detection,9.861
P0370,keyword,7,DeepLabV3+,DeepLabV3+,8.938
P0370,keyword,8,data augmentation,data augmentation,8.3
P0370,keyword,9,ResNet50,ResNet50,8.158
P0370,keyword,10,class imbalance,class imbalance,8.011
P0370,keyword,11,VGG16,VGG16,7.916
P0370,keyword,12,ensemble learning,ensemble learning,7.341
P0370,technique,1,머신러닝·AI,Machine Learning / AI,2.616
P0370,technique,2,생물정보·계산생물,Bioinformatics,1.791
P0370,technique,3,RNA-seq·전사체,RNA-seq / Transcriptomics,0.615
P0269,keyword,1,Dog Diseases,Dog Diseases,24.181
P0269,keyword,2,Dogs,Dogs,12.494
P0269,keyword,3,Plant Poisoning,Plant Poisoning,11.004
P0269,keyword,4,Hemoperfusion,Hemoperfusion,8.928
P0269,keyword,5,canine poisoning,canine poisoning,8.29
P0269,keyword,6,styrene-divinylbenzene copolymer,styrene-divinylbenzene copolymer,6.771
P0269,keyword,7,Bedlington terrier,Bedlington terrier,5.986
P0269,keyword,8,ibuprofen,ibuprofen,5.791
P0269,keyword,9,tracheal stenting,tracheal stenting,5.747
P0269,keyword,10,Tracheal Stenosis,Tracheal Stenosis,5.691
P0269,keyword,11,Play and Playthings,Play and Playthings,5.548
P0269,keyword,12,Cat Diseases,Cat Diseases,5.471
P0269,technique,1,줄기세포·iPSC,Stem Cells / iPSC,1.547
P0269,technique,2,웨스턴블롯,Western Blot,0.773
P0269,technique,3,종양 이종이식 모델,Xenograft Models,0.445
P0189,keyword,1,Fluorescein Angiography,Fluorescein Angiography,17.852
P0189,keyword,2,Nosema ceranae,Nosema ceranae,16.658
P0189,keyword,3,"Tomography, Optical Coherence","Tomography, Optical Coherence",16.067
P0189,keyword,4,Miconazole,Miconazole,13.946
P0189,keyword,5,American foulbrood,American foulbrood,13.313
P0189,keyword,6,nosemosis,nosemosis,13.175
P0189,keyword,7,dimorphic transition,dimorphic transition,12.839
P0189,keyword,8,swept-source optical coherence tomography angiography,swept-source optical coherence tomography angiography,12.382
P0189,keyword,9,Intravitreal Injections,Intravitreal Injections,11.848
P0189,keyword,10,Apis mellifera,Apis mellifera,10.47
P0189,keyword,11,Political science,Political science,10.143
P0189,keyword,12,Law,Law,10.09
P0189,technique,1,분자도킹·시뮬레이션,Molecular Docking / Dynamics,0.673
P0189,technique,2,웨스턴블롯,Western Blot,0.188
P0189,technique,3,머신러닝·AI,Machine Learning / AI,0.177
P0684,keyword,1,nutraceuticals,nutraceuticals,19.548
P0684,keyword,2,NF-κB signaling,NF-κB signaling,17.923
P0684,keyword,3,RAW 264.7 macrophages,RAW 264.7 macrophages,17.448
P0684,keyword,4,inducible nitric oxide synthase,inducible nitric oxide synthase,16.214
P0684,keyword,5,Hair Follicle,Hair Follicle,15.956
P0684,keyword,6,Hair,Hair,15.658
P0684,keyword,7,Pin1,Pin1,14.818
P0684,keyword,8,Plant Extracts,Plant Extracts,14.082
P0684,keyword,9,cyclooxygenase-2,cyclooxygenase-2,13.848
P0684,keyword,10,anti-inflammatory activity,anti-inflammatory activity,12.011
P0684,keyword,11,immune enhancement,immune enhancement,11.915
P0684,keyword,12,reactive oxygen species,reactive oxygen species,11.504
P0684,technique,1,웨스턴블롯,Western Blot,3.011
P0684,technique,2,종양 이종이식 모델,Xenograft Models,2.596
P0684,technique,3,분자도킹·시뮬레이션,Molecular Docking / Dynamics,1.659
P0684,technique,4,면역조직화학,Immunohistochemistry,0.356
P0684,technique,5,RNA 치료제·siRNA,RNA Therapeutics,0.184
P0684,technique,6,유전자변형 마우스,Genetically Modified Mice,0.162
P0487,keyword,1,Coacervate,Coacervate,15.37
P0487,keyword,2,diabetic foot ulcer,diabetic foot ulcer,13.254
P0487,keyword,3,Gelatin,Gelatin,11.565
P0487,keyword,4,coacervates,coacervates,10.999
P0487,keyword,5,sodium alginate,sodium alginate,9.342
P0487,keyword,6,Wound Healing,Wound Healing,7.5
P0487,keyword,7,chronic wound healing,chronic wound healing,6.636
P0487,keyword,8,Emodin,Emodin,6.378
P0487,keyword,9,miRNA mimics,miRNA mimics,6.184
P0487,keyword,10,cytochrome P450 isozymes,cytochrome P450 isozymes,5.66
P0487,keyword,11,zeta potential,zeta potential,5.648
P0487,keyword,12,microRNA delivery,microRNA delivery,5.617
P0487,technique,1,나노입자·약물전달,Nanoparticles / Drug Delivery,1.592
P0487,technique,2,형광·공초점 이미징,Fluorescence / Confocal Imaging,1.459
P0487,technique,3,X선 결정학·구조분석,X-ray Crystallography,1.256
P0487,technique,4,면역조직화학,Immunohistochemistry,0.573
P0487,technique,5,생물정보·계산생물,Bioinformatics,0.415
P0487,technique,6,차세대 시퀀싱(NGS),Next-generation Sequencing,0.205
P0487,technique,7,줄기세포·iPSC,Stem Cells / iPSC,0.179
P0487,technique,8,RNA-seq·전사체,RNA-seq / Transcriptomics,0.134
P0986,keyword,1,DNA methylation sequencing,DNA methylation sequencing,5.961
P0986,keyword,2,Medulloblastoma,Medulloblastoma,4.83
P0986,keyword,3,Cerebellar Neoplasms,Cerebellar Neoplasms,4.797
P0986,keyword,4,Epigenome,Epigenome,4.726
P0986,keyword,5,"DNA, Single-Stranded","DNA, Single-Stranded",4.495
P0986,keyword,6,low-input DNA sequencing,low-input DNA sequencing,4.255
P0986,keyword,7,tumor engraftment,tumor engraftment,4.197
P0986,keyword,8,somatic single nucleotide variants,somatic single nucleotide variants,4.111
P0986,keyword,9,Brain Neoplasms,Brain Neoplasms,4.025
P0986,keyword,10,Exome,Exome,3.953
P0986,keyword,11,pediatric brain tumors,pediatric brain tumors,3.645
P0986,keyword,12,Paraffin Embedding,Paraffin Embedding,3.552
P0986,technique,1,차세대 시퀀싱(NGS),Next-generation Sequencing,2.848
P0986,technique,2,종양 이종이식 모델,Xenograft Models,2.258
P0986,technique,3,RNA-seq·전사체,RNA-seq / Transcriptomics,0.85
P0986,technique,4,대사체·지질체,Metabolomics / Lipidomics,0.469
P0986,technique,5,생물정보·계산생물,Bioinformatics,0.343
P0986,technique,6,질량분석,Mass Spectrometry,0.324
P0986,technique,7,qPCR,Real-time PCR,0.268
P0490,keyword,1,mRNA delivery,mRNA delivery,8.848
P0490,keyword,2,Vitronectin,Vitronectin,6.331
P0490,keyword,3,pKa tuning,pKa tuning,4.284
P0490,keyword,4,activin A,activin A,3.944
P0490,keyword,5,follistatin,follistatin,3.887
P0490,keyword,6,ligand density,ligand density,3.635
P0490,keyword,7,Lipids,Lipids,3.395
P0490,keyword,8,brain tumor targeting,brain tumor targeting,3.134
P0490,keyword,9,cancer cachexia,cancer cachexia,3.08
P0490,keyword,10,ionizable lipids,ionizable lipids,3.03
P0490,keyword,11,Cachexia,Cachexia,3.02
P0490,keyword,12,Glucose Transporter Type 1,Glucose Transporter Type 1,2.813
P0490,technique,1,나노입자·약물전달,Nanoparticles / Drug Delivery,3.042
P1021,keyword,1,Blood Glucose Self-Monitoring,Blood Glucose Self-Monitoring,9.788
P1021,keyword,2,finger tapping,finger tapping,7.234
P1021,keyword,3,broaden-and-build theory,broaden-and-build theory,7.197
P1021,keyword,4,just-in-time adaptive interventions,just-in-time adaptive interventions,6.434
P1021,keyword,5,micro-randomized trial,micro-randomized trial,6.192
P1021,keyword,6,latent representations,latent representations,6.153
P1021,keyword,7,severity estimation,severity estimation,5.891
P1021,keyword,8,RGB video analysis,RGB video analysis,5.854
P1021,keyword,9,"depression, anxiety and stress","depression, anxiety and stress",5.818
P1021,keyword,10,"Pancreas, Artificial","Pancreas, Artificial",5.637
P1021,keyword,11,MDS-UPDRS,MDS-UPDRS,5.353
P1021,keyword,12,hand kinematics,hand kinematics,5.033
P1021,technique,1,머신러닝·AI,Machine Learning / AI,2.961
P0524,keyword,1,Cancellous bone,Cancellous bone,6.605
P0524,keyword,2,vertebral trabecular bone,vertebral trabecular bone,5.979
P0524,keyword,3,TotalSegmentator,TotalSegmentator,5.506
P0524,keyword,4,amyloid PET,amyloid PET,5.117
P0524,keyword,5,Fluorodeoxyglucose F18,Fluorodeoxyglucose F18,4.52
P0524,keyword,6,brain atrophy,brain atrophy,4.446
P0524,keyword,7,Hounsfield units,Hounsfield units,4.382
P0524,keyword,8,Radiopharmaceuticals,Radiopharmaceuticals,4.372
P0524,keyword,9,Lumbar Vertebrae,Lumbar Vertebrae,4.122
P0524,keyword,10,dual-energy X-ray absorptiometry,dual-energy X-ray absorptiometry,3.913
P0524,keyword,11,Bone density,Bone density,3.752
P0524,keyword,12,mild cognitive impairment,mild cognitive impairment,3.55
P0524,technique,1,MRI·PET 영상,MRI / PET Imaging,5.27
P0524,technique,2,머신러닝·AI,Machine Learning / AI,1.579
P0524,technique,3,임상시험,Clinical Trials,0.418
P0002,keyword,1,metabolic engineering,metabolic engineering,29.04
P0002,keyword,2,"Gene Expression Regulation, Bacterial","Gene Expression Regulation, Bacterial",22.247
P0002,keyword,3,Clustered Regularly Interspaced Short Palindromic Repeats,Clustered Regularly Interspaced Short Palindromic Repeats,20.774
P0002,keyword,4,Escherichia coli,Escherichia coli,20.497
P0002,keyword,5,synthetic biology,synthetic biology,19.722
P0002,keyword,6,Vibrio,Vibrio,19.412
P0002,keyword,7,Genetic Engineering,Genetic Engineering,16.239
P0002,keyword,8,Protein Biosynthesis,Protein Biosynthesis,13.102
P0002,keyword,9,Weightlessness,Weightlessness,11.254
P0002,keyword,10,lycopene production,lycopene production,10.715
P0002,keyword,11,β-carotene production,β-carotene production,9.216
P0002,keyword,12,sugarcane molasses,sugarcane molasses,8.966
P0002,technique,1,CRISPR 유전자편집,CRISPR Gene Editing,16.054
P0002,technique,2,생물정보·계산생물,Bioinformatics,3.777
P0002,technique,3,RNA-seq·전사체,RNA-seq / Transcriptomics,3.776
P0002,technique,4,차세대 시퀀싱(NGS),Next-generation Sequencing,0.99
P0002,technique,5,머신러닝·AI,Machine Learning / AI,0.21
P0002,technique,6,나노입자·약물전달,Nanoparticles / Drug Delivery,0.144
P0620,keyword,1,duodenal neuroendocrine tumor,duodenal neuroendocrine tumor,9.317
P0620,keyword,2,Crohn Disease,Crohn Disease,9.016
P0620,keyword,3,gastric neuroendocrine tumor,gastric neuroendocrine tumor,7.737
P0620,keyword,4,Irritable Bowel Syndrome,Irritable Bowel Syndrome,6.32
P0620,keyword,5,Proflavine,Proflavine,6.225
P0620,keyword,6,"Intestine, Small","Intestine, Small",5.902
P0620,keyword,7,"Esophagitis, Peptic","Esophagitis, Peptic",5.842
P0620,keyword,8,ulcerative colitis,ulcerative colitis,5.594
P0620,keyword,9,"Colitis, Ulcerative","Colitis, Ulcerative",5.511
P0620,keyword,10,Colectomy,Colectomy,5.016
P0620,keyword,11,small bowel Crohn's disease,small bowel Crohn's disease,4.959
P0620,keyword,12,post-resection surveillance,post-resection surveillance,4.914
P0620,technique,1,형광·공초점 이미징,Fluorescence / Confocal Imaging,1.096
P0620,technique,2,MRI·PET 영상,MRI / PET Imaging,0.334
P1038,keyword,1,Mesothelioma,Mesothelioma,15.948
P1038,keyword,2,"Mesothelioma, Malignant","Mesothelioma, Malignant",13.277
P1038,keyword,3,Necroptosis,Necroptosis,11.807
P1038,keyword,4,apoptosis,apoptosis,9.292
P1038,keyword,5,"Membrane Potential, Mitochondrial","Membrane Potential, Mitochondrial",6.713
P1038,keyword,6,Vaccinium vitis-idaea,Vaccinium vitis-idaea,6.536
P1038,keyword,7,lingonberry,lingonberry,6.372
P1038,keyword,8,Prostatic Neoplasms,Prostatic Neoplasms,6.363
P1038,keyword,9,procyanidin A2,procyanidin A2,6.301
P1038,keyword,10,Clofarabine,Clofarabine,6.251
P1038,keyword,11,PC-3 Cells,PC-3 Cells,5.974
P1038,keyword,12,malignant mesothelioma,malignant mesothelioma,5.812
P1038,technique,1,RNA 치료제·siRNA,RNA Therapeutics,1.979
P1038,technique,2,면역조직화학,Immunohistochemistry,1.201
P1038,technique,3,웨스턴블롯,Western Blot,0.859
P1038,technique,4,유세포분석,Flow Cytometry,0.211
P1038,technique,5,RNA-seq·전사체,RNA-seq / Transcriptomics,0.115
P1038,technique,6,항체 개발,Antibody Engineering,0.092
P0962,keyword,1,Ilex,Ilex,23.066
P0962,keyword,2,Ilex rotunda,Ilex rotunda,21.569
P0962,keyword,3,anti-inflammatory activity,anti-inflammatory activity,18.014
P0962,keyword,4,Vitex rotundifolia,Vitex rotundifolia,17.092
P0962,keyword,5,Anti-Inflammatory Agents,Anti-Inflammatory Agents,16.89
P0962,keyword,6,Plant Extracts,Plant Extracts,16.509
P0962,keyword,7,molecular networking,molecular networking,15.593
P0962,keyword,8,antioxidant activity,antioxidant activity,15.227
P0962,keyword,9,inducible nitric oxide synthase,inducible nitric oxide synthase,13.98
P0962,keyword,10,Oleaceae,Oleaceae,13.753
P0962,keyword,11,cyclooxygenase-2,cyclooxygenase-2,13.211
P0962,keyword,12,lipopolysaccharide-induced inflammation,lipopolysaccharide-induced inflammation,12.403
P0962,technique,1,분자도킹·시뮬레이션,Molecular Docking / Dynamics,15.036
P0962,technique,2,대사체·지질체,Metabolomics / Lipidomics,5.637
P0962,technique,3,질량분석,Mass Spectrometry,4.597
P0962,technique,4,웨스턴블롯,Western Blot,3.11
P0244,keyword,1,open-field cultivation,open-field cultivation,11.578
P0244,keyword,2,net house cultivation,net house cultivation,6.779
P0244,keyword,3,Solanum lycopersicum,Solanum lycopersicum,6.548
P0244,keyword,4,tomato,tomato,4.696
P0244,keyword,5,Volatile Organic Compounds,Volatile Organic Compounds,4.671
P0244,keyword,6,nanopriming,nanopriming,4.649
P0244,keyword,7,geranylacetone,geranylacetone,4.593
P0244,keyword,8,production systems,production systems,4.317
P0244,keyword,9,β-damascenone,β-damascenone,4.29
P0244,keyword,10,Solid Phase Microextraction,Solid Phase Microextraction,4.0
P0244,keyword,11,seed priming,seed priming,3.926
P0244,keyword,12,seed vigor,seed vigor,3.819
P0244,technique,1,대사체·지질체,Metabolomics / Lipidomics,3.403
P0244,technique,2,질량분석,Mass Spectrometry,2.448
P0041,keyword,1,single-molecule localization microscopy,single-molecule localization microscopy,9.456
P0041,keyword,2,multiplexed imaging,multiplexed imaging,8.432
P0041,keyword,3,Single Molecule Imaging,Single Molecule Imaging,8.03
P0041,keyword,4,signal-to-background ratio,signal-to-background ratio,7.877
P0041,keyword,5,Microscopy,Microscopy,7.528
P0041,keyword,6,adaptive optics,adaptive optics,5.98
P0041,keyword,7,"Microscopy, Fluorescence","Microscopy, Fluorescence",5.413
P0041,keyword,8,Resolution (logic),Resolution (logic),5.154
P0041,keyword,9,Hypochlorous Acid,Hypochlorous Acid,4.673
P0041,keyword,10,oligodendrocytes,oligodendrocytes,4.391
P0041,keyword,11,STED microscopy,STED microscopy,4.376
P0041,keyword,12,photostabilization,photostabilization,4.372
P0041,technique,1,형광·공초점 이미징,Fluorescence / Confocal Imaging,9.967
P0041,technique,2,전자현미경,Electron Microscopy,3.316
P0041,technique,3,제브라피시,Zebrafish,3.051
P0041,technique,4,나노입자·약물전달,Nanoparticles / Drug Delivery,0.957
P0041,technique,5,머신러닝·AI,Machine Learning / AI,0.635
P0041,technique,6,생물정보·계산생물,Bioinformatics,0.443
P0673,keyword,1,Macroautophagy,Macroautophagy,34.597
P0673,keyword,2,Autophagy,Autophagy,32.523
P0673,keyword,3,primary ciliogenesis,primary ciliogenesis,31.9
P0673,keyword,4,Peroxisomes,Peroxisomes,29.105
P0673,keyword,5,Cilia,Cilia,19.904
P0673,keyword,6,pexophagy,pexophagy,19.614
P0673,keyword,7,ATG5,ATG5,14.576
P0673,keyword,8,Autophagy-Related Protein 5,Autophagy-Related Protein 5,12.511
P0673,keyword,9,alpha-MSH,alpha-MSH,12.498
P0673,keyword,10,Peroxisome,Peroxisome,11.085
P0673,keyword,11,Zellweger syndrome,Zellweger syndrome,10.977
P0673,keyword,12,Mitochondrial Dynamics,Mitochondrial Dynamics,10.954
P0673,technique,1,유전자변형 마우스,Genetically Modified Mice,4.461
P0673,technique,2,RNA 치료제·siRNA,RNA Therapeutics,2.796
P0673,technique,3,RNA-seq·전사체,RNA-seq / Transcriptomics,1.54
P0673,technique,4,제브라피시,Zebrafish,1.398
P0673,technique,5,종양 이종이식 모델,Xenograft Models,0.71
P0673,technique,6,면역조직화학,Immunohistochemistry,0.651
P0673,technique,7,형광·공초점 이미징,Fluorescence / Confocal Imaging,0.58
P0673,technique,8,GWAS·유전역학,GWAS / Genetic Epidemiology,0.515
P0065,keyword,1,Selenomonas,Selenomonas,14.828
P0065,keyword,2,Selenomonas sputigena,Selenomonas sputigena,12.81
P0065,keyword,3,"Transformation, Bacterial","Transformation, Bacterial",5.633
P0065,keyword,4,Vibrio vulnificus,Vibrio vulnificus,5.523
P0065,keyword,5,host-microbe interactions,host-microbe interactions,5.494
P0065,keyword,6,acetate production,acetate production,4.938
P0065,keyword,7,native promoter,native promoter,4.863
P0065,keyword,8,Vitamin A,Vitamin A,4.853
P0065,keyword,9,"Transformation, Genetic","Transformation, Genetic",4.755
P0065,keyword,10,"Gene Expression Regulation, Bacterial","Gene Expression Regulation, Bacterial",4.479
P0065,keyword,11,glycolytic gene expression,glycolytic gene expression,4.433
P0065,keyword,12,bacterial transformation,bacterial transformation,3.64
P0065,technique,1,생물정보·계산생물,Bioinformatics,0.56
P0065,technique,2,X선 결정학·구조분석,X-ray Crystallography,0.481
P0065,technique,3,RNA-seq·전사체,RNA-seq / Transcriptomics,0.339
P0545,keyword,1,melanocyte stem cells,melanocyte stem cells,1.829
P0545,keyword,2,melanoma initiation,melanoma initiation,1.566
P0545,keyword,3,genetically engineered mouse models,genetically engineered mouse models,1.23
P0545,keyword,4,TET2,TET2,1.203
P0545,keyword,5,Phenotypic plasticity,Phenotypic plasticity,1.06
P0545,keyword,6,PI3K signaling,PI3K signaling,0.948
P0545,keyword,7,CDK4,CDK4,0.785
P0545,keyword,8,JAK/STAT signaling,JAK/STAT signaling,0.707
P0545,keyword,9,Melanocytes,Melanocytes,0.605
P0545,keyword,10,Tumor heterogeneity,Tumor heterogeneity,0.59
P0545,keyword,11,epigenetic regulation,epigenetic regulation,0.493
P0545,keyword,12,Melanoma,Melanoma,0.415
P0208,keyword,1,semaglutide,semaglutide,13.43
P0208,keyword,2,accelerated stability testing,accelerated stability testing,11.568
P0208,keyword,3,PEGylation,PEGylation,10.563
P0208,keyword,4,Polyethylene Glycols,Polyethylene Glycols,8.658
P0208,keyword,5,sodium citrate buffer,sodium citrate buffer,8.569
P0208,keyword,6,Dendrimers,Dendrimers,8.112
P0208,keyword,7,Glucagon-Like Peptides,Glucagon-Like Peptides,7.783
P0208,keyword,8,sodium acetate buffer,sodium acetate buffer,7.524
P0208,keyword,9,"Drugs, Generic","Drugs, Generic",6.735
P0208,keyword,10,Octreotide,Octreotide,6.538
P0208,keyword,11,type I collagen synthesis,type I collagen synthesis,6.484
P0208,keyword,12,Immunomodulating Agents,Immunomodulating Agents,6.288
P0208,technique,1,나노입자·약물전달,Nanoparticles / Drug Delivery,8.224
P0208,technique,2,질량분석,Mass Spectrometry,2.834
P0208,technique,3,임상시험,Clinical Trials,1.977
P0208,technique,4,항체 개발,Antibody Engineering,0.418
P0208,technique,5,생물정보·계산생물,Bioinformatics,0.416
P0208,technique,6,유전자변형 마우스,Genetically Modified Mice,0.339
P0055,keyword,1,Proprotein Convertase 9,Proprotein Convertase 9,55.276
P0055,keyword,2,PCSK9 Inhibitors,PCSK9 Inhibitors,46.282
P0055,keyword,3,PCSK9,PCSK9,29.026
P0055,keyword,4,Molecular Structure,Molecular Structure,19.257
P0055,keyword,5,"Receptors, LDL","Receptors, LDL",17.441
P0055,keyword,6,Garcinia mangostana,Garcinia mangostana,17.078
P0055,keyword,7,natural product isolation,natural product isolation,17.025
P0055,keyword,8,Combretum quadrangulare,Combretum quadrangulare,16.999
P0055,keyword,9,Casearia,Casearia,16.739
P0055,keyword,10,structure elucidation,structure elucidation,16.182
P0055,keyword,11,Kexin,Kexin,16.049
P0055,keyword,12,LDL receptor,LDL receptor,14.459
P0055,technique,1,질량분석,Mass Spectrometry,3.094
P0055,technique,2,줄기세포·iPSC,Stem Cells / iPSC,2.207
P0055,technique,3,웨스턴블롯,Western Blot,1.477
P0055,technique,4,항체 개발,Antibody Engineering,1.032
P0055,technique,5,RNA-seq·전사체,RNA-seq / Transcriptomics,0.937
P0055,technique,6,분자도킹·시뮬레이션,Molecular Docking / Dynamics,0.839
P0055,technique,7,임상시험,Clinical Trials,0.718
P0055,technique,8,초파리,Drosophila,0.713
P0378,keyword,1,kidney transplantation,kidney transplantation,17.871
P0378,keyword,2,Graft Survival,Graft Survival,7.651
P0378,keyword,3,Delayed Graft Function,Delayed Graft Function,6.478
P0378,keyword,4,deceased donor kidney transplantation,deceased donor kidney transplantation,5.75
P0378,keyword,5,Graft Rejection,Graft Rejection,5.101
P0378,keyword,6,media campaigns,media campaigns,4.913
P0378,keyword,7,Belatacept,Belatacept,4.735
P0378,keyword,8,organ donor registration,organ donor registration,4.612
P0378,keyword,9,extended criteria donors,extended criteria donors,4.571
P0378,keyword,10,Transplantation,Transplantation,4.57
P0378,keyword,11,middle hepatic vein reconstruction,middle hepatic vein reconstruction,4.451
P0378,keyword,12,polytetrafluoroethylene graft,polytetrafluoroethylene graft,4.372
P0378,technique,1,유세포분석,Flow Cytometry,0.562
P1029,keyword,1,HIV Infections,HIV Infections,11.57
P1029,keyword,2,Vector Borne Diseases,Vector Borne Diseases,11.004
P1029,keyword,3,HIV-1,HIV-1,10.679
P1029,keyword,4,Virus Diseases,Virus Diseases,10.158
P1029,keyword,5,Virus Replication,Virus Replication,7.92
P1029,keyword,6,Host-Pathogen Interactions,Host-Pathogen Interactions,7.627
P1029,keyword,7,"Immunity, Innate","Immunity, Innate",7.375
P1029,keyword,8,preimplantation genetic testing for aneuploidy,preimplantation genetic testing for aneuploidy,6.98
P1029,keyword,9,euploid embryos,euploid embryos,6.921
P1029,keyword,10,frozen embryo transfer,frozen embryo transfer,5.948
P1029,keyword,11,Hypopharyngeal Neoplasms,Hypopharyngeal Neoplasms,5.887
P1029,keyword,12,hypopharyngeal squamous cell carcinoma,hypopharyngeal squamous cell carcinoma,5.823
P1029,technique,1,엑소좀·세포외소포,Exosomes / EVs,10.166
P1029,technique,2,MRI·PET 영상,MRI / PET Imaging,2.201
P1029,technique,3,유전자변형 마우스,Genetically Modified Mice,0.783
P1029,technique,4,RNA 치료제·siRNA,RNA Therapeutics,0.484
P1029,technique,5,머신러닝·AI,Machine Learning / AI,0.356
P1029,technique,6,웨스턴블롯,Western Blot,0.112
P1029,technique,7,생물정보·계산생물,Bioinformatics,0.082
P0853,keyword,1,alveolar type II cells,alveolar type II cells,13.21
P0853,keyword,2,Alveolar Epithelial Cells,Alveolar Epithelial Cells,11.791
P0853,keyword,3,surfactant protein C,surfactant protein C,11.098
P0853,keyword,4,Itch E3 ubiquitin ligase,Itch E3 ubiquitin ligase,9.293
P0853,keyword,5,fetal lung,fetal lung,8.782
P0853,keyword,6,Pulmonary Alveoli,Pulmonary Alveoli,6.795
P0853,keyword,7,Pulmonary Surfactant-Associated Protein C,Pulmonary Surfactant-Associated Protein C,6.67
P0853,keyword,8,Lung,Lung,6.425
P0853,keyword,9,forward genetic screen,forward genetic screen,5.857
P0853,keyword,10,in vitro lung model,in vitro lung model,5.357
P0853,keyword,11,Cell Differentiation,Cell Differentiation,5.287
P0853,keyword,12,protein mislocalization,protein mislocalization,4.976
P0853,technique,1,오가노이드,Organoids,18.048
P0853,technique,2,CRISPR 유전자편집,CRISPR Gene Editing,2.175
P0853,technique,3,단일세포 분석,Single-cell Analysis,0.907
P0853,technique,4,RNA-seq·전사체,RNA-seq / Transcriptomics,0.458
P0853,technique,5,생물정보·계산생물,Bioinformatics,0.455
P0853,technique,6,줄기세포·iPSC,Stem Cells / iPSC,0.2
P0801,keyword,1,Glutamate Carboxypeptidase II,Glutamate Carboxypeptidase II,20.422
P0801,keyword,2,Structure-Activity Relationship,Structure-Activity Relationship,9.093
P0801,keyword,3,Drug Design,Drug Design,9.091
P0801,keyword,4,"Antigens, Surface","Antigens, Surface",8.973
P0801,keyword,5,Quorum Sensing,Quorum Sensing,8.406
P0801,keyword,6,Phosphotransferases (Phosphate Group Acceptor),Phosphotransferases (Phosphate Group Acceptor),8.02
P0801,keyword,7,prostate-specific membrane antigen,prostate-specific membrane antigen,7.88
P0801,keyword,8,Cellular Senescence,Cellular Senescence,7.66
P0801,keyword,9,Pseudomonas aeruginosa,Pseudomonas aeruginosa,7.191
P0801,keyword,10,Hydroxyeicosatetraenoic Acids,Hydroxyeicosatetraenoic Acids,6.605
P0801,keyword,11,Serine Proteinase Inhibitors,Serine Proteinase Inhibitors,6.246
P0801,keyword,12,Boron Compounds,Boron Compounds,6.151
P0801,technique,1,분자도킹·시뮬레이션,Molecular Docking / Dynamics,7.064
P0801,technique,2,X선 결정학·구조분석,X-ray Crystallography,2.292
P0801,technique,3,MRI·PET 영상,MRI / PET Imaging,2.203
P0801,technique,4,종양 이종이식 모델,Xenograft Models,1.323
P0801,technique,5,ELISA,ELISA,1.255
P0801,technique,6,하이드로젤·스캐폴드,Hydrogels / Scaffolds,1.249
P0801,technique,7,생물정보·계산생물,Bioinformatics,0.929
P0801,technique,8,줄기세포·iPSC,Stem Cells / iPSC,0.726
P0331,keyword,1,dental implant surgery,dental implant surgery,8.932
P0331,keyword,2,Osteonecrosis of the jaw,Osteonecrosis of the jaw,7.613
P0331,keyword,3,guided bone regeneration,guided bone regeneration,6.247
P0331,keyword,4,alveolar bone augmentation,alveolar bone augmentation,4.711
P0331,keyword,5,medication-related osteonecrosis of the jaw,medication-related osteonecrosis of the jaw,4.643
P0331,keyword,6,bisphosphonates,bisphosphonates,4.546
P0331,keyword,7,maxillofacial cysts,maxillofacial cysts,4.503
P0331,keyword,8,narrow alveolar ridge,narrow alveolar ridge,4.496
P0331,keyword,9,Temporomandibular joint,Temporomandibular joint,4.424
P0331,keyword,10,Orthognathic surgery,Orthognathic surgery,4.313
P0331,keyword,11,ECC,ECC,4.22
P0331,keyword,12,Dentistry,Dentistry,3.995
P0331,technique,1,MRI·PET 영상,MRI / PET Imaging,0.917
P0331,technique,2,머신러닝·AI,Machine Learning / AI,0.87
P0331,technique,3,항체 개발,Antibody Engineering,0.477
P0331,technique,4,종양 이종이식 모델,Xenograft Models,0.413
P0331,technique,5,ELISA,ELISA,0.348
P0331,technique,6,웨스턴블롯,Western Blot,0.175
P0249,keyword,1,serum protein biomarkers,serum protein biomarkers,5.02
P0249,keyword,2,in vitro diagnostic assays,in vitro diagnostic assays,4.924
P0249,keyword,3,laboratory-developed tests,laboratory-developed tests,4.163
P0249,keyword,4,hemoglobin A,hemoglobin A,3.917
P0249,keyword,5,omics technologies,omics technologies,3.769
P0249,keyword,6,preclinical to clinical translation,preclinical to clinical translation,3.586
P0249,keyword,7,plasma proteome,plasma proteome,3.557
P0249,keyword,8,predictive toxicology,predictive toxicology,3.411
P0249,keyword,9,racial differences,racial differences,3.053
P0249,keyword,10,classifier validation,classifier validation,2.987
P0249,keyword,11,physiologically based pharmacokinetic modeling,physiologically based pharmacokinetic modeling,2.933
P0249,keyword,12,healthy donors,healthy donors,2.86
P0249,technique,1,질량분석,Mass Spectrometry,2.774
P0249,technique,2,단백체,Proteomics,1.91
P1031,keyword,1,"Seizures, Febrile","Seizures, Febrile",3.51
P1031,keyword,2,hippocampal CA2,hippocampal CA2,3.505
P1031,keyword,3,febrile seizures,febrile seizures,3.128
P1031,keyword,4,Gerbil,Gerbil,2.939
P1031,keyword,5,Hippocampus,Hippocampus,2.878
P1031,keyword,6,hyperlocomotion,hyperlocomotion,2.83
P1031,keyword,7,aquaporin-4,aquaporin-4,2.608
P1031,keyword,8,repetitive behavior,repetitive behavior,2.608
P1031,keyword,9,social novelty,social novelty,2.596
P1031,keyword,10,TCDD,TCDD,2.549
P1031,keyword,11,Status epilepticus,Status epilepticus,2.384
P1031,keyword,12,cleft lip and palate,cleft lip and palate,2.381
P1031,technique,1,면역조직화학,Immunohistochemistry,0.196
P1031,technique,2,전자현미경,Electron Microscopy,0.142
P1031,technique,3,머신러닝·AI,Machine Learning / AI,0.042
P1065,keyword,1,Histone Deacetylase 6,Histone Deacetylase 6,32.924
P1065,keyword,2,Histone Deacetylase Inhibitors,Histone Deacetylase Inhibitors,25.16
P1065,keyword,3,alpha-tubulin acetylation,alpha-tubulin acetylation,18.579
P1065,keyword,4,HDAC6 inhibitors,HDAC6 inhibitors,18.207
P1065,keyword,5,HSP90 Heat-Shock Proteins,HSP90 Heat-Shock Proteins,14.173
P1065,keyword,6,HDAC6,HDAC6,13.069
P1065,keyword,7,Drug Design,Drug Design,12.32
P1065,keyword,8,Hsp90,Hsp90,11.936
P1065,keyword,9,Antineoplastic Agents,Antineoplastic Agents,9.375
P1065,keyword,10,Hydroxamic Acids,Hydroxamic Acids,8.771
P1065,keyword,11,isoform-selective inhibitors,isoform-selective inhibitors,8.701
P1065,keyword,12,bifunctional inhibitors,bifunctional inhibitors,8.002
P1065,technique,1,분자도킹·시뮬레이션,Molecular Docking / Dynamics,8.519
P1065,technique,2,종양 이종이식 모델,Xenograft Models,4.223
P1065,technique,3,X선 결정학·구조분석,X-ray Crystallography,1.631
P1065,technique,4,생물정보·계산생물,Bioinformatics,0.659
P1065,technique,5,단백체,Proteomics,0.458
P1065,technique,6,질량분석,Mass Spectrometry,0.413
P1065,technique,7,웨스턴블롯,Western Blot,0.261
P0328,keyword,1,Pneumoperitoneum,Pneumoperitoneum,5.493
P0328,keyword,2,Trendelenburg position,Trendelenburg position,5.368
P0328,keyword,3,Pulmonary Atelectasis,Pulmonary Atelectasis,4.429
P0328,keyword,4,Head-Down Tilt,Head-Down Tilt,3.502
P0328,keyword,5,volume-controlled ventilation,volume-controlled ventilation,3.438
P0328,keyword,6,lung ultrasound,lung ultrasound,3.327
P0328,keyword,7,ventilator modes,ventilator modes,2.919
P0328,keyword,8,pressure-controlled ventilation,pressure-controlled ventilation,2.695
P0328,keyword,9,Anesthesia,Anesthesia,2.48
P0328,keyword,10,optic nerve sheath diameter,optic nerve sheath diameter,2.403
P0328,keyword,11,Propofol,Propofol,2.365
P0328,keyword,12,Laparoscopy,Laparoscopy,2.236
P0328,technique,1,임상시험,Clinical Trials,0.258
P0185,keyword,1,Starch,Starch,33.331
P0185,keyword,2,puffing,puffing,29.942
P0185,keyword,3,self-assembly kinetics,self-assembly kinetics,28.609
P0185,keyword,4,resistant starch,resistant starch,28.236
P0185,keyword,5,slowly digestible starch,slowly digestible starch,25.858
P0185,keyword,6,Corn starch,Corn starch,21.65
P0185,keyword,7,pasting properties,pasting properties,18.941
P0185,keyword,8,Crystallinity,Crystallinity,16.742
P0185,keyword,9,Viscosity,Viscosity,16.344
P0185,keyword,10,swelling power,swelling power,16.314
P0185,keyword,11,in vitro starch digestibility,in vitro starch digestibility,15.33
P0185,keyword,12,Glucans,Glucans,15.113
P0185,technique,1,X선 결정학·구조분석,X-ray Crystallography,1.91
P0185,technique,2,나노입자·약물전달,Nanoparticles / Drug Delivery,1.119
P0185,technique,3,분자도킹·시뮬레이션,Molecular Docking / Dynamics,0.565
P0185,technique,4,전자현미경,Electron Microscopy,0.235
P0185,technique,5,질량분석,Mass Spectrometry,0.111
P0344,keyword,1,distal radioulnar joint instability,distal radioulnar joint instability,13.778
P0344,keyword,2,wrist range of motion,wrist range of motion,13.052
P0344,keyword,3,triangular fibrocartilage complex,triangular fibrocartilage complex,12.134
P0344,keyword,4,DASH score,DASH score,11.265
P0344,keyword,5,Triangular Fibrocartilage,Triangular Fibrocartilage,11.195
P0344,keyword,6,humpback deformity,humpback deformity,10.812
P0344,keyword,7,corticocancellous bone graft,corticocancellous bone graft,10.537
P0344,keyword,8,scapholunate angle,scapholunate angle,9.732
P0344,keyword,9,scaphoid nonunion,scaphoid nonunion,9.52
P0344,keyword,10,"Range of Motion, Articular","Range of Motion, Articular",9.284
P0344,keyword,11,carpal alignment,carpal alignment,8.839
P0344,keyword,12,radiolunate angle,radiolunate angle,8.822
P0344,technique,1,줄기세포·iPSC,Stem Cells / iPSC,1.153
P0393,keyword,1,Palatine Tonsil,Palatine Tonsil,22.552
P0393,keyword,2,Mast Cells,Mast Cells,13.732
P0393,keyword,3,HMC-1 cells,HMC-1 cells,11.179
P0393,keyword,4,Keratinocytes,Keratinocytes,8.176
P0393,keyword,5,Toll-Like Receptor 6,Toll-Like Receptor 6,7.657
P0393,keyword,6,Dermatitis,Dermatitis,7.176
P0393,keyword,7,Mesenchymal Stem Cell Transplantation,Mesenchymal Stem Cell Transplantation,7.149
P0393,keyword,8,radiation-induced proctitis,radiation-induced proctitis,6.984
P0393,keyword,9,skin inflammation,skin inflammation,6.944
P0393,keyword,10,Mesenchymal stem cell,Mesenchymal stem cell,6.724
P0393,keyword,11,Extracellular Traps,Extracellular Traps,6.685
P0393,keyword,12,Cell Movement,Cell Movement,6.06
P0393,technique,1,줄기세포·iPSC,Stem Cells / iPSC,19.126
P0393,technique,2,엑소좀·세포외소포,Exosomes / EVs,9.929
P0393,technique,3,유세포분석,Flow Cytometry,1.419
P0393,technique,4,RNA 치료제·siRNA,RNA Therapeutics,1.364
P0393,technique,5,전자현미경,Electron Microscopy,1.222
P0393,technique,6,면역조직화학,Immunohistochemistry,0.796
P0393,technique,7,ELISA,ELISA,0.697
P0393,technique,8,유전자변형 마우스,Genetically Modified Mice,0.67
P1028,keyword,1,Polyubiquitin,Polyubiquitin,21.827
P1028,keyword,2,neutrophil gelatinase-associated lipocalin,neutrophil gelatinase-associated lipocalin,19.718
P1028,keyword,3,Lipocalin-2,Lipocalin-2,19.642
P1028,keyword,4,Ubiquitin,Ubiquitin,18.049
P1028,keyword,5,Proteasome Endopeptidase Complex,Proteasome Endopeptidase Complex,10.2
P1028,keyword,6,Protein Sorting Signals,Protein Sorting Signals,10.144
P1028,keyword,7,Ubiquitin C,Ubiquitin C,9.491
P1028,keyword,8,Lipocalins,Lipocalins,9.455
P1028,keyword,9,Protein Aggregates,Protein Aggregates,9.242
P1028,keyword,10,protein secretion,protein secretion,8.988
P1028,keyword,11,Astrocytes,Astrocytes,8.973
P1028,keyword,12,Gliosis,Gliosis,8.922
P1028,technique,1,유전자변형 마우스,Genetically Modified Mice,4.643
P1028,technique,2,나노입자·약물전달,Nanoparticles / Drug Delivery,4.208
P1028,technique,3,CRISPR 유전자편집,CRISPR Gene Editing,2.821
P1028,technique,4,ELISA,ELISA,0.612
P1028,technique,5,qPCR,Real-time PCR,0.528
P1028,technique,6,생물정보·계산생물,Bioinformatics,0.315
P1028,technique,7,면역조직화학,Immunohistochemistry,0.24
P1028,technique,8,웨스턴블롯,Western Blot,0.051
P0602,keyword,1,meningioma,meningioma,3.944
P0602,keyword,2,preventable trauma deaths,preventable trauma deaths,3.768
P0602,keyword,3,L5-S1 fusion,L5-S1 fusion,3.58
P0602,keyword,4,foraminal stenosis,foraminal stenosis,3.5
P0602,keyword,5,transforaminal lumbar interbody fusion,transforaminal lumbar interbody fusion,3.418
P0602,keyword,6,lumbar instability,lumbar instability,3.392
P0602,keyword,7,anticoagulant reversal,anticoagulant reversal,3.375
P0602,keyword,8,stereotactic radiosurgery,stereotactic radiosurgery,3.264
P0602,keyword,9,frameless stereotactic radiosurgery,frameless stereotactic radiosurgery,3.231
P0602,keyword,10,dose conformity,dose conformity,3.173
P0602,keyword,11,antithrombotic agents,antithrombotic agents,3.127
P0602,keyword,12,local control,local control,2.889
P0602,technique,1,MRI·PET 영상,MRI / PET Imaging,0.412
P0602,technique,2,면역조직화학,Immunohistochemistry,0.152
P1012,keyword,1,mitochondrial DNA editing,mitochondrial DNA editing,11.047
P1012,keyword,2,Transcription Activator-Like Effectors,Transcription Activator-Like Effectors,7.416
P1012,keyword,3,"DNA, Mitochondrial","DNA, Mitochondrial",6.241
P1012,keyword,4,Leigh syndrome,Leigh syndrome,5.408
P1012,keyword,5,Cytosine,Cytosine,5.254
P1012,keyword,6,Burkholderia cenocepacia,Burkholderia cenocepacia,3.646
P1012,keyword,7,Mitochondrial Diseases,Mitochondrial Diseases,2.918
P1012,keyword,8,Foraminotomy,Foraminotomy,2.831
P1012,keyword,9,Adenine,Adenine,2.73
P1012,keyword,10,Purines,Purines,1.629
P1012,keyword,11,Protein Engineering,Protein Engineering,1.559
P1012,keyword,12,transition mutations,transition mutations,1.523
P1012,technique,1,CRISPR 유전자편집,CRISPR Gene Editing,6.986
P1012,technique,2,생물정보·계산생물,Bioinformatics,0.11
P0132,keyword,1,HCN channels,HCN channels,9.348
P0132,keyword,2,Taste,Taste,8.899
P0132,keyword,3,Enteroendocrine Cells,Enteroendocrine Cells,8.346
P0132,keyword,4,gustatory receptor neurons,gustatory receptor neurons,8.321
P0132,keyword,5,Enteroendocrine cell,Enteroendocrine cell,6.799
P0132,keyword,6,chemosensation,chemosensation,5.862
P0132,keyword,7,odorant-binding proteins,odorant-binding proteins,5.823
P0132,keyword,8,maxillary palp,maxillary palp,5.802
P0132,keyword,9,accessory cells,accessory cells,5.764
P0132,keyword,10,Midgut,Midgut,5.211
P0132,keyword,11,IR25a,IR25a,4.947
P0132,keyword,12,Sensilla,Sensilla,4.923
P0132,technique,1,초파리,Drosophila,22.595
P0132,technique,2,칼슘 이미징,Calcium Imaging,1.642
P0132,technique,3,예쁜꼬마선충,C. elegans,1.153
P0132,technique,4,RNA-seq·전사체,RNA-seq / Transcriptomics,0.921
P0132,technique,5,전기생리,Electrophysiology,0.501
P0132,technique,6,면역조직화학,Immunohistochemistry,0.147
P0132,technique,7,RNA 치료제·siRNA,RNA Therapeutics,0.135
P0307,keyword,1,Seed Dispersal,Seed Dispersal,24.245
P0307,keyword,2,Natural regeneration,Natural regeneration,21.368
P0307,keyword,3,wind dispersal,wind dispersal,10.128
P0307,keyword,4,terminal velocity,terminal velocity,9.899
P0307,keyword,5,urban trees,urban trees,9.645
P0307,keyword,6,allometric equations,allometric equations,9.406
P0307,keyword,7,wind speed reduction,wind speed reduction,8.675
P0307,keyword,8,seedling establishment,seedling establishment,7.047
P0307,keyword,9,aboveground carbon storage,aboveground carbon storage,6.144
P0307,keyword,10,campus trees,campus trees,5.922
P0307,keyword,11,Coarse woody debris,Coarse woody debris,5.495
P0307,keyword,12,carbon sequestration,carbon sequestration,5.322
P0230,keyword,1,Biofilms,Biofilms,129.785
P0230,keyword,2,Food Microbiology,Food Microbiology,109.108
P0230,keyword,3,food contact surfaces,food contact surfaces,85.262
P0230,keyword,4,Food Safety,Food Safety,81.642
P0230,keyword,5,Biofilm,Biofilm,61.392
P0230,keyword,6,Listeria monocytogenes,Listeria monocytogenes,58.69
P0230,keyword,7,Stainless Steel,Stainless Steel,56.336
P0230,keyword,8,Food Contamination,Food Contamination,51.936
P0230,keyword,9,Bacteriophages,Bacteriophages,45.679
P0230,keyword,10,Quorum Sensing,Quorum Sensing,44.983
P0230,keyword,11,Food Handling,Food Handling,41.161
P0230,keyword,12,Sodium hypochlorite,Sodium hypochlorite,36.7
P0230,technique,1,qPCR,Real-time PCR,6.129
P0230,technique,2,전자현미경,Electron Microscopy,4.177
P0230,technique,3,머신러닝·AI,Machine Learning / AI,3.251
P0230,technique,4,나노입자·약물전달,Nanoparticles / Drug Delivery,1.368
P0230,technique,5,항체 개발,Antibody Engineering,0.309
P0230,technique,6,생물정보·계산생물,Bioinformatics,0.283
P0230,technique,7,ELISA,ELISA,0.134
P0230,technique,8,형광·공초점 이미징,Fluorescence / Confocal Imaging,0.093
P1067,keyword,1,poly(2-oxazoline),poly(2-oxazoline),26.186
P1067,keyword,2,polymeric micelles,polymeric micelles,20.446
P1067,keyword,3,Medulloblastoma,Medulloblastoma,19.299
P1067,keyword,4,Vismodegib,Vismodegib,16.161
P1067,keyword,5,TLR7/8 agonist,TLR7/8 agonist,11.001
P1067,keyword,6,amorphous solid dispersions,amorphous solid dispersions,10.19
P1067,keyword,7,Micelles,Micelles,9.432
P1067,keyword,8,resiquimod,resiquimod,8.281
P1067,keyword,9,Bioequivalence,Bioequivalence,6.493
P1067,keyword,10,poorly water-soluble drugs,poorly water-soluble drugs,6.363
P1067,keyword,11,TGF-beta receptor inhibitors,TGF-beta receptor inhibitors,6.269
P1067,keyword,12,dry powder inhaler,dry powder inhaler,5.818
P1067,technique,1,나노입자·약물전달,Nanoparticles / Drug Delivery,12.382
P1067,technique,2,엑소좀·세포외소포,Exosomes / EVs,3.506
P1067,technique,3,단일세포 분석,Single-cell Analysis,1.498
P1067,technique,4,종양 이종이식 모델,Xenograft Models,0.999
P1067,technique,5,분자도킹·시뮬레이션,Molecular Docking / Dynamics,0.873
P1067,technique,6,오가노이드,Organoids,0.66
P1067,technique,7,유전자변형 마우스,Genetically Modified Mice,0.552
P0352,keyword,1,Radius Fractures,Radius Fractures,13.742
P0352,keyword,2,Wrist Injuries,Wrist Injuries,11.958
P0352,keyword,3,Hand Strength,Hand Strength,11.847
P0352,keyword,4,carpal tunnel syndrome,carpal tunnel syndrome,11.542
P0352,keyword,5,grip strength,grip strength,10.579
P0352,keyword,6,Disability Evaluation,Disability Evaluation,10.051
P0352,keyword,7,"Range of Motion, Articular","Range of Motion, Articular",10.045
P0352,keyword,8,Triangular Fibrocartilage,Triangular Fibrocartilage,9.277
P0352,keyword,9,pain sensitization,pain sensitization,8.79
P0352,keyword,10,Carpal tunnel release,Carpal tunnel release,8.451
P0352,keyword,11,health literacy,health literacy,8.019
P0352,keyword,12,Triamcinolone Acetonide,Triamcinolone Acetonide,7.986
P0352,technique,1,임상시험,Clinical Trials,1.775
P0352,technique,2,MRI·PET 영상,MRI / PET Imaging,1.651
P0533,keyword,1,Cluster Headache,Cluster Headache,21.378
P0533,keyword,2,Migraine Disorders,Migraine Disorders,17.708
P0533,keyword,3,Reversible cerebral vasoconstriction syndrome,Reversible cerebral vasoconstriction syndrome,13.006
P0533,keyword,4,Migraine,Migraine,12.206
P0533,keyword,5,Calcitonin Gene-Related Peptide,Calcitonin Gene-Related Peptide,10.852
P0533,keyword,6,Nimodipine,Nimodipine,10.768
P0533,keyword,7,migraine prophylaxis,migraine prophylaxis,10.192
P0533,keyword,8,primary stabbing headache,primary stabbing headache,10.008
P0533,keyword,9,"Vasospasm, Intracranial","Vasospasm, Intracranial",9.487
P0533,keyword,10,atogepant,atogepant,9.379
P0533,keyword,11,rimegepant,rimegepant,8.905
P0533,keyword,12,Calcitonin Gene-Related Peptide Receptor Antagonists,Calcitonin Gene-Related Peptide Receptor Antagonists,8.808
P0533,technique,1,항체 개발,Antibody Engineering,4.024
P0533,technique,2,MRI·PET 영상,MRI / PET Imaging,3.399
P0533,technique,3,머신러닝·AI,Machine Learning / AI,0.815
P0533,technique,4,임상시험,Clinical Trials,0.554
P0539,keyword,1,p53 deacetylation,p53 deacetylation,1.624
P0539,keyword,2,PRAME,PRAME,1.471
P0539,keyword,3,DBC1,DBC1,1.326
P0539,keyword,4,SIRT1 inhibitors,SIRT1 inhibitors,1.273
P0539,keyword,5,p53 target genes,p53 target genes,1.088
P0539,keyword,6,p53 inactivation,p53 inactivation,1.084
P0539,keyword,7,Sirtuin 1,Sirtuin 1,0.909
P0539,keyword,8,"Antigens, Neoplasm","Antigens, Neoplasm",0.816
P0539,keyword,9,tumor suppressor gene reactivation,tumor suppressor gene reactivation,0.789
P0539,keyword,10,SIRT1,SIRT1,0.606
P0539,keyword,11,"Adaptor Proteins, Signal Transducing","Adaptor Proteins, Signal Transducing",0.605
P0539,keyword,12,Tumor Suppressor Protein p53,Tumor Suppressor Protein p53,0.601
P0505,keyword,1,Neuregulin-1,Neuregulin-1,26.308
P0505,keyword,2,EAAC1,EAAC1,20.9
P0505,keyword,3,early life stress,early life stress,17.574
P0505,keyword,4,Neuregulin 1,Neuregulin 1,14.634
P0505,keyword,5,Excitatory Amino Acid Transporter 3,Excitatory Amino Acid Transporter 3,13.567
P0505,keyword,6,Impulsive Behavior,Impulsive Behavior,11.156
P0505,keyword,7,"Receptor, ErbB-4","Receptor, ErbB-4",10.155
P0505,keyword,8,Neuregulin,Neuregulin,9.382
P0505,keyword,9,neonatal maternal separation,neonatal maternal separation,9.079
P0505,keyword,10,Hippocampus,Hippocampus,8.193
P0505,keyword,11,ErbB4,ErbB4,8.116
P0505,keyword,12,cysteine uptake,cysteine uptake,7.662
P0505,technique,1,유전자변형 마우스,Genetically Modified Mice,1.442
P0505,technique,2,RNA-seq·전사체,RNA-seq / Transcriptomics,0.667
P0505,technique,3,전기생리,Electrophysiology,0.491
P0505,technique,4,웨스턴블롯,Western Blot,0.462
P0505,technique,5,면역조직화학,Immunohistochemistry,0.372
P0505,technique,6,RNA 치료제·siRNA,RNA Therapeutics,0.124
P0181,keyword,1,drought tolerance,drought tolerance,34.091
P0181,keyword,2,drought stress,drought stress,22.936
P0181,keyword,3,Cultivar,Cultivar,21.248
P0181,keyword,4,Oryza,Oryza,19.114
P0181,keyword,5,Pollen Tube,Pollen Tube,16.702
P0181,keyword,6,Metabolite,Metabolite,16.093
P0181,keyword,7,pollen tube growth,pollen tube growth,15.829
P0181,keyword,8,"Gene Expression Regulation, Plant","Gene Expression Regulation, Plant",13.501
P0181,keyword,9,rice,rice,13.242
P0181,keyword,10,plant proteins,plant proteins,10.672
P0181,keyword,11,Pollen,Pollen,10.441
P0181,keyword,12,Isoflavonoid,Isoflavonoid,9.103
P0181,technique,1,RNA-seq·전사체,RNA-seq / Transcriptomics,19.736
P0181,technique,2,대사체·지질체,Metabolomics / Lipidomics,5.364
P0181,technique,3,CRISPR 유전자편집,CRISPR Gene Editing,4.724
P0181,technique,4,애기장대·식물 모델,Arabidopsis,4.707
P0181,technique,5,생물정보·계산생물,Bioinformatics,1.278
P0606,keyword,1,germline mutation testing,germline mutation testing,3.107
P0606,keyword,2,multiple endocrine neoplasia type 2A,multiple endocrine neoplasia type 2A,3.032
P0606,keyword,3,medullary thyroid carcinoma,medullary thyroid carcinoma,2.976
P0606,keyword,4,Peptic Ulcer Perforation,Peptic Ulcer Perforation,2.658
P0606,keyword,5,National Health and Nutrition Examination Survey,National Health and Nutrition Examination Survey,2.032
P0606,keyword,6,hypercalcemia,hypercalcemia,2.003
P0606,keyword,7,autosomal dominant inheritance,autosomal dominant inheritance,1.97
P0606,keyword,8,breast cancer,breast cancer,1.913
P0606,keyword,9,Hyperparathyroidism,Hyperparathyroidism,1.792
P0606,keyword,10,MEN1,MEN1,1.695
P0606,keyword,11,Calcitonin,Calcitonin,1.579
P0606,keyword,12,thyroid cancer diagnosis,thyroid cancer diagnosis,1.575
P0831,keyword,1,metabolic engineering,metabolic engineering,28.25
P0831,keyword,2,synthetic biology,synthetic biology,21.652
P0831,keyword,3,Escherichia coli,Escherichia coli,9.033
P0831,keyword,4,Biological Products,Biological Products,8.985
P0831,keyword,5,synthetic gene circuits,synthetic gene circuits,8.158
P0831,keyword,6,natural colorants,natural colorants,7.689
P0831,keyword,7,Polyketides,Polyketides,6.963
P0831,keyword,8,Malonyl-CoA,Malonyl-CoA,6.58
P0831,keyword,9,antibiotic analogues,antibiotic analogues,6.32
P0831,keyword,10,Polyketide Synthases,Polyketide Synthases,6.284
P0831,keyword,11,Corynebacterium glutamicum,Corynebacterium glutamicum,5.849
P0831,keyword,12,polyketide biosynthesis,polyketide biosynthesis,5.592
P0831,technique,1,CRISPR 유전자편집,CRISPR Gene Editing,2.211
P0831,technique,2,생물정보·계산생물,Bioinformatics,1.375
P0114,keyword,1,radiolabeling,radiolabeling,18.631
P0114,keyword,2,theranostics,theranostics,16.676
P0114,keyword,3,Click chemistry,Click chemistry,13.683
P0114,keyword,4,Tissue Distribution,Tissue Distribution,13.243
P0114,keyword,5,copper-67,copper-67,12.541
P0114,keyword,6,macrophage depletion,macrophage depletion,12.527
P0114,keyword,7,Gallium Radioisotopes,Gallium Radioisotopes,11.528
P0114,keyword,8,Radiopharmaceuticals,Radiopharmaceuticals,11.253
P0114,keyword,9,tumor microenvironment targeting,tumor microenvironment targeting,9.409
P0114,keyword,10,Copper Radioisotopes,Copper Radioisotopes,8.657
P0114,keyword,11,Glutamate Carboxypeptidase II,Glutamate Carboxypeptidase II,8.405
P0114,keyword,12,Clodronic Acid,Clodronic Acid,8.028
P0114,technique,1,MRI·PET 영상,MRI / PET Imaging,23.768
P0114,technique,2,나노입자·약물전달,Nanoparticles / Drug Delivery,15.37
P0114,technique,3,종양 이종이식 모델,Xenograft Models,3.145
P0114,technique,4,엑소좀·세포외소포,Exosomes / EVs,0.827
P0114,technique,5,X선 결정학·구조분석,X-ray Crystallography,0.345
P0114,technique,6,머신러닝·AI,Machine Learning / AI,0.153
P0114,technique,7,단백체,Proteomics,0.123
P0114,technique,8,질량분석,Mass Spectrometry,0.055
P0337,keyword,1,Premature birth,Premature birth,75.761
P0337,keyword,2,preterm birth,preterm birth,71.733
P0337,keyword,3,cervicovaginal fluid,cervicovaginal fluid,43.112
P0337,keyword,4,vaginal microbiota,vaginal microbiota,34.294
P0337,keyword,5,preterm birth prediction,preterm birth prediction,32.858
P0337,keyword,6,Preeclampsia,Preeclampsia,29.304
P0337,keyword,7,small for gestational age,small for gestational age,24.563
P0337,keyword,8,gestational diabetes mellitus,gestational diabetes mellitus,23.651
P0337,keyword,9,Pre-Eclampsia,Pre-Eclampsia,23.536
P0337,keyword,10,Obstetrics,Obstetrics,22.292
P0337,keyword,11,Pregnancy Outcome,Pregnancy Outcome,21.817
P0337,keyword,12,Vagina,Vagina,21.787
P0337,technique,1,엑소좀·세포외소포,Exosomes / EVs,5.833
P0337,technique,2,GWAS·유전역학,GWAS / Genetic Epidemiology,5.764
P0337,technique,3,머신러닝·AI,Machine Learning / AI,4.246
P0337,technique,4,단백체,Proteomics,3.591
P0337,technique,5,대사체·지질체,Metabolomics / Lipidomics,2.741
P0337,technique,6,MRI·PET 영상,MRI / PET Imaging,2.588
P0337,technique,7,질량분석,Mass Spectrometry,2.574
P0337,technique,8,RNA-seq·전사체,RNA-seq / Transcriptomics,2.446
P0628,keyword,1,olfactory organ,olfactory organ,8.323
P0628,keyword,2,endovascular intervention,endovascular intervention,6.821
P0628,keyword,3,Olfactory epithelium,Olfactory epithelium,4.924
P0628,keyword,4,anadromous fish,anadromous fish,4.532
P0628,keyword,5,pulmonary artery pseudoaneurysm,pulmonary artery pseudoaneurysm,4.21
P0628,keyword,6,fish histology,fish histology,3.871
P0628,keyword,7,portal vein recanalization,portal vein recanalization,3.845
P0628,keyword,8,Tribolodon hakonensis,Tribolodon hakonensis,3.815
P0628,keyword,9,Protein S Deficiency,Protein S Deficiency,3.727
P0628,keyword,10,non-cirrhotic liver,non-cirrhotic liver,3.679
P0628,keyword,11,amphidromous fish,amphidromous fish,3.536
P0628,keyword,12,Plecoglossus altivelis,Plecoglossus altivelis,3.473
P0628,technique,1,MRI·PET 영상,MRI / PET Imaging,0.771
P0187,keyword,1,Antarctic lichens,Antarctic lichens,17.948
P0187,keyword,2,Agaricales,Agaricales,13.125
P0187,keyword,3,natural product isolation,natural product isolation,9.238
P0187,keyword,4,fungal steroids,fungal steroids,8.06
P0187,keyword,5,"Fruiting Bodies, Fungal","Fruiting Bodies, Fungal",6.482
P0187,keyword,6,Sterols,Sterols,6.236
P0187,keyword,7,Daedaleopsis confragosa,Daedaleopsis confragosa,5.901
P0187,keyword,8,lanostane-type triterpenoids,lanostane-type triterpenoids,5.795
P0187,keyword,9,Escherichia coli inhibition,Escherichia coli inhibition,5.617
P0187,keyword,10,Mushroom,Mushroom,5.544
P0187,keyword,11,penicillin-binding protein 3,penicillin-binding protein 3,5.43
P0187,keyword,12,black ginseng,black ginseng,5.26
P0187,technique,1,분자도킹·시뮬레이션,Molecular Docking / Dynamics,3.331
P0187,technique,2,질량분석,Mass Spectrometry,0.785
P0225,keyword,1,broiler chickens,broiler chickens,63.282
P0225,keyword,2,Chickens,Chickens,49.336
P0225,keyword,3,growth performance,growth performance,49.204
P0225,keyword,4,animal feed,animal feed,47.87
P0225,keyword,5,feed conversion ratio,feed conversion ratio,47.213
P0225,keyword,6,laying hens,laying hens,43.119
P0225,keyword,7,Animal Nutritional Physiological Phenomena,Animal Nutritional Physiological Phenomena,40.535
P0225,keyword,8,Broiler,Broiler,36.908
P0225,keyword,9,β-mannanase,β-mannanase,36.862
P0225,keyword,10,intestinal morphology,intestinal morphology,36.407
P0225,keyword,11,heat stress,heat stress,36.016
P0225,keyword,12,egg quality,egg quality,35.496
P0225,technique,1,RNA-seq·전사체,RNA-seq / Transcriptomics,6.494
P0225,technique,2,생물정보·계산생물,Bioinformatics,0.08
P0546,keyword,1,colorimetric biosensor,colorimetric biosensor,19.916
P0546,keyword,2,cheese brine,cheese brine,11.379
P0546,keyword,3,foodborne pathogen detection,foodborne pathogen detection,9.289
P0546,keyword,4,Immunoassay,Immunoassay,7.418
P0546,keyword,5,Food Safety,Food Safety,7.213
P0546,keyword,6,Escherichia coli O157:H7,Escherichia coli O157:H7,6.981
P0546,keyword,7,total polyphenols,total polyphenols,6.554
P0546,keyword,8,supercooling,supercooling,6.415
P0546,keyword,9,on-site detection,on-site detection,6.127
P0546,keyword,10,localized surface plasmon resonance,localized surface plasmon resonance,5.938
P0546,keyword,11,texture,texture,5.864
P0546,keyword,12,Spirodela polyrhiza,Spirodela polyrhiza,5.846
P0546,technique,1,나노입자·약물전달,Nanoparticles / Drug Delivery,3.665
P0546,technique,2,줄기세포·iPSC,Stem Cells / iPSC,0.969
P0043,keyword,1,"Abnormalities, Drug-Induced","Abnormalities, Drug-Induced",13.295
P0043,keyword,2,drug labeling,drug labeling,12.782
P0043,keyword,3,kidney transplantation,kidney transplantation,11.61
P0043,keyword,4,Tacrolimus,Tacrolimus,10.462
P0043,keyword,5,drug safety,drug safety,10.037
P0043,keyword,6,congenital malformations,congenital malformations,9.956
P0043,keyword,7,relapsed/refractory multiple myeloma,relapsed/refractory multiple myeloma,9.441
P0043,keyword,8,drug safety in pregnancy,drug safety in pregnancy,9.439
P0043,keyword,9,fibrates,fibrates,9.363
P0043,keyword,10,Fibric Acids,Fibric Acids,8.734
P0043,keyword,11,target trial emulation,target trial emulation,8.493
P0043,keyword,12,Immunosuppressive Agents,Immunosuppressive Agents,8.154
P0043,technique,1,임상시험,Clinical Trials,3.417
P0043,technique,2,머신러닝·AI,Machine Learning / AI,2.307
P0043,technique,3,차세대 시퀀싱(NGS),Next-generation Sequencing,1.462
P0043,technique,4,생물정보·계산생물,Bioinformatics,1.454
P0043,technique,5,GWAS·유전역학,GWAS / Genetic Epidemiology,1.219
P0043,technique,6,RNA-seq·전사체,RNA-seq / Transcriptomics,0.656
P0383,keyword,1,Korean Longitudinal Study of Aging,Korean Longitudinal Study of Aging,4.384
P0383,keyword,2,Hand Strength,Hand Strength,4.069
P0383,keyword,3,relative handgrip strength,relative handgrip strength,3.974
P0383,keyword,4,Body Mass Index,Body Mass Index,3.239
P0383,keyword,5,diabetes risk factors,diabetes risk factors,3.02
P0383,keyword,6,new-onset diabetes,new-onset diabetes,2.934
P0383,keyword,7,Korean older adults,Korean older adults,2.872
P0383,keyword,8,household income,household income,2.705
P0383,keyword,9,Resistance Training,Resistance Training,2.642
P0383,keyword,10,chronic liver disease,chronic liver disease,2.59
P0383,keyword,11,Diabetes Mellitus,Diabetes Mellitus,2.454
P0383,keyword,12,East Asian People,East Asian People,2.423
P0383,technique,1,임상시험,Clinical Trials,0.169
P0199,keyword,1,Duchenne muscular dystrophy,Duchenne muscular dystrophy,15.422
P0199,keyword,2,Dystrophin,Dystrophin,15.392
P0199,keyword,3,Genetic Therapy,Genetic Therapy,13.323
P0199,keyword,4,genome editing,genome editing,9.296
P0199,keyword,5,Dependovirus,Dependovirus,9.247
P0199,keyword,6,"Muscular Dystrophy, Duchenne","Muscular Dystrophy, Duchenne",8.175
P0199,keyword,7,Muscular dystrophy,Muscular dystrophy,6.803
P0199,keyword,8,Clustered Regularly Interspaced Short Palindromic Repeats,Clustered Regularly Interspaced Short Palindromic Repeats,6.283
P0199,keyword,9,mutation correction,mutation correction,6.0
P0199,keyword,10,recombinant adeno-associated virus vectors,recombinant adeno-associated virus vectors,5.653
P0199,keyword,11,off-target effects,off-target effects,5.506
P0199,keyword,12,Genetic Vectors,Genetic Vectors,5.167
P0199,technique,1,CRISPR 유전자편집,CRISPR Gene Editing,23.145
P0199,technique,2,생물정보·계산생물,Bioinformatics,1.089
P0199,technique,3,유전자변형 마우스,Genetically Modified Mice,1.017
P0199,technique,4,종양 이종이식 모델,Xenograft Models,0.82
P0199,technique,5,웨스턴블롯,Western Blot,0.42
P0199,technique,6,전자현미경,Electron Microscopy,0.41
P0199,technique,7,임상시험,Clinical Trials,0.349
P0199,technique,8,나노입자·약물전달,Nanoparticles / Drug Delivery,0.206
P0235,keyword,1,Listeria monocytogenes,Listeria monocytogenes,39.009
P0235,keyword,2,Salmonella,Salmonella,32.776
P0235,keyword,3,Food Microbiology,Food Microbiology,27.379
P0235,keyword,4,"Colony Count, Microbial","Colony Count, Microbial",19.39
P0235,keyword,5,foodborne pathogens,foodborne pathogens,17.432
P0235,keyword,6,Food Safety,Food Safety,17.257
P0235,keyword,7,Escherichia coli O157,Escherichia coli O157,16.732
P0235,keyword,8,Food Preservation,Food Preservation,15.849
P0235,keyword,9,Salmonella Enteritidis,Salmonella Enteritidis,15.31
P0235,keyword,10,Bacteriocins,Bacteriocins,15.171
P0235,keyword,11,Light,Light,14.185
P0235,keyword,12,smoked salmon,smoked salmon,13.894
P0235,technique,1,qPCR,Real-time PCR,2.166
P0235,technique,2,전자현미경,Electron Microscopy,2.161
P0235,technique,3,RNA-seq·전사체,RNA-seq / Transcriptomics,1.835
P0235,technique,4,나노입자·약물전달,Nanoparticles / Drug Delivery,0.035
P0651,keyword,1,Bacteriophages,Bacteriophages,31.661
P0651,keyword,2,Lysin,Lysin,23.325
P0651,keyword,3,Endopeptidases,Endopeptidases,23.066
P0651,keyword,4,Bacillus Phages,Bacillus Phages,22.559
P0651,keyword,5,Viral Tail Proteins,Viral Tail Proteins,22.009
P0651,keyword,6,biological control agents,biological control agents,15.931
P0651,keyword,7,endolysin,endolysin,14.665
P0651,keyword,8,Milk,Milk,13.775
P0651,keyword,9,Bacteriophage,Bacteriophage,13.538
P0651,keyword,10,phage isolation,phage isolation,13.223
P0651,keyword,11,Clostridium perfringens,Clostridium perfringens,13.003
P0651,keyword,12,Bacillus cereus,Bacillus cereus,12.409
P0651,technique,1,나노입자·약물전달,Nanoparticles / Drug Delivery,2.317
P0651,technique,2,X선 결정학·구조분석,X-ray Crystallography,0.339
P0395,keyword,1,Bochdalek hernia,Bochdalek hernia,1.45
P0395,keyword,2,Mediastinitis,Mediastinitis,1.449
P0395,keyword,3,thoracolaparotomy,thoracolaparotomy,1.392
P0395,keyword,4,adult congenital diaphragmatic hernia,adult congenital diaphragmatic hernia,1.182
P0395,keyword,5,delayed sternal closure,delayed sternal closure,1.139
P0395,keyword,6,mediastinal hemorrhage,mediastinal hemorrhage,1.085
P0395,keyword,7,Gore-Tex patch,Gore-Tex patch,1.083
P0395,keyword,8,Chest tube,Chest tube,1.015
P0395,keyword,9,aortic surgery,aortic surgery,0.991
P0395,keyword,10,Inguinal hernia,Inguinal hernia,0.907
P0395,keyword,11,congenital diaphragmatic hernia repair,congenital diaphragmatic hernia repair,0.876
P0395,keyword,12,open chest,open chest,0.789
P0618,keyword,1,CKD-EPI equation,CKD-EPI equation,9.258
P0618,keyword,2,selenium deficiency,selenium deficiency,8.236
P0618,keyword,3,Thyroid Diseases,Thyroid Diseases,7.356
P0618,keyword,4,Renal Dialysis,Renal Dialysis,6.904
P0618,keyword,5,chronic kidney disease,chronic kidney disease,6.762
P0618,keyword,6,Selenium,Selenium,6.745
P0618,keyword,7,CKD staging,CKD staging,6.321
P0618,keyword,8,Cystatin C,Cystatin C,5.588
P0618,keyword,9,hemodialysis patients,hemodialysis patients,5.426
P0618,keyword,10,Thyroid Gland,Thyroid Gland,5.301
P0618,keyword,11,serum selenium,serum selenium,4.938
P0618,keyword,12,estimated glomerular filtration rate,estimated glomerular filtration rate,4.69
P0618,technique,1,MRI·PET 영상,MRI / PET Imaging,0.178
P0456,keyword,1,Palatine Tonsil,Palatine Tonsil,27.857
P0456,keyword,2,Mesenchymal Stem Cell Transplantation,Mesenchymal Stem Cell Transplantation,10.894
P0456,keyword,3,conditioned medium,conditioned medium,9.817
P0456,keyword,4,Mesenchymal stem cell,Mesenchymal stem cell,9.733
P0456,keyword,5,Bone Marrow Transplantation,Bone Marrow Transplantation,9.567
P0456,keyword,6,"Culture Media, Conditioned","Culture Media, Conditioned",7.247
P0456,keyword,7,Hematopoietic Stem Cell Transplantation,Hematopoietic Stem Cell Transplantation,6.346
P0456,keyword,8,Tonsil,Tonsil,6.301
P0456,keyword,9,Bone Marrow Cells,Bone Marrow Cells,4.652
P0456,keyword,10,Stem cell,Stem cell,4.466
P0456,keyword,11,Bone Marrow,Bone Marrow,4.437
P0456,keyword,12,bone marrow adipose tissue,bone marrow adipose tissue,3.976
P0456,technique,1,줄기세포·iPSC,Stem Cells / iPSC,19.952
P0456,technique,2,유세포분석,Flow Cytometry,1.304
P0456,technique,3,RNA-seq·전사체,RNA-seq / Transcriptomics,1.166
P0456,technique,4,엑소좀·세포외소포,Exosomes / EVs,0.818
P0456,technique,5,유전자변형 마우스,Genetically Modified Mice,0.796
P0456,technique,6,면역조직화학,Immunohistochemistry,0.545
P0456,technique,7,하이드로젤·스캐폴드,Hydrogels / Scaffolds,0.532
P0456,technique,8,전자현미경,Electron Microscopy,0.511
P0275,keyword,1,NSD1,NSD1,13.432
P0275,keyword,2,Histone-Lysine N-Methyltransferase,Histone-Lysine N-Methyltransferase,11.857
P0275,keyword,3,Sotos syndrome,Sotos syndrome,8.204
P0275,keyword,4,Drospirenone,Drospirenone,6.582
P0275,keyword,5,Pseudomonas entomophila,Pseudomonas entomophila,5.156
P0275,keyword,6,"Chromosomes, Insect","Chromosomes, Insect",4.952
P0275,keyword,7,HP1α,HP1α,4.92
P0275,keyword,8,Terpene,Terpene,4.754
P0275,keyword,9,H3K36 methylation,H3K36 methylation,4.675
P0275,keyword,10,position effect variegation,position effect variegation,4.472
P0275,keyword,11,Haploinsufficiency,Haploinsufficiency,4.311
P0275,keyword,12,Chromobox Protein Homolog 5,Chromobox Protein Homolog 5,4.281
P0275,technique,1,초파리,Drosophila,16.053
P0275,technique,2,분자도킹·시뮬레이션,Molecular Docking / Dynamics,0.276
P0275,technique,3,나노입자·약물전달,Nanoparticles / Drug Delivery,0.142
P0275,technique,4,전자현미경,Electron Microscopy,0.13
P0275,technique,5,웨스턴블롯,Western Blot,0.118
P0275,technique,6,ELISA,ELISA,0.116
P0275,technique,7,유세포분석,Flow Cytometry,0.112
P0275,technique,8,생물정보·계산생물,Bioinformatics,0.103
P0880,keyword,1,dissolving microneedles,dissolving microneedles,85.616
P0880,keyword,2,Needles,Needles,68.033
P0880,keyword,3,"Administration, Cutaneous","Administration, Cutaneous",39.241
P0880,keyword,4,Hyaluronic Acid,Hyaluronic Acid,22.834
P0880,keyword,5,Skin,Skin,16.989
P0880,keyword,6,Transdermal,Transdermal,15.732
P0880,keyword,7,Transdermal Patch,Transdermal Patch,15.448
P0880,keyword,8,Microinjections,Microinjections,13.95
P0880,keyword,9,Liraglutide,Liraglutide,12.303
P0880,keyword,10,suprachoroidal space,suprachoroidal space,12.198
P0880,keyword,11,transdermal vaccination,transdermal vaccination,11.919
P0880,keyword,12,posterior segment of the eye,posterior segment of the eye,11.183
P0880,technique,1,나노입자·약물전달,Nanoparticles / Drug Delivery,41.94
P0880,technique,2,하이드로젤·스캐폴드,Hydrogels / Scaffolds,7.813
P0880,technique,3,미세유체·장기칩,Microfluidics / Organ-on-a-chip,3.657
P0880,technique,4,유전자변형 마우스,Genetically Modified Mice,1.406
P0880,technique,5,전자현미경,Electron Microscopy,0.695
P0880,technique,6,질량분석,Mass Spectrometry,0.368
P0880,technique,7,머신러닝·AI,Machine Learning / AI,0.036
P0367,keyword,1,medication-related osteonecrosis of the jaw,medication-related osteonecrosis of the jaw,21.267
P0367,keyword,2,Bisphosphonate-Associated Osteonecrosis of the Jaw,Bisphosphonate-Associated Osteonecrosis of the Jaw,15.415
P0367,keyword,3,Bone Density Conservation Agents,Bone Density Conservation Agents,13.555
P0367,keyword,4,Diphosphonates,Diphosphonates,13.104
P0367,keyword,5,dental scaling,dental scaling,11.273
P0367,keyword,6,toothbrushing frequency,toothbrushing frequency,10.696
P0367,keyword,7,Zoledronic Acid,Zoledronic Acid,9.642
P0367,keyword,8,Chronic periodontitis,Chronic periodontitis,8.413
P0367,keyword,9,Periodontitis,Periodontitis,8.398
P0367,keyword,10,Denosumab,Denosumab,8.236
P0367,keyword,11,intravenous bisphosphonates,intravenous bisphosphonates,8.008
P0367,keyword,12,Oral Health,Oral Health,7.99
P0367,technique,1,RNA 치료제·siRNA,RNA Therapeutics,1.175
P0367,technique,2,유전자변형 마우스,Genetically Modified Mice,0.93
P0367,technique,3,줄기세포·iPSC,Stem Cells / iPSC,0.731
P0367,technique,4,나노입자·약물전달,Nanoparticles / Drug Delivery,0.646
P0367,technique,5,대사체·지질체,Metabolomics / Lipidomics,0.302
P0367,technique,6,MRI·PET 영상,MRI / PET Imaging,0.266
P0367,technique,7,질량분석,Mass Spectrometry,0.237
P0367,technique,8,종양 이종이식 모델,Xenograft Models,0.226
P0119,keyword,1,Japanese colonial rule,Japanese colonial rule,10.677
P0119,keyword,2,colonial Korea,colonial Korea,10.561
P0119,keyword,3,Colonialism,Colonialism,9.823
P0119,keyword,4,Korean diaspora in Japan,Korean diaspora in Japan,9.521
P0119,keyword,5,Eugenics,Eugenics,8.302
P0119,keyword,6,Cold War,Cold War,8.093
P0119,keyword,7,Hygiene,Hygiene,6.326
P0119,keyword,8,nature conservation,nature conservation,6.158
P0119,keyword,9,"History, 20th Century","History, 20th Century",6.008
P0119,keyword,10,Masks,Masks,5.388
P0119,keyword,11,Politics,Politics,5.32
P0119,keyword,12,nationalism,nationalism,5.197
P0810,keyword,1,Copolymer,Copolymer,20.905
P0810,keyword,2,rolling resistance,rolling resistance,13.693
P0810,keyword,3,ring-opening metathesis polymerization,ring-opening metathesis polymerization,10.355
P0810,keyword,4,silica network,silica network,8.395
P0810,keyword,5,silica particles,silica particles,8.239
P0810,keyword,6,PS-b-PMMA,PS-b-PMMA,7.916
P0810,keyword,7,coffee ring effect,coffee ring effect,7.749
P0810,keyword,8,tire tread,tire tread,7.567
P0810,keyword,9,bottlebrush polymers,bottlebrush polymers,7.514
P0810,keyword,10,bottlebrush copolymers,bottlebrush copolymers,7.401
P0810,keyword,11,mechanical strength,mechanical strength,7.345
P0810,keyword,12,silica dispersion,silica dispersion,7.262
P0810,technique,1,나노입자·약물전달,Nanoparticles / Drug Delivery,4.843
P0810,technique,2,전자현미경,Electron Microscopy,0.734
P0810,technique,3,X선 결정학·구조분석,X-ray Crystallography,0.427
P0662,keyword,1,triboelectric nanogenerator,triboelectric nanogenerator,32.189
P0662,keyword,2,charge storage layer,charge storage layer,15.993
P0662,keyword,3,core-shell nanofibers,core-shell nanofibers,15.816
P0662,keyword,4,electrostatic induction,electrostatic induction,14.033
P0662,keyword,5,Piezoresponse force microscopy,Piezoresponse force microscopy,12.029
P0662,keyword,6,triboelectric charging,triboelectric charging,10.936
P0662,keyword,7,polyvinylidene fluoride,polyvinylidene fluoride,9.477
P0662,keyword,8,charge transport layers,charge transport layers,8.429
P0662,keyword,9,self-powered sensors,self-powered sensors,8.402
P0662,keyword,10,Poling,Poling,8.245
P0662,keyword,11,silver nanowires,silver nanowires,7.986
P0662,keyword,12,Energy harvesting,Energy harvesting,7.801
P0662,technique,1,나노입자·약물전달,Nanoparticles / Drug Delivery,6.342
P0662,technique,2,하이드로젤·스캐폴드,Hydrogels / Scaffolds,2.637
P0662,technique,3,X선 결정학·구조분석,X-ray Crystallography,0.591
P0877,keyword,1,Gastrointestinal Microbiome,Gastrointestinal Microbiome,11.888
P0877,keyword,2,Metagenomics,Metagenomics,11.68
P0877,keyword,3,thermophilic bacteria,thermophilic bacteria,11.061
P0877,keyword,4,keratin degradation,keratin degradation,10.816
P0877,keyword,5,hot spring bacteria,hot spring bacteria,9.668
P0877,keyword,6,complete genome sequence,complete genome sequence,8.574
P0877,keyword,7,mucin-degrading bacteria,mucin-degrading bacteria,8.131
P0877,keyword,8,bioactive peptides,bioactive peptides,8.078
P0877,keyword,9,Feathers,Feathers,8.068
P0877,keyword,10,nutrigenomics,nutrigenomics,7.954
P0877,keyword,11,gut microbiota,gut microbiota,7.618
P0877,keyword,12,Bacillus stearothermophilus,Bacillus stearothermophilus,7.328
P0877,technique,1,단백체,Proteomics,4.478
P0877,technique,2,차세대 시퀀싱(NGS),Next-generation Sequencing,4.47
P0877,technique,3,대사체·지질체,Metabolomics / Lipidomics,3.939
P0877,technique,4,질량분석,Mass Spectrometry,2.769
P0877,technique,5,분자도킹·시뮬레이션,Molecular Docking / Dynamics,1.586
P0877,technique,6,X선 결정학·구조분석,X-ray Crystallography,1.498
P0877,technique,7,RNA-seq·전사체,RNA-seq / Transcriptomics,1.095
P0877,technique,8,생물정보·계산생물,Bioinformatics,1.008
P0330,keyword,1,tunneling nanotubes,tunneling nanotubes,7.641
P0330,keyword,2,breast tumor cells,breast tumor cells,7.291
P0330,keyword,3,endonuclease G,endonuclease G,6.544
P0330,keyword,4,non-Newtonian fluids,non-Newtonian fluids,5.527
P0330,keyword,5,mitochondrial transfer,mitochondrial transfer,4.553
P0330,keyword,6,leukemic myeloblasts,leukemic myeloblasts,4.52
P0330,keyword,7,Penaeus japonicus,Penaeus japonicus,4.367
P0330,keyword,8,nailfold capillaroscopy,nailfold capillaroscopy,4.219
P0330,keyword,9,label-free detection,label-free detection,4.16
P0330,keyword,10,mammary fibroblasts,mammary fibroblasts,4.092
P0330,keyword,11,circulating tumor cells,circulating tumor cells,3.93
P0330,keyword,12,remote analysis,remote analysis,3.693
P0330,technique,1,미세유체·장기칩,Microfluidics / Organ-on-a-chip,5.078
P0330,technique,2,엑소좀·세포외소포,Exosomes / EVs,1.231
P0330,technique,3,유전자변형 마우스,Genetically Modified Mice,1.075
P0330,technique,4,제브라피시,Zebrafish,0.74
P0330,technique,5,RNA 치료제·siRNA,RNA Therapeutics,0.345
P0415,keyword,1,Streptococcus pneumoniae,Streptococcus pneumoniae,6.708
P0415,keyword,2,Pneumolysin,Pneumolysin,6.364
P0415,keyword,3,PADRE,PADRE,5.212
P0415,keyword,4,Deubiquitinating Enzyme CYLD,Deubiquitinating Enzyme CYLD,4.936
P0415,keyword,5,Haemophilus influenzae,Haemophilus influenzae,4.73
P0415,keyword,6,multi-epitope vaccine,multi-epitope vaccine,4.651
P0415,keyword,7,human beta-defensins,human beta-defensins,4.587
P0415,keyword,8,F protein,F protein,4.333
P0415,keyword,9,epitope prediction,epitope prediction,4.051
P0415,keyword,10,"Pneumonia, Pneumococcal","Pneumonia, Pneumococcal",3.995
P0415,keyword,11,Pneumococcal Infections,Pneumococcal Infections,3.954
P0415,keyword,12,C/EBP homologous protein,C/EBP homologous protein,3.829
P0415,technique,1,유전자변형 마우스,Genetically Modified Mice,2.487
P0415,technique,2,RNA 치료제·siRNA,RNA Therapeutics,1.276
P0415,technique,3,웨스턴블롯,Western Blot,0.231
P0415,technique,4,후성유전 분석,Epigenomics (ChIP/ATAC-seq),0.23
P0619,keyword,1,Cardiopulmonary Resuscitation,Cardiopulmonary Resuscitation,13.988
P0619,keyword,2,Heart Arrest,Heart Arrest,9.441
P0619,keyword,3,traumatic cardiac arrest,traumatic cardiac arrest,8.026
P0619,keyword,4,Out-of-Hospital Cardiac Arrest,Out-of-Hospital Cardiac Arrest,7.675
P0619,keyword,5,Phacoemulsification,Phacoemulsification,6.519
P0619,keyword,6,Carbon monoxide poisoning,Carbon monoxide poisoning,5.485
P0619,keyword,7,Emergency Medical Services,Emergency Medical Services,5.068
P0619,keyword,8,Prilocaine,Prilocaine,4.952
P0619,keyword,9,oropharyngeal airway,oropharyngeal airway,4.897
P0619,keyword,10,Procaine,Procaine,4.892
P0619,keyword,11,GC-MS method validation,GC-MS method validation,4.711
P0619,keyword,12,bag-mask ventilation,bag-mask ventilation,4.544
P0619,technique,1,질량분석,Mass Spectrometry,3.496
P0619,technique,2,ELISA,ELISA,0.488
P0619,technique,3,면역조직화학,Immunohistochemistry,0.467
P0619,technique,4,항체 개발,Antibody Engineering,0.429
P0619,technique,5,생물정보·계산생물,Bioinformatics,0.09
P0619,technique,6,X선 결정학·구조분석,X-ray Crystallography,0.068
P0619,technique,7,전자현미경,Electron Microscopy,0.043
P0634,keyword,1,Mycoplasma genitalium,Mycoplasma genitalium,11.753
P0634,keyword,2,Mycoplasma Infections,Mycoplasma Infections,5.977
P0634,keyword,3,NIH-CPSI,NIH-CPSI,3.452
P0634,keyword,4,"RNA, Ribosomal, 23S","RNA, Ribosomal, 23S",3.264
P0634,keyword,5,"Drug Resistance, Bacterial","Drug Resistance, Bacterial",3.261
P0634,keyword,6,congenital syphilis,congenital syphilis,3.221
P0634,keyword,7,Macrolides,Macrolides,3.155
P0634,keyword,8,primary and secondary syphilis,primary and secondary syphilis,3.011
P0634,keyword,9,Transarterial embolization,Transarterial embolization,2.383
P0634,keyword,10,Fluoroquinolones,Fluoroquinolones,2.265
P0634,keyword,11,voiding symptoms,voiding symptoms,2.145
P0634,keyword,12,chronic prostatitis,chronic prostatitis,1.989
P0110,keyword,1,xenogeneic immune response,xenogeneic immune response,0.999
P0110,keyword,2,T cell-dependent immunity,T cell-dependent immunity,0.72
P0110,keyword,3,humoral immune response,humoral immune response,0.493
P0110,keyword,4,C57BL/6 mice,C57BL/6 mice,0.456
P0110,keyword,5,IL-2 signaling,IL-2 signaling,0.423
P0110,keyword,6,xenotransplantation,xenotransplantation,0.398
P0110,keyword,7,TCF1,TCF1,0.389
P0110,keyword,8,germinal center reaction,germinal center reaction,0.386
P0110,keyword,9,"Toxicity Tests, Chronic","Toxicity Tests, Chronic",0.371
P0110,keyword,10,Blimp-1,Blimp-1,0.366
P0110,keyword,11,Eleutherococcus,Eleutherococcus,0.355
P0110,keyword,12,negative feedback loop,negative feedback loop,0.349
P0377,keyword,1,Pylorus,Pylorus,0.19
P0377,keyword,2,Duodenal bulb,Duodenal bulb,0.181
P0377,keyword,3,Melena,Melena,0.173
P0377,keyword,4,Stomach,Stomach,0.05
P0377,keyword,5,General surgery,General surgery,0.033
P0377,keyword,6,Gastroenterology,Gastroenterology,0.028
P0377,keyword,7,Surgery,Surgery,0.021
P0551,keyword,1,corneal alkali burn,corneal alkali burn,8.327
P0551,keyword,2,corneal wound healing,corneal wound healing,7.537
P0551,keyword,3,Blepharitis,Blepharitis,7.473
P0551,keyword,4,Corneal Neovascularization,Corneal Neovascularization,7.189
P0551,keyword,5,Low-Level Light Therapy,Low-Level Light Therapy,6.446
P0551,keyword,6,meibomian glands,meibomian glands,5.579
P0551,keyword,7,Corneal Injuries,Corneal Injuries,5.507
P0551,keyword,8,low-level laser therapy,low-level laser therapy,5.373
P0551,keyword,9,low-frequency ultrasound,low-frequency ultrasound,5.012
P0551,keyword,10,complete Freund's adjuvant,complete Freund's adjuvant,4.938
P0551,keyword,11,in vivo evaluation,in vivo evaluation,4.346
P0551,keyword,12,ocular surface disease,ocular surface disease,4.232
P0551,technique,1,조직공학·바이오프린팅,Tissue Engineering / Bioprinting,1.659
P0551,technique,2,머신러닝·AI,Machine Learning / AI,0.114
P1085,keyword,1,Abscission,Abscission,9.173
P1085,keyword,2,ABI4,ABI4,7.263
P1085,keyword,3,ABF2,ABF2,5.649
P1085,keyword,4,ERF transcription factors,ERF transcription factors,5.178
P1085,keyword,5,flooding stress,flooding stress,4.609
P1085,keyword,6,lettuce,lettuce,4.139
P1085,keyword,7,INFLORESCENCE DEFICIENT IN ABSCISSION,INFLORESCENCE DEFICIENT IN ABSCISSION,4.059
P1085,keyword,8,neoglucobrassicin,neoglucobrassicin,4.047
P1085,keyword,9,Brassica oleracea var. gongylodes,Brassica oleracea var. gongylodes,4.027
P1085,keyword,10,kohlrabi,kohlrabi,3.944
P1085,keyword,11,Ethylene,Ethylene,3.899
P1085,keyword,12,biostimulants,biostimulants,3.779
P1085,technique,1,애기장대·식물 모델,Arabidopsis,5.072
P1085,technique,2,RNA-seq·전사체,RNA-seq / Transcriptomics,0.47
P0580,keyword,1,Percutaneous coronary intervention,Percutaneous coronary intervention,22.051
P0580,keyword,2,Drug-Eluting Stents,Drug-Eluting Stents,14.002
P0580,keyword,3,cardiogenic shock,cardiogenic shock,12.673
P0580,keyword,4,Myocardial Infarction,Myocardial Infarction,10.951
P0580,keyword,5,dual antiplatelet therapy,dual antiplatelet therapy,10.144
P0580,keyword,6,Platelet Aggregation Inhibitors,Platelet Aggregation Inhibitors,8.519
P0580,keyword,7,Dual Anti-Platelet Therapy,Dual Anti-Platelet Therapy,8.344
P0580,keyword,8,stent thrombosis,stent thrombosis,7.632
P0580,keyword,9,Ticagrelor,Ticagrelor,7.031
P0580,keyword,10,Extracorporeal Membrane Oxygenation,Extracorporeal Membrane Oxygenation,6.879
P0580,keyword,11,coronary artery disease,coronary artery disease,6.568
P0580,keyword,12,Hemorrhage,Hemorrhage,6.057
P0580,technique,1,임상시험,Clinical Trials,3.455
P0580,technique,2,머신러닝·AI,Machine Learning / AI,0.26
P0580,technique,3,면역조직화학,Immunohistochemistry,0.044
P0193,keyword,1,Xanthomonas oryzae pv. oryzae,Xanthomonas oryzae pv. oryzae,9.982
P0193,keyword,2,nitrilase,nitrilase,7.168
P0193,keyword,3,diffusible signal factor,diffusible signal factor,5.788
P0193,keyword,4,Xanthomonas oryzae,Xanthomonas oryzae,5.774
P0193,keyword,5,indole-3-acetic acid biosynthesis,indole-3-acetic acid biosynthesis,5.134
P0193,keyword,6,bacterial leaf blight,bacterial leaf blight,4.731
P0193,keyword,7,auxin biosynthesis,auxin biosynthesis,4.114
P0193,keyword,8,bacterial virulence,bacterial virulence,3.636
P0193,keyword,9,type III secretion system,type III secretion system,3.38
P0193,keyword,10,bacterial motility,bacterial motility,3.083
P0193,keyword,11,effector proteins,effector proteins,3.075
P0193,keyword,12,plant hormone signaling,plant hormone signaling,2.781
P0058,keyword,1,diabetic gastroparesis,diabetic gastroparesis,13.159
P0058,keyword,2,breath volatile organic compounds,breath volatile organic compounds,7.224
P0058,keyword,3,intermittent fasting,intermittent fasting,6.525
P0058,keyword,4,maternal protein restriction,maternal protein restriction,6.358
P0058,keyword,5,food intake regulation,food intake regulation,6.288
P0058,keyword,6,Nav1.8,Nav1.8,5.837
P0058,keyword,7,Circadian Rhythm,Circadian Rhythm,5.778
P0058,keyword,8,gastric motility,gastric motility,5.641
P0058,keyword,9,Clusterin,Clusterin,5.426
P0058,keyword,10,streptozotocin-induced diabetes,streptozotocin-induced diabetes,5.396
P0058,keyword,11,Offspring,Offspring,5.302
P0058,keyword,12,oral biomarkers,oral biomarkers,5.2
P0058,technique,1,광유전학,Optogenetics,4.545
P0058,technique,2,면역조직화학,Immunohistochemistry,0.63
P0058,technique,3,유전자변형 마우스,Genetically Modified Mice,0.265
P0058,technique,4,생물정보·계산생물,Bioinformatics,0.118
P0345,keyword,1,Liver transplantation,Liver transplantation,8.495
P0345,keyword,2,Hepatic Artery,Hepatic Artery,8.085
P0345,keyword,3,Contrast Media,Contrast Media,6.949
P0345,keyword,4,"Tomography, X-Ray Computed","Tomography, X-Ray Computed",6.131
P0345,keyword,5,lesion detectability,lesion detectability,5.664
P0345,keyword,6,"Ultrasonography, Doppler","Ultrasonography, Doppler",5.268
P0345,keyword,7,hepatic vein,hepatic vein,5.156
P0345,keyword,8,Doppler ultrasound,Doppler ultrasound,4.792
P0345,keyword,9,anastomotic integrity,anastomotic integrity,4.769
P0345,keyword,10,flame synthesis,flame synthesis,4.727
P0345,keyword,11,iodine dose reduction,iodine dose reduction,4.436
P0345,keyword,12,high-frequency transducers,high-frequency transducers,4.183
P0345,technique,1,MRI·PET 영상,MRI / PET Imaging,3.411
P0345,technique,2,나노입자·약물전달,Nanoparticles / Drug Delivery,1.204
P0345,technique,3,오가노이드,Organoids,1.173
P1088,keyword,1,seedling growth,seedling growth,26.244
P1088,keyword,2,carbon sequestration,carbon sequestration,22.938
P1088,keyword,3,air pollutant removal,air pollutant removal,19.335
P1088,keyword,4,root collar diameter,root collar diameter,18.009
P1088,keyword,5,Plant litter,Plant litter,17.368
P1088,keyword,6,Biochar,Biochar,15.944
P1088,keyword,7,seedling survival,seedling survival,15.828
P1088,keyword,8,forest plantations,forest plantations,15.755
P1088,keyword,9,root biomass,root biomass,15.623
P1088,keyword,10,Pinus koraiensis,Pinus koraiensis,14.037
P1088,keyword,11,Pinus densiflora,Pinus densiflora,14.007
P1088,keyword,12,stormwater runoff reduction,stormwater runoff reduction,13.964
P1088,technique,1,RNA-seq·전사체,RNA-seq / Transcriptomics,0.08
P0522,keyword,1,Stroke Rehabilitation,Stroke Rehabilitation,5.86
P0522,keyword,2,hemiplegia,hemiplegia,4.433
P0522,keyword,3,hemiplegic gait,hemiplegic gait,3.872
P0522,keyword,4,RGB-D camera,RGB-D camera,3.785
P0522,keyword,5,neurogenic thoracic outlet syndrome,neurogenic thoracic outlet syndrome,3.438
P0522,keyword,6,Q-angle,Q-angle,3.407
P0522,keyword,7,postural assessment,postural assessment,3.386
P0522,keyword,8,medial gastrocnemius,medial gastrocnemius,3.36
P0522,keyword,9,congenital cervical anomalies,congenital cervical anomalies,2.972
P0522,keyword,10,spastic foot,spastic foot,2.901
P0522,keyword,11,skeletal reconstruction,skeletal reconstruction,2.83
P0522,keyword,12,pelvic obliquity,pelvic obliquity,2.762
P0522,technique,1,MRI·PET 영상,MRI / PET Imaging,0.572
P0522,technique,2,임상시험,Clinical Trials,0.208
P0522,technique,3,면역조직화학,Immunohistochemistry,0.063
P0182,keyword,1,antioxidant capacity,antioxidant capacity,36.059
P0182,keyword,2,phenolic compounds,phenolic compounds,22.96
P0182,keyword,3,Pinus densiflora,Pinus densiflora,20.532
P0182,keyword,4,bioaccessibility,bioaccessibility,19.804
P0182,keyword,5,Plant Extracts,Plant Extracts,18.588
P0182,keyword,6,Korean red pine,Korean red pine,16.468
P0182,keyword,7,total flavonoid content,total flavonoid content,16.263
P0182,keyword,8,Antioxidants,Antioxidants,16.15
P0182,keyword,9,procyanidins,procyanidins,16.137
P0182,keyword,10,acetylcholinesterase inhibition,acetylcholinesterase inhibition,15.605
P0182,keyword,11,total phenolic content,total phenolic content,15.06
P0182,keyword,12,pine bark,pine bark,14.466
P0182,technique,1,질량분석,Mass Spectrometry,2.883
P0182,technique,2,머신러닝·AI,Machine Learning / AI,0.985
P0182,technique,3,유세포분석,Flow Cytometry,0.822
P0182,technique,4,분자도킹·시뮬레이션,Molecular Docking / Dynamics,0.757
P0182,technique,5,나노입자·약물전달,Nanoparticles / Drug Delivery,0.475
P0182,technique,6,X선 결정학·구조분석,X-ray Crystallography,0.272
P0182,technique,7,ELISA,ELISA,0.251
P0227,keyword,1,Rumen,Rumen,45.481
P0227,keyword,2,rumen microbiota,rumen microbiota,31.739
P0227,keyword,3,rumen microbiome,rumen microbiome,27.502
P0227,keyword,4,rumen fermentation,rumen fermentation,20.58
P0227,keyword,5,rumen protozoa,rumen protozoa,19.597
P0227,keyword,6,Ciliophora,Ciliophora,19.567
P0227,keyword,7,Volatile fatty acids,Volatile fatty acids,15.486
P0227,keyword,8,NCBI RefSeq,NCBI RefSeq,12.529
P0227,keyword,9,Succinivibrio,Succinivibrio,12.337
P0227,keyword,10,Entodinium caudatum,Entodinium caudatum,11.608
P0227,keyword,11,GTDB,GTDB,11.562
P0227,keyword,12,species-level classification,species-level classification,11.536
P0227,technique,1,RNA-seq·전사체,RNA-seq / Transcriptomics,0.87
P0227,technique,2,단백체,Proteomics,0.575
P0227,technique,3,생물정보·계산생물,Bioinformatics,0.051
P0996,keyword,1,YKL-40,YKL-40,11.895
P0996,keyword,2,Chitinase-3-Like Protein 1,Chitinase-3-Like Protein 1,11.832
P0996,keyword,3,Arthralgia,Arthralgia,10.223
P0996,keyword,4,"Cartilage, Articular","Cartilage, Articular",9.548
P0996,keyword,5,joint pain,joint pain,8.166
P0996,keyword,6,Iodoacetic Acid,Iodoacetic Acid,8.096
P0996,keyword,7,Iodoacetates,Iodoacetates,7.169
P0996,keyword,8,Nasal cartilages,Nasal cartilages,7.169
P0996,keyword,9,Salmon,Salmon,7.058
P0996,keyword,10,Osteoarthritis,Osteoarthritis,6.549
P0996,keyword,11,aggrecan,aggrecan,6.319
P0996,keyword,12,Egg Shell,Egg Shell,5.887
P0996,technique,1,유전자변형 마우스,Genetically Modified Mice,5.522
P0996,technique,2,엑소좀·세포외소포,Exosomes / EVs,1.24
P0996,technique,3,RNA 치료제·siRNA,RNA Therapeutics,1.04
P0996,technique,4,줄기세포·iPSC,Stem Cells / iPSC,0.965
P0996,technique,5,종양 이종이식 모델,Xenograft Models,0.855
P0996,technique,6,분자도킹·시뮬레이션,Molecular Docking / Dynamics,0.627
P0996,technique,7,면역조직화학,Immunohistochemistry,0.438
P0996,technique,8,웨스턴블롯,Western Blot,0.377
P0064,keyword,1,whole slide images,whole slide images,10.35
P0064,keyword,2,ACAA1,ACAA1,7.369
P0064,keyword,3,spatial omics,spatial omics,6.907
P0064,keyword,4,region of interest selection,region of interest selection,6.524
P0064,keyword,5,Non-alcoholic Fatty Liver Disease,Non-alcoholic Fatty Liver Disease,6.4
P0064,keyword,6,SLC25A20,SLC25A20,6.393
P0064,keyword,7,flow-through system,flow-through system,6.314
P0064,keyword,8,prokineticin 2,prokineticin 2,6.279
P0064,keyword,9,nitrite nitrogen,nitrite nitrogen,6.229
P0064,keyword,10,"Carcinoma, Transitional Cell","Carcinoma, Transitional Cell",6.205
P0064,keyword,11,Anguilla japonica,Anguilla japonica,5.558
P0064,keyword,12,recirculating aquaculture system,recirculating aquaculture system,5.508
P0064,technique,1,면역조직화학,Immunohistochemistry,5.916
P0064,technique,2,머신러닝·AI,Machine Learning / AI,5.259
P0064,technique,3,줄기세포·iPSC,Stem Cells / iPSC,2.331
P0064,technique,4,RNA-seq·전사체,RNA-seq / Transcriptomics,2.028
P0064,technique,5,분자도킹·시뮬레이션,Molecular Docking / Dynamics,1.738
P0064,technique,6,MRI·PET 영상,MRI / PET Imaging,1.088
P0064,technique,7,단백체,Proteomics,1.012
P0064,technique,8,유전자변형 마우스,Genetically Modified Mice,0.791
P0462,keyword,1,T cell receptor engineering,T cell receptor engineering,10.649
P0462,keyword,2,allogeneic T cell therapy,allogeneic T cell therapy,6.471
P0462,keyword,3,cancer immunotherapy,cancer immunotherapy,5.672
P0462,keyword,4,T cell receptor T cell therapy,T cell receptor T cell therapy,5.607
P0462,keyword,5,gene therapy regulation,gene therapy regulation,5.328
P0462,keyword,6,non-hematological malignancies,non-hematological malignancies,5.112
P0462,keyword,7,mucosal-associated invariant T cells,mucosal-associated invariant T cells,5.035
P0462,keyword,8,T cell therapy,T cell therapy,4.942
P0462,keyword,9,cell therapy regulation,cell therapy regulation,4.85
P0462,keyword,10,Bulb,Bulb,4.808
P0462,keyword,11,Inscribed figure,Inscribed figure,4.758
P0462,keyword,12,Methanotroph,Methanotroph,4.628
P0462,technique,1,CAR-T·입양세포치료,CAR-T / Adoptive Cell Therapy,9.767
P0462,technique,2,머신러닝·AI,Machine Learning / AI,1.547
P0462,technique,3,생물정보·계산생물,Bioinformatics,1.367
P0462,technique,4,항체 개발,Antibody Engineering,1.14
P0462,technique,5,유전자변형 마우스,Genetically Modified Mice,0.963
P0462,technique,6,유세포분석,Flow Cytometry,0.711
P0462,technique,7,분자도킹·시뮬레이션,Molecular Docking / Dynamics,0.373
P0401,keyword,1,Thyroid Nodule,Thyroid Nodule,9.179
P0401,keyword,2,breast lesion differentiation,breast lesion differentiation,6.202
P0401,keyword,3,Thyroid nodules,Thyroid nodules,5.902
P0401,keyword,4,computer-aided diagnosis,computer-aided diagnosis,5.356
P0401,keyword,5,BI-RADS,BI-RADS,5.251
P0401,keyword,6,Thyroid Neoplasms,Thyroid Neoplasms,4.986
P0401,keyword,7,total hemoglobin,total hemoglobin,4.617
P0401,keyword,8,thyroid ultrasound,thyroid ultrasound,3.973
P0401,keyword,9,diagnostic performance,diagnostic performance,3.89
P0401,keyword,10,second primary breast cancer,second primary breast cancer,3.722
P0401,keyword,11,accelerated stress testing,accelerated stress testing,3.714
P0401,keyword,12,Breast Neoplasms,Breast Neoplasms,3.682
P0401,technique,1,머신러닝·AI,Machine Learning / AI,4.767
P0401,technique,2,MRI·PET 영상,MRI / PET Imaging,3.908
P0401,technique,3,X선 결정학·구조분석,X-ray Crystallography,0.226
P0818,keyword,1,coffee ring effect,coffee ring effect,22.693
P0818,keyword,2,Lattice Boltzmann methods,Lattice Boltzmann methods,20.78
P0818,keyword,3,slot-die coating,slot-die coating,15.732
P0818,keyword,4,automotive clearcoats,automotive clearcoats,15.041
P0818,keyword,5,silica particles,silica particles,12.591
P0818,keyword,6,thermal curing,thermal curing,12.546
P0818,keyword,7,Rheology,Rheology,11.938
P0818,keyword,8,blocked isocyanates,blocked isocyanates,11.342
P0818,keyword,9,hydrodynamic interactions,hydrodynamic interactions,10.839
P0818,keyword,10,rod-like particles,rod-like particles,10.814
P0818,keyword,11,Coating,Coating,10.504
P0818,keyword,12,low-temperature curing,low-temperature curing,10.48
P0818,technique,1,하이드로젤·스캐폴드,Hydrogels / Scaffolds,4.951
P0818,technique,2,나노입자·약물전달,Nanoparticles / Drug Delivery,1.456
P0818,technique,3,머신러닝·AI,Machine Learning / AI,0.911
P0818,technique,4,미세유체·장기칩,Microfluidics / Organ-on-a-chip,0.549
P0818,technique,5,전자현미경,Electron Microscopy,0.305
P1060,keyword,1,PROTACs,PROTACs,9.657
P1060,keyword,2,RING1B,RING1B,9.284
P1060,keyword,3,Polycomb Repressive Complex 2,Polycomb Repressive Complex 2,9.12
P1060,keyword,4,EZH2,EZH2,8.198
P1060,keyword,5,GLP,GLP,7.923
P1060,keyword,6,ubiquitin-proteasome system,ubiquitin-proteasome system,6.58
P1060,keyword,7,Histone-Lysine N-Methyltransferase,Histone-Lysine N-Methyltransferase,6.424
P1060,keyword,8,PRC1,PRC1,6.392
P1060,keyword,9,G9a,G9a,6.219
P1060,keyword,10,EED,EED,5.808
P1060,keyword,11,UNC0642,UNC0642,5.73
P1060,keyword,12,PROTAC degraders,PROTAC degraders,5.717
P1060,technique,1,X선 결정학·구조분석,X-ray Crystallography,1.317
P1060,technique,2,머신러닝·AI,Machine Learning / AI,1.242
P1060,technique,3,형광·공초점 이미징,Fluorescence / Confocal Imaging,0.651
P1060,technique,4,분자도킹·시뮬레이션,Molecular Docking / Dynamics,0.588
P1060,technique,5,생물정보·계산생물,Bioinformatics,0.522
P1060,technique,6,종양 이종이식 모델,Xenograft Models,0.458
P1060,technique,7,RNA-seq·전사체,RNA-seq / Transcriptomics,0.384
P0716,keyword,1,iron catalysis,iron catalysis,27.446
P0716,keyword,2,transfer hydrogenation,transfer hydrogenation,11.768
P0716,keyword,3,total synthesis,total synthesis,11.185
P0716,keyword,4,aerobic oxidation,aerobic oxidation,11.102
P0716,keyword,5,di-t-butyl peroxide,di-t-butyl peroxide,9.514
P0716,keyword,6,Catalysis,Catalysis,8.556
P0716,keyword,7,polysubstituted quinolines,polysubstituted quinolines,8.268
P0716,keyword,8,Streptomyces,Streptomyces,7.822
P0716,keyword,9,Cyclization,Cyclization,7.494
P0716,keyword,10,nitroaromatic compounds,nitroaromatic compounds,7.097
P0716,keyword,11,C(sp3)-H activation,C(sp3)-H activation,6.318
P0716,keyword,12,Depsipeptides,Depsipeptides,6.183
P0716,technique,1,X선 결정학·구조분석,X-ray Crystallography,2.661
P0716,technique,2,종양 이종이식 모델,Xenograft Models,2.555
P0716,technique,3,나노입자·약물전달,Nanoparticles / Drug Delivery,0.146
P0964,keyword,1,cleavable linkers,cleavable linkers,11.903
P0964,keyword,2,activatable fluorescent probes,activatable fluorescent probes,10.856
P0964,keyword,3,xanthene fluorophores,xanthene fluorophores,9.215
P0964,keyword,4,leucine aminopeptidase,leucine aminopeptidase,6.955
P0964,keyword,5,legumain,legumain,5.558
P0964,keyword,6,Fluorine Radioisotopes,Fluorine Radioisotopes,5.231
P0964,keyword,7,photochemical properties,photochemical properties,4.847
P0964,keyword,8,Xanthenes,Xanthenes,4.152
P0964,keyword,9,Tripeptide,Tripeptide,4.05
P0964,keyword,10,Leucyl aminopeptidase,Leucyl aminopeptidase,3.609
P0964,keyword,11,plasma stability,plasma stability,3.404
P0964,keyword,12,PET radiotracer,PET radiotracer,3.355
P0964,technique,1,MRI·PET 영상,MRI / PET Imaging,2.824
P0964,technique,2,X선 결정학·구조분석,X-ray Crystallography,0.665
P0964,technique,3,유세포분석,Flow Cytometry,0.654
P0302,keyword,1,rolling circle amplification,rolling circle amplification,21.167
P0302,keyword,2,mitochondrial heteroplasmy,mitochondrial heteroplasmy,9.836
P0302,keyword,3,finger actuation,finger actuation,8.366
P0302,keyword,4,CD155,CD155,7.266
P0302,keyword,5,Nucleic Acid Amplification Techniques,Nucleic Acid Amplification Techniques,7.155
P0302,keyword,6,Biosensing Techniques,Biosensing Techniques,6.95
P0302,keyword,7,Sepharose,Sepharose,6.683
P0302,keyword,8,nucleic acid purification,nucleic acid purification,6.336
P0302,keyword,9,single-molecule counting,single-molecule counting,6.312
P0302,keyword,10,point-of-care testing,point-of-care testing,5.998
P0302,keyword,11,agarose beads,agarose beads,4.797
P0302,keyword,12,tumor immunology,tumor immunology,4.116
P0302,technique,1,미세유체·장기칩,Microfluidics / Organ-on-a-chip,21.478
P0302,technique,2,엑소좀·세포외소포,Exosomes / EVs,11.096
P0302,technique,3,단일세포 분석,Single-cell Analysis,5.421
P0302,technique,4,유세포분석,Flow Cytometry,3.722
P0302,technique,5,나노입자·약물전달,Nanoparticles / Drug Delivery,1.226
P0302,technique,6,qPCR,Real-time PCR,0.752
P0302,technique,7,머신러닝·AI,Machine Learning / AI,0.615
P0302,technique,8,종양 이종이식 모델,Xenograft Models,0.577
P0631,keyword,1,Urinary Bladder Neoplasms,Urinary Bladder Neoplasms,11.514
P0631,keyword,2,Percutaneous nephrostomy,Percutaneous nephrostomy,9.139
P0631,keyword,3,BCG Vaccine,BCG Vaccine,8.646
P0631,keyword,4,stone location,stone location,8.422
P0631,keyword,5,alpha-Defensins,alpha-Defensins,7.871
P0631,keyword,6,ginseng polysaccharides,ginseng polysaccharides,6.693
P0631,keyword,7,Non-Muscle Invasive Bladder Neoplasms,Non-Muscle Invasive Bladder Neoplasms,6.617
P0631,keyword,8,non-muscle-invasive bladder cancer,non-muscle-invasive bladder cancer,6.373
P0631,keyword,9,KSRP,KSRP,5.117
P0631,keyword,10,thermal processing,thermal processing,5.071
P0631,keyword,11,stone size,stone size,5.002
P0631,keyword,12,Peyer's patches,Peyer's patches,4.861
P0631,technique,1,종양 이종이식 모델,Xenograft Models,1.249
P0631,technique,2,CRISPR 유전자편집,CRISPR Gene Editing,1.112
P0631,technique,3,분자도킹·시뮬레이션,Molecular Docking / Dynamics,0.629
P0631,technique,4,RNA 치료제·siRNA,RNA Therapeutics,0.579
P0631,technique,5,면역조직화학,Immunohistochemistry,0.494
P0631,technique,6,MRI·PET 영상,MRI / PET Imaging,0.448
P0631,technique,7,임상시험,Clinical Trials,0.434
P0631,technique,8,웨스턴블롯,Western Blot,0.421
P0237,keyword,1,FTIR spectroscopy,FTIR spectroscopy,1.392
P0237,keyword,2,quantitative NMR,quantitative NMR,1.355
P0237,keyword,3,ethyl esters,ethyl esters,1.302
P0237,keyword,4,Ochratoxin,Ochratoxin,1.236
P0237,keyword,5,masked mycotoxins,masked mycotoxins,1.178
P0237,keyword,6,beef spoilage,beef spoilage,1.171
P0237,keyword,7,second derivative spectra,second derivative spectra,1.155
P0237,keyword,8,fumonisins,fumonisins,1.146
P0237,keyword,9,Zen Buddhism,Zen Buddhism,1.101
P0237,keyword,10,spectral preprocessing,spectral preprocessing,1.06
P0237,keyword,11,aflatoxins,aflatoxins,1.031
P0237,keyword,12,spectral image analysis,spectral image analysis,1.028
P0237,technique,1,질량분석,Mass Spectrometry,0.005
P0300,keyword,1,Raman spectroscopy,Raman spectroscopy,0.48
P0300,keyword,2,Human skin,Human skin,0.471
P0300,keyword,3,Spectral analysis,Spectral analysis,0.425
P0300,keyword,4,Ex vivo,Ex vivo,0.401
P0300,keyword,5,Raman scattering,Raman scattering,0.329
P0300,keyword,6,stratum corneum,stratum corneum,0.303
P0300,keyword,7,Characterization (materials science),Characterization (materials science),0.244
P0411,keyword,1,Mechanosensitive channels,Mechanosensitive channels,2.935
P0411,keyword,2,mechanobiology,mechanobiology,2.221
P0411,keyword,3,Netrins,Netrins,2.042
P0411,keyword,4,Synaptic Transmission,Synaptic Transmission,1.592
P0411,keyword,5,Synapses,Synapses,1.592
P0411,keyword,6,Tension (geology),Tension (geology),1.561
P0411,keyword,7,"Receptors, N-Methyl-D-Aspartate","Receptors, N-Methyl-D-Aspartate",1.549
P0411,keyword,8,Long-Term Synaptic Depression,Long-Term Synaptic Depression,1.518
P0411,keyword,9,Neuronal Plasticity,Neuronal Plasticity,1.505
P0411,keyword,10,mechanotransduction,mechanotransduction,1.373
P0411,keyword,11,"Receptors, AMPA","Receptors, AMPA",1.186
P0411,keyword,12,GPI-Linked Proteins,GPI-Linked Proteins,1.116
P0411,technique,1,유전자변형 마우스,Genetically Modified Mice,0.743
P1018,keyword,1,autofluorescence correction,autofluorescence correction,14.643
P1018,keyword,2,cell phenotyping,cell phenotyping,12.149
P1018,keyword,3,systems immunology,systems immunology,11.868
P1018,keyword,4,napari plugin,napari plugin,11.723
P1018,keyword,5,multiplex immunofluorescence,multiplex immunofluorescence,10.481
P1018,keyword,6,boundary refinement,boundary refinement,10.476
P1018,keyword,7,fluorescent antibody staining,fluorescent antibody staining,9.875
P1018,keyword,8,morphological analysis,morphological analysis,8.743
P1018,keyword,9,spatial biology,spatial biology,7.507
P1018,keyword,10,"Models, Immunological","Models, Immunological",7.174
P1018,keyword,11,pharmacometrics,pharmacometrics,6.105
P1018,keyword,12,immune system modeling,immune system modeling,5.699
P1018,technique,1,머신러닝·AI,Machine Learning / AI,1.28
P1018,technique,2,RNA-seq·전사체,RNA-seq / Transcriptomics,0.478
P0086,keyword,1,Jumonji Domain-Containing Histone Demethylases,Jumonji Domain-Containing Histone Demethylases,24.787
P0086,keyword,2,Histone Deacetylase 6,Histone Deacetylase 6,24.786
P0086,keyword,3,HDAC6,HDAC6,15.439
P0086,keyword,4,Histone Deacetylase Inhibitors,Histone Deacetylase Inhibitors,14.415
P0086,keyword,5,epigenetic regulation,epigenetic regulation,12.566
P0086,keyword,6,Glioblastoma,Glioblastoma,11.003
P0086,keyword,7,histone demethylase,histone demethylase,10.833
P0086,keyword,8,KDM5B,KDM5B,10.324
P0086,keyword,9,HDAC8,HDAC8,10.201
P0086,keyword,10,KDM4C,KDM4C,10.039
P0086,keyword,11,"Epigenesis, Genetic","Epigenesis, Genetic",10.008
P0086,keyword,12,HDAC8 inhibitors,HDAC8 inhibitors,9.431
P0086,technique,1,초파리,Drosophila,3.815
P0086,technique,2,생물정보·계산생물,Bioinformatics,0.841
P0086,technique,3,RNA-seq·전사체,RNA-seq / Transcriptomics,0.807
P0086,technique,4,질량분석,Mass Spectrometry,0.486
P0086,technique,5,종양 이종이식 모델,Xenograft Models,0.433
P0086,technique,6,분자도킹·시뮬레이션,Molecular Docking / Dynamics,0.407
P0086,technique,7,줄기세포·iPSC,Stem Cells / iPSC,0.348
P0086,technique,8,RNA 치료제·siRNA,RNA Therapeutics,0.231
P0306,keyword,1,MELK,MELK,63.606
P0306,keyword,2,plant pathogenic fungi,plant pathogenic fungi,27.468
P0306,keyword,3,triple-negative breast cancer,triple-negative breast cancer,27.268
P0306,keyword,4,first report,first report,15.98
P0306,keyword,5,Koch's postulates,Koch's postulates,13.813
P0306,keyword,6,Metastasis,Metastasis,13.759
P0306,keyword,7,Powdery mildew,Powdery mildew,13.392
P0306,keyword,8,Rumex obtusifolius,Rumex obtusifolius,13.052
P0306,keyword,9,28S rDNA,28S rDNA,12.437
P0306,keyword,10,MDA-MB-231 cells,MDA-MB-231 cells,11.548
P0306,keyword,11,Ageratina altissima,Ageratina altissima,9.17
P0306,keyword,12,Epithelial-Mesenchymal Transition,Epithelial-Mesenchymal Transition,9.158
P0306,technique,1,CRISPR 유전자편집,CRISPR Gene Editing,5.865
P0306,technique,2,나노입자·약물전달,Nanoparticles / Drug Delivery,1.247
P0306,technique,3,X선 결정학·구조분석,X-ray Crystallography,1.224
P0306,technique,4,종양 이종이식 모델,Xenograft Models,1.181
P0306,technique,5,RNA-seq·전사체,RNA-seq / Transcriptomics,1.146
P0306,technique,6,분자도킹·시뮬레이션,Molecular Docking / Dynamics,0.759
P0306,technique,7,유전자변형 마우스,Genetically Modified Mice,0.756
P0306,technique,8,생물정보·계산생물,Bioinformatics,0.619
P0314,keyword,1,Glycemic Index,Glycemic Index,0.877
P0314,keyword,2,Blood sugar,Blood sugar,0.781
P0314,keyword,3,Glycemic,Glycemic,0.642
P0314,keyword,4,Sucrose,Sucrose,0.553
P0314,keyword,5,Xylobiose,Xylobiose,0.503
P0314,keyword,6,glycemic response,glycemic response,0.419
P0314,keyword,7,Sugar,Sugar,0.385
P0314,keyword,8,Postprandial,Postprandial,0.261
P0314,keyword,9,Defecation,Defecation,0.253
P0314,keyword,10,constipation,constipation,0.186
P0314,keyword,11,Glycemic Load,Glycemic Load,0.184
P0314,keyword,12,healthy adults,healthy adults,0.176
P0600,keyword,1,atrial fibrillation,atrial fibrillation,7.492
P0600,keyword,2,apixaban,apixaban,5.353
P0600,keyword,3,Dabigatran,Dabigatran,5.328
P0600,keyword,4,non-valvular atrial fibrillation,non-valvular atrial fibrillation,4.981
P0600,keyword,5,Rivaroxaban,Rivaroxaban,4.822
P0600,keyword,6,stroke,stroke,3.805
P0600,keyword,7,direct oral anticoagulants,direct oral anticoagulants,3.27
P0600,keyword,8,anticoagulation discontinuation,anticoagulation discontinuation,3.201
P0600,keyword,9,Warfarin,Warfarin,3.054
P0600,keyword,10,left ventricular pseudoaneurysm,left ventricular pseudoaneurysm,2.868
P0600,keyword,11,radiofrequency catheter ablation complications,radiofrequency catheter ablation complications,2.83
P0600,keyword,12,medication possession ratio,medication possession ratio,2.769
P0600,technique,1,머신러닝·AI,Machine Learning / AI,0.634
P0452,keyword,1,Malpractice,Malpractice,27.6
P0452,keyword,2,medical malpractice litigation,medical malpractice litigation,20.862
P0452,keyword,3,Breast reconstruction,Breast reconstruction,14.017
P0452,keyword,4,medical litigation,medical litigation,12.902
P0452,keyword,5,Mammaplasty,Mammaplasty,12.4
P0452,keyword,6,legal education reform,legal education reform,12.157
P0452,keyword,7,"Surgery, Plastic","Surgery, Plastic",11.735
P0452,keyword,8,Informed consent,Informed consent,11.678
P0452,keyword,9,abdominal wall hernia,abdominal wall hernia,11.311
P0452,keyword,10,aesthetic medicine,aesthetic medicine,10.522
P0452,keyword,11,autologous reconstruction,autologous reconstruction,10.411
P0452,keyword,12,compensation awards,compensation awards,10.068
P0540,keyword,1,endothelial nitric oxide synthase,endothelial nitric oxide synthase,9.26
P0540,keyword,2,Endothelial Cells,Endothelial Cells,8.451
P0540,keyword,3,cytokeratin 1,cytokeratin 1,6.516
P0540,keyword,4,Lysine-tRNA Ligase,Lysine-tRNA Ligase,6.387
P0540,keyword,5,Atherosclerosis,Atherosclerosis,6.239
P0540,keyword,6,β-cyclodextrin,β-cyclodextrin,6.005
P0540,keyword,7,laminar shear stress,laminar shear stress,5.86
P0540,keyword,8,"Stress, Mechanical","Stress, Mechanical",5.658
P0540,keyword,9,pinosylvin,pinosylvin,5.642
P0540,keyword,10,actin fibers,actin fibers,5.614
P0540,keyword,11,caveolin-1,caveolin-1,5.612
P0540,keyword,12,Phytoalexins,Phytoalexins,5.47
P0540,technique,1,유전자변형 마우스,Genetically Modified Mice,0.893
P0540,technique,2,유세포분석,Flow Cytometry,0.466
P0540,technique,3,RNA 치료제·siRNA,RNA Therapeutics,0.325
P0540,technique,4,조직공학·바이오프린팅,Tissue Engineering / Bioprinting,0.298
P0540,technique,5,X선 결정학·구조분석,X-ray Crystallography,0.208
P0540,technique,6,전자현미경,Electron Microscopy,0.078
P0540,technique,7,생물정보·계산생물,Bioinformatics,0.032
P0767,keyword,1,Phosphoenolpyruvate Sugar Phosphotransferase System,Phosphoenolpyruvate Sugar Phosphotransferase System,33.773
P0767,keyword,2,"Gene Expression Regulation, Bacterial","Gene Expression Regulation, Bacterial",20.632
P0767,keyword,3,PEP group translocation,PEP group translocation,20.224
P0767,keyword,4,fructose-1-phosphate,fructose-1-phosphate,16.222
P0767,keyword,5,Vibrio cholerae,Vibrio cholerae,16.174
P0767,keyword,6,Bacterial Proteins,Bacterial Proteins,16.162
P0767,keyword,7,Faecalibacterium prausnitzii,Faecalibacterium prausnitzii,14.38
P0767,keyword,8,Operon,Operon,13.896
P0767,keyword,9,Escherichia coli Proteins,Escherichia coli Proteins,13.21
P0767,keyword,10,Repressor Proteins,Repressor Proteins,12.899
P0767,keyword,11,Lac Repressors,Lac Repressors,11.979
P0767,keyword,12,Escherichia coli,Escherichia coli,11.267
P0767,technique,1,X선 결정학·구조분석,X-ray Crystallography,1.501
P0767,technique,2,생물정보·계산생물,Bioinformatics,0.511
P0767,technique,3,차세대 시퀀싱(NGS),Next-generation Sequencing,0.226
P0843,keyword,1,"Receptors, Dopamine D2","Receptors, Dopamine D2",22.286
P0843,keyword,2,dopamine D2 receptor,dopamine D2 receptor,17.902
P0843,keyword,3,Dopamine,Dopamine,12.289
P0843,keyword,4,Dopamine receptor D2,Dopamine receptor D2,11.337
P0843,keyword,5,Central Amygdaloid Nucleus,Central Amygdaloid Nucleus,9.93
P0843,keyword,6,Compulsive Behavior,Compulsive Behavior,8.075
P0843,keyword,7,central amygdala,central amygdala,7.283
P0843,keyword,8,Reward,Reward,6.537
P0843,keyword,9,Dopaminergic,Dopaminergic,6.125
P0843,keyword,10,Lateral Ventricles,Lateral Ventricles,5.885
P0843,keyword,11,medium spiny neurons,medium spiny neurons,5.87
P0843,keyword,12,cocaine withdrawal,cocaine withdrawal,5.545
P0843,technique,1,광유전학,Optogenetics,4.559
P0843,technique,2,유전자변형 마우스,Genetically Modified Mice,3.818
P0843,technique,3,RNA 치료제·siRNA,RNA Therapeutics,1.648
P0843,technique,4,면역조직화학,Immunohistochemistry,1.36
P0843,technique,5,단일세포 분석,Single-cell Analysis,0.842
P0843,technique,6,웨스턴블롯,Western Blot,0.454
P0843,technique,7,RNA-seq·전사체,RNA-seq / Transcriptomics,0.331
P0843,technique,8,형광·공초점 이미징,Fluorescence / Confocal Imaging,0.236
P1084,keyword,1,Oryza rufipogon,Oryza rufipogon,18.674
P1084,keyword,2,Oryza,Oryza,16.354
P1084,keyword,3,Quantitative Trait Loci,Quantitative Trait Loci,15.65
P1084,keyword,4,rice,rice,11.844
P1084,keyword,5,plant proteins,plant proteins,10.991
P1084,keyword,6,seedling stage,seedling stage,9.486
P1084,keyword,7,near-isogenic lines,near-isogenic lines,7.824
P1084,keyword,8,interspecific hybridization,interspecific hybridization,7.765
P1084,keyword,9,Ascorbate Peroxidases,Ascorbate Peroxidases,6.848
P1084,keyword,10,QTL-seq,QTL-seq,6.471
P1084,keyword,11,heading date,heading date,5.86
P1084,keyword,12,cold tolerance,cold tolerance,5.739
P1084,technique,1,RNA-seq·전사체,RNA-seq / Transcriptomics,2.874
P1084,technique,2,애기장대·식물 모델,Arabidopsis,2.659
P0121,keyword,1,headland turning,headland turning,16.958
P0121,keyword,2,leaf area index retrieval,leaf area index retrieval,9.903
P0121,keyword,3,trajectory tracking,trajectory tracking,9.638
P0121,keyword,4,Penman-Monteith equation,Penman-Monteith equation,8.884
P0121,keyword,5,Ion-Selective Electrodes,Ion-Selective Electrodes,8.623
P0121,keyword,6,trajectory stabilization,trajectory stabilization,7.762
P0121,keyword,7,ResNet50V2,ResNet50V2,7.146
P0121,keyword,8,Headland,Headland,6.862
P0121,keyword,9,greenhouse tomato,greenhouse tomato,6.804
P0121,keyword,10,circular regression,circular regression,6.34
P0121,keyword,11,Unmanned Aerial Devices,Unmanned Aerial Devices,6.328
P0121,keyword,12,RGB images,RGB images,6.085
P0121,technique,1,머신러닝·AI,Machine Learning / AI,2.821
P0989,keyword,1,polycaprolactone nanofibers,polycaprolactone nanofibers,10.912
P0989,keyword,2,Cannabidiol,Cannabidiol,8.98
P0989,keyword,3,cancer theranostics,cancer theranostics,7.144
P0989,keyword,4,mucoadhesive patch,mucoadhesive patch,7.087
P0989,keyword,5,Nanospheres,Nanospheres,6.685
P0989,keyword,6,PLGA nanospheres,PLGA nanospheres,6.39
P0989,keyword,7,mucosal permeability,mucosal permeability,6.368
P0989,keyword,8,polydopamine,polydopamine,5.858
P0989,keyword,9,Low-Level Light Therapy,Low-Level Light Therapy,4.83
P0989,keyword,10,Drug Carriers,Drug Carriers,4.809
P0989,keyword,11,Chitosan,Chitosan,4.673
P0989,keyword,12,Bone cancer,Bone cancer,4.655
P0989,technique,1,나노입자·약물전달,Nanoparticles / Drug Delivery,8.899
P0989,technique,2,하이드로젤·스캐폴드,Hydrogels / Scaffolds,7.691
P0989,technique,3,조직공학·바이오프린팅,Tissue Engineering / Bioprinting,2.575
P0989,technique,4,분자도킹·시뮬레이션,Molecular Docking / Dynamics,0.643
P0989,technique,5,RNA 치료제·siRNA,RNA Therapeutics,0.594
P0989,technique,6,종양 이종이식 모델,Xenograft Models,0.308
P0989,technique,7,머신러닝·AI,Machine Learning / AI,0.283
P0989,technique,8,MRI·PET 영상,MRI / PET Imaging,0.226
P0260,keyword,1,Vitrification,Vitrification,11.384
P0260,keyword,2,Uterus,Uterus,11.199
P0260,keyword,3,Oocytes,Oocytes,10.871
P0260,keyword,4,oocyte vitrification,oocyte vitrification,9.822
P0260,keyword,5,Lipidome,Lipidome,9.181
P0260,keyword,6,embryo implantation,embryo implantation,9.015
P0260,keyword,7,Autophagy,Autophagy,8.965
P0260,keyword,8,Cryopreservation,Cryopreservation,7.642
P0260,keyword,9,mouse oocytes,mouse oocytes,7.581
P0260,keyword,10,Blastocyst,Blastocyst,7.461
P0260,keyword,11,Tsg101 Protein,Tsg101 Protein,6.825
P0260,keyword,12,TSG101,TSG101,6.105
P0260,technique,1,유전자변형 마우스,Genetically Modified Mice,4.301
P0260,technique,2,대사체·지질체,Metabolomics / Lipidomics,3.026
P0260,technique,3,형광·공초점 이미징,Fluorescence / Confocal Imaging,1.028
P0260,technique,4,유세포분석,Flow Cytometry,0.82
P0260,technique,5,웨스턴블롯,Western Blot,0.78
P0260,technique,6,전자현미경,Electron Microscopy,0.672
P0260,technique,7,단백체,Proteomics,0.574
P0260,technique,8,줄기세포·iPSC,Stem Cells / iPSC,0.482
P0290,keyword,1,Netrins,Netrins,7.657
P0290,keyword,2,neurite branching,neurite branching,6.327
P0290,keyword,3,Sexual dimorphism,Sexual dimorphism,6.299
P0290,keyword,4,male mating behavior,male mating behavior,6.189
P0290,keyword,5,netrin signaling,netrin signaling,6.065
P0290,keyword,6,UNC-6,UNC-6,5.712
P0290,keyword,7,Brood,Brood,4.41
P0290,keyword,8,Neurites,Neurites,4.341
P0290,keyword,9,Motor Neurons,Motor Neurons,4.015
P0290,keyword,10,Sex Characteristics,Sex Characteristics,3.903
P0290,keyword,11,Axon guidance,Axon guidance,3.829
P0290,keyword,12,neural circuit development,neural circuit development,3.791
P0290,technique,1,예쁜꼬마선충,C. elegans,12.377
P0290,technique,2,RNA-seq·전사체,RNA-seq / Transcriptomics,0.527
P0290,technique,3,생물정보·계산생물,Bioinformatics,0.352
P0192,keyword,1,Daedaleopsis confragosa,Daedaleopsis confragosa,8.119
P0192,keyword,2,Retinitis Pigmentosa,Retinitis Pigmentosa,7.697
P0192,keyword,3,autotaxin,autotaxin,7.531
P0192,keyword,4,M1 macrophages,M1 macrophages,7.164
P0192,keyword,5,tumor microenvironment,tumor microenvironment,6.429
P0192,keyword,6,cholesterol metabolism,cholesterol metabolism,6.364
P0192,keyword,7,cisplatin sensitivity,cisplatin sensitivity,5.881
P0192,keyword,8,SETD7,SETD7,5.634
P0192,keyword,9,ergosterol peroxide,ergosterol peroxide,5.59
P0192,keyword,10,Src kinase inhibition,Src kinase inhibition,5.426
P0192,keyword,11,miR-29c-3p,miR-29c-3p,5.115
P0192,keyword,12,post-transcriptional gene silencing,post-transcriptional gene silencing,5.065
P0192,technique,1,엑소좀·세포외소포,Exosomes / EVs,5.792
P0192,technique,2,하이드로젤·스캐폴드,Hydrogels / Scaffolds,5.581
P0192,technique,3,분자도킹·시뮬레이션,Molecular Docking / Dynamics,2.143
P0192,technique,4,CRISPR 유전자편집,CRISPR Gene Editing,2.094
P0192,technique,5,조직공학·바이오프린팅,Tissue Engineering / Bioprinting,1.746
P0192,technique,6,칼슘 이미징,Calcium Imaging,1.191
P0192,technique,7,줄기세포·iPSC,Stem Cells / iPSC,1.037
P0192,technique,8,나노입자·약물전달,Nanoparticles / Drug Delivery,0.495
P0430,keyword,1,Hemifacial spasm,Hemifacial spasm,6.888
P0430,keyword,2,psychiatric outpatient visits,psychiatric outpatient visits,4.088
P0430,keyword,3,trigeminal neuralgia,trigeminal neuralgia,3.389
P0430,keyword,4,psychiatric comorbidity,psychiatric comorbidity,3.343
P0430,keyword,5,angular deformity,angular deformity,2.908
P0430,keyword,6,Systematized Nomenclature of Medicine,Systematized Nomenclature of Medicine,2.867
P0430,keyword,7,SNOMED CT,SNOMED CT,2.811
P0430,keyword,8,Multi-Institutional Systems,Multi-Institutional Systems,2.751
P0430,keyword,9,vaccine adverse events,vaccine adverse events,2.607
P0430,keyword,10,psychiatric hospitalization,psychiatric hospitalization,2.579
P0430,keyword,11,Health Information Interoperability,Health Information Interoperability,2.491
P0430,keyword,12,Urogenital Neoplasms,Urogenital Neoplasms,2.451
P0204,keyword,1,pharmacokinetics,pharmacokinetics,17.134
P0204,keyword,2,Protein precipitation,Protein precipitation,14.168
P0204,keyword,3,"Chromatography, High Pressure Liquid","Chromatography, High Pressure Liquid",13.53
P0204,keyword,4,Drug Implants,Drug Implants,11.37
P0204,keyword,5,Bioanalysis,Bioanalysis,10.173
P0204,keyword,6,"Administration, Oral","Administration, Oral",8.073
P0204,keyword,7,rivastigmine,rivastigmine,7.68
P0204,keyword,8,Vitreous Body,Vitreous Body,7.5
P0204,keyword,9,intravitreal dexamethasone implant,intravitreal dexamethasone implant,7.177
P0204,keyword,10,ocular pharmacokinetics,ocular pharmacokinetics,7.104
P0204,keyword,11,Boesenbergia pandurata,Boesenbergia pandurata,7.047
P0204,keyword,12,panduratin A,panduratin A,6.992
P0204,technique,1,질량분석,Mass Spectrometry,20.047
P0204,technique,2,나노입자·약물전달,Nanoparticles / Drug Delivery,1.852
P0204,technique,3,임상시험,Clinical Trials,0.71
P0204,technique,4,종양 이종이식 모델,Xenograft Models,0.449
P0204,technique,5,qPCR,Real-time PCR,0.308
P0204,technique,6,웨스턴블롯,Western Blot,0.23
P0204,technique,7,단백체,Proteomics,0.216
P0204,technique,8,생물정보·계산생물,Bioinformatics,0.172
P0221,keyword,1,tumor recurrence,tumor recurrence,5.966
P0221,keyword,2,cancer cell dormancy,cancer cell dormancy,5.926
P0221,keyword,3,RGS Proteins,RGS Proteins,5.856
P0221,keyword,4,RGS2,RGS2,5.101
P0221,keyword,5,non-small cell lung cancer,non-small cell lung cancer,4.7
P0221,keyword,6,MET-targeted therapy,MET-targeted therapy,4.67
P0221,keyword,7,dormant cancer cells,dormant cancer cells,4.29
P0221,keyword,8,tumor microenvironment,tumor microenvironment,4.213
P0221,keyword,9,RAS/MAPK pathway,RAS/MAPK pathway,4.111
P0221,keyword,10,epigenetic remodeling,epigenetic remodeling,4.063
P0221,keyword,11,tumor dormancy,tumor dormancy,3.911
P0221,keyword,12,quiescent cancer cells,quiescent cancer cells,3.904
P0221,technique,1,종양 이종이식 모델,Xenograft Models,2.2
P0461,keyword,1,Special education,Special education,6.886
P0461,keyword,2,S-Nitrosylation,S-Nitrosylation,5.568
P0461,keyword,3,Mainstreaming,Mainstreaming,5.029
P0461,keyword,4,IL-31,IL-31,4.933
P0461,keyword,5,systemic immunosuppressants,systemic immunosuppressants,4.842
P0461,keyword,6,IL-22,IL-22,4.397
P0461,keyword,7,TARC/CCL17,TARC/CCL17,4.364
P0461,keyword,8,Action research,Action research,4.306
P0461,keyword,9,nitric oxide signaling,nitric oxide signaling,4.18
P0461,keyword,10,JAK inhibitors,JAK inhibitors,3.645
P0461,keyword,11,CXCL2,CXCL2,3.629
P0461,keyword,12,Calcineurin Inhibitors,Calcineurin Inhibitors,3.618
P1105,keyword,1,Dosimeter,Dosimeter,1.48
P1105,keyword,2,geometric mean,geometric mean,1.308
P1105,keyword,3,renal scintigraphy,renal scintigraphy,1.171
P1105,keyword,4,Optically stimulated luminescence,Optically stimulated luminescence,1.044
P1105,keyword,5,Thermoluminescent dosimeter,Thermoluminescent dosimeter,0.908
P1105,keyword,6,Effective dose (radiation),Effective dose (radiation),0.888
P1105,keyword,7,Atopic dermatitis,Atopic dermatitis,0.808
P1105,keyword,8,renal function assessment,renal function assessment,0.803
P1105,keyword,9,Syringe,Syringe,0.727
P1105,keyword,10,Dosimetry,Dosimetry,0.718
P1105,keyword,11,Equivalent dose,Equivalent dose,0.67
P1105,keyword,12,Allergen,Allergen,0.617
P0655,keyword,1,Contact lens,Contact lens,9.326
P0655,keyword,2,Cystinosis,Cystinosis,8.878
P0655,keyword,3,colorimetric sensing,colorimetric sensing,8.617
P0655,keyword,4,Timolol,Timolol,8.337
P0655,keyword,5,Contact Lenses,Contact Lenses,8.136
P0655,keyword,6,Nanocomposites,Nanocomposites,8.019
P0655,keyword,7,Acrylic Resins,Acrylic Resins,7.415
P0655,keyword,8,Silver,Silver,7.401
P0655,keyword,9,timolol maleate,timolol maleate,6.222
P0655,keyword,10,surface-enhanced Raman scattering,surface-enhanced Raman scattering,6.219
P0655,keyword,11,tunable drug release,tunable drug release,6.196
P0655,keyword,12,Cystine,Cystine,5.633
P0655,technique,1,나노입자·약물전달,Nanoparticles / Drug Delivery,13.434
P0655,technique,2,하이드로젤·스캐폴드,Hydrogels / Scaffolds,8.813
P0655,technique,3,미세유체·장기칩,Microfluidics / Organ-on-a-chip,2.613
P0698,keyword,1,Quantum Dots,Quantum Dots,16.042
P0698,keyword,2,"Spheroids, Cellular","Spheroids, Cellular",15.716
P0698,keyword,3,"Printing, Three-Dimensional","Printing, Three-Dimensional",12.699
P0698,keyword,4,Neoplastic Stem Cells,Neoplastic Stem Cells,11.009
P0698,keyword,5,Rape,Rape,9.358
P0698,keyword,6,sexual assault,sexual assault,8.998
P0698,keyword,7,Antineoplastic Agents,Antineoplastic Agents,8.942
P0698,keyword,8,MCF-7 Cells,MCF-7 Cells,8.754
P0698,keyword,9,Porphyrins,Porphyrins,8.166
P0698,keyword,10,tumor microenvironment,tumor microenvironment,8.05
P0698,keyword,11,tumor spheroids,tumor spheroids,7.986
P0698,keyword,12,Sex-Determining Region Y Protein,Sex-Determining Region Y Protein,7.336
P0698,technique,1,조직공학·바이오프린팅,Tissue Engineering / Bioprinting,15.894
P0698,technique,2,나노입자·약물전달,Nanoparticles / Drug Delivery,14.393
P0698,technique,3,하이드로젤·스캐폴드,Hydrogels / Scaffolds,4.781
P0698,technique,4,유세포분석,Flow Cytometry,3.224
P0698,technique,5,미세유체·장기칩,Microfluidics / Organ-on-a-chip,3.191
P0698,technique,6,질량분석,Mass Spectrometry,2.898
P0698,technique,7,단일세포 분석,Single-cell Analysis,2.752
P0698,technique,8,종양 이종이식 모델,Xenograft Models,2.734
P0220,keyword,1,TWIST1,TWIST1,23.854
P0220,keyword,2,Twist-Related Protein 1,Twist-Related Protein 1,20.961
P0220,keyword,3,Epithelial-Mesenchymal Transition,Epithelial-Mesenchymal Transition,13.22
P0220,keyword,4,Euphorbia cotinifolia,Euphorbia cotinifolia,13.065
P0220,keyword,5,Dual-specificity phosphatase,Dual-specificity phosphatase,11.902
P0220,keyword,6,methanol extract,methanol extract,11.567
P0220,keyword,7,Liver Neoplasms,Liver Neoplasms,11.34
P0220,keyword,8,"Carcinoma, Hepatocellular","Carcinoma, Hepatocellular",11.072
P0220,keyword,9,NF-kappa B,NF-kappa B,10.356
P0220,keyword,10,MAPK signaling,MAPK signaling,9.703
P0220,keyword,11,N-cadherin,N-cadherin,9.571
P0220,keyword,12,RAW 264.7 Cells,RAW 264.7 Cells,9.354
P0220,technique,1,RNA 치료제·siRNA,RNA Therapeutics,1.296
P0220,technique,2,단백체,Proteomics,0.638
P0220,technique,3,웨스턴블롯,Western Blot,0.613
P0220,technique,4,생물정보·계산생물,Bioinformatics,0.586
P0220,technique,5,대사체·지질체,Metabolomics / Lipidomics,0.279
P0220,technique,6,질량분석,Mass Spectrometry,0.23
P0220,technique,7,초파리,Drosophila,0.194
P0220,technique,8,유세포분석,Flow Cytometry,0.157
P0273,keyword,1,Thyroid Neoplasms,Thyroid Neoplasms,2.127
P0273,keyword,2,Thyroid cancer,Thyroid cancer,1.452
P0273,keyword,3,metastatic pancreatic ductal adenocarcinoma,metastatic pancreatic ductal adenocarcinoma,1.4
P0273,keyword,4,Circulating Tumor DNA,Circulating Tumor DNA,1.345
P0273,keyword,5,thyroidectomy,thyroidectomy,1.314
P0273,keyword,6,Head and neck surgery,Head and neck surgery,1.163
P0273,keyword,7,Otorhinolaryngology,Otorhinolaryngology,1.127
P0273,keyword,8,"Carcinoma, Neuroendocrine","Carcinoma, Neuroendocrine",1.116
P0273,keyword,9,RET inhibitors,RET inhibitors,1.056
P0273,keyword,10,"Carcinoma, Pancreatic Ductal","Carcinoma, Pancreatic Ductal",1.016
P0273,keyword,11,Risk,Risk,0.95
P0273,keyword,12,locoregional control,locoregional control,0.941
P0644,keyword,1,Alopecia,Alopecia,5.665
P0644,keyword,2,Radiofrequency Therapy,Radiofrequency Therapy,5.5
P0644,keyword,3,Cosmetic Techniques,Cosmetic Techniques,4.654
P0644,keyword,4,biologic discontinuation,biologic discontinuation,4.302
P0644,keyword,5,monopolar radiofrequency,monopolar radiofrequency,4.238
P0644,keyword,6,Ti:sapphire laser,Ti:sapphire laser,4.022
P0644,keyword,7,skin tightening,skin tightening,3.674
P0644,keyword,8,wrinkle reduction,wrinkle reduction,3.608
P0644,keyword,9,laser safety,laser safety,3.602
P0644,keyword,10,pulsed electromagnetic field therapy,pulsed electromagnetic field therapy,3.332
P0644,keyword,11,androgenetic alopecia,androgenetic alopecia,3.273
P0644,keyword,12,Psoriasis,Psoriasis,3.229
P0644,technique,1,RNA-seq·전사체,RNA-seq / Transcriptomics,0.594
P0292,keyword,1,Yersinia enterocolitica,Yersinia enterocolitica,20.746
P0292,keyword,2,persister cells,persister cells,18.668
P0292,keyword,3,Staphylococcus aureus,Staphylococcus aureus,11.119
P0292,keyword,4,Reticulitermes speratus,Reticulitermes speratus,10.22
P0292,keyword,5,Cortex Phellodendri,Cortex Phellodendri,9.706
P0292,keyword,6,antibiotic tolerance,antibiotic tolerance,9.131
P0292,keyword,7,diosgenin,diosgenin,8.818
P0292,keyword,8,membrane fluidity,membrane fluidity,8.734
P0292,keyword,9,Oxacillin,Oxacillin,8.181
P0292,keyword,10,Guanosine Pentaphosphate,Guanosine Pentaphosphate,7.954
P0292,keyword,11,Tobramycin,Tobramycin,7.593
P0292,keyword,12,Biofilm,Biofilm,7.287
P0292,technique,1,RNA-seq·전사체,RNA-seq / Transcriptomics,1.452
P0642,keyword,1,meningioma,meningioma,10.296
P0642,keyword,2,Meningeal Neoplasms,Meningeal Neoplasms,9.57
P0642,keyword,3,endoscopic transorbital approach,endoscopic transorbital approach,8.744
P0642,keyword,4,nerve root block,nerve root block,7.043
P0642,keyword,5,cervical epidural block,cervical epidural block,6.529
P0642,keyword,6,extent of resection,extent of resection,5.789
P0642,keyword,7,gamma knife radiosurgery,gamma knife radiosurgery,5.781
P0642,keyword,8,acute myelopathy,acute myelopathy,5.656
P0642,keyword,9,Radiosurgery,Radiosurgery,5.622
P0642,keyword,10,Petrous Bone,Petrous Bone,5.345
P0642,keyword,11,intraprocedural complications,intraprocedural complications,5.304
P0642,keyword,12,Abducens nerve,Abducens nerve,4.76
P0642,technique,1,MRI·PET 영상,MRI / PET Imaging,2.763
P0745,keyword,1,Yarrowia,Yarrowia,53.18
P0745,keyword,2,metabolic engineering,metabolic engineering,41.326
P0745,keyword,3,Saccharomyces cerevisiae,Saccharomyces cerevisiae,36.478
P0745,keyword,4,Yarrowia lipolytica,Yarrowia lipolytica,36.297
P0745,keyword,5,oleaginous yeast,oleaginous yeast,19.917
P0745,keyword,6,Saccharomyces cerevisiae Proteins,Saccharomyces cerevisiae Proteins,19.196
P0745,keyword,7,Methylomonas,Methylomonas,17.696
P0745,keyword,8,Acetoin,Acetoin,17.001
P0745,keyword,9,alpha-acetolactate decarboxylase,alpha-acetolactate decarboxylase,16.013
P0745,keyword,10,Cyclohexylamines,Cyclohexylamines,15.792
P0745,keyword,11,shinorine,shinorine,13.901
P0745,keyword,12,mycosporine-like amino acids,mycosporine-like amino acids,13.591
P0745,technique,1,CRISPR 유전자편집,CRISPR Gene Editing,5.006
P0745,technique,2,RNA-seq·전사체,RNA-seq / Transcriptomics,0.692
P0745,technique,3,분자도킹·시뮬레이션,Molecular Docking / Dynamics,0.682
P0745,technique,4,생물정보·계산생물,Bioinformatics,0.523
P0745,technique,5,웨스턴블롯,Western Blot,0.417
P0745,technique,6,질량분석,Mass Spectrometry,0.128
P0745,technique,7,나노입자·약물전달,Nanoparticles / Drug Delivery,0.103
P0293,keyword,1,cellulose III,cellulose III,1.83
P0293,keyword,2,natural fiber modification,natural fiber modification,1.726
P0293,keyword,3,enzymatic digestibility,enzymatic digestibility,1.601
P0293,keyword,4,paper recycling,paper recycling,1.517
P0293,keyword,5,wet-end additives,wet-end additives,1.405
P0293,keyword,6,cellulose II,cellulose II,1.401
P0293,keyword,7,sodium hydroxide treatment,sodium hydroxide treatment,1.347
P0293,keyword,8,cellulose I,cellulose I,1.217
P0293,keyword,9,Nanocellulose,Nanocellulose,1.108
P0293,keyword,10,citation impact,citation impact,1.108
P0293,keyword,11,cellulose crystallinity,cellulose crystallinity,1.039
P0293,keyword,12,Hyperspectral imaging,Hyperspectral imaging,0.927
P0724,keyword,1,indigo,indigo,3.367
P0724,keyword,2,INPP5D,INPP5D,3.245
P0724,keyword,3,MS4A6A,MS4A6A,2.933
P0724,keyword,4,Genetic Loci,Genetic Loci,2.85
P0724,keyword,5,protein function characterization,protein function characterization,2.584
P0724,keyword,6,C-terminal tagging,C-terminal tagging,2.545
P0724,keyword,7,Cytoplasmic Granules,Cytoplasmic Granules,2.47
P0724,keyword,8,microglial inflammation,microglial inflammation,2.447
P0724,keyword,9,Palmitic Acids,Palmitic Acids,2.399
P0724,keyword,10,EED,EED,2.389
P0724,keyword,11,Escherichia coli,Escherichia coli,2.243
P0724,keyword,12,Indigo Carmine,Indigo Carmine,2.09
P0724,technique,1,줄기세포·iPSC,Stem Cells / iPSC,0.7
P0724,technique,2,생물정보·계산생물,Bioinformatics,0.58
P0999,keyword,1,α-glucosidase inhibition,α-glucosidase inhibition,40.146
P0999,keyword,2,Cordyceps militaris,Cordyceps militaris,21.281
P0999,keyword,3,structure elucidation,structure elucidation,20.606
P0999,keyword,4,natural product isolation,natural product isolation,19.969
P0999,keyword,5,Molecular Structure,Molecular Structure,19.72
P0999,keyword,6,Cordycepin,Cordycepin,18.281
P0999,keyword,7,Actinidia arguta,Actinidia arguta,18.173
P0999,keyword,8,Flavonoids,Flavonoids,17.961
P0999,keyword,9,Glycoside Hydrolase Inhibitors,Glycoside Hydrolase Inhibitors,16.581
P0999,keyword,10,Moraceae,Moraceae,16.176
P0999,keyword,11,Plant Extracts,Plant Extracts,16.151
P0999,keyword,12,Hericium erinaceus,Hericium erinaceus,15.851
P0999,technique,1,GWAS·유전역학,GWAS / Genetic Epidemiology,11.688
P0999,technique,2,분자도킹·시뮬레이션,Molecular Docking / Dynamics,8.768
P0999,technique,3,질량분석,Mass Spectrometry,5.196
P0999,technique,4,대사체·지질체,Metabolomics / Lipidomics,4.863
P0999,technique,5,단백체,Proteomics,2.079
P0999,technique,6,X선 결정학·구조분석,X-ray Crystallography,1.914
P0999,technique,7,생물정보·계산생물,Bioinformatics,1.393
P0999,technique,8,차세대 시퀀싱(NGS),Next-generation Sequencing,1.385
P0645,keyword,1,"Printing, Three-Dimensional","Printing, Three-Dimensional",26.515
P0645,keyword,2,bioinks,bioinks,18.858
P0645,keyword,3,Alginates,Alginates,15.507
P0645,keyword,4,cytocompatibility,cytocompatibility,14.052
P0645,keyword,5,Gelatin,Gelatin,14.015
P0645,keyword,6,Chitosan,Chitosan,13.098
P0645,keyword,7,Biocompatibility,Biocompatibility,12.068
P0645,keyword,8,Carboxymethylcellulose Sodium,Carboxymethylcellulose Sodium,10.762
P0645,keyword,9,Biocompatible Materials,Biocompatible Materials,9.936
P0645,keyword,10,multilayer printing,multilayer printing,9.887
P0645,keyword,11,near-field electrospinning,near-field electrospinning,9.488
P0645,keyword,12,Hyaluronic Acid,Hyaluronic Acid,9.208
P0645,technique,1,조직공학·바이오프린팅,Tissue Engineering / Bioprinting,72.621
P0645,technique,2,하이드로젤·스캐폴드,Hydrogels / Scaffolds,52.876
P0645,technique,3,나노입자·약물전달,Nanoparticles / Drug Delivery,11.717
P0645,technique,4,줄기세포·iPSC,Stem Cells / iPSC,1.711
P0645,technique,5,X선 결정학·구조분석,X-ray Crystallography,0.848
P0645,technique,6,전자현미경,Electron Microscopy,0.409
P0645,technique,7,형광·공초점 이미징,Fluorescence / Confocal Imaging,0.343
P0645,technique,8,질량분석,Mass Spectrometry,0.142
P0966,keyword,1,Cochlea,Cochlea,8.724
P0966,keyword,2,Calretinin,Calretinin,6.047
P0966,keyword,3,NKCC1,NKCC1,5.777
P0966,keyword,4,"Hair Cells, Auditory, Inner","Hair Cells, Auditory, Inner",5.353
P0966,keyword,5,auditory pathway development,auditory pathway development,4.851
P0966,keyword,6,Kv7.2,Kv7.2,4.608
P0966,keyword,7,Kv1.2,Kv1.2,4.185
P0966,keyword,8,"Neurons, Afferent","Neurons, Afferent",4.158
P0966,keyword,9,Ribbon synapse,Ribbon synapse,4.135
P0966,keyword,10,spontaneous firing rate,spontaneous firing rate,4.05
P0966,keyword,11,Nerve Fibers,Nerve Fibers,3.775
P0966,keyword,12,Kv1.1,Kv1.1,3.654
P0966,technique,1,전기생리,Electrophysiology,1.17
P0966,technique,2,유전자변형 마우스,Genetically Modified Mice,0.333
P0966,technique,3,면역조직화학,Immunohistochemistry,0.295
P0966,technique,4,차세대 시퀀싱(NGS),Next-generation Sequencing,0.284
P0525,keyword,1,osteoporosis diagnosis,osteoporosis diagnosis,0.872
P0525,keyword,2,hip bone density,hip bone density,0.858
P0525,keyword,3,lumbar spine bone mineral density,lumbar spine bone mineral density,0.8
P0525,keyword,4,total bilirubin,total bilirubin,0.775
P0525,keyword,5,NAFLD risk factors,NAFLD risk factors,0.746
P0525,keyword,6,T-score,T-score,0.744
P0525,keyword,7,Plasma homocysteine,Plasma homocysteine,0.732
P0525,keyword,8,Menopause,Menopause,0.639
P0525,keyword,9,"Obesity, Abdominal","Obesity, Abdominal",0.629
P0525,keyword,10,waist-to-hip ratio,waist-to-hip ratio,0.613
P0525,keyword,11,diagnostic discordance,diagnostic discordance,0.608
P0525,keyword,12,Metabolic Syndrome,Metabolic Syndrome,0.597
P0494,keyword,1,Semiconductors,Semiconductors,5.16
P0494,keyword,2,TNF-alpha inhibitors,TNF-alpha inhibitors,3.955
P0494,keyword,3,chronic disease risk,chronic disease risk,3.308
P0494,keyword,4,proportion of days covered,proportion of days covered,3.035
P0494,keyword,5,Rheumatoid arthritis,Rheumatoid arthritis,3.007
P0494,keyword,6,cancer risk,cancer risk,2.999
P0494,keyword,7,Tumor Necrosis Factor Inhibitors,Tumor Necrosis Factor Inhibitors,2.866
P0494,keyword,8,older workers,older workers,2.696
P0494,keyword,9,Antirheumatic Agents,Antirheumatic Agents,2.504
P0494,keyword,10,genitourinary cancer,genitourinary cancer,2.422
P0494,keyword,11,occupational health services,occupational health services,2.374
P0494,keyword,12,non-biologic DMARDs,non-biologic DMARDs,2.339
P0494,technique,1,임상시험,Clinical Trials,0.36
P0734,keyword,1,Capacitive deionization,Capacitive deionization,54.51
P0734,keyword,2,anion exchange membrane water electrolysis,anion exchange membrane water electrolysis,52.573
P0734,keyword,3,Desalination,Desalination,36.394
P0734,keyword,4,oxygen evolution reaction,oxygen evolution reaction,35.638
P0734,keyword,5,green hydrogen production,green hydrogen production,31.103
P0734,keyword,6,catalyst stability,catalyst stability,23.766
P0734,keyword,7,Electrochemistry,Electrochemistry,20.295
P0734,keyword,8,Electrode,Electrode,19.567
P0734,keyword,9,electrodeposition,electrodeposition,17.402
P0734,keyword,10,Chlorine,Chlorine,14.932
P0734,keyword,11,cobalt catalysts,cobalt catalysts,14.463
P0734,keyword,12,Chemical engineering,Chemical engineering,12.458
P0734,technique,1,나노입자·약물전달,Nanoparticles / Drug Delivery,4.417
P0734,technique,2,전자현미경,Electron Microscopy,1.134
P0734,technique,3,분자도킹·시뮬레이션,Molecular Docking / Dynamics,0.247
P0592,keyword,1,Charcot foot,Charcot foot,10.938
P0592,keyword,2,chronic lateral ankle instability,chronic lateral ankle instability,10.788
P0592,keyword,3,talonavicular joint,talonavicular joint,10.091
P0592,keyword,4,Talus,Talus,9.966
P0592,keyword,5,modified Broström procedure,modified Broström procedure,5.92
P0592,keyword,6,tibiotalocalcaneal arthrodesis,tibiotalocalcaneal arthrodesis,5.915
P0592,keyword,7,autologous iliac bone graft,autologous iliac bone graft,5.812
P0592,keyword,8,pedobarography,pedobarography,5.258
P0592,keyword,9,calcaneocuboid joint,calcaneocuboid joint,5.229
P0592,keyword,10,tibiofibular clear space,tibiofibular clear space,4.88
P0592,keyword,11,bimalleolar ankle fracture,bimalleolar ankle fracture,4.687
P0592,keyword,12,bone tuberculosis,bone tuberculosis,4.617
P0592,technique,1,MRI·PET 영상,MRI / PET Imaging,1.844
P0152,keyword,1,Family Health,Family Health,0.08
P0152,keyword,2,familial hemiplegic migraine,familial hemiplegic migraine,0.077
P0152,keyword,3,"Calcium Channels, N-Type","Calcium Channels, N-Type",0.066
P0152,keyword,4,Spinocerebellar Ataxias,Spinocerebellar Ataxias,0.064
P0152,keyword,5,"Tomography, Emission-Computed, Single-Photon","Tomography, Emission-Computed, Single-Photon",0.047
P0152,keyword,6,Calcium Channels,Calcium Channels,0.043
P0152,keyword,7,Spinocerebellar ataxia,Spinocerebellar ataxia,0.039
P0152,keyword,8,Pedigree,Pedigree,0.037
P0152,keyword,9,Ataxia,Ataxia,0.02
P0152,keyword,10,migraine with aura,migraine with aura,0.017
P0152,keyword,11,Point Mutation,Point Mutation,0.016
P0152,keyword,12,Phenotype,Phenotype,0.016
P0133,keyword,1,chloroplast genome,chloroplast genome,54.754
P0133,keyword,2,Phylogeny,Phylogeny,30.736
P0133,keyword,3,"Genome, Plastid","Genome, Plastid",29.099
P0133,keyword,4,phylogenetic relationships,phylogenetic relationships,28.155
P0133,keyword,5,Asteraceae,Asteraceae,27.744
P0133,keyword,6,Chloroplast DNA,Chloroplast DNA,25.346
P0133,keyword,7,"Genome, Chloroplast","Genome, Chloroplast",24.37
P0133,keyword,8,Islands,Islands,23.651
P0133,keyword,9,Sonchus,Sonchus,22.844
P0133,keyword,10,Rosaceae,Rosaceae,21.189
P0133,keyword,11,"DNA, Chloroplast","DNA, Chloroplast",20.653
P0133,keyword,12,plastome evolution,plastome evolution,20.06
P0133,technique,1,차세대 시퀀싱(NGS),Next-generation Sequencing,2.413
P0133,technique,2,애기장대·식물 모델,Arabidopsis,0.203
P0133,technique,3,생물정보·계산생물,Bioinformatics,0.115
P0364,keyword,1,Brain Ischemia,Brain Ischemia,9.408
P0364,keyword,2,oligodendrocytes,oligodendrocytes,7.353
P0364,keyword,3,Noggin Protein,Noggin Protein,7.167
P0364,keyword,4,Hepcidin,Hepcidin,6.426
P0364,keyword,5,noggin,noggin,6.321
P0364,keyword,6,Hepcidins,Hepcidins,5.98
P0364,keyword,7,Intra-Abdominal Fat,Intra-Abdominal Fat,5.916
P0364,keyword,8,brain aging,brain aging,5.815
P0364,keyword,9,Myelin Sheath,Myelin Sheath,5.792
P0364,keyword,10,Iron,Iron,5.623
P0364,keyword,11,Brain,Brain,5.195
P0364,keyword,12,Smad1/5 signaling,Smad1/5 signaling,5.171
P0364,technique,1,웨스턴블롯,Western Blot,1.93
P0364,technique,2,나노입자·약물전달,Nanoparticles / Drug Delivery,1.081
P0364,technique,3,유전자변형 마우스,Genetically Modified Mice,0.996
P0364,technique,4,qPCR,Real-time PCR,0.931
P0364,technique,5,대사체·지질체,Metabolomics / Lipidomics,0.922
P0364,technique,6,RNA-seq·전사체,RNA-seq / Transcriptomics,0.711
P0364,technique,7,전자현미경,Electron Microscopy,0.515
P0364,technique,8,단백체,Proteomics,0.509
P0804,keyword,1,Vernonia,Vernonia,14.714
P0804,keyword,2,Plant Extracts,Plant Extracts,12.583
P0804,keyword,3,Flavonoids,Flavonoids,11.409
P0804,keyword,4,natural product isolation,natural product isolation,9.065
P0804,keyword,5,Immunomodulating Agents,Immunomodulating Agents,8.823
P0804,keyword,6,allergic diseases,allergic diseases,8.673
P0804,keyword,7,deep clustering,deep clustering,8.423
P0804,keyword,8,Biological Products,Biological Products,8.393
P0804,keyword,9,Saponins,Saponins,8.278
P0804,keyword,10,Lindera glauca,Lindera glauca,8.162
P0804,keyword,11,α-glucosidase inhibition,α-glucosidase inhibition,7.909
P0804,keyword,12,medicinal plants,medicinal plants,7.9
P0804,technique,1,분자도킹·시뮬레이션,Molecular Docking / Dynamics,11.681
P0804,technique,2,질량분석,Mass Spectrometry,11.634
P0804,technique,3,머신러닝·AI,Machine Learning / AI,4.778
P0804,technique,4,대사체·지질체,Metabolomics / Lipidomics,4.38
P0804,technique,5,종양 이종이식 모델,Xenograft Models,0.695
P0804,technique,6,X선 결정학·구조분석,X-ray Crystallography,0.545
P0804,technique,7,웨스턴블롯,Western Blot,0.489
P0804,technique,8,생물정보·계산생물,Bioinformatics,0.449
P0291,keyword,1,SSEA-3,SSEA-3,23.139
P0291,keyword,2,Halictidae,Halictidae,20.435
P0291,keyword,3,CD105,CD105,18.621
P0291,keyword,4,Eusociality,Eusociality,16.742
P0291,keyword,5,neural crest-derived stem cells,neural crest-derived stem cells,11.537
P0291,keyword,6,diagnostic classification models,diagnostic classification models,10.247
P0291,keyword,7,attribute hierarchy,attribute hierarchy,10.212
P0291,keyword,8,Scabies,Scabies,9.966
P0291,keyword,9,skin microbiome,skin microbiome,9.18
P0291,keyword,10,Shotgun sequencing,Shotgun sequencing,9.069
P0291,keyword,11,drug response prediction,drug response prediction,8.571
P0291,keyword,12,nominal response model,nominal response model,8.534
P0291,technique,1,차세대 시퀀싱(NGS),Next-generation Sequencing,8.29
P0291,technique,2,생물정보·계산생물,Bioinformatics,5.141
P0291,technique,3,오가노이드,Organoids,4.234
P0291,technique,4,머신러닝·AI,Machine Learning / AI,3.533
P0291,technique,5,RNA-seq·전사체,RNA-seq / Transcriptomics,2.108
P0291,technique,6,단일세포 분석,Single-cell Analysis,1.981
P0291,technique,7,예쁜꼬마선충,C. elegans,1.33
P0291,technique,8,GWAS·유전역학,GWAS / Genetic Epidemiology,1.316
P0765,keyword,1,protein structure prediction,protein structure prediction,25.474
P0765,keyword,2,RoseTTAFold,RoseTTAFold,17.521
P0765,keyword,3,Proteins,Proteins,16.035
P0765,keyword,4,AlphaFold2,AlphaFold2,12.714
P0765,keyword,5,Benchmark (surveying),Benchmark (surveying),12.045
P0765,keyword,6,Benchmarking,Benchmarking,11.905
P0765,keyword,7,Protein Conformation,Protein Conformation,11.586
P0765,keyword,8,Column (typography),Column (typography),9.855
P0765,keyword,9,Software,Software,9.82
P0765,keyword,10,Directory,Directory,9.342
P0765,keyword,11,Protein design,Protein design,8.269
P0765,keyword,12,Protein Multimerization,Protein Multimerization,7.931
P0765,technique,1,머신러닝·AI,Machine Learning / AI,10.696
P0765,technique,2,크라이오전자현미경,Cryo-EM,8.689
P0765,technique,3,생물정보·계산생물,Bioinformatics,8.469
P0765,technique,4,분자도킹·시뮬레이션,Molecular Docking / Dynamics,5.952
P0765,technique,5,X선 결정학·구조분석,X-ray Crystallography,1.553
P0765,technique,6,CRISPR 유전자편집,CRISPR Gene Editing,0.755
P0718,keyword,1,Electronics,Electronics,64.051
P0718,keyword,2,Stretchable electronics,Stretchable electronics,49.132
P0718,keyword,3,soft bioelectronics,soft bioelectronics,40.162
P0718,keyword,4,Wearable Electronic Devices,Wearable Electronic Devices,38.372
P0718,keyword,5,Bioelectronics,Bioelectronics,32.168
P0718,keyword,6,stretchable conductors,stretchable conductors,25.597
P0718,keyword,7,Nanocomposites,Nanocomposites,25.401
P0718,keyword,8,quantum dot light-emitting diodes,quantum dot light-emitting diodes,24.898
P0718,keyword,9,flexible electronics,flexible electronics,24.202
P0718,keyword,10,implantable bioelectronics,implantable bioelectronics,20.258
P0718,keyword,11,electrical stimulation,electrical stimulation,20.229
P0718,keyword,12,Wearable computer,Wearable computer,20.016
P0718,technique,1,하이드로젤·스캐폴드,Hydrogels / Scaffolds,31.32
P0718,technique,2,나노입자·약물전달,Nanoparticles / Drug Delivery,14.77
P0718,technique,3,전기생리,Electrophysiology,9.907
P0718,technique,4,조직공학·바이오프린팅,Tissue Engineering / Bioprinting,7.72
P0718,technique,5,미세유체·장기칩,Microfluidics / Organ-on-a-chip,7.356
P0718,technique,6,머신러닝·AI,Machine Learning / AI,4.447
P0718,technique,7,광유전학,Optogenetics,1.482
P0718,technique,8,분자도킹·시뮬레이션,Molecular Docking / Dynamics,0.506
P0178,keyword,1,pancreatic ductal adenocarcinoma,pancreatic ductal adenocarcinoma,26.847
P0178,keyword,2,alpinumisoflavone,alpinumisoflavone,13.959
P0178,keyword,3,endometrial stromal cells,endometrial stromal cells,13.291
P0178,keyword,4,MIA PaCa-2 cells,MIA PaCa-2 cells,13.062
P0178,keyword,5,mitochondrial dysfunction,mitochondrial dysfunction,12.705
P0178,keyword,6,endometrial decidualization,endometrial decidualization,12.523
P0178,keyword,7,calcium dysregulation,calcium dysregulation,12.457
P0178,keyword,8,apoptosis,apoptosis,11.552
P0178,keyword,9,Chlorogenic acid,Chlorogenic acid,11.392
P0178,keyword,10,Endometrium,Endometrium,11.172
P0178,keyword,11,age-related infertility,age-related infertility,10.928
P0178,keyword,12,schisandrin B,schisandrin B,10.6
P0178,technique,1,분자도킹·시뮬레이션,Molecular Docking / Dynamics,5.188
P0178,technique,2,종양 이종이식 모델,Xenograft Models,4.613
P0178,technique,3,제브라피시,Zebrafish,3.687
P0178,technique,4,RNA-seq·전사체,RNA-seq / Transcriptomics,0.719
P1076,keyword,1,Betamethasone,Betamethasone,7.559
P1076,keyword,2,"Respiratory Distress Syndrome, Newborn","Respiratory Distress Syndrome, Newborn",7.417
P1076,keyword,3,antenatal corticosteroids,antenatal corticosteroids,6.644
P1076,keyword,4,transient tachypnea of the newborn,transient tachypnea of the newborn,6.258
P1076,keyword,5,late preterm infants,late preterm infants,6.079
P1076,keyword,6,Bronchopulmonary dysplasia,Bronchopulmonary dysplasia,5.729
P1076,keyword,7,ventilatory support,ventilatory support,5.415
P1076,keyword,8,addiction levels,addiction levels,4.544
P1076,keyword,9,Adrenal Cortex Hormones,Adrenal Cortex Hormones,4.437
P1076,keyword,10,"Infant, Premature","Infant, Premature",4.084
P1076,keyword,11,educational needs,educational needs,3.949
P1076,keyword,12,stress vulnerability,stress vulnerability,3.829
P0872,keyword,1,Cryptococcus neoformans,Cryptococcus neoformans,203.582
P0872,keyword,2,cryptococcosis,cryptococcosis,66.971
P0872,keyword,3,Candida auris,Candida auris,65.668
P0872,keyword,4,Virulence,Virulence,46.899
P0872,keyword,5,Fungal Proteins,Fungal Proteins,45.638
P0872,keyword,6,"Gene Expression Regulation, Fungal","Gene Expression Regulation, Fungal",38.642
P0872,keyword,7,antifungal resistance,antifungal resistance,35.068
P0872,keyword,8,Cryptococcus,Cryptococcus,28.973
P0872,keyword,9,Antifungal Agents,Antifungal Agents,27.758
P0872,keyword,10,"Drug Resistance, Fungal","Drug Resistance, Fungal",26.723
P0872,keyword,11,Candidiasis,Candidiasis,24.186
P0872,keyword,12,Candida albicans,Candida albicans,21.39
P0872,technique,1,RNA-seq·전사체,RNA-seq / Transcriptomics,11.617
P0872,technique,2,엑소좀·세포외소포,Exosomes / EVs,4.786
P0872,technique,3,단백체,Proteomics,3.991
P0872,technique,4,생물정보·계산생물,Bioinformatics,2.539
P0872,technique,5,질량분석,Mass Spectrometry,1.178
P0872,technique,6,형광·공초점 이미징,Fluorescence / Confocal Imaging,0.406
P0872,technique,7,X선 결정학·구조분석,X-ray Crystallography,0.38
P0899,keyword,1,Telomere,Telomere,3.709
P0899,keyword,2,Telomere-Binding Proteins,Telomere-Binding Proteins,3.414
P0899,keyword,3,Telomere-binding protein,Telomere-binding protein,2.804
P0899,keyword,4,Histone Deacetylases,Histone Deacetylases,2.076
P0899,keyword,5,"Chromosomes, Plant","Chromosomes, Plant",1.838
P0899,keyword,6,Proto-Oncogene Proteins c-myb,Proto-Oncogene Proteins c-myb,1.771
P0899,keyword,7,Telomerase,Telomerase,1.74
P0899,keyword,8,"Epigenesis, Genetic","Epigenesis, Genetic",1.452
P0899,keyword,9,Telomere Homeostasis,Telomere Homeostasis,1.438
P0899,keyword,10,Epigenomics,Epigenomics,1.257
P0899,keyword,11,DNA Methylation,DNA Methylation,1.221
P0899,keyword,12,DNA-binding protein,DNA-binding protein,1.203
P0899,technique,1,애기장대·식물 모델,Arabidopsis,4.681
P0696,keyword,1,Glycerolphosphate Dehydrogenase,Glycerolphosphate Dehydrogenase,11.847
P0696,keyword,2,taurine metabolism,taurine metabolism,10.609
P0696,keyword,3,GPD2,GPD2,9.963
P0696,keyword,4,Magnetic Resonance Spectroscopy,Magnetic Resonance Spectroscopy,9.618
P0696,keyword,5,Heteronuclear molecule,Heteronuclear molecule,9.54
P0696,keyword,6,lactate,lactate,7.782
P0696,keyword,7,"Carcinoma, Renal Cell","Carcinoma, Renal Cell",7.681
P0696,keyword,8,Acetyl Coenzyme A,Acetyl Coenzyme A,7.527
P0696,keyword,9,Kidney Neoplasms,Kidney Neoplasms,7.17
P0696,keyword,10,Gastrointestinal Microbiome,Gastrointestinal Microbiome,7.076
P0696,keyword,11,Music,Music,7.001
P0696,keyword,12,Metabolome,Metabolome,6.57
P0696,technique,1,대사체·지질체,Metabolomics / Lipidomics,28.923
P0696,technique,2,예쁜꼬마선충,C. elegans,8.867
P0696,technique,3,X선 결정학·구조분석,X-ray Crystallography,7.293
P0696,technique,4,질량분석,Mass Spectrometry,2.746
P0696,technique,5,줄기세포·iPSC,Stem Cells / iPSC,1.989
P0696,technique,6,RNA-seq·전사체,RNA-seq / Transcriptomics,1.864
P0696,technique,7,종양 이종이식 모델,Xenograft Models,1.841
P0696,technique,8,생물정보·계산생물,Bioinformatics,1.833
P1049,keyword,1,"Receptor, trkA","Receptor, trkA",0.843
P1049,keyword,2,NFAT,NFAT,0.621
P1049,keyword,3,Nerve Growth Factor,Nerve Growth Factor,0.608
P1049,keyword,4,NFATC Transcription Factors,NFATC Transcription Factors,0.55
P1049,keyword,5,Glycogen Synthase Kinase 3,Glycogen Synthase Kinase 3,0.544
P1049,keyword,6,"Active Transport, Cell Nucleus","Active Transport, Cell Nucleus",0.499
P1049,keyword,7,Glycogen Synthase Kinase 3 beta,Glycogen Synthase Kinase 3 beta,0.482
P1049,keyword,8,"Animals, Newborn","Animals, Newborn",0.437
P1049,keyword,9,"Genes, Reporter","Genes, Reporter",0.395
P1049,keyword,10,Phosphatidylinositol 3-Kinases,Phosphatidylinositol 3-Kinases,0.346
P1049,keyword,11,Cell Nucleus,Cell Nucleus,0.335
P1049,keyword,12,Proto-Oncogene Proteins c-akt,Proto-Oncogene Proteins c-akt,0.314
P0709,keyword,1,Retrosynthetic analysis,Retrosynthetic analysis,27.036
P0709,keyword,2,chemical reaction prediction,chemical reaction prediction,23.016
P0709,keyword,3,neural machine translation,neural machine translation,19.165
P0709,keyword,4,transformer models,transformer models,17.505
P0709,keyword,5,molecular representation,molecular representation,17.219
P0709,keyword,6,retrosynthesis,retrosynthesis,14.793
P0709,keyword,7,Machine translation,Machine translation,14.202
P0709,keyword,8,molecular property prediction,molecular property prediction,13.499
P0709,keyword,9,Proteins,Proteins,13.284
P0709,keyword,10,Representation (politics),Representation (politics),13.195
P0709,keyword,11,global optimization,global optimization,12.947
P0709,keyword,12,atomic environment,atomic environment,12.424
P0709,technique,1,머신러닝·AI,Machine Learning / AI,19.253
P0709,technique,2,분자도킹·시뮬레이션,Molecular Docking / Dynamics,18.739
P0709,technique,3,생물정보·계산생물,Bioinformatics,5.486
P0709,technique,4,임상시험,Clinical Trials,3.414
P0709,technique,5,질량분석,Mass Spectrometry,2.466
P0709,technique,6,X선 결정학·구조분석,X-ray Crystallography,0.623
P0709,technique,7,종양 이종이식 모델,Xenograft Models,0.612
P0709,technique,8,나노입자·약물전달,Nanoparticles / Drug Delivery,0.488
P0896,keyword,1,hydrogen inhalation,hydrogen inhalation,1.158
P0896,keyword,2,knee stiffness,knee stiffness,1.01
P0896,keyword,3,molecular hydrogen,molecular hydrogen,0.986
P0896,keyword,4,WOMAC index,WOMAC index,0.944
P0896,keyword,5,home-based therapy,home-based therapy,0.929
P0896,keyword,6,knee function,knee function,0.915
P0896,keyword,7,Nepean Dyspepsia Index,Nepean Dyspepsia Index,0.877
P0896,keyword,8,BACE1,BACE1,0.772
P0896,keyword,9,alkaline water,alkaline water,0.722
P0896,keyword,10,knee osteoarthritis,knee osteoarthritis,0.672
P0896,keyword,11,functional dyspepsia,functional dyspepsia,0.634
P0896,keyword,12,purified water,purified water,0.598
P0294,keyword,1,Gastrointestinal Microbiome,Gastrointestinal Microbiome,12.598
P0294,keyword,2,sophorolipids,sophorolipids,10.496
P0294,keyword,3,growth performance,growth performance,8.58
P0294,keyword,4,gut microbiota,gut microbiota,7.196
P0294,keyword,5,Weaning,Weaning,7.155
P0294,keyword,6,broiler chickens,broiler chickens,6.638
P0294,keyword,7,Oleic Acids,Oleic Acids,6.102
P0294,keyword,8,Probiotics,Probiotics,5.702
P0294,keyword,9,animal feed,animal feed,5.595
P0294,keyword,10,dysbiosis,dysbiosis,4.96
P0294,keyword,11,methionine supplementation,methionine supplementation,4.888
P0294,keyword,12,micronutrient accumulation,micronutrient accumulation,4.655
P0294,technique,1,예쁜꼬마선충,C. elegans,8.061
P0294,technique,2,엑소좀·세포외소포,Exosomes / EVs,5.418
P0294,technique,3,대사체·지질체,Metabolomics / Lipidomics,0.852
P0294,technique,4,RNA-seq·전사체,RNA-seq / Transcriptomics,0.84
P0294,technique,5,생물정보·계산생물,Bioinformatics,0.23
P0991,keyword,1,type 1 diabetes,type 1 diabetes,22.52
P0991,keyword,2,"Diabetes Mellitus, Type 1","Diabetes Mellitus, Type 1",20.07
P0991,keyword,3,children and adolescents,children and adolescents,15.857
P0991,keyword,4,Metabolic Syndrome,Metabolic Syndrome,15.734
P0991,keyword,5,Body Mass Index,Body Mass Index,15.425
P0991,keyword,6,Diabetic ketoacidosis,Diabetic ketoacidosis,15.335
P0991,keyword,7,pediatric diabetes,pediatric diabetes,15.245
P0991,keyword,8,preclinical obesity,preclinical obesity,13.734
P0991,keyword,9,adolescent obesity,adolescent obesity,13.61
P0991,keyword,10,Korean adolescents,Korean adolescents,13.249
P0991,keyword,11,National Health and Nutrition Examination Survey,National Health and Nutrition Examination Survey,12.498
P0991,keyword,12,childhood obesity,childhood obesity,12.403
P0991,technique,1,MRI·PET 영상,MRI / PET Imaging,1.321
P0991,technique,2,차세대 시퀀싱(NGS),Next-generation Sequencing,0.74
P0991,technique,3,임상시험,Clinical Trials,0.372
P0991,technique,4,질량분석,Mass Spectrometry,0.356
P0991,technique,5,생물정보·계산생물,Bioinformatics,0.254
P0566,keyword,1,"Receptor, Serotonin, 5-HT1B","Receptor, Serotonin, 5-HT1B",2.751
P0566,keyword,2,"Receptor, Serotonin, 5-HT2A","Receptor, Serotonin, 5-HT2A",1.597
P0566,keyword,3,Attention Deficit Disorder with Hyperactivity,Attention Deficit Disorder with Hyperactivity,1.386
P0566,keyword,4,East Asian People,East Asian People,0.763
P0566,keyword,5,Serotonergic,Serotonergic,0.757
P0566,keyword,6,Genetic Predisposition to Disease,Genetic Predisposition to Disease,0.68
P0566,keyword,7,"Polymorphism, Single Nucleotide","Polymorphism, Single Nucleotide",0.636
P0566,keyword,8,Genetic Association Studies,Genetic Association Studies,0.629
P0566,keyword,9,Gene Frequency,Gene Frequency,0.593
P0566,keyword,10,Case-control study,Case-control study,0.498
P0566,keyword,11,Asian People,Asian People,0.439
P0566,keyword,12,Single-nucleotide polymorphism,Single-nucleotide polymorphism,0.358
P0640,keyword,1,negative pressure wound therapy,negative pressure wound therapy,7.082
P0640,keyword,2,forearm reconstruction,forearm reconstruction,5.526
P0640,keyword,3,Masquelet technique,Masquelet technique,4.652
P0640,keyword,4,Breast Cancer Lymphedema,Breast Cancer Lymphedema,4.331
P0640,keyword,5,erbium glass laser,erbium glass laser,4.256
P0640,keyword,6,abdominal flap,abdominal flap,4.146
P0640,keyword,7,soft tissue defects,soft tissue defects,4.143
P0640,keyword,8,rectus abdominis myocutaneous flap,rectus abdominis myocutaneous flap,4.035
P0640,keyword,9,Silver sulfadiazine,Silver sulfadiazine,3.899
P0640,keyword,10,postoperative scar,postoperative scar,3.897
P0640,keyword,11,adjuvant radiotherapy,adjuvant radiotherapy,3.789
P0640,keyword,12,CO2 laser,CO2 laser,3.606
P0836,keyword,1,Cronobacter sakazakii,Cronobacter sakazakii,15.477
P0836,keyword,2,"Aptamers, Nucleotide","Aptamers, Nucleotide",15.373
P0836,keyword,3,powdered infant formula,powdered infant formula,15.311
P0836,keyword,4,Aptamer,Aptamer,12.89
P0836,keyword,5,Cronobacter,Cronobacter,12.154
P0836,keyword,6,Biosensing Techniques,Biosensing Techniques,10.3
P0836,keyword,7,Cronobacter muytjensii,Cronobacter muytjensii,10.277
P0836,keyword,8,Cronobacter dublinensis,Cronobacter dublinensis,9.773
P0836,keyword,9,Infant formula,Infant formula,9.449
P0836,keyword,10,Cronobacter turicensis,Cronobacter turicensis,8.902
P0836,keyword,11,Cronobacter malonaticus,Cronobacter malonaticus,8.466
P0836,keyword,12,Moraxella,Moraxella,8.322
P0836,technique,1,나노입자·약물전달,Nanoparticles / Drug Delivery,3.525
P0836,technique,2,차세대 시퀀싱(NGS),Next-generation Sequencing,2.819
P0836,technique,3,단백체,Proteomics,0.665
P0836,technique,4,생물정보·계산생물,Bioinformatics,0.596
P0836,technique,5,전자현미경,Electron Microscopy,0.459
P0836,technique,6,하이드로젤·스캐폴드,Hydrogels / Scaffolds,0.451
P0836,technique,7,RNA-seq·전사체,RNA-seq / Transcriptomics,0.265
P0836,technique,8,질량분석,Mass Spectrometry,0.246
P1040,keyword,1,Mean squared error,Mean squared error,0.77
P1040,keyword,2,Blood Glucose Self-Monitoring,Blood Glucose Self-Monitoring,0.768
P1040,keyword,3,Autoregressive integrated moving average,Autoregressive integrated moving average,0.609
P1040,keyword,4,Mean absolute percentage error,Mean absolute percentage error,0.475
P1040,keyword,5,Glucose,Glucose,0.277
P1040,keyword,6,Time series,Time series,0.268
P1040,keyword,7,Blood Glucose,Blood Glucose,0.214
P1040,keyword,8,Series (stratigraphy),Series (stratigraphy),0.213
P1040,keyword,9,Algorithms,Algorithms,0.21
P1040,keyword,10,Multivariate statistics,Multivariate statistics,0.187
P1040,keyword,11,Algorithm,Algorithm,0.145
P1040,keyword,12,Statistics,Statistics,0.111
P1040,technique,1,머신러닝·AI,Machine Learning / AI,0.327
P0234,keyword,1,Biosensing Techniques,Biosensing Techniques,39.479
P0234,keyword,2,electrochemical biosensor,electrochemical biosensor,33.126
P0234,keyword,3,Electrochemical Techniques,Electrochemical Techniques,31.074
P0234,keyword,4,phage display,phage display,30.089
P0234,keyword,5,affinity peptides,affinity peptides,28.22
P0234,keyword,6,Limit of Detection,Limit of Detection,23.04
P0234,keyword,7,molecularly imprinted polymers,molecularly imprinted polymers,18.198
P0234,keyword,8,Peptides,Peptides,17.86
P0234,keyword,9,virus detection,virus detection,17.85
P0234,keyword,10,biosensors,biosensors,16.926
P0234,keyword,11,peptide-based biosensors,peptide-based biosensors,16.822
P0234,keyword,12,M13 bacteriophage,M13 bacteriophage,16.537
P0234,technique,1,나노입자·약물전달,Nanoparticles / Drug Delivery,15.206
P0234,technique,2,ELISA,ELISA,10.487
P0234,technique,3,하이드로젤·스캐폴드,Hydrogels / Scaffolds,7.326
P0234,technique,4,CRISPR 유전자편집,CRISPR Gene Editing,5.755
P0234,technique,5,생물정보·계산생물,Bioinformatics,1.064
P0234,technique,6,미세유체·장기칩,Microfluidics / Organ-on-a-chip,0.511
P0234,technique,7,전자현미경,Electron Microscopy,0.438
P0234,technique,8,분자도킹·시뮬레이션,Molecular Docking / Dynamics,0.408
P0576,keyword,1,Circovirus,Circovirus,33.714
P0576,keyword,2,Circoviridae Infections,Circoviridae Infections,32.48
P0576,keyword,3,Mycoplasma hyopneumoniae,Mycoplasma hyopneumoniae,31.207
P0576,keyword,4,swine diseases,swine diseases,25.962
P0576,keyword,5,Porcine respiratory and reproductive syndrome virus,Porcine respiratory and reproductive syndrome virus,25.089
P0576,keyword,6,Porcine Reproductive and Respiratory Syndrome,Porcine Reproductive and Respiratory Syndrome,22.255
P0576,keyword,7,Viral Vaccines,Viral Vaccines,20.906
P0576,keyword,8,Porcine reproductive and respiratory syndrome virus,Porcine reproductive and respiratory syndrome virus,19.612
P0576,keyword,9,lymphoid lesions,lymphoid lesions,17.655
P0576,keyword,10,Swine,Swine,16.574
P0576,keyword,11,African Swine Fever Virus,African Swine Fever Virus,14.451
P0576,keyword,12,Porcine circovirus,Porcine circovirus,14.434
P0576,technique,1,RNA-seq·전사체,RNA-seq / Transcriptomics,3.647
P0706,keyword,1,volumetric absorptive microsampling,volumetric absorptive microsampling,14.303
P0706,keyword,2,"Leukemia, Myelogenous, Chronic, BCR-ABL Positive","Leukemia, Myelogenous, Chronic, BCR-ABL Positive",12.231
P0706,keyword,3,Therapeutic drug monitoring,Therapeutic drug monitoring,8.924
P0706,keyword,4,Pyrazines,Pyrazines,8.656
P0706,keyword,5,Deming regression,Deming regression,7.804
P0706,keyword,6,Drug Monitoring,Drug Monitoring,7.56
P0706,keyword,7,Drug Dosage Calculations,Drug Dosage Calculations,6.95
P0706,keyword,8,Dried Blood Spot Testing,Dried Blood Spot Testing,6.725
P0706,keyword,9,Food-Drug Interactions,Food-Drug Interactions,6.605
P0706,keyword,10,pharmacokinetics,pharmacokinetics,6.547
P0706,keyword,11,Benzamides,Benzamides,6.475
P0706,keyword,12,area under the concentration-time curve,area under the concentration-time curve,5.927
P0706,technique,1,나노입자·약물전달,Nanoparticles / Drug Delivery,1.181
P0706,technique,2,임상시험,Clinical Trials,0.848
P0706,technique,3,생물정보·계산생물,Bioinformatics,0.082
P0157,keyword,1,Deubiquitinating Enzymes,Deubiquitinating Enzymes,13.845
P0157,keyword,2,Deubiquitinating enzyme,Deubiquitinating enzyme,9.274
P0157,keyword,3,Ubiquitination,Ubiquitination,8.845
P0157,keyword,4,AXL kinase inhibitor,AXL kinase inhibitor,8.722
P0157,keyword,5,osimertinib resistance,osimertinib resistance,7.388
P0157,keyword,6,Ubiquitin-Specific Proteases,Ubiquitin-Specific Proteases,7.265
P0157,keyword,7,deubiquitinase,deubiquitinase,6.921
P0157,keyword,8,Embryonic stem cell,Embryonic stem cell,5.617
P0157,keyword,9,Ubiquitin,Ubiquitin,5.539
P0157,keyword,10,Protein Kinase Inhibitors,Protein Kinase Inhibitors,5.405
P0157,keyword,11,Cell Proliferation,Cell Proliferation,4.732
P0157,keyword,12,USP19,USP19,4.689
P0157,technique,1,줄기세포·iPSC,Stem Cells / iPSC,10.33
P0157,technique,2,CRISPR 유전자편집,CRISPR Gene Editing,9.177
P0157,technique,3,종양 이종이식 모델,Xenograft Models,4.925
P0157,technique,4,단일세포 분석,Single-cell Analysis,1.995
P0157,technique,5,오가노이드,Organoids,1.464
P0157,technique,6,RNA-seq·전사체,RNA-seq / Transcriptomics,1.066
P0157,technique,7,생물정보·계산생물,Bioinformatics,0.686
P0157,technique,8,유세포분석,Flow Cytometry,0.658
P0315,keyword,1,ceramide metabolism,ceramide metabolism,8.554
P0315,keyword,2,Lutein,Lutein,7.677
P0315,keyword,3,glymphatic system,glymphatic system,7.058
P0315,keyword,4,rhesus monkeys,rhesus monkeys,6.511
P0315,keyword,5,ceramide synthase 6,ceramide synthase 6,5.992
P0315,keyword,6,Apolipoproteins E,Apolipoproteins E,5.576
P0315,keyword,7,"Food, Formulated","Food, Formulated",5.566
P0315,keyword,8,lipid droplet proteins,lipid droplet proteins,5.534
P0315,keyword,9,Macaca mulatta,Macaca mulatta,5.375
P0315,keyword,10,Ellagic Acid,Ellagic Acid,5.273
P0315,keyword,11,Non-alcoholic Fatty Liver Disease,Non-alcoholic Fatty Liver Disease,5.218
P0315,keyword,12,Ceramides,Ceramides,5.1
P0315,technique,1,유전자변형 마우스,Genetically Modified Mice,1.525
P0315,technique,2,질량분석,Mass Spectrometry,0.643
P0315,technique,3,생물정보·계산생물,Bioinformatics,0.171
P0604,keyword,1,digital phenotyping,digital phenotyping,11.779
P0604,keyword,2,anxiety prediction,anxiety prediction,11.011
P0604,keyword,3,depression prediction,depression prediction,10.346
P0604,keyword,4,smart band,smart band,10.151
P0604,keyword,5,Actiwatch,Actiwatch,9.966
P0604,keyword,6,Dementia,Dementia,9.666
P0604,keyword,7,Depression,Depression,8.648
P0604,keyword,8,Depression (economics),Depression (economics),8.338
P0604,keyword,9,Mental health,Mental health,7.444
P0604,keyword,10,older adults,older adults,6.57
P0604,keyword,11,Geriatric Depression Scale,Geriatric Depression Scale,6.036
P0604,keyword,12,smartwatches,smartwatches,6.022
P0604,technique,1,MRI·PET 영상,MRI / PET Imaging,0.923
P0604,technique,2,머신러닝·AI,Machine Learning / AI,0.097
P0604,technique,3,생물정보·계산생물,Bioinformatics,0.062
P0258,keyword,1,Dog Diseases,Dog Diseases,18.211
P0258,keyword,2,Dogs,Dogs,15.683
P0258,keyword,3,J-PARC,J-PARC,7.368
P0258,keyword,4,Exploratory laparotomy,Exploratory laparotomy,7.314
P0258,keyword,5,jejunal resection,jejunal resection,5.902
P0258,keyword,6,symmetric dimethylarginine,symmetric dimethylarginine,5.255
P0258,keyword,7,early renal dysfunction,early renal dysfunction,5.091
P0258,keyword,8,French bulldog,French bulldog,4.978
P0258,keyword,9,Phenobarbital,Phenobarbital,4.904
P0258,keyword,10,albumin-creatinine ratio,albumin-creatinine ratio,4.896
P0258,keyword,11,canine gastrointestinal disease,canine gastrointestinal disease,4.887
P0258,keyword,12,Canine Lymphoma,Canine Lymphoma,4.748
P0258,technique,1,MRI·PET 영상,MRI / PET Imaging,2.821
P0258,technique,2,면역조직화학,Immunohistochemistry,0.67
P0258,technique,3,줄기세포·iPSC,Stem Cells / iPSC,0.576
P0258,technique,4,전자현미경,Electron Microscopy,0.287
P0258,technique,5,머신러닝·AI,Machine Learning / AI,0.046
P0627,keyword,1,Intracranial Aneurysm,Intracranial Aneurysm,7.615
P0627,keyword,2,fetal-type posterior cerebral artery,fetal-type posterior cerebral artery,7.468
P0627,keyword,3,coil embolization,coil embolization,7.141
P0627,keyword,4,vertebral venous plexus,vertebral venous plexus,7.109
P0627,keyword,5,transvenous coil embolization,transvenous coil embolization,6.925
P0627,keyword,6,aneurysm recurrence,aneurysm recurrence,6.745
P0627,keyword,7,posterior communicating artery aneurysm,posterior communicating artery aneurysm,6.282
P0627,keyword,8,3D Slicer,3D Slicer,6.06
P0627,keyword,9,pulsatile tinnitus,pulsatile tinnitus,4.985
P0627,keyword,10,Posterior Cerebral Artery,Posterior Cerebral Artery,4.845
P0627,keyword,11,bone flap resorption,bone flap resorption,4.623
P0627,keyword,12,computational fluid dynamics,computational fluid dynamics,4.598
P0627,technique,1,MRI·PET 영상,MRI / PET Imaging,0.676
P0627,technique,2,머신러닝·AI,Machine Learning / AI,0.666
P0279,keyword,1,emulsion stability,emulsion stability,37.404
P0279,keyword,2,water holding capacity,water holding capacity,33.089
P0279,keyword,3,double emulsion,double emulsion,27.316
P0279,keyword,4,high internal phase emulsions,high internal phase emulsions,25.583
P0279,keyword,5,medium-chain triglyceride oil,medium-chain triglyceride oil,22.788
P0279,keyword,6,Emulsions,Emulsions,21.513
P0279,keyword,7,faba bean protein isolate,faba bean protein isolate,20.233
P0279,keyword,8,total volatile basic nitrogen,total volatile basic nitrogen,19.998
P0279,keyword,9,droplet size,droplet size,19.811
P0279,keyword,10,drip loss,drip loss,18.736
P0279,keyword,11,canola oil,canola oil,18.383
P0279,keyword,12,polyglycerol polyricinoleate,polyglycerol polyricinoleate,17.037
P0279,technique,1,나노입자·약물전달,Nanoparticles / Drug Delivery,5.763
P0279,technique,2,전자현미경,Electron Microscopy,2.705
P0279,technique,3,머신러닝·AI,Machine Learning / AI,1.979
P0279,technique,4,질량분석,Mass Spectrometry,0.476
P0279,technique,5,RNA 치료제·siRNA,RNA Therapeutics,0.317
P0279,technique,6,생물정보·계산생물,Bioinformatics,0.223
P0279,technique,7,X선 결정학·구조분석,X-ray Crystallography,0.128
P0245,keyword,1,"Genome, Microbial","Genome, Microbial",24.227
P0245,keyword,2,Escherichia coli,Escherichia coli,19.854
P0245,keyword,3,Bacteriophage lambda,Bacteriophage lambda,16.895
P0245,keyword,4,single-nucleotide editing,single-nucleotide editing,15.004
P0245,keyword,5,"Genome, Bacterial","Genome, Bacterial",14.507
P0245,keyword,6,galK,galK,14.146
P0245,keyword,7,Lysogeny,Lysogeny,13.977
P0245,keyword,8,Nucleotides,Nucleotides,12.837
P0245,keyword,9,multiplex genome editing,multiplex genome editing,11.441
P0245,keyword,10,Phosphoenolpyruvate Sugar Phosphotransferase System,Phosphoenolpyruvate Sugar Phosphotransferase System,11.084
P0245,keyword,11,Guide RNA,Guide RNA,10.254
P0245,keyword,12,synthetic biology,synthetic biology,9.53
P0245,technique,1,CRISPR 유전자편집,CRISPR Gene Editing,41.406
P0245,technique,2,차세대 시퀀싱(NGS),Next-generation Sequencing,3.222
P0245,technique,3,생물정보·계산생물,Bioinformatics,2.605
P0245,technique,4,미세유체·장기칩,Microfluidics / Organ-on-a-chip,1.728
P0245,technique,5,RNA-seq·전사체,RNA-seq / Transcriptomics,1.648
P0245,technique,6,머신러닝·AI,Machine Learning / AI,0.819
P0245,technique,7,유세포분석,Flow Cytometry,0.763
P0245,technique,8,대사체·지질체,Metabolomics / Lipidomics,0.712
P0161,keyword,1,Deinococcus,Deinococcus,29.153
P0161,keyword,2,Phytoene desaturase,Phytoene desaturase,23.078
P0161,keyword,3,Deinococcus geothermalis,Deinococcus geothermalis,20.355
P0161,keyword,4,carotenoid biosynthesis,carotenoid biosynthesis,17.173
P0161,keyword,5,insertion sequence transposition,insertion sequence transposition,16.416
P0161,keyword,6,radioresistance,radioresistance,12.938
P0161,keyword,7,LysR family regulator,LysR family regulator,12.297
P0161,keyword,8,hydrogen peroxide,hydrogen peroxide,9.703
P0161,keyword,9,gamma irradiation,gamma irradiation,9.404
P0161,keyword,10,16S rRNA comparison,16S rRNA comparison,9.334
P0161,keyword,11,Deinococcus radiodurans,Deinococcus radiodurans,8.93
P0161,keyword,12,gyrB,gyrB,8.749
P0161,technique,1,생물정보·계산생물,Bioinformatics,0.906
P0161,technique,2,X선 결정학·구조분석,X-ray Crystallography,0.13
P0156,keyword,1,microRNA-494,microRNA-494,19.525
P0156,keyword,2,gastrointestinal stromal tumor,gastrointestinal stromal tumor,17.104
P0156,keyword,3,KIT,KIT,14.509
P0156,keyword,4,Stromal cell,Stromal cell,14.063
P0156,keyword,5,Stromal tumor,Stromal tumor,13.695
P0156,keyword,6,GiST,GiST,11.313
P0156,keyword,7,tumor suppressor microRNA,tumor suppressor microRNA,9.649
P0156,keyword,8,microRNA,microRNA,8.954
P0156,keyword,9,Gastrointestinal Stromal Tumors,Gastrointestinal Stromal Tumors,7.266
P0156,keyword,10,Golgi Apparatus,Golgi Apparatus,6.762
P0156,keyword,11,ER quality control,ER quality control,6.727
P0156,keyword,12,Cancer research,Cancer research,6.422
P0156,technique,1,웨스턴블롯,Western Blot,1.945
P0156,technique,2,RNA-seq·전사체,RNA-seq / Transcriptomics,1.227
P0156,technique,3,예쁜꼬마선충,C. elegans,1.195
P0156,technique,4,유세포분석,Flow Cytometry,1.064
P0156,technique,5,면역조직화학,Immunohistochemistry,0.906
P0156,technique,6,qPCR,Real-time PCR,0.451
P0156,technique,7,생물정보·계산생물,Bioinformatics,0.126
P0742,keyword,1,positive-unlabeled learning,positive-unlabeled learning,37.794
P0742,keyword,2,large language models,large language models,23.65
P0742,keyword,3,retrosynthesis,retrosynthesis,21.709
P0742,keyword,4,materials design,materials design,19.796
P0742,keyword,5,inorganic crystals,inorganic crystals,19.783
P0742,keyword,6,Crystal structure prediction,Crystal structure prediction,19.39
P0742,keyword,7,single-atom catalysts,single-atom catalysts,19.062
P0742,keyword,8,crystal polymorphs,crystal polymorphs,17.522
P0742,keyword,9,chemical reaction prediction,chemical reaction prediction,15.911
P0742,keyword,10,hypothetical crystal structures,hypothetical crystal structures,15.336
P0742,keyword,11,Density functional theory,Density functional theory,14.91
P0742,keyword,12,explainable AI,explainable AI,14.22
P0742,technique,1,머신러닝·AI,Machine Learning / AI,18.49
P0742,technique,2,분자도킹·시뮬레이션,Molecular Docking / Dynamics,5.675
P0742,technique,3,X선 결정학·구조분석,X-ray Crystallography,2.785
P0742,technique,4,나노입자·약물전달,Nanoparticles / Drug Delivery,2.296
P0519,keyword,1,Azygos vein,Azygos vein,8.159
P0519,keyword,2,Academic Success,Academic Success,6.372
P0519,keyword,3,Astrocytes,Astrocytes,6.062
P0519,keyword,4,"Carotid Artery, Common","Carotid Artery, Common",5.753
P0519,keyword,5,caloric restriction mimetics,caloric restriction mimetics,5.531
P0519,keyword,6,Iliac Artery,Iliac Artery,5.471
P0519,keyword,7,internal pudendal artery,internal pudendal artery,5.464
P0519,keyword,8,rapamycin,rapamycin,4.991
P0519,keyword,9,obturator artery,obturator artery,4.99
P0519,keyword,10,pro-inflammatory microglia,pro-inflammatory microglia,4.966
P0519,keyword,11,CNS homeostasis,CNS homeostasis,4.93
P0519,keyword,12,glial heterogeneity,glial heterogeneity,4.877
P0519,technique,1,RNA-seq·전사체,RNA-seq / Transcriptomics,1.912
P0519,technique,2,qPCR,Real-time PCR,0.718
P0519,technique,3,웨스턴블롯,Western Blot,0.461
P0761,keyword,1,protein structure prediction,protein structure prediction,67.669
P0761,keyword,2,Software,Software,39.99
P0761,keyword,3,ColabFold,ColabFold,39.422
P0761,keyword,4,AlphaFold2,AlphaFold2,35.378
P0761,keyword,5,Metagenomics,Metagenomics,31.022
P0761,keyword,6,Proteins,Proteins,24.814
P0761,keyword,7,MMseqs2,MMseqs2,24.755
P0761,keyword,8,"Databases, Protein","Databases, Protein",23.335
P0761,keyword,9,protein language models,protein language models,21.762
P0761,keyword,10,Foldseek,Foldseek,21.512
P0761,keyword,11,multiple sequence alignment,multiple sequence alignment,19.155
P0761,keyword,12,structural alignment,structural alignment,18.804
P0761,technique,1,생물정보·계산생물,Bioinformatics,13.672
P0761,technique,2,머신러닝·AI,Machine Learning / AI,3.973
P0761,technique,3,차세대 시퀀싱(NGS),Next-generation Sequencing,2.331
P0761,technique,4,RNA-seq·전사체,RNA-seq / Transcriptomics,1.636
P0761,technique,5,단백체,Proteomics,1.472
P0761,technique,6,CRISPR 유전자편집,CRISPR Gene Editing,0.866
P0761,technique,7,줄기세포·iPSC,Stem Cells / iPSC,0.764
P0297,keyword,1,ligand-gated ion channels,ligand-gated ion channels,93.13
P0297,keyword,2,IR25a,IR25a,80.05
P0297,keyword,3,gustatory receptor neurons,gustatory receptor neurons,65.582
P0297,keyword,4,taste perception,taste perception,44.662
P0297,keyword,5,Taste,Taste,44.336
P0297,keyword,6,fat body,fat body,29.069
P0297,keyword,7,triacylglycerol storage,triacylglycerol storage,27.864
P0297,keyword,8,"Receptors, Ionotropic Glutamate","Receptors, Ionotropic Glutamate",26.441
P0297,keyword,9,starvation resistance,starvation resistance,26.13
P0297,keyword,10,brummer,brummer,25.694
P0297,keyword,11,"Receptors, Cell Surface","Receptors, Cell Surface",24.054
P0297,keyword,12,Feeding Behavior,Feeding Behavior,21.965
P0297,technique,1,초파리,Drosophila,168.451
P0297,technique,2,엑소좀·세포외소포,Exosomes / EVs,5.116
P0297,technique,3,전기생리,Electrophysiology,3.773
P0297,technique,4,줄기세포·iPSC,Stem Cells / iPSC,1.954
P0297,technique,5,면역조직화학,Immunohistochemistry,1.715
P0297,technique,6,오가노이드,Organoids,1.547
P0297,technique,7,대사체·지질체,Metabolomics / Lipidomics,0.951
P0297,technique,8,유전자변형 마우스,Genetically Modified Mice,0.697
P0361,keyword,1,CD36,CD36,7.85
P0361,keyword,2,Atherosclerosis,Atherosclerosis,7.21
P0361,keyword,3,Vimentin,Vimentin,6.106
P0361,keyword,4,intermediate filaments,intermediate filaments,4.635
P0361,keyword,5,free fatty acid uptake,free fatty acid uptake,4.35
P0361,keyword,6,Mucispirillum schaedleri,Mucispirillum schaedleri,4.191
P0361,keyword,7,ABCA1,ABCA1,4.082
P0361,keyword,8,"Fatty Acids, Nonesterified","Fatty Acids, Nonesterified",3.751
P0361,keyword,9,Foam cell,Foam cell,3.609
P0361,keyword,10,"Lipoproteins, LDL","Lipoproteins, LDL",3.592
P0361,keyword,11,oxidized LDL uptake,oxidized LDL uptake,3.526
P0361,keyword,12,oxidized LDL,oxidized LDL,3.526
P0361,technique,1,줄기세포·iPSC,Stem Cells / iPSC,1.479
P0361,technique,2,유전자변형 마우스,Genetically Modified Mice,1.221
P0361,technique,3,웨스턴블롯,Western Blot,0.687
P0361,technique,4,머신러닝·AI,Machine Learning / AI,0.514
P0361,technique,5,면역조직화학,Immunohistochemistry,0.118
P0223,keyword,1,Bifidobacterium breve,Bifidobacterium breve,24.164
P0223,keyword,2,Bacteriocins,Bacteriocins,20.685
P0223,keyword,3,"Linoleic Acids, Conjugated","Linoleic Acids, Conjugated",19.559
P0223,keyword,4,bacteriocin production,bacteriocin production,18.853
P0223,keyword,5,conjugated linoleic acid,conjugated linoleic acid,14.486
P0223,keyword,6,Isomerases,Isomerases,13.631
P0223,keyword,7,bacteriocin stability,bacteriocin stability,13.325
P0223,keyword,8,Listeria monocytogenes,Listeria monocytogenes,12.81
P0223,keyword,9,two-peptide bacteriocin,two-peptide bacteriocin,12.616
P0223,keyword,10,Probiotics,Probiotics,12.449
P0223,keyword,11,complete genome sequence,complete genome sequence,11.281
P0223,keyword,12,Prevotella intermedia,Prevotella intermedia,10.701
P0223,technique,1,차세대 시퀀싱(NGS),Next-generation Sequencing,0.673
P0223,technique,2,머신러닝·AI,Machine Learning / AI,0.03
P1047,keyword,1,pH-dependent solubility,pH-dependent solubility,2.561
P1047,keyword,2,solubility enhancement,solubility enhancement,2.493
P1047,keyword,3,dissolution rate,dissolution rate,2.435
P1047,keyword,4,physical stability,physical stability,2.088
P1047,keyword,5,Methylcellulose,Methylcellulose,1.652
P1047,keyword,6,entrectinib,entrectinib,1.432
P1047,keyword,7,Soluplus,Soluplus,1.41
P1047,keyword,8,gastroretentive floating tablets,gastroretentive floating tablets,1.389
P1047,keyword,9,polyvinylpyrrolidone K30,polyvinylpyrrolidone K30,1.387
P1047,keyword,10,amoxicillin trihydrate,amoxicillin trihydrate,1.304
P1047,keyword,11,PEG 200,PEG 200,1.281
P1047,keyword,12,high-pressure homogenization,high-pressure homogenization,1.277
P1047,technique,1,나노입자·약물전달,Nanoparticles / Drug Delivery,0.331
P0013,keyword,1,Multiple Myeloma,Multiple Myeloma,128.294
P0013,keyword,2,Bortezomib,Bortezomib,41.379
P0013,keyword,3,Lenalidomide,Lenalidomide,39.062
P0013,keyword,4,autologous stem cell transplantation,autologous stem cell transplantation,30.291
P0013,keyword,5,progression-free survival,progression-free survival,28.31
P0013,keyword,6,Thalidomide,Thalidomide,27.896
P0013,keyword,7,Hematopoietic Stem Cell Transplantation,Hematopoietic Stem Cell Transplantation,26.326
P0013,keyword,8,Dexamethasone,Dexamethasone,24.121
P0013,keyword,9,Antineoplastic Combined Chemotherapy Protocols,Antineoplastic Combined Chemotherapy Protocols,24.036
P0013,keyword,10,daratumumab,daratumumab,22.465
P0013,keyword,11,dendritic cells,dendritic cells,20.698
P0013,keyword,12,overall survival,overall survival,20.389
P0013,technique,1,CAR-T·입양세포치료,CAR-T / Adoptive Cell Therapy,25.511
P0013,technique,2,항체 개발,Antibody Engineering,11.105
P0013,technique,3,MRI·PET 영상,MRI / PET Imaging,8.515
P0013,technique,4,임상시험,Clinical Trials,2.738
P0013,technique,5,유세포분석,Flow Cytometry,1.92
P0013,technique,6,종양 이종이식 모델,Xenograft Models,1.524
P0013,technique,7,나노입자·약물전달,Nanoparticles / Drug Delivery,1.239
P0013,technique,8,차세대 시퀀싱(NGS),Next-generation Sequencing,0.888
P0972,keyword,1,subvisible particles,subvisible particles,20.06
P0972,keyword,2,Silicone Oils,Silicone Oils,17.857
P0972,keyword,3,Syringes,Syringes,15.325
P0972,keyword,4,"Immunoglobulins, Intravenous","Immunoglobulins, Intravenous",11.142
P0972,keyword,5,Drug Stability,Drug Stability,10.43
P0972,keyword,6,flow imaging microscopy,flow imaging microscopy,10.346
P0972,keyword,7,"Calorimetry, Differential Scanning","Calorimetry, Differential Scanning",9.038
P0972,keyword,8,Protein Aggregates,Protein Aggregates,8.829
P0972,keyword,9,intravenous immunoglobulin G,intravenous immunoglobulin G,7.762
P0972,keyword,10,Silicone oil,Silicone oil,6.323
P0972,keyword,11,Drug Packaging,Drug Packaging,6.19
P0972,keyword,12,intravenous immunoglobulin,intravenous immunoglobulin,6.131
P0972,technique,1,나노입자·약물전달,Nanoparticles / Drug Delivery,3.029
P0972,technique,2,항체 개발,Antibody Engineering,2.482
P0972,technique,3,RNA 치료제·siRNA,RNA Therapeutics,1.05
P0972,technique,4,X선 결정학·구조분석,X-ray Crystallography,0.74
P0972,technique,5,미세유체·장기칩,Microfluidics / Organ-on-a-chip,0.711
P0972,technique,6,머신러닝·AI,Machine Learning / AI,0.369
P0625,keyword,1,Low-Level Light Therapy,Low-Level Light Therapy,23.444
P0625,keyword,2,low-level laser therapy,low-level laser therapy,21.518
P0625,keyword,3,Hearing loss,Hearing loss,19.378
P0625,keyword,4,Cochlea,Cochlea,18.125
P0625,keyword,5,video head impulse test,video head impulse test,17.156
P0625,keyword,6,"Hair Cells, Auditory","Hair Cells, Auditory",15.391
P0625,keyword,7,Cochlear Implantation,Cochlear Implantation,14.819
P0625,keyword,8,acute unilateral vestibulopathy,acute unilateral vestibulopathy,14.509
P0625,keyword,9,"Ear, Inner","Ear, Inner",14.072
P0625,keyword,10,Sensorineural hearing loss,Sensorineural hearing loss,13.605
P0625,keyword,11,vestibular compensation,vestibular compensation,13.323
P0625,keyword,12,poetry therapy,poetry therapy,12.283
P0625,technique,1,오가노이드,Organoids,9.616
P0625,technique,2,줄기세포·iPSC,Stem Cells / iPSC,5.75
P0625,technique,3,MRI·PET 영상,MRI / PET Imaging,2.897
P0625,technique,4,전기생리,Electrophysiology,1.833
P0625,technique,5,나노입자·약물전달,Nanoparticles / Drug Delivery,1.259
P0625,technique,6,RNA-seq·전사체,RNA-seq / Transcriptomics,1.119
P0625,technique,7,유전자변형 마우스,Genetically Modified Mice,0.929
P0625,technique,8,면역조직화학,Immunohistochemistry,0.606
P0558,keyword,1,growth performance,growth performance,28.315
P0558,keyword,2,nutrient digestibility,nutrient digestibility,21.168
P0558,keyword,3,broiler chickens,broiler chickens,10.631
P0558,keyword,4,meat quality,meat quality,9.714
P0558,keyword,5,animal feed,animal feed,8.338
P0558,keyword,6,Animal Nutritional Physiological Phenomena,Animal Nutritional Physiological Phenomena,7.611
P0558,keyword,7,weaned piglets,weaned piglets,7.55
P0558,keyword,8,zinc oxide alternatives,zinc oxide alternatives,7.215
P0558,keyword,9,hydrogen sulfide,hydrogen sulfide,7.09
P0558,keyword,10,herbal feed additives,herbal feed additives,6.711
P0558,keyword,11,post-weaning diarrhea,post-weaning diarrhea,6.342
P0558,keyword,12,fattening pigs,fattening pigs,6.306
P0558,technique,1,대사체·지질체,Metabolomics / Lipidomics,0.696
P0284,keyword,1,PCSK9 Inhibitors,PCSK9 Inhibitors,4.813
P0284,keyword,2,Proprotein Convertase 9,Proprotein Convertase 9,3.644
P0284,keyword,3,ruthenium chloride,ruthenium chloride,3.193
P0284,keyword,4,Kexin,Kexin,2.723
P0284,keyword,5,ε-viniferin,ε-viniferin,2.704
P0284,keyword,6,COVID-19 Drug Treatment,COVID-19 Drug Treatment,2.57
P0284,keyword,7,trans-resveratrol,trans-resveratrol,2.56
P0284,keyword,8,Benzofurans,Benzofurans,2.538
P0284,keyword,9,Adenosine A3 Receptor Antagonists,Adenosine A3 Receptor Antagonists,2.499
P0284,keyword,10,Adenosine,Adenosine,2.49
P0284,keyword,11,Stilbenes,Stilbenes,2.432
P0284,keyword,12,oxidative cyclization,oxidative cyclization,2.415
P0284,technique,1,분자도킹·시뮬레이션,Molecular Docking / Dynamics,1.351
P0284,technique,2,줄기세포·iPSC,Stem Cells / iPSC,0.975
P0284,technique,3,종양 이종이식 모델,Xenograft Models,0.429
P0284,technique,4,X선 결정학·구조분석,X-ray Crystallography,0.403
P0284,technique,5,질량분석,Mass Spectrometry,0.149
P0149,keyword,1,Biological Availability,Biological Availability,54.088
P0149,keyword,2,Solubility,Solubility,53.642
P0149,keyword,3,poorly water-soluble drugs,poorly water-soluble drugs,47.16
P0149,keyword,4,Drug Carriers,Drug Carriers,32.452
P0149,keyword,5,oral bioavailability,oral bioavailability,32.012
P0149,keyword,6,Emulsions,Emulsions,30.925
P0149,keyword,7,Dissolution,Dissolution,30.353
P0149,keyword,8,spray drying,spray drying,28.606
P0149,keyword,9,Bioavailability,Bioavailability,28.297
P0149,keyword,10,"Administration, Oral","Administration, Oral",27.536
P0149,keyword,11,Particle size,Particle size,25.39
P0149,keyword,12,drug solubility enhancement,drug solubility enhancement,24.148
P0149,technique,1,나노입자·약물전달,Nanoparticles / Drug Delivery,49.807
P0149,technique,2,하이드로젤·스캐폴드,Hydrogels / Scaffolds,10.008
P0149,technique,3,전자현미경,Electron Microscopy,7.054
P0149,technique,4,X선 결정학·구조분석,X-ray Crystallography,6.182
P0149,technique,5,종양 이종이식 모델,Xenograft Models,5.81
P0149,technique,6,질량분석,Mass Spectrometry,0.954
P0149,technique,7,항체 개발,Antibody Engineering,0.458
P0149,technique,8,RNA 치료제·siRNA,RNA Therapeutics,0.392
P0431,keyword,1,Ropivacaine,Ropivacaine,4.565
P0431,keyword,2,Pacu,Pacu,4.46
P0431,keyword,3,post-anesthesia care unit,post-anesthesia care unit,4.328
P0431,keyword,4,"Anesthesia, General","Anesthesia, General",4.279
P0431,keyword,5,"Anesthetics, Local","Anesthetics, Local",4.242
P0431,keyword,6,Anesthesia,Anesthesia,3.492
P0431,keyword,7,rectus sheath block,rectus sheath block,3.35
P0431,keyword,8,Postoperative Pain,Postoperative Pain,3.252
P0431,keyword,9,verbal rating scale,verbal rating scale,2.974
P0431,keyword,10,Neuromuscular Blockade,Neuromuscular Blockade,2.929
P0431,keyword,11,ultrasound-guided regional anesthesia,ultrasound-guided regional anesthesia,2.871
P0431,keyword,12,dexmedetomidine,dexmedetomidine,2.664
P0431,technique,1,임상시험,Clinical Trials,0.717
P0854,keyword,1,emotional clarity,emotional clarity,10.536
P0854,keyword,2,optimism,optimism,10.534
P0854,keyword,3,social interaction,social interaction,9.719
P0854,keyword,4,university students,university students,9.511
P0854,keyword,5,life satisfaction,life satisfaction,8.62
P0854,keyword,6,academic motivation,academic motivation,8.597
P0854,keyword,7,older adults,older adults,8.304
P0854,keyword,8,self-efficacy,self-efficacy,7.525
P0854,keyword,9,happiness,happiness,7.431
P0854,keyword,10,serum uric acid,serum uric acid,7.175
P0854,keyword,11,Mediation,Mediation,6.983
P0854,keyword,12,serial mediation,serial mediation,6.724
P0356,keyword,1,Pancreaticoduodenectomy,Pancreaticoduodenectomy,8.831
P0356,keyword,2,laparoscopic cholecystectomy,laparoscopic cholecystectomy,7.839
P0356,keyword,3,functional gastrointestinal disorders,functional gastrointestinal disorders,7.076
P0356,keyword,4,non-specific abdominal pain,non-specific abdominal pain,5.993
P0356,keyword,5,laparoscopic stapler,laparoscopic stapler,5.774
P0356,keyword,6,Distal pancreatectomy,Distal pancreatectomy,5.562
P0356,keyword,7,pancreatic abscess,pancreatic abscess,5.475
P0356,keyword,8,da Vinci SP system,da Vinci SP system,5.387
P0356,keyword,9,Frey's procedure,Frey's procedure,5.125
P0356,keyword,10,chronic abdominal pain,chronic abdominal pain,4.372
P0356,keyword,11,Choledocholithiasis,Choledocholithiasis,4.228
P0356,keyword,12,postoperative outcomes,postoperative outcomes,4.084
P0356,technique,1,면역조직화학,Immunohistochemistry,0.543
P0515,keyword,1,kidney transplantation,kidney transplantation,2.732
P0515,keyword,2,loop of Henle,loop of Henle,2.672
P0515,keyword,3,Claudins,Claudins,2.492
P0515,keyword,4,Hypercalciuria,Hypercalciuria,2.31
P0515,keyword,5,Reabsorption,Reabsorption,2.043
P0515,keyword,6,Graft Survival,Graft Survival,2.006
P0515,keyword,7,"Receptors, Calcium-Sensing","Receptors, Calcium-Sensing",2.001
P0515,keyword,8,Allografts,Allografts,1.926
P0515,keyword,9,Graft Rejection,Graft Rejection,1.92
P0515,keyword,10,"Calcium, Dietary","Calcium, Dietary",1.912
P0515,keyword,11,body fat distribution,body fat distribution,1.891
P0515,keyword,12,Nutrition Surveys,Nutrition Surveys,1.659
P0391,keyword,1,larval antigens,larval antigens,5.314
P0391,keyword,2,third-stage larvae,third-stage larvae,5.307
P0391,keyword,3,Anisakis,Anisakis,4.915
P0391,keyword,4,allergic reactions,allergic reactions,3.474
P0391,keyword,5,mackerel,mackerel,2.332
P0391,keyword,6,childhood asthma,childhood asthma,2.311
P0391,keyword,7,Eosinophilia,Eosinophilia,2.282
P0391,keyword,8,fish parasites,fish parasites,2.062
P0391,keyword,9,asthma persistence,asthma persistence,1.797
P0391,keyword,10,asthma remission,asthma remission,1.661
P0391,keyword,11,immunogenicity,immunogenicity,1.518
P0391,keyword,12,Asthma,Asthma,1.277
P0137,keyword,1,Rotifera,Rotifera,272.613
P0137,keyword,2,"Water Pollutants, Chemical","Water Pollutants, Chemical",213.172
P0137,keyword,3,Copepoda,Copepoda,188.959
P0137,keyword,4,Brachionus,Brachionus,89.075
P0137,keyword,5,Copepod,Copepod,87.533
P0137,keyword,6,Cladocera,Cladocera,81.172
P0137,keyword,7,Microplastics,Microplastics,80.561
P0137,keyword,8,Rotifer,Rotifer,76.337
P0137,keyword,9,Brachionus plicatilis,Brachionus plicatilis,73.024
P0137,keyword,10,Daphnia,Daphnia,67.021
P0137,keyword,11,Oryzias,Oryzias,65.276
P0137,keyword,12,Aquatic Organisms,Aquatic Organisms,64.136
P0137,technique,1,RNA-seq·전사체,RNA-seq / Transcriptomics,25.103
P0137,technique,2,CRISPR 유전자편집,CRISPR Gene Editing,12.412
P0137,technique,3,후성유전 분석,Epigenomics (ChIP/ATAC-seq),8.714
P0137,technique,4,나노입자·약물전달,Nanoparticles / Drug Delivery,7.517
P0137,technique,5,조직공학·바이오프린팅,Tissue Engineering / Bioprinting,5.458
P0137,technique,6,단백체,Proteomics,4.735
P0137,technique,7,제브라피시,Zebrafish,4.482
P0137,technique,8,생물정보·계산생물,Bioinformatics,3.644
P1027,keyword,1,oncogene-induced senescence,oncogene-induced senescence,23.161
P1027,keyword,2,senescence-associated heterochromatin foci,senescence-associated heterochromatin foci,18.288
P1027,keyword,3,Histone methylation,Histone methylation,14.026
P1027,keyword,4,hypoxia,hypoxia,12.994
P1027,keyword,5,histone lysine demethylases,histone lysine demethylases,12.822
P1027,keyword,6,Cell Hypoxia,Cell Hypoxia,11.351
P1027,keyword,7,Histones,Histones,8.98
P1027,keyword,8,"Hypoxia-Inducible Factor 1, alpha Subunit","Hypoxia-Inducible Factor 1, alpha Subunit",8.799
P1027,keyword,9,Cathepsin L,Cathepsin L,8.419
P1027,keyword,10,H3K4me3,H3K4me3,7.774
P1027,keyword,11,IMR-90 fibroblasts,IMR-90 fibroblasts,7.566
P1027,keyword,12,Nuclear lamina,Nuclear lamina,6.951
P1027,technique,1,머신러닝·AI,Machine Learning / AI,2.199
P1027,technique,2,나노입자·약물전달,Nanoparticles / Drug Delivery,2.001
P1027,technique,3,웨스턴블롯,Western Blot,0.958
P1027,technique,4,RNA-seq·전사체,RNA-seq / Transcriptomics,0.755
P1027,technique,5,후성유전 분석,Epigenomics (ChIP/ATAC-seq),0.573
P1027,technique,6,RNA 치료제·siRNA,RNA Therapeutics,0.392
P1027,technique,7,유전자변형 마우스,Genetically Modified Mice,0.34
P1027,technique,8,면역조직화학,Immunohistochemistry,0.116
P0478,keyword,1,Semen Analysis,Semen Analysis,4.427
P0478,keyword,2,gametes,gametes,3.808
P0478,keyword,3,preimplantation embryo development,preimplantation embryo development,3.423
P0478,keyword,4,Infertility,Infertility,2.636
P0478,keyword,5,ovarian aging,ovarian aging,2.605
P0478,keyword,6,oocyte quality,oocyte quality,2.511
P0478,keyword,7,Ovarian reserve,Ovarian reserve,2.419
P0478,keyword,8,calcium homeostasis,calcium homeostasis,2.262
P0478,keyword,9,Sperm,Sperm,2.207
P0478,keyword,10,Semen,Semen,2.193
P0478,keyword,11,Concordance,Concordance,2.149
P0478,keyword,12,Sperm Motility,Sperm Motility,2.132
P0621,keyword,1,sternal fracture,sternal fracture,6.541
P0621,keyword,2,thoracic trauma,thoracic trauma,5.687
P0621,keyword,3,Blunt trauma,Blunt trauma,5.463
P0621,keyword,4,stab wounds,stab wounds,4.818
P0621,keyword,5,aortic occlusion,aortic occlusion,4.648
P0621,keyword,6,resuscitative endovascular balloon occlusion,resuscitative endovascular balloon occlusion,4.598
P0621,keyword,7,delayed hemothorax,delayed hemothorax,4.481
P0621,keyword,8,traumatic hemothorax,traumatic hemothorax,4.22
P0621,keyword,9,resuscitative endovascular balloon occlusion of the aorta,resuscitative endovascular balloon occlusion of the aorta,4.075
P0621,keyword,10,surgical exploration,surgical exploration,3.686
P0621,keyword,11,cardiac tamponade,cardiac tamponade,3.653
P0621,keyword,12,mediastinal hematoma,mediastinal hematoma,3.356
P1023,keyword,1,Two-dimensional infrared spectroscopy,Two-dimensional infrared spectroscopy,13.983
P1023,keyword,2,syn and anti isomers,syn and anti isomers,5.85
P1023,keyword,3,deuterated acetic acid,deuterated acetic acid,5.745
P1023,keyword,4,Fermi resonance,Fermi resonance,5.658
P1023,keyword,5,hydrogen bond dynamics,hydrogen bond dynamics,5.209
P1023,keyword,6,heavy water,heavy water,4.897
P1023,keyword,7,C-O stretch,C-O stretch,4.784
P1023,keyword,8,"Spectrophotometry, Infrared","Spectrophotometry, Infrared",4.118
P1023,keyword,9,2D infrared spectroscopy,2D infrared spectroscopy,3.75
P1023,keyword,10,isomer population,isomer population,3.438
P1023,keyword,11,Anharmonicity,Anharmonicity,3.338
P1023,keyword,12,supported lipid bilayers,supported lipid bilayers,3.093
P1023,technique,1,분자도킹·시뮬레이션,Molecular Docking / Dynamics,1.862
P1023,technique,2,X선 결정학·구조분석,X-ray Crystallography,0.892
P1023,technique,3,나노입자·약물전달,Nanoparticles / Drug Delivery,0.108
P1023,technique,4,질량분석,Mass Spectrometry,0.051
P0777,keyword,1,high-dose-rate intracavitary brachytherapy,high-dose-rate intracavitary brachytherapy,2.459
P0777,keyword,2,squamous cell carcinoma antigen,squamous cell carcinoma antigen,2.177
P0777,keyword,3,masking,masking,2.13
P0777,keyword,4,microbial contamination,microbial contamination,2.09
P0777,keyword,5,cervical squamous cell carcinoma,cervical squamous cell carcinoma,1.898
P0777,keyword,6,disease-specific survival,disease-specific survival,1.876
P0777,keyword,7,community,community,1.795
P0777,keyword,8,Face masks,Face masks,1.655
P0777,keyword,9,concurrent chemoradiotherapy,concurrent chemoradiotherapy,1.542
P0777,keyword,10,absolute lymphocyte count,absolute lymphocyte count,1.524
P0777,keyword,11,TIF1γ,TIF1γ,1.474
P0777,keyword,12,Absolute neutrophil count,Absolute neutrophil count,1.469
P0825,keyword,1,chemical state analysis,chemical state analysis,1.389
P0825,keyword,2,in situ electrochemistry,in situ electrochemistry,1.37
P0825,keyword,3,optical microscopy,optical microscopy,1.337
P0825,keyword,4,quantitative chemical analysis,quantitative chemical analysis,1.178
P0825,keyword,5,large language models,large language models,0.877
P0825,keyword,6,model validation,model validation,0.339
P1046,keyword,1,Intracranial Aneurysm,Intracranial Aneurysm,12.916
P1046,keyword,2,"Embolization, Therapeutic","Embolization, Therapeutic",6.892
P1046,keyword,3,contrast dose,contrast dose,5.73
P1046,keyword,4,Cerebral Angiography,Cerebral Angiography,5.507
P1046,keyword,5,Woven EndoBridge,Woven EndoBridge,5.229
P1046,keyword,6,syndrome of the trephined,syndrome of the trephined,5.136
P1046,keyword,7,aneurysm occlusion,aneurysm occlusion,5.128
P1046,keyword,8,coil embolization,coil embolization,4.933
P1046,keyword,9,glymphatic system,glymphatic system,4.927
P1046,keyword,10,stent-assisted coiling,stent-assisted coiling,4.858
P1046,keyword,11,Stents,Stents,4.803
P1046,keyword,12,fluoroscopy time,fluoroscopy time,4.646
P1046,technique,1,MRI·PET 영상,MRI / PET Imaging,1.661
P1046,technique,2,나노입자·약물전달,Nanoparticles / Drug Delivery,0.171
P1046,technique,3,면역조직화학,Immunohistochemistry,0.117
P1046,technique,4,전자현미경,Electron Microscopy,0.09
P1046,technique,5,머신러닝·AI,Machine Learning / AI,0.081
P1046,technique,6,X선 결정학·구조분석,X-ray Crystallography,0.041
P0632,keyword,1,Extracorporeal cardiopulmonary resuscitation,Extracorporeal cardiopulmonary resuscitation,4.786
P0632,keyword,2,Cardiopulmonary Resuscitation,Cardiopulmonary Resuscitation,4.716
P0632,keyword,3,Intensive Care Units,Intensive Care Units,3.106
P0632,keyword,4,Resuscitation,Resuscitation,2.415
P0632,keyword,5,intensive care unit,intensive care unit,2.009
P0632,keyword,6,Peripherally inserted central catheter,Peripherally inserted central catheter,1.96
P0632,keyword,7,Central line,Central line,1.879
P0632,keyword,8,Retrospective cohort study,Retrospective cohort study,1.873
P0632,keyword,9,Radiologists,Radiologists,1.833
P0632,keyword,10,Tracheostomy,Tracheostomy,1.829
P0632,keyword,11,"Catheterization, Peripheral","Catheterization, Peripheral",1.796
P0632,keyword,12,Jugular Veins,Jugular Veins,1.762
P0129,keyword,1,Watershed,Watershed,13.554
P0129,keyword,2,Hydrology (agriculture),Hydrology (agriculture),11.34
P0129,keyword,3,agricultural reservoirs,agricultural reservoirs,10.85
P0129,keyword,4,paddy fields,paddy fields,10.772
P0129,keyword,5,Surface runoff,Surface runoff,10.646
P0129,keyword,6,climate change scenarios,climate change scenarios,10.235
P0129,keyword,7,agricultural watersheds,agricultural watersheds,9.731
P0129,keyword,8,water resources management,water resources management,8.608
P0129,keyword,9,Environmental science,Environmental science,8.537
P0129,keyword,10,water balance,water balance,8.145
P0129,keyword,11,HSPF,HSPF,7.57
P0129,keyword,12,Shared Socioeconomic Pathways,Shared Socioeconomic Pathways,7.121
P0129,technique,1,머신러닝·AI,Machine Learning / AI,0.894
P0970,keyword,1,Sphingosine kinase 1,Sphingosine kinase 1,9.643
P0970,keyword,2,fingolimod,fingolimod,7.993
P0970,keyword,3,Sphingosine Kinase,Sphingosine Kinase,7.787
P0970,keyword,4,Sphingosine,Sphingosine,6.168
P0970,keyword,5,sphingosine-1-phosphate,sphingosine-1-phosphate,5.646
P0970,keyword,6,Fingolimod Hydrochloride,Fingolimod Hydrochloride,5.643
P0970,keyword,7,Phosphotransferases (Alcohol Group Acceptor),Phosphotransferases (Alcohol Group Acceptor),5.336
P0970,keyword,8,Structure-Activity Relationship,Structure-Activity Relationship,4.48
P0970,keyword,9,protein phosphatase 2A,protein phosphatase 2A,3.857
P0970,keyword,10,anticancer agents,anticancer agents,3.282
P0970,keyword,11,Pyrrolidines,Pyrrolidines,3.095
P0970,keyword,12,Sulfones,Sulfones,3.038
P0970,technique,1,분자도킹·시뮬레이션,Molecular Docking / Dynamics,2.949
P0970,technique,2,X선 결정학·구조분석,X-ray Crystallography,0.247
P0970,technique,3,질량분석,Mass Spectrometry,0.196
P0544,keyword,1,Non-alcoholic Fatty Liver Disease,Non-alcoholic Fatty Liver Disease,8.196
P0544,keyword,2,immunosuppressive microenvironment,immunosuppressive microenvironment,5.054
P0544,keyword,3,Hedgehog,Hedgehog,4.903
P0544,keyword,4,mechanotherapy,mechanotherapy,4.786
P0544,keyword,5,Fatty Liver,Fatty Liver,4.751
P0544,keyword,6,Liver Regeneration,Liver Regeneration,4.689
P0544,keyword,7,extracellular matrix stiffness,extracellular matrix stiffness,4.68
P0544,keyword,8,liver cirrhosis,liver cirrhosis,4.596
P0544,keyword,9,Hedgehog Proteins,Hedgehog Proteins,4.558
P0544,keyword,10,"Mechanotransduction, Cellular","Mechanotransduction, Cellular",4.54
P0544,keyword,11,calcium-dependent cell death,calcium-dependent cell death,4.425
P0544,keyword,12,Hedgehog signaling pathway,Hedgehog signaling pathway,4.134
P0544,technique,1,줄기세포·iPSC,Stem Cells / iPSC,1.255
P0544,technique,2,유전자변형 마우스,Genetically Modified Mice,1.223
P0544,technique,3,생물정보·계산생물,Bioinformatics,0.935
P0544,technique,4,qPCR,Real-time PCR,0.866
P0544,technique,5,조직공학·바이오프린팅,Tissue Engineering / Bioprinting,0.858
P0544,technique,6,RNA-seq·전사체,RNA-seq / Transcriptomics,0.662
P0216,keyword,1,protein structure prediction,protein structure prediction,8.974
P0216,keyword,2,capsiate,capsiate,7.914
P0216,keyword,3,mouse liver microsomes,mouse liver microsomes,6.536
P0216,keyword,4,graph contrastive learning,graph contrastive learning,6.529
P0216,keyword,5,Drug Discovery,Drug Discovery,6.488
P0216,keyword,6,Nuclear Export Signals,Nuclear Export Signals,6.338
P0216,keyword,7,Drug Design,Drug Design,6.098
P0216,keyword,8,"Receptor, Adenosine A2A","Receptor, Adenosine A2A",5.958
P0216,keyword,9,co-folding,co-folding,5.81
P0216,keyword,10,Protein Conformation,Protein Conformation,5.697
P0216,keyword,11,molecular representation learning,molecular representation learning,5.401
P0216,keyword,12,de novo molecular generation,de novo molecular generation,5.282
P0216,technique,1,분자도킹·시뮬레이션,Molecular Docking / Dynamics,9.061
P0216,technique,2,머신러닝·AI,Machine Learning / AI,4.298
P0216,technique,3,생물정보·계산생물,Bioinformatics,1.501
P0216,technique,4,유전자변형 마우스,Genetically Modified Mice,1.056
P0216,technique,5,X선 결정학·구조분석,X-ray Crystallography,1.052
P0216,technique,6,항체 개발,Antibody Engineering,1.002
P0216,technique,7,종양 이종이식 모델,Xenograft Models,0.478
P0216,technique,8,나노입자·약물전달,Nanoparticles / Drug Delivery,0.451
P0164,keyword,1,Heteroptera,Heteroptera,24.453
P0164,keyword,2,Sexual selection,Sexual selection,24.037
P0164,keyword,3,water striders,water striders,18.749
P0164,keyword,4,Gryllidae,Gryllidae,18.543
P0164,keyword,5,Mate choice,Mate choice,17.953
P0164,keyword,6,"Sexual Behavior, Animal","Sexual Behavior, Animal",16.118
P0164,keyword,7,"Mating Preference, Animal","Mating Preference, Animal",15.029
P0164,keyword,8,Copulation,Copulation,15.019
P0164,keyword,9,behavioral syndromes,behavioral syndromes,11.807
P0164,keyword,10,Gryllus bimaculatus,Gryllus bimaculatus,11.277
P0164,keyword,11,Sexual dimorphism,Sexual dimorphism,11.099
P0164,keyword,12,forced copulation,forced copulation,10.98
P1014,keyword,1,Cryptochromes,Cryptochromes,10.92
P1014,keyword,2,CDC42,CDC42,9.931
P1014,keyword,3,Neurons,Neurons,8.541
P1014,keyword,4,Signal Transduction,Signal Transduction,8.441
P1014,keyword,5,RET receptor tyrosine kinase,RET receptor tyrosine kinase,8.148
P1014,keyword,6,Major Depressive Disorder,Major Depressive Disorder,8.03
P1014,keyword,7,Hippocampus,Hippocampus,7.986
P1014,keyword,8,Protein Engineering,Protein Engineering,7.894
P1014,keyword,9,cdc42 GTP-Binding Protein,cdc42 GTP-Binding Protein,7.505
P1014,keyword,10,Light,Light,7.482
P1014,keyword,11,"Receptor, Fibroblast Growth Factor, Type 1","Receptor, Fibroblast Growth Factor, Type 1",6.806
P1014,keyword,12,HeLa Cells,HeLa Cells,6.63
P1014,technique,1,광유전학,Optogenetics,67.849
P1014,technique,2,CRISPR 유전자편집,CRISPR Gene Editing,7.693
P1014,technique,3,유전자변형 마우스,Genetically Modified Mice,5.47
P1014,technique,4,형광·공초점 이미징,Fluorescence / Confocal Imaging,5.004
P1014,technique,5,머신러닝·AI,Machine Learning / AI,3.946
P1014,technique,6,단일세포 분석,Single-cell Analysis,2.127
P1014,technique,7,줄기세포·iPSC,Stem Cells / iPSC,2.038
P1014,technique,8,애기장대·식물 모델,Arabidopsis,1.968
P0884,keyword,1,CHO-K1 cells,CHO-K1 cells,15.169
P0884,keyword,2,CHO Cells,CHO Cells,11.382
P0884,keyword,3,Cricetulus,Cricetulus,9.853
P0884,keyword,4,biopharmaceutical manufacturing,biopharmaceutical manufacturing,8.453
P0884,keyword,5,Polyamines,Polyamines,7.786
P0884,keyword,6,Cricetinae,Cricetinae,7.256
P0884,keyword,7,Putrescine,Putrescine,6.873
P0884,keyword,8,mammalian cell culture,mammalian cell culture,6.457
P0884,keyword,9,hydrodynamic similarity,hydrodynamic similarity,5.505
P0884,keyword,10,cell line heterogeneity,cell line heterogeneity,5.451
P0884,keyword,11,energy dissipation rate,energy dissipation rate,5.425
P0884,keyword,12,Cell Culture Techniques,Cell Culture Techniques,5.397
P0884,technique,1,항체 개발,Antibody Engineering,6.699
P0884,technique,2,머신러닝·AI,Machine Learning / AI,0.63
P0884,technique,3,생물정보·계산생물,Bioinformatics,0.526
P0884,technique,4,X선 결정학·구조분석,X-ray Crystallography,0.521
P0884,technique,5,RNA-seq·전사체,RNA-seq / Transcriptomics,0.29
P0501,keyword,1,brain-computer interface,brain-computer interface,5.889
P0501,keyword,2,Brain-Computer Interfaces,Brain-Computer Interfaces,4.895
P0501,keyword,3,hybrid brain-computer interface,hybrid brain-computer interface,4.695
P0501,keyword,4,Assistive technology,Assistive technology,4.618
P0501,keyword,5,information transfer rate,information transfer rate,4.576
P0501,keyword,6,flash visual evoked potentials,flash visual evoked potentials,4.465
P0501,keyword,7,Pupillary light reflex,Pupillary light reflex,4.217
P0501,keyword,8,elderly and disabled users,elderly and disabled users,3.911
P0501,keyword,9,steady-state visual evoked potentials,steady-state visual evoked potentials,3.496
P0501,keyword,10,Craving,Craving,3.28
P0501,keyword,11,Electroencephalography,Electroencephalography,2.82
P0501,keyword,12,Motion sickness,Motion sickness,2.659
P0501,technique,1,머신러닝·AI,Machine Learning / AI,0.734
P0241,keyword,1,Acidovorax citrulli,Acidovorax citrulli,23.052
P0241,keyword,2,bacterial fruit blotch,bacterial fruit blotch,17.269
P0241,keyword,3,twitching motility,twitching motility,15.669
P0241,keyword,4,watermelon,watermelon,14.339
P0241,keyword,5,biofilm formation,biofilm formation,12.3
P0241,keyword,6,Xanthomonas,Xanthomonas,12.166
P0241,keyword,7,bacterial virulence,bacterial virulence,10.723
P0241,keyword,8,Virulence,Virulence,10.489
P0241,keyword,9,exopolysaccharide production,exopolysaccharide production,9.175
P0241,keyword,10,Xanthomonas oryzae pv. oryzae,Xanthomonas oryzae pv. oryzae,8.911
P0241,keyword,11,Erwinia amylovora,Erwinia amylovora,8.582
P0241,keyword,12,fire blight,fire blight,8.475
P0241,technique,1,단백체,Proteomics,11.444
P0241,technique,2,애기장대·식물 모델,Arabidopsis,1.193
P0241,technique,3,차세대 시퀀싱(NGS),Next-generation Sequencing,0.642
P0241,technique,4,생물정보·계산생물,Bioinformatics,0.457
P0928,keyword,1,Vibrio vulnificus,Vibrio vulnificus,20.497
P0928,keyword,2,Bacterial Toxins,Bacterial Toxins,15.42
P0928,keyword,3,Vibrio Infections,Vibrio Infections,14.198
P0928,keyword,4,Bacteriophages,Bacteriophages,12.941
P0928,keyword,5,MARTX toxin,MARTX toxin,10.252
P0928,keyword,6,effector translocation,effector translocation,8.922
P0928,keyword,7,Escherichia coli O157,Escherichia coli O157,8.825
P0928,keyword,8,Ostreidae,Ostreidae,8.701
P0928,keyword,9,Vibrio,Vibrio,8.041
P0928,keyword,10,Bacterial Proteins,Bacterial Proteins,7.87
P0928,keyword,11,biantennary N-glycans,biantennary N-glycans,7.794
P0928,keyword,12,Host-Pathogen Interactions,Host-Pathogen Interactions,6.675
P0928,technique,1,RNA-seq·전사체,RNA-seq / Transcriptomics,2.135
P0928,technique,2,X선 결정학·구조분석,X-ray Crystallography,0.894
P0928,technique,3,생물정보·계산생물,Bioinformatics,0.415
P0057,keyword,1,pancreatic ductal adenocarcinoma,pancreatic ductal adenocarcinoma,14.872
P0057,keyword,2,drug sensitivity,drug sensitivity,13.274
P0057,keyword,3,"Drug Resistance, Neoplasm","Drug Resistance, Neoplasm",10.101
P0057,keyword,4,"Pleural Effusion, Malignant","Pleural Effusion, Malignant",10.046
P0057,keyword,5,driver mutations,driver mutations,9.774
P0057,keyword,6,patient-derived cell lines,patient-derived cell lines,9.66
P0057,keyword,7,colorectal cancer,colorectal cancer,9.469
P0057,keyword,8,pancreatic cancer cell lines,pancreatic cancer cell lines,9.444
P0057,keyword,9,intratumoral heterogeneity,intratumoral heterogeneity,9.41
P0057,keyword,10,Pancreatic Neoplasms,Pancreatic Neoplasms,9.189
P0057,keyword,11,"Gene Expression Regulation, Neoplastic","Gene Expression Regulation, Neoplastic",8.688
P0057,keyword,12,EGFR-mutant non-small cell lung cancer,EGFR-mutant non-small cell lung cancer,8.503
P0057,technique,1,오가노이드,Organoids,42.602
P0057,technique,2,RNA-seq·전사체,RNA-seq / Transcriptomics,13.485
P0057,technique,3,차세대 시퀀싱(NGS),Next-generation Sequencing,9.094
P0057,technique,4,단일세포 분석,Single-cell Analysis,1.281
P0057,technique,5,종양 이종이식 모델,Xenograft Models,1.246
P0057,technique,6,생물정보·계산생물,Bioinformatics,0.994
P0057,technique,7,머신러닝·AI,Machine Learning / AI,0.678
P0057,technique,8,단백체,Proteomics,0.662
P0386,keyword,1,Asthma,Asthma,16.599
P0386,keyword,2,chronic cough,chronic cough,16.423
P0386,keyword,3,Cough,Cough,15.975
P0386,keyword,4,severe asthma,severe asthma,13.812
P0386,keyword,5,asthma exacerbations,asthma exacerbations,10.894
P0386,keyword,6,Dupilumab,Dupilumab,9.061
P0386,keyword,7,refractory chronic cough,refractory chronic cough,8.827
P0386,keyword,8,long-acting muscarinic antagonist,long-acting muscarinic antagonist,7.021
P0386,keyword,9,tiotropium,tiotropium,6.692
P0386,keyword,10,Omalizumab,Omalizumab,6.628
P0386,keyword,11,blood eosinophils,blood eosinophils,6.62
P0386,keyword,12,biologic therapy,biologic therapy,6.582
P0386,technique,1,머신러닝·AI,Machine Learning / AI,1.903
P0386,technique,2,항체 개발,Antibody Engineering,0.594
P0099,keyword,1,Persons with Disabilities,Persons with Disabilities,45.738
P0099,keyword,2,Health Expenditures,Health Expenditures,33.3
P0099,keyword,3,Disabled Persons,Disabled Persons,28.758
P0099,keyword,4,visual impairment,visual impairment,22.397
P0099,keyword,5,Vision Disorders,Vision Disorders,18.512
P0099,keyword,6,Hospitalization,Hospitalization,17.556
P0099,keyword,7,Salaries and Fringe Benefits,Salaries and Fringe Benefits,16.614
P0099,keyword,8,Health Services Accessibility,Health Services Accessibility,15.897
P0099,keyword,9,Income,Income,15.884
P0099,keyword,10,Suicide,Suicide,14.766
P0099,keyword,11,polypharmacy,polypharmacy,14.699
P0099,keyword,12,Persons with Visual Disabilities,Persons with Visual Disabilities,13.756
P0099,technique,1,임상시험,Clinical Trials,2.883
P0099,technique,2,생물정보·계산생물,Bioinformatics,0.131
P0781,keyword,1,Kinetochores,Kinetochores,6.608
P0781,keyword,2,Aurora Kinase B,Aurora Kinase B,6.387
P0781,keyword,3,M Phase Cell Cycle Checkpoints,M Phase Cell Cycle Checkpoints,5.284
P0781,keyword,4,Mad2 Proteins,Mad2 Proteins,4.943
P0781,keyword,5,Chromosome Segregation,Chromosome Segregation,3.229
P0781,keyword,6,Kinetochore,Kinetochore,2.84
P0781,keyword,7,Spindle checkpoint,Spindle checkpoint,2.837
P0781,keyword,8,"Chromosomal Proteins, Non-Histone","Chromosomal Proteins, Non-Histone",2.815
P0781,keyword,9,Microtubules,Microtubules,2.394
P0781,keyword,10,Aurora B kinase,Aurora B kinase,2.275
P0781,keyword,11,Protein Serine-Threonine Kinases,Protein Serine-Threonine Kinases,2.161
P0781,keyword,12,Microtubule-Associated Proteins,Microtubule-Associated Proteins,2.082
P0492,keyword,1,HIF-1α inhibitors,HIF-1α inhibitors,6.324
P0492,keyword,2,small molecule-drug conjugates,small molecule-drug conjugates,4.557
P0492,keyword,3,Immunoconjugates,Immunoconjugates,3.265
P0492,keyword,4,total synthesis,total synthesis,2.585
P0492,keyword,5,hypoxia-inducible factor-1α,hypoxia-inducible factor-1α,2.571
P0492,keyword,6,Melanins,Melanins,2.155
P0492,keyword,7,CRTC3,CRTC3,2.128
P0492,keyword,8,Therapeutic index,Therapeutic index,2.097
P0492,keyword,9,Drug Design,Drug Design,1.922
P0492,keyword,10,Retinal Neovascularization,Retinal Neovascularization,1.897
P0492,keyword,11,Structure-Activity Relationship,Structure-Activity Relationship,1.897
P0492,keyword,12,Streptomyces,Streptomyces,1.883
P0492,technique,1,분자도킹·시뮬레이션,Molecular Docking / Dynamics,0.575
P0492,technique,2,유전자변형 마우스,Genetically Modified Mice,0.38
P0492,technique,3,X선 결정학·구조분석,X-ray Crystallography,0.291
P0492,technique,4,웨스턴블롯,Western Blot,0.248
P0492,technique,5,생물정보·계산생물,Bioinformatics,0.131
P0031,keyword,1,Clear cell renal cell carcinoma,Clear cell renal cell carcinoma,4.248
P0031,keyword,2,"Prostatic Neoplasms, Castration-Resistant","Prostatic Neoplasms, Castration-Resistant",3.965
P0031,keyword,3,venous occlusion,venous occlusion,3.852
P0031,keyword,4,pancreatic resection,pancreatic resection,3.174
P0031,keyword,5,portal vein decompression,portal vein decompression,3.144
P0031,keyword,6,lymph node stations,lymph node stations,3.103
P0031,keyword,7,locally advanced pancreatic cancer,locally advanced pancreatic cancer,2.81
P0031,keyword,8,perioperative complications,perioperative complications,2.088
P0031,keyword,9,Superior mesenteric artery,Superior mesenteric artery,2.084
P0031,keyword,10,Pancreaticoduodenectomy,Pancreaticoduodenectomy,2.019
P0031,keyword,11,castration-resistant prostate cancer,castration-resistant prostate cancer,2.015
P0031,keyword,12,neoadjuvant chemotherapy,neoadjuvant chemotherapy,1.874
P0031,technique,1,종양 이종이식 모델,Xenograft Models,0.849
P0031,technique,2,후성유전 분석,Epigenomics (ChIP/ATAC-seq),0.196
P0031,technique,3,조직공학·바이오프린팅,Tissue Engineering / Bioprinting,0.119
P0044,keyword,1,Streptomyces,Streptomyces,61.738
P0044,keyword,2,Streptomyces clavuligerus,Streptomyces clavuligerus,18.546
P0044,keyword,3,Biosynthetic Pathways,Biosynthetic Pathways,16.84
P0044,keyword,4,nonribosomal peptide synthetase,nonribosomal peptide synthetase,16.2
P0044,keyword,5,Biosynthesis,Biosynthesis,15.085
P0044,keyword,6,Clavulanic acid,Clavulanic acid,14.94
P0044,keyword,7,Polyketide Synthases,Polyketide Synthases,13.793
P0044,keyword,8,Macrolides,Macrolides,13.277
P0044,keyword,9,Polyketide,Polyketide,13.03
P0044,keyword,10,Antinematodal Agents,Antinematodal Agents,11.879
P0044,keyword,11,metabolic engineering,metabolic engineering,11.875
P0044,keyword,12,Molecular Structure,Molecular Structure,11.552
P0044,technique,1,생물정보·계산생물,Bioinformatics,3.673
P0044,technique,2,RNA-seq·전사체,RNA-seq / Transcriptomics,2.636
P0044,technique,3,질량분석,Mass Spectrometry,2.382
P0044,technique,4,X선 결정학·구조분석,X-ray Crystallography,0.86
P0482,keyword,1,non-invasive prenatal testing,non-invasive prenatal testing,15.088
P0482,keyword,2,Noninvasive Prenatal Testing,Noninvasive Prenatal Testing,11.528
P0482,keyword,3,Sex Chromosome Disorders,Sex Chromosome Disorders,8.734
P0482,keyword,4,fetal fraction,fetal fraction,8.694
P0482,keyword,5,sex chromosome aneuploidy,sex chromosome aneuploidy,8.449
P0482,keyword,6,Prenatal Diagnosis,Prenatal Diagnosis,8.364
P0482,keyword,7,Trisomy,Trisomy,7.839
P0482,keyword,8,Sex Chromosome Aberrations,Sex Chromosome Aberrations,7.824
P0482,keyword,9,XYY Karyotype,XYY Karyotype,7.428
P0482,keyword,10,Korean pregnant women,Korean pregnant women,6.992
P0482,keyword,11,Hereditary spastic paraplegia,Hereditary spastic paraplegia,6.693
P0482,keyword,12,maternal age,maternal age,6.584
P0482,technique,1,줄기세포·iPSC,Stem Cells / iPSC,4.687
P0482,technique,2,차세대 시퀀싱(NGS),Next-generation Sequencing,2.017
P0482,technique,3,RNA-seq·전사체,RNA-seq / Transcriptomics,1.42
P0482,technique,4,형광·공초점 이미징,Fluorescence / Confocal Imaging,0.894
P0482,technique,5,생물정보·계산생물,Bioinformatics,0.785
P0482,technique,6,유세포분석,Flow Cytometry,0.706
P0482,technique,7,GWAS·유전역학,GWAS / Genetic Epidemiology,0.607
P0482,technique,8,나노입자·약물전달,Nanoparticles / Drug Delivery,0.268
P0883,keyword,1,Immune Tolerance,Immune Tolerance,3.99
P0883,keyword,2,CD4-Positive T-Lymphocytes,CD4-Positive T-Lymphocytes,3.575
P0883,keyword,3,"T-Lymphocytes, Regulatory","T-Lymphocytes, Regulatory",3.505
P0883,keyword,4,Germ-Free Life,Germ-Free Life,3.23
P0883,keyword,5,Th1 Cells,Th1 Cells,2.975
P0883,keyword,6,anergic T cells,anergic T cells,2.936
P0883,keyword,7,T follicular helper cells,T follicular helper cells,2.85
P0883,keyword,8,Interleukin-2,Interleukin-2,2.803
P0883,keyword,9,Gliadin,Gliadin,2.719
P0883,keyword,10,Allergens,Allergens,2.659
P0883,keyword,11,T helper cell subsets,T helper cell subsets,2.529
P0883,keyword,12,Food,Food,2.337
P0883,technique,1,유전자변형 마우스,Genetically Modified Mice,1.639
P0883,technique,2,항체 개발,Antibody Engineering,0.871
P0883,technique,3,엑소좀·세포외소포,Exosomes / EVs,0.395
P0883,technique,4,RNA-seq·전사체,RNA-seq / Transcriptomics,0.307
P0883,technique,5,생물정보·계산생물,Bioinformatics,0.132
P0148,keyword,1,PLK1,PLK1,27.072
P0148,keyword,2,Polo-Like Kinase 1,Polo-Like Kinase 1,19.029
P0148,keyword,3,Protein Serine-Threonine Kinases,Protein Serine-Threonine Kinases,11.47
P0148,keyword,4,Cell Cycle Proteins,Cell Cycle Proteins,11.107
P0148,keyword,5,Pteridines,Pteridines,10.232
P0148,keyword,6,Proto-Oncogene Proteins,Proto-Oncogene Proteins,9.599
P0148,keyword,7,TSG-6,TSG-6,9.031
P0148,keyword,8,Hyaluronan Receptors,Hyaluronan Receptors,8.422
P0148,keyword,9,M2-like macrophage polarization,M2-like macrophage polarization,7.803
P0148,keyword,10,Tumor-Associated Macrophages,Tumor-Associated Macrophages,7.46
P0148,keyword,11,Adenocarcinoma of Lung,Adenocarcinoma of Lung,7.116
P0148,keyword,12,lung adenocarcinoma,lung adenocarcinoma,6.881
P0148,technique,1,종양 이종이식 모델,Xenograft Models,3.816
P0148,technique,2,질량분석,Mass Spectrometry,2.437
P0148,technique,3,RNA 치료제·siRNA,RNA Therapeutics,1.3
P0148,technique,4,임상시험,Clinical Trials,1.262
P0148,technique,5,생물정보·계산생물,Bioinformatics,0.593
P0148,technique,6,형광·공초점 이미징,Fluorescence / Confocal Imaging,0.394
P0148,technique,7,면역조직화학,Immunohistochemistry,0.205
P0148,technique,8,유세포분석,Flow Cytometry,0.15
P0995,keyword,1,Kupffer cells,Kupffer cells,15.388
P0995,keyword,2,cocaine metabolites,cocaine metabolites,10.679
P0995,keyword,3,TNFR1,TNFR1,10.619
P0995,keyword,4,Cocaine,Cocaine,10.481
P0995,keyword,5,hippuric acid,hippuric acid,9.518
P0995,keyword,6,liver inflammation,liver inflammation,9.127
P0995,keyword,7,mitochondrial DNA leakage,mitochondrial DNA leakage,8.109
P0995,keyword,8,Hepatocytes,Hepatocytes,8.093
P0995,keyword,9,micellar formulation,micellar formulation,7.142
P0995,keyword,10,"Liver Diseases, Alcoholic","Liver Diseases, Alcoholic",6.907
P0995,keyword,11,alcoholic liver disease,alcoholic liver disease,6.615
P0995,keyword,12,Hippurates,Hippurates,6.605
P0995,technique,1,유전자변형 마우스,Genetically Modified Mice,1.993
P0995,technique,2,임상시험,Clinical Trials,1.115
P0098,keyword,1,EPAS1,EPAS1,12.981
P0098,keyword,2,luminal A,luminal A,12.225
P0098,keyword,3,tamoxifen resistance,tamoxifen resistance,10.71
P0098,keyword,4,HIF-2α,HIF-2α,10.395
P0098,keyword,5,Amino Acid Transport System ASC,Amino Acid Transport System ASC,6.608
P0098,keyword,6,endocrine therapy resistance,endocrine therapy resistance,6.472
P0098,keyword,7,belzutifan,belzutifan,5.842
P0098,keyword,8,SLC1A5,SLC1A5,5.812
P0098,keyword,9,metabolic reprogramming,metabolic reprogramming,5.738
P0098,keyword,10,Breast Neoplasms,Breast Neoplasms,5.306
P0098,keyword,11,Minor Histocompatibility Antigens,Minor Histocompatibility Antigens,5.009
P0098,keyword,12,iron-dependent cell death,iron-dependent cell death,4.498
P0098,technique,1,면역조직화학,Immunohistochemistry,1.115
P0098,technique,2,유전자변형 마우스,Genetically Modified Mice,0.513
P0098,technique,3,MRI·PET 영상,MRI / PET Imaging,0.277
P0098,technique,4,생물정보·계산생물,Bioinformatics,0.239
P0441,keyword,1,Neuroinflammatory Diseases,Neuroinflammatory Diseases,7.144
P0441,keyword,2,X-Box Binding Protein 1,X-Box Binding Protein 1,6.323
P0441,keyword,3,protocatechuic aldehyde,protocatechuic aldehyde,5.919
P0441,keyword,4,miR-206-3p,miR-206-3p,5.458
P0441,keyword,5,Caveolin 2,Caveolin 2,5.242
P0441,keyword,6,Endoribonucleases,Endoribonucleases,5.213
P0441,keyword,7,orphan drugs,orphan drugs,5.205
P0441,keyword,8,Benzaldehydes,Benzaldehydes,5.199
P0441,keyword,9,SOXB1 Transcription Factors,SOXB1 Transcription Factors,4.784
P0441,keyword,10,mammosphere formation,mammosphere formation,4.695
P0441,keyword,11,global value chains,global value chains,4.571
P0441,keyword,12,exosomal biomarkers,exosomal biomarkers,4.462
P0441,technique,1,엑소좀·세포외소포,Exosomes / EVs,5.341
P0441,technique,2,RNA 치료제·siRNA,RNA Therapeutics,1.818
P0441,technique,3,나노입자·약물전달,Nanoparticles / Drug Delivery,1.222
P0441,technique,4,유전자변형 마우스,Genetically Modified Mice,1.052
P0441,technique,5,분자도킹·시뮬레이션,Molecular Docking / Dynamics,0.499
P0441,technique,6,웨스턴블롯,Western Blot,0.433
P0577,keyword,1,tongue biopsy,tongue biopsy,4.842
P0577,keyword,2,lip biopsy,lip biopsy,4.086
P0577,keyword,3,Sjögren's syndrome,Sjögren's syndrome,3.177
P0577,keyword,4,salivary gland tumors,salivary gland tumors,2.886
P0577,keyword,5,BRAF V600E mutation,BRAF V600E mutation,2.643
P0577,keyword,6,salivary gland dysfunction,salivary gland dysfunction,2.499
P0577,keyword,7,Mandible,Mandible,2.152
P0577,keyword,8,chronic rhinosinusitis with nasal polyps,chronic rhinosinusitis with nasal polyps,1.981
P0577,keyword,9,Jaw Neoplasms,Jaw Neoplasms,1.931
P0577,keyword,10,Head and neck cancer,Head and neck cancer,1.824
P0577,keyword,11,oral biopsy,oral biopsy,1.793
P0577,keyword,12,Vitapex,Vitapex,1.783
P0577,technique,1,하이드로젤·스캐폴드,Hydrogels / Scaffolds,1.289
P0497,keyword,1,Diketopiperazines,Diketopiperazines,16.626
P0497,keyword,2,Pyruvaldehyde,Pyruvaldehyde,14.292
P0497,keyword,3,Lactobacillus plantarum,Lactobacillus plantarum,10.404
P0497,keyword,4,Candida albicans,Candida albicans,10.158
P0497,keyword,5,methylglyoxal,methylglyoxal,9.12
P0497,keyword,6,Fungal Proteins,Fungal Proteins,7.985
P0497,keyword,7,Lactiplantibacillus plantarum,Lactiplantibacillus plantarum,7.641
P0497,keyword,8,Fructose-Bisphosphate Aldolase,Fructose-Bisphosphate Aldolase,6.605
P0497,keyword,9,"Peptides, Cyclic","Peptides, Cyclic",6.398
P0497,keyword,10,Hyphae,Hyphae,6.111
P0497,keyword,11,Glyceraldehyde-3-Phosphate Dehydrogenases,Glyceraldehyde-3-Phosphate Dehydrogenases,5.882
P0497,keyword,12,solid-phase extraction,solid-phase extraction,5.691
P0497,technique,1,X선 결정학·구조분석,X-ray Crystallography,1.353
P0388,keyword,1,Cancer-Associated Fibroblasts,Cancer-Associated Fibroblasts,24.493
P0388,keyword,2,ZEB1,ZEB1,21.321
P0388,keyword,3,Epithelial-Mesenchymal Transition,Epithelial-Mesenchymal Transition,15.35
P0388,keyword,4,Lung cancer,Lung cancer,13.276
P0388,keyword,5,Zinc Finger E-box-Binding Homeobox 1,Zinc Finger E-box-Binding Homeobox 1,12.255
P0388,keyword,6,Metastasis,Metastasis,11.906
P0388,keyword,7,tumor microenvironment,tumor microenvironment,11.702
P0388,keyword,8,lung adenocarcinoma,lung adenocarcinoma,9.568
P0388,keyword,9,HAS2,HAS2,9.483
P0388,keyword,10,miR-199b,miR-199b,9.396
P0388,keyword,11,tumor invasion,tumor invasion,9.338
P0388,keyword,12,Frizzled-6,Frizzled-6,9.316
P0388,technique,1,엑소좀·세포외소포,Exosomes / EVs,1.575
P0388,technique,2,RNA-seq·전사체,RNA-seq / Transcriptomics,1.479
P0388,technique,3,미세유체·장기칩,Microfluidics / Organ-on-a-chip,0.661
P0388,technique,4,RNA 치료제·siRNA,RNA Therapeutics,0.657
P0388,technique,5,유전자변형 마우스,Genetically Modified Mice,0.625
P0388,technique,6,단백체,Proteomics,0.571
P0388,technique,7,생물정보·계산생물,Bioinformatics,0.39
P0388,technique,8,웨스턴블롯,Western Blot,0.33
P0623,keyword,1,Hypothyroidism,Hypothyroidism,13.184
P0623,keyword,2,TSH suppression,TSH suppression,12.022
P0623,keyword,3,Thyrotoxicosis,Thyrotoxicosis,8.313
P0623,keyword,4,subclinical hypothyroidism,subclinical hypothyroidism,7.337
P0623,keyword,5,Thyroid Neoplasms,Thyroid Neoplasms,7.187
P0623,keyword,6,Thyrotropin,Thyrotropin,6.778
P0623,keyword,7,thyroid-stimulating hormone,thyroid-stimulating hormone,6.227
P0623,keyword,8,calcium and vitamin D supplementation,calcium and vitamin D supplementation,5.758
P0623,keyword,9,Thyroid Function Tests,Thyroid Function Tests,5.368
P0623,keyword,10,neck trauma,neck trauma,5.316
P0623,keyword,11,thyroidectomy,thyroidectomy,4.768
P0623,keyword,12,horse kick injury,horse kick injury,4.524
P0623,technique,1,머신러닝·AI,Machine Learning / AI,0.642
P0623,technique,2,임상시험,Clinical Trials,0.489
P0454,keyword,1,Restless Legs Syndrome,Restless Legs Syndrome,10.884
P0454,keyword,2,antiepileptic drugs,antiepileptic drugs,8.851
P0454,keyword,3,Anticonvulsants,Anticonvulsants,7.331
P0454,keyword,4,Epilepsy,Epilepsy,7.295
P0454,keyword,5,gamma-band coherence,gamma-band coherence,7.029
P0454,keyword,6,temporal lobe epilepsy,temporal lobe epilepsy,6.857
P0454,keyword,7,Levetiracetam,Levetiracetam,6.182
P0454,keyword,8,drug-resistant epilepsy,drug-resistant epilepsy,5.343
P0454,keyword,9,"Epilepsy, Temporal Lobe","Epilepsy, Temporal Lobe",5.132
P0454,keyword,10,Lamotrigine,Lamotrigine,4.873
P0454,keyword,11,graph theory,graph theory,4.803
P0454,keyword,12,Electroencephalography,Electroencephalography,4.729
P0454,technique,1,머신러닝·AI,Machine Learning / AI,1.16
P0454,technique,2,MRI·PET 영상,MRI / PET Imaging,0.766
P0792,keyword,1,Brassinosteroid,Brassinosteroid,25.055
P0792,keyword,2,Brachypodium distachyon,Brachypodium distachyon,18.44
P0792,keyword,3,Brachypodium,Brachypodium,16.999
P0792,keyword,4,brassinosteroids,brassinosteroids,12.908
P0792,keyword,5,"Gene Expression Regulation, Plant","Gene Expression Regulation, Plant",7.726
P0792,keyword,6,brassinosteroid biosynthesis,brassinosteroid biosynthesis,7.418
P0792,keyword,7,"Steroids, Heterocyclic","Steroids, Heterocyclic",5.48
P0792,keyword,8,brassinosteroid signaling,brassinosteroid signaling,5.198
P0792,keyword,9,genome editing,genome editing,5.073
P0792,keyword,10,Ribonucleoprotein,Ribonucleoprotein,5.008
P0792,keyword,11,human gut microbiome,human gut microbiome,4.195
P0792,keyword,12,Auxin,Auxin,4.017
P0792,technique,1,애기장대·식물 모델,Arabidopsis,14.297
P0792,technique,2,CRISPR 유전자편집,CRISPR Gene Editing,12.522
P0792,technique,3,생물정보·계산생물,Bioinformatics,1.258
P0792,technique,4,RNA-seq·전사체,RNA-seq / Transcriptomics,0.26
P0405,keyword,1,Gastrectomy,Gastrectomy,8.523
P0405,keyword,2,bariatric surgery,bariatric surgery,6.69
P0405,keyword,3,Laparoscopy,Laparoscopy,5.451
P0405,keyword,4,East Asian patients,East Asian patients,5.183
P0405,keyword,5,comorbidity resolution,comorbidity resolution,5.018
P0405,keyword,6,regional chemotherapy,regional chemotherapy,4.509
P0405,keyword,7,type 2 diabetes remission,type 2 diabetes remission,4.385
P0405,keyword,8,surgical safety,surgical safety,4.33
P0405,keyword,9,Postoperative Complications,Postoperative Complications,4.205
P0405,keyword,10,weight loss outcomes,weight loss outcomes,4.015
P0405,keyword,11,excess BMI loss,excess BMI loss,4.015
P0405,keyword,12,liposomal paclitaxel,liposomal paclitaxel,3.969
P0405,technique,1,임상시험,Clinical Trials,0.536
P0036,keyword,1,Adiponectin,Adiponectin,25.109
P0036,keyword,2,PPAR gamma,PPAR gamma,23.427
P0036,keyword,3,Adipogenesis,Adipogenesis,21.733
P0036,keyword,4,adiponectin secretion,adiponectin secretion,17.67
P0036,keyword,5,Keratinocytes,Keratinocytes,15.995
P0036,keyword,6,PPARγ partial agonists,PPARγ partial agonists,15.841
P0036,keyword,7,Sunscreening Agents,Sunscreening Agents,12.963
P0036,keyword,8,Peptide nucleic acid,Peptide nucleic acid,12.623
P0036,keyword,9,obesogens,obesogens,11.461
P0036,keyword,10,SULF2,SULF2,11.133
P0036,keyword,11,Peptide Nucleic Acids,Peptide Nucleic Acids,9.338
P0036,keyword,12,Pharmacophore,Pharmacophore,9.122
P0036,technique,1,줄기세포·iPSC,Stem Cells / iPSC,22.975
P0036,technique,2,분자도킹·시뮬레이션,Molecular Docking / Dynamics,10.312
P0036,technique,3,단일세포 분석,Single-cell Analysis,3.673
P0036,technique,4,RNA-seq·전사체,RNA-seq / Transcriptomics,2.949
P0036,technique,5,GWAS·유전역학,GWAS / Genetic Epidemiology,1.227
P0036,technique,6,qPCR,Real-time PCR,1.027
P0036,technique,7,항체 개발,Antibody Engineering,0.991
P0036,technique,8,RNA 치료제·siRNA,RNA Therapeutics,0.817
P1008,keyword,1,Glioblastoma,Glioblastoma,43.845
P1008,keyword,2,γδ T cells,γδ T cells,39.06
P1008,keyword,3,antitumor immunity,antitumor immunity,34.698
P1008,keyword,4,tumor microenvironment,tumor microenvironment,34.192
P1008,keyword,5,Brain Neoplasms,Brain Neoplasms,25.084
P1008,keyword,6,CD4+ T cells,CD4+ T cells,20.319
P1008,keyword,7,Immunotherapy,Immunotherapy,20.287
P1008,keyword,8,IL-33,IL-33,18.215
P1008,keyword,9,ST2 receptor,ST2 receptor,17.712
P1008,keyword,10,Wuhan strain,Wuhan strain,17.613
P1008,keyword,11,gut microbiota,gut microbiota,16.912
P1008,keyword,12,Alarmins,Alarmins,16.602
P1008,technique,1,유전자변형 마우스,Genetically Modified Mice,5.532
P1008,technique,2,단일세포 분석,Single-cell Analysis,5.28
P1008,technique,3,CAR-T·입양세포치료,CAR-T / Adoptive Cell Therapy,3.76
P1008,technique,4,RNA-seq·전사체,RNA-seq / Transcriptomics,3.306
P1008,technique,5,유세포분석,Flow Cytometry,2.806
P1008,technique,6,나노입자·약물전달,Nanoparticles / Drug Delivery,2.237
P1008,technique,7,종양 이종이식 모델,Xenograft Models,0.794
P1008,technique,8,머신러닝·AI,Machine Learning / AI,0.498
P0689,keyword,1,tamoxifen resistance,tamoxifen resistance,12.683
P0689,keyword,2,MERTK,MERTK,10.385
P0689,keyword,3,Gefitinib,Gefitinib,10.291
P0689,keyword,4,ERα36,ERα36,9.906
P0689,keyword,5,Receptor Protein-Tyrosine Kinases,Receptor Protein-Tyrosine Kinases,9.883
P0689,keyword,6,Auranofin,Auranofin,9.88
P0689,keyword,7,Tyro3,Tyro3,9.764
P0689,keyword,8,Phosphatidylserine,Phosphatidylserine,9.607
P0689,keyword,9,ADAMTS4 Protein,ADAMTS4 Protein,9.358
P0689,keyword,10,Inflammasomes,Inflammasomes,8.877
P0689,keyword,11,NLRP3 inflammasome,NLRP3 inflammasome,8.651
P0689,keyword,12,"NLR Family, Pyrin Domain-Containing 3 Protein","NLR Family, Pyrin Domain-Containing 3 Protein",8.616
P0689,technique,1,엑소좀·세포외소포,Exosomes / EVs,8.048
P0689,technique,2,종양 이종이식 모델,Xenograft Models,6.627
P0689,technique,3,유전자변형 마우스,Genetically Modified Mice,2.593
P0689,technique,4,나노입자·약물전달,Nanoparticles / Drug Delivery,1.355
P0689,technique,5,단일세포 분석,Single-cell Analysis,1.255
P0689,technique,6,RNA 치료제·siRNA,RNA Therapeutics,0.861
P0689,technique,7,웨스턴블롯,Western Blot,0.852
P0689,technique,8,분자도킹·시뮬레이션,Molecular Docking / Dynamics,0.804
P0242,keyword,1,Cold storage,Cold storage,62.047
P0242,keyword,2,1-Methylcyclopropene,1-Methylcyclopropene,44.065
P0242,keyword,3,fruit quality,fruit quality,43.185
P0242,keyword,4,physiological disorders,physiological disorders,42.111
P0242,keyword,5,fruit firmness,fruit firmness,29.733
P0242,keyword,6,soluble solids,soluble solids,27.451
P0242,keyword,7,mineral elements,mineral elements,26.334
P0242,keyword,8,titratable acidity,titratable acidity,20.43
P0242,keyword,9,soluble sugars,soluble sugars,18.725
P0242,keyword,10,hardy kiwifruit,hardy kiwifruit,17.828
P0242,keyword,11,shelf life,shelf life,17.476
P0242,keyword,12,Japanese pear,Japanese pear,16.739
P0242,technique,1,대사체·지질체,Metabolomics / Lipidomics,2.781
P0242,technique,2,단백체,Proteomics,0.33
P0242,technique,3,RNA-seq·전사체,RNA-seq / Transcriptomics,0.156
P0565,keyword,1,tricaprylin,tricaprylin,10.429
P0565,keyword,2,bead milling,bead milling,8.814
P0565,keyword,3,Carboxymethylcellulose Sodium,Carboxymethylcellulose Sodium,8.697
P0565,keyword,4,Dutasteride,Dutasteride,8.252
P0565,keyword,5,skin delivery,skin delivery,7.804
P0565,keyword,6,5-alpha Reductase Inhibitors,5-alpha Reductase Inhibitors,6.983
P0565,keyword,7,Suspensions,Suspensions,6.833
P0565,keyword,8,hyaluronic acid conjugates,hyaluronic acid conjugates,6.471
P0565,keyword,9,poorly water-soluble drugs,poorly water-soluble drugs,6.251
P0565,keyword,10,Entecavir,Entecavir,6.215
P0565,keyword,11,cosmetic regulation,cosmetic regulation,5.818
P0565,keyword,12,Delayed-Action Preparations,Delayed-Action Preparations,5.733
P0565,technique,1,나노입자·약물전달,Nanoparticles / Drug Delivery,6.661
P0565,technique,2,하이드로젤·스캐폴드,Hydrogels / Scaffolds,5.341
P0565,technique,3,X선 결정학·구조분석,X-ray Crystallography,0.168
P0014,keyword,1,Multiple Myeloma,Multiple Myeloma,19.462
P0014,keyword,2,acute myeloid leukemia,acute myeloid leukemia,18.82
P0014,keyword,3,"Leukemia, Myeloid, Acute","Leukemia, Myeloid, Acute",15.565
P0014,keyword,4,Hematopoietic Stem Cell Transplantation,Hematopoietic Stem Cell Transplantation,13.185
P0014,keyword,5,allogeneic hematopoietic stem cell transplantation,allogeneic hematopoietic stem cell transplantation,12.702
P0014,keyword,6,overall survival,overall survival,9.627
P0014,keyword,7,germline predisposition,germline predisposition,9.184
P0014,keyword,8,Myelodysplastic Syndromes,Myelodysplastic Syndromes,8.126
P0014,keyword,9,Myeloid leukemia,Myeloid leukemia,8.122
P0014,keyword,10,prognostic factors,prognostic factors,7.428
P0014,keyword,11,azacitidine,azacitidine,6.986
P0014,keyword,12,Diffuse large B-cell lymphoma,Diffuse large B-cell lymphoma,6.626
P0014,technique,1,MRI·PET 영상,MRI / PET Imaging,5.042
P0014,technique,2,CAR-T·입양세포치료,CAR-T / Adoptive Cell Therapy,4.029
P0014,technique,3,차세대 시퀀싱(NGS),Next-generation Sequencing,3.738
P0014,technique,4,항체 개발,Antibody Engineering,1.314
P0014,technique,5,GWAS·유전역학,GWAS / Genetic Epidemiology,1.234
P0014,technique,6,임상시험,Clinical Trials,1.192
P0014,technique,7,종양 이종이식 모델,Xenograft Models,0.762
P0014,technique,8,RNA-seq·전사체,RNA-seq / Transcriptomics,0.468
P0444,keyword,1,Bacteremia,Bacteremia,10.301
P0444,keyword,2,Acinetobacter baumannii,Acinetobacter baumannii,8.76
P0444,keyword,3,Catheter-Related Infections,Catheter-Related Infections,8.224
P0444,keyword,4,Anti-Bacterial Agents,Anti-Bacterial Agents,8.176
P0444,keyword,5,Proguanil,Proguanil,7.428
P0444,keyword,6,HIV Infections,HIV Infections,7.408
P0444,keyword,7,opportunistic infections,opportunistic infections,6.892
P0444,keyword,8,"Catheterization, Central Venous","Catheterization, Central Venous",6.722
P0444,keyword,9,"Malaria, Falciparum","Malaria, Falciparum",6.422
P0444,keyword,10,AS03 adjuvant,AS03 adjuvant,6.403
P0444,keyword,11,Staphylococcus caprae,Staphylococcus caprae,6.239
P0444,keyword,12,clfB,clfB,6.226
P0444,technique,1,qPCR,Real-time PCR,0.465
P0444,technique,2,유세포분석,Flow Cytometry,0.327
P0444,technique,3,질량분석,Mass Spectrometry,0.218
P0444,technique,4,면역조직화학,Immunohistochemistry,0.134
P0885,keyword,1,"Gene Expression Regulation, Plant","Gene Expression Regulation, Plant",4.064
P0885,keyword,2,RNA quality control,RNA quality control,3.522
P0885,keyword,3,Plant Stomata,Plant Stomata,3.472
P0885,keyword,4,plant cells,plant cells,2.979
P0885,keyword,5,transgene silencing,transgene silencing,2.627
P0885,keyword,6,RNA Stability,RNA Stability,2.612
P0885,keyword,7,Plants,Plants,2.37
P0885,keyword,8,RNA silencing,RNA silencing,2.216
P0885,keyword,9,Salicylic acid,Salicylic acid,2.196
P0885,keyword,10,i-motif DNA,i-motif DNA,2.048
P0885,keyword,11,Marchantia,Marchantia,1.977
P0885,keyword,12,Senescence,Senescence,1.959
P0885,technique,1,애기장대·식물 모델,Arabidopsis,4.74
P0885,technique,2,RNA-seq·전사체,RNA-seq / Transcriptomics,0.968
P0253,keyword,1,laying hens,laying hens,83.367
P0253,keyword,2,egg quality,egg quality,51.089
P0253,keyword,3,egg production,egg production,41.002
P0253,keyword,4,broiler chickens,broiler chickens,40.216
P0253,keyword,5,Chickens,Chickens,37.423
P0253,keyword,6,Broiler,Broiler,29.768
P0253,keyword,7,feed conversion ratio,feed conversion ratio,28.05
P0253,keyword,8,animal feed,animal feed,26.511
P0253,keyword,9,ileal morphology,ileal morphology,25.01
P0253,keyword,10,Haugh unit,Haugh unit,23.281
P0253,keyword,11,Poultry Diseases,Poultry Diseases,23.163
P0253,keyword,12,growth performance,growth performance,22.767
P0253,technique,1,항체 개발,Antibody Engineering,5.377
P0253,technique,2,ELISA,ELISA,3.121
P0253,technique,3,조직공학·바이오프린팅,Tissue Engineering / Bioprinting,1.98
P0253,technique,4,종양 이종이식 모델,Xenograft Models,1.965
P0253,technique,5,나노입자·약물전달,Nanoparticles / Drug Delivery,1.914
P0253,technique,6,RNA 치료제·siRNA,RNA Therapeutics,1.376
P0253,technique,7,면역조직화학,Immunohistochemistry,1.306
P0253,technique,8,머신러닝·AI,Machine Learning / AI,1.272
P0807,keyword,1,Rhodium,Rhodium,14.947
P0807,keyword,2,Catalysis,Catalysis,8.153
P0807,keyword,3,ruthenium(II) catalysis,ruthenium(II) catalysis,7.087
P0807,keyword,4,diazo compounds,diazo compounds,6.233
P0807,keyword,5,nitrogen heterocycles,nitrogen heterocycles,6.199
P0807,keyword,6,heterocyclic synthesis,heterocyclic synthesis,5.988
P0807,keyword,7,C–H activation,C–H activation,5.447
P0807,keyword,8,Ketones,Ketones,5.256
P0807,keyword,9,sustainable synthesis,sustainable synthesis,5.178
P0807,keyword,10,iridium(III) catalysis,iridium(III) catalysis,4.727
P0807,keyword,11,Ruthenium,Ruthenium,4.725
P0807,keyword,12,Xanthones,Xanthones,4.454
P0807,technique,1,X선 결정학·구조분석,X-ray Crystallography,4.834
P0807,technique,2,미세유체·장기칩,Microfluidics / Organ-on-a-chip,1.344
P0807,technique,3,머신러닝·AI,Machine Learning / AI,0.068
P0766,keyword,1,"Epigenesis, Genetic","Epigenesis, Genetic",16.198
P0766,keyword,2,Autophagy,Autophagy,15.068
P0766,keyword,3,Histones,Histones,14.992
P0766,keyword,4,USF2,USF2,12.001
P0766,keyword,5,Upstream Stimulatory Factors,Upstream Stimulatory Factors,10.49
P0766,keyword,6,Chromatin Assembly and Disassembly,Chromatin Assembly and Disassembly,10.305
P0766,keyword,7,Histone Demethylases,Histone Demethylases,10.071
P0766,keyword,8,"Protein Processing, Post-Translational","Protein Processing, Post-Translational",9.676
P0766,keyword,9,"Nuclear Receptor Subfamily 1, Group F, Member 1","Nuclear Receptor Subfamily 1, Group F, Member 1",8.999
P0766,keyword,10,Chromatin,Chromatin,8.901
P0766,keyword,11,Basic Helix-Loop-Helix Leucine Zipper Transcription Factors,Basic Helix-Loop-Helix Leucine Zipper Transcription Factors,8.632
P0766,keyword,12,post-translational modification,post-translational modification,8.54
P0766,technique,1,유전자변형 마우스,Genetically Modified Mice,4.675
P0766,technique,2,후성유전 분석,Epigenomics (ChIP/ATAC-seq),3.248
P0766,technique,3,단일세포 분석,Single-cell Analysis,1.658
P0766,technique,4,RNA-seq·전사체,RNA-seq / Transcriptomics,1.426
P0766,technique,5,생물정보·계산생물,Bioinformatics,1.178
P0766,technique,6,qPCR,Real-time PCR,1.112
P0766,technique,7,초파리,Drosophila,0.65
P0766,technique,8,줄기세포·iPSC,Stem Cells / iPSC,0.566
P0091,keyword,1,memory of chirality,memory of chirality,9.392
P0091,keyword,2,intramolecular aldol reaction,intramolecular aldol reaction,9.342
P0091,keyword,3,dynamic kinetic resolution,dynamic kinetic resolution,8.684
P0091,keyword,4,asymmetric total synthesis,asymmetric total synthesis,8.233
P0091,keyword,5,salinosporamide A,salinosporamide A,3.683
P0091,keyword,6,bioisosteres,bioisosteres,3.526
P0091,keyword,7,α-amino acids,α-amino acids,3.382
P0091,keyword,8,Oxazolidinones,Oxazolidinones,3.369
P0091,keyword,9,contiguous stereocenters,contiguous stereocenters,3.296
P0091,keyword,10,deuterium labeling,deuterium labeling,3.118
P0091,keyword,11,sodium ethoxide,sodium ethoxide,3.054
P0091,keyword,12,radical chain mechanism,radical chain mechanism,2.505
P0091,technique,1,분자도킹·시뮬레이션,Molecular Docking / Dynamics,1.026
P0091,technique,2,머신러닝·AI,Machine Learning / AI,0.49
P0091,technique,3,종양 이종이식 모델,Xenograft Models,0.369
P0091,technique,4,RNA-seq·전사체,RNA-seq / Transcriptomics,0.218
P0091,technique,5,생물정보·계산생물,Bioinformatics,0.184
P0239,keyword,1,6-shogaol,6-shogaol,7.505
P0239,keyword,2,neuroinflammation,neuroinflammation,6.893
P0239,keyword,3,Neuroinflammatory Diseases,Neuroinflammatory Diseases,6.132
P0239,keyword,4,dopaminergic neurons,dopaminergic neurons,5.427
P0239,keyword,5,microglial activation,microglial activation,5.37
P0239,keyword,6,MPTP-induced neurotoxicity,MPTP-induced neurotoxicity,5.102
P0239,keyword,7,endoplasmic reticulum stress,endoplasmic reticulum stress,4.926
P0239,keyword,8,Neuroprotective Agents,Neuroprotective Agents,4.757
P0239,keyword,9,Zingiber officinale,Zingiber officinale,4.648
P0239,keyword,10,Okadaic Acid,Okadaic Acid,4.553
P0239,keyword,11,dopaminergic neuron loss,dopaminergic neuron loss,4.505
P0239,keyword,12,Petasites,Petasites,4.194
P0239,technique,1,유전자변형 마우스,Genetically Modified Mice,2.212
P0239,technique,2,대사체·지질체,Metabolomics / Lipidomics,0.567
P0168,keyword,1,"Enhancer Elements, Genetic","Enhancer Elements, Genetic",7.921
P0168,keyword,2,hsp70 promoter,hsp70 promoter,6.163
P0168,keyword,3,RNA polymerase II pausing,RNA polymerase II pausing,5.516
P0168,keyword,4,promoter strength,promoter strength,5.342
P0168,keyword,5,"Embryo, Nonmammalian","Embryo, Nonmammalian",5.29
P0168,keyword,6,"Gene Expression Regulation, Developmental","Gene Expression Regulation, Developmental",5.082
P0168,keyword,7,Ectoderm,Ectoderm,4.688
P0168,keyword,8,even-skipped,even-skipped,4.17
P0168,keyword,9,transcription factor concentration,transcription factor concentration,4.15
P0168,keyword,10,transcription bubble,transcription bubble,3.935
P0168,keyword,11,enhancer-promoter interactions,enhancer-promoter interactions,3.405
P0168,keyword,12,Homeodomain Proteins,Homeodomain Proteins,3.207
P0168,technique,1,초파리,Drosophila,9.563
P0168,technique,2,생물정보·계산생물,Bioinformatics,0.554
P0168,technique,3,후성유전 분석,Epigenomics (ChIP/ATAC-seq),0.359
P0168,technique,4,줄기세포·iPSC,Stem Cells / iPSC,0.278
P0168,technique,5,유전자변형 마우스,Genetically Modified Mice,0.101
P0168,technique,6,항체 개발,Antibody Engineering,0.037
P0537,keyword,1,Plant Immunity,Plant Immunity,16.638
P0537,keyword,2,SNARE Proteins,SNARE Proteins,15.342
P0537,keyword,3,R-SNARE Proteins,R-SNARE Proteins,10.101
P0537,keyword,4,Qa-SNARE Proteins,Qa-SNARE Proteins,7.914
P0537,keyword,5,Exocytosis,Exocytosis,7.712
P0537,keyword,6,Secretory Vesicles,Secretory Vesicles,7.439
P0537,keyword,7,VAMP,VAMP,7.28
P0537,keyword,8,abiotic stress response,abiotic stress response,6.821
P0537,keyword,9,"Gene Expression Regulation, Plant","Gene Expression Regulation, Plant",6.461
P0537,keyword,10,Phosphopyruvate Hydratase,Phosphopyruvate Hydratase,5.836
P0537,keyword,11,Plants,Plants,5.064
P0537,keyword,12,ATG8,ATG8,4.379
P0537,technique,1,애기장대·식물 모델,Arabidopsis,20.675
P0782,keyword,1,Multiple sclerosis,Multiple sclerosis,20.005
P0782,keyword,2,Astrocytes,Astrocytes,15.723
P0782,keyword,3,Epigenetic Memory,Epigenetic Memory,15.099
P0782,keyword,4,Experimental autoimmune encephalomyelitis,Experimental autoimmune encephalomyelitis,13.669
P0782,keyword,5,"Encephalomyelitis, Autoimmune, Experimental","Encephalomyelitis, Autoimmune, Experimental",9.737
P0782,keyword,6,astrocyte heterogeneity,astrocyte heterogeneity,7.174
P0782,keyword,7,P300,P300,7.028
P0782,keyword,8,astrocyte reprogramming,astrocyte reprogramming,6.405
P0782,keyword,9,CNS pathology,CNS pathology,5.253
P0782,keyword,10,ATP citrate lyase,ATP citrate lyase,4.969
P0782,keyword,11,autoimmune neuroinflammation,autoimmune neuroinflammation,4.925
P0782,keyword,12,bystander activation,bystander activation,4.427
P0782,technique,1,단일세포 분석,Single-cell Analysis,5.27
P0782,technique,2,CRISPR 유전자편집,CRISPR Gene Editing,3.82
P0782,technique,3,미세유체·장기칩,Microfluidics / Organ-on-a-chip,2.211
P0782,technique,4,유전자변형 마우스,Genetically Modified Mice,1.248
P0782,technique,5,형광·공초점 이미징,Fluorescence / Confocal Imaging,0.582
P0782,technique,6,머신러닝·AI,Machine Learning / AI,0.433
P0638,keyword,1,major adverse kidney events,major adverse kidney events,8.637
P0638,keyword,2,renal outcomes,renal outcomes,6.33
P0638,keyword,3,cardiovascular outcomes,cardiovascular outcomes,5.624
P0638,keyword,4,fluid retention,fluid retention,5.473
P0638,keyword,5,Metformin,Metformin,5.301
P0638,keyword,6,hyperosmolar therapy,hyperosmolar therapy,5.241
P0638,keyword,7,Myristica,Myristica,4.8
P0638,keyword,8,Medical History Taking,Medical History Taking,4.506
P0638,keyword,9,Renal function,Renal function,4.403
P0638,keyword,10,renal safety,renal safety,4.034
P0638,keyword,11,virtual patients,virtual patients,4.01
P0638,keyword,12,intracranial hypertension,intracranial hypertension,3.791
P0638,technique,1,머신러닝·AI,Machine Learning / AI,1.213
P0969,keyword,1,Deoxycholic Acid,Deoxycholic Acid,15.937
P0969,keyword,2,oral bioavailability,oral bioavailability,13.669
P0969,keyword,3,Caco-2 Cells,Caco-2 Cells,13.543
P0969,keyword,4,intestinal permeability,intestinal permeability,12.664
P0969,keyword,5,bile acid transporters,bile acid transporters,10.879
P0969,keyword,6,Skin Absorption,Skin Absorption,10.167
P0969,keyword,7,electrostatic complexation,electrostatic complexation,9.788
P0969,keyword,8,nanoemulsions,nanoemulsions,9.551
P0969,keyword,9,"Administration, Oral","Administration, Oral",8.581
P0969,keyword,10,Biological Availability,Biological Availability,8.559
P0969,keyword,11,n-dodecyl-β-D-maltoside,n-dodecyl-β-D-maltoside,8.389
P0969,keyword,12,"Administration, Metronomic","Administration, Metronomic",7.582
P0969,technique,1,나노입자·약물전달,Nanoparticles / Drug Delivery,14.517
P0969,technique,2,제브라피시,Zebrafish,2.578
P0969,technique,3,종양 이종이식 모델,Xenograft Models,1.633
P0969,technique,4,분자도킹·시뮬레이션,Molecular Docking / Dynamics,0.56
P1108,keyword,1,"Cicatrix, Hypertrophic","Cicatrix, Hypertrophic",10.947
P1108,keyword,2,Hypokalemic periodic paralysis,Hypokalemic periodic paralysis,8.902
P1108,keyword,3,Burns,Burns,7.083
P1108,keyword,4,Hypertrophic scars,Hypertrophic scars,5.03
P1108,keyword,5,familial hypokalemic periodic paralysis,familial hypokalemic periodic paralysis,4.913
P1108,keyword,6,Fibroblasts,Fibroblasts,4.337
P1108,keyword,7,Periodic paralysis,Periodic paralysis,4.296
P1108,keyword,8,Hypertrophic scar,Hypertrophic scar,3.73
P1108,keyword,9,vitamin D screening,vitamin D screening,3.523
P1108,keyword,10,alpha-smooth muscle actin,alpha-smooth muscle actin,3.423
P1108,keyword,11,channelopathies,channelopathies,3.305
P1108,keyword,12,Calpastatin,Calpastatin,3.224
P1108,technique,1,면역조직화학,Immunohistochemistry,0.151
P0015,keyword,1,Riboswitch,Riboswitch,13.467
P0015,keyword,2,metabolic engineering,metabolic engineering,11.798
P0015,keyword,3,synthetic biology,synthetic biology,7.406
P0015,keyword,4,Biological Therapy,Biological Therapy,5.817
P0015,keyword,5,retron,retron,5.794
P0015,keyword,6,1-Deoxynojirimycin,1-Deoxynojirimycin,5.726
P0015,keyword,7,Genetic Engineering,Genetic Engineering,5.242
P0015,keyword,8,atmospheric pressure plasma polymerization,atmospheric pressure plasma polymerization,5.135
P0015,keyword,9,genome-wide mutagenesis,genome-wide mutagenesis,5.099
P0015,keyword,10,polypyrrole films,polypyrrole films,4.795
P0015,keyword,11,polyhydroxylated alkaloids,polyhydroxylated alkaloids,4.664
P0015,keyword,12,live biotherapeutic products,live biotherapeutic products,4.583
P0015,technique,1,CRISPR 유전자편집,CRISPR Gene Editing,3.114
P0015,technique,2,생물정보·계산생물,Bioinformatics,1.862
P0015,technique,3,미세유체·장기칩,Microfluidics / Organ-on-a-chip,1.353
P0015,technique,4,X선 결정학·구조분석,X-ray Crystallography,0.516
P0015,technique,5,머신러닝·AI,Machine Learning / AI,0.119
P0845,keyword,1,"Gene Expression Regulation, Plant","Gene Expression Regulation, Plant",16.414
P0845,keyword,2,PIF4,PIF4,14.039
P0845,keyword,3,thermomorphogenesis,thermomorphogenesis,12.779
P0845,keyword,4,Basic Helix-Loop-Helix Transcription Factors,Basic Helix-Loop-Helix Transcription Factors,10.484
P0845,keyword,5,Basic Helix-Loop-Helix Proteins,Basic Helix-Loop-Helix Proteins,9.769
P0845,keyword,6,Phytochrome B,Phytochrome B,9.765
P0845,keyword,7,PRR5,PRR5,9.128
P0845,keyword,8,Hypocotyl,Hypocotyl,8.324
P0845,keyword,9,brassinosteroids,brassinosteroids,6.256
P0845,keyword,10,Plant Development,Plant Development,6.177
P0845,keyword,11,Signal Transduction,Signal Transduction,5.833
P0845,keyword,12,TOC1,TOC1,5.625
P0845,technique,1,애기장대·식물 모델,Arabidopsis,23.987
P0845,technique,2,후성유전 분석,Epigenomics (ChIP/ATAC-seq),1.508
P0845,technique,3,RNA-seq·전사체,RNA-seq / Transcriptomics,0.681
P0845,technique,4,qPCR,Real-time PCR,0.497
P0845,technique,5,생물정보·계산생물,Bioinformatics,0.252
P0984,keyword,1,cancer cachexia,cancer cachexia,9.636
P0984,keyword,2,maternal metabolic syndrome,maternal metabolic syndrome,7.817
P0984,keyword,3,Adipogenesis,Adipogenesis,7.767
P0984,keyword,4,cardiometabolic risk factors,cardiometabolic risk factors,7.51
P0984,keyword,5,Cachexia,Cachexia,6.674
P0984,keyword,6,Reprogramming,Reprogramming,6.576
P0984,keyword,7,Thymus Plant,Thymus Plant,6.125
P0984,keyword,8,PARP1,PARP1,6.064
P0984,keyword,9,new silver generation,new silver generation,5.948
P0984,keyword,10,Aging,Aging,5.888
P0984,keyword,11,bee wax,bee wax,5.689
P0984,keyword,12,central precocious puberty,central precocious puberty,5.535
P0984,technique,1,나노입자·약물전달,Nanoparticles / Drug Delivery,2.608
P0984,technique,2,조직공학·바이오프린팅,Tissue Engineering / Bioprinting,2.37
P0984,technique,3,머신러닝·AI,Machine Learning / AI,1.593
P0984,technique,4,RNA-seq·전사체,RNA-seq / Transcriptomics,1.495
P0984,technique,5,줄기세포·iPSC,Stem Cells / iPSC,1.125
P0984,technique,6,RNA 치료제·siRNA,RNA Therapeutics,1.07
P0984,technique,7,CRISPR 유전자편집,CRISPR Gene Editing,1.049
P0984,technique,8,미세유체·장기칩,Microfluidics / Organ-on-a-chip,0.987
P0413,keyword,1,Iliopsoas,Iliopsoas,0.367
P0413,keyword,2,Iliopsoas Muscle,Iliopsoas Muscle,0.341
P0413,keyword,3,Femoral Nerve,Femoral Nerve,0.27
P0413,keyword,4,Hematoma,Hematoma,0.237
P0413,keyword,5,Subdural Hematomas,Subdural Hematomas,0.168
P0413,keyword,6,Low molecular weight heparin,Low molecular weight heparin,0.147
P0413,keyword,7,Spinal disease,Spinal disease,0.126
P0413,keyword,8,Heparin,Heparin,0.11
P0413,keyword,9,Lumbar puncture,Lumbar puncture,0.087
P0413,keyword,10,Surgery,Surgery,0.065
P0413,keyword,11,Lumbar,Lumbar,0.058
P0413,keyword,12,Anatomy,Anatomy,0.031
P0473,keyword,1,Pluripotent Stem Cells,Pluripotent Stem Cells,15.471
P0473,keyword,2,"DNA, Mitochondrial","DNA, Mitochondrial",14.703
P0473,keyword,3,mitochondrial DNA mutations,mitochondrial DNA mutations,12.852
P0473,keyword,4,"Genome, Mitochondrial","Genome, Mitochondrial",11.447
P0473,keyword,5,Somatic cell nuclear transfer,Somatic cell nuclear transfer,9.795
P0473,keyword,6,Nuclear Transfer Techniques,Nuclear Transfer Techniques,9.69
P0473,keyword,7,Cell Differentiation,Cell Differentiation,8.425
P0473,keyword,8,fasudil,fasudil,8.206
P0473,keyword,9,Heteroplasmy,Heteroplasmy,6.704
P0473,keyword,10,human pluripotent stem cells,human pluripotent stem cells,6.491
P0473,keyword,11,retinal pigment epithelium differentiation,retinal pigment epithelium differentiation,6.425
P0473,keyword,12,Mitochondrial Diseases,Mitochondrial Diseases,6.285
P0473,technique,1,줄기세포·iPSC,Stem Cells / iPSC,16.085
P0473,technique,2,CRISPR 유전자편집,CRISPR Gene Editing,0.854
P0473,technique,3,차세대 시퀀싱(NGS),Next-generation Sequencing,0.85
P0473,technique,4,유세포분석,Flow Cytometry,0.47
P0473,technique,5,RNA-seq·전사체,RNA-seq / Transcriptomics,0.314
P0473,technique,6,생물정보·계산생물,Bioinformatics,0.054
P0654,keyword,1,erythorbic acid,erythorbic acid,10.693
P0654,keyword,2,lipase-catalyzed esterification,lipase-catalyzed esterification,8.888
P0654,keyword,3,immobilized lipase,immobilized lipase,8.407
P0654,keyword,4,Lipase,Lipase,8.339
P0654,keyword,5,Emulsifying Agents,Emulsifying Agents,6.094
P0654,keyword,6,Lauric acid,Lauric acid,5.529
P0654,keyword,7,Esterification,Esterification,4.912
P0654,keyword,8,Chitosan,Chitosan,4.32
P0654,keyword,9,Critical micelle concentration,Critical micelle concentration,4.128
P0654,keyword,10,Lauric Acids,Lauric Acids,4.125
P0654,keyword,11,Emulsions,Emulsions,4.114
P0654,keyword,12,"Enzymes, Immobilized","Enzymes, Immobilized",4.113
P0654,technique,1,나노입자·약물전달,Nanoparticles / Drug Delivery,1.085
P0517,keyword,1,"Hospitals, Psychiatric","Hospitals, Psychiatric",9.804
P0517,keyword,2,secondary infertility,secondary infertility,5.188
P0517,keyword,3,quarantine,quarantine,4.925
P0517,keyword,4,Human rights,Human rights,4.687
P0517,keyword,5,psychiatric hospitals,psychiatric hospitals,4.507
P0517,keyword,6,infertility prevalence,infertility prevalence,4.487
P0517,keyword,7,Health Personnel,Health Personnel,4.472
P0517,keyword,8,primary infertility,primary infertility,4.191
P0517,keyword,9,infertility risk factors,infertility risk factors,4.093
P0517,keyword,10,COVID-19,COVID-19,3.738
P0517,keyword,11,Phlebovirus,Phlebovirus,3.548
P0517,keyword,12,Medically Underserved Area,Medically Underserved Area,3.228
P0517,technique,1,유세포분석,Flow Cytometry,0.18
P0021,keyword,1,magnesium hydroxide,magnesium hydroxide,63.076
P0021,keyword,2,PLGA scaffolds,PLGA scaffolds,27.211
P0021,keyword,3,Drug-Eluting Stents,Drug-Eluting Stents,26.945
P0021,keyword,4,Polylactic Acid-Polyglycolic Acid Copolymer,Polylactic Acid-Polyglycolic Acid Copolymer,24.586
P0021,keyword,5,poly(L-lactic acid),poly(L-lactic acid),23.389
P0021,keyword,6,kidney regeneration,kidney regeneration,20.598
P0021,keyword,7,anti-inflammation,anti-inflammation,18.258
P0021,keyword,8,re-endothelialization,re-endothelialization,16.976
P0021,keyword,9,PLGA,PLGA,15.755
P0021,keyword,10,biodegradable vascular stents,biodegradable vascular stents,15.466
P0021,keyword,11,platelet adhesion,platelet adhesion,15.38
P0021,keyword,12,Bone Regeneration,Bone Regeneration,15.379
P0021,technique,1,하이드로젤·스캐폴드,Hydrogels / Scaffolds,32.931
P0021,technique,2,엑소좀·세포외소포,Exosomes / EVs,29.596
P0021,technique,3,나노입자·약물전달,Nanoparticles / Drug Delivery,20.303
P0021,technique,4,줄기세포·iPSC,Stem Cells / iPSC,19.724
P0021,technique,5,조직공학·바이오프린팅,Tissue Engineering / Bioprinting,13.986
P0021,technique,6,전자현미경,Electron Microscopy,4.186
P0021,technique,7,미세유체·장기칩,Microfluidics / Organ-on-a-chip,1.274
P0021,technique,8,X선 결정학·구조분석,X-ray Crystallography,0.854
P0758,keyword,1,Protein Folding,Protein Folding,20.627
P0758,keyword,2,Chaperonin Containing TCP-1,Chaperonin Containing TCP-1,20.419
P0758,keyword,3,prefoldin,prefoldin,19.765
P0758,keyword,4,TRiC/CCT chaperonin,TRiC/CCT chaperonin,19.601
P0758,keyword,5,cryo-electron tomography,cryo-electron tomography,17.919
P0758,keyword,6,Chaperonin 10,Chaperonin 10,16.251
P0758,keyword,7,Ribonuclease III,Ribonuclease III,15.56
P0758,keyword,8,Dicer,Dicer,15.006
P0758,keyword,9,Chaperonin 60,Chaperonin 60,13.882
P0758,keyword,10,microRNA biogenesis,microRNA biogenesis,13.45
P0758,keyword,11,molecular chaperones,molecular chaperones,12.023
P0758,keyword,12,"Models, Molecular","Models, Molecular",11.548
P0758,technique,1,크라이오전자현미경,Cryo-EM,59.978
P0758,technique,2,전자현미경,Electron Microscopy,8.072
P0758,technique,3,전기생리,Electrophysiology,4.727
P0758,technique,4,RNA 치료제·siRNA,RNA Therapeutics,2.912
P0758,technique,5,X선 결정학·구조분석,X-ray Crystallography,2.061
P0758,technique,6,초파리,Drosophila,1.358
P0758,technique,7,생물정보·계산생물,Bioinformatics,1.022
P0758,technique,8,나노입자·약물전달,Nanoparticles / Drug Delivery,0.926
P0355,keyword,1,Multiple Myeloma,Multiple Myeloma,15.069
P0355,keyword,2,Imatinib,Imatinib,13.151
P0355,keyword,3,autologous stem cell transplantation,autologous stem cell transplantation,11.161
P0355,keyword,4,chronic myeloid leukemia,chronic myeloid leukemia,10.233
P0355,keyword,5,Romiplostim,Romiplostim,9.929
P0355,keyword,6,Hematopoietic Stem Cell Transplantation,Hematopoietic Stem Cell Transplantation,8.738
P0355,keyword,7,overall survival,overall survival,8.456
P0355,keyword,8,radotinib,radotinib,8.096
P0355,keyword,9,Bortezomib,Bortezomib,8.038
P0355,keyword,10,Melphalan,Melphalan,7.794
P0355,keyword,11,chronic phase,chronic phase,7.587
P0355,keyword,12,progression-free survival,progression-free survival,7.58
P0355,technique,1,임상시험,Clinical Trials,2.089
P0355,technique,2,항체 개발,Antibody Engineering,1.395
P0355,technique,3,MRI·PET 영상,MRI / PET Imaging,0.755
P0355,technique,4,웨스턴블롯,Western Blot,0.639
P0355,technique,5,GWAS·유전역학,GWAS / Genetic Epidemiology,0.561
P0355,technique,6,RNA-seq·전사체,RNA-seq / Transcriptomics,0.396
P0355,technique,7,종양 이종이식 모델,Xenograft Models,0.328
P0355,technique,8,면역조직화학,Immunohistochemistry,0.326
P0547,keyword,1,skin microbiome,skin microbiome,16.429
P0547,keyword,2,Microbiota,Microbiota,8.604
P0547,keyword,3,"Vaginosis, Bacterial","Vaginosis, Bacterial",8.091
P0547,keyword,4,UniFrac,UniFrac,7.71
P0547,keyword,5,Amplicon,Amplicon,7.154
P0547,keyword,6,Streptococcus,Streptococcus,6.68
P0547,keyword,7,Human Microbiome Project,Human Microbiome Project,5.97
P0547,keyword,8,Skin,Skin,5.408
P0547,keyword,9,Megasphaera,Megasphaera,5.394
P0547,keyword,10,Vagina,Vagina,5.337
P0547,keyword,11,personalized skincare,personalized skincare,5.138
P0547,keyword,12,Microbiome,Microbiome,4.96
P0547,technique,1,RNA-seq·전사체,RNA-seq / Transcriptomics,5.913
P0547,technique,2,차세대 시퀀싱(NGS),Next-generation Sequencing,5.883
P0547,technique,3,qPCR,Real-time PCR,3.236
P0547,technique,4,생물정보·계산생물,Bioinformatics,1.416
P0547,technique,5,오가노이드,Organoids,1.119
P1035,keyword,1,diabetic heart failure,diabetic heart failure,4.501
P1035,keyword,2,RYK,RYK,4.411
P1035,keyword,3,lung development,lung development,4.375
P1035,keyword,4,small animal models,small animal models,4.068
P1035,keyword,5,reduced ejection fraction,reduced ejection fraction,3.616
P1035,keyword,6,KRAS,KRAS,3.383
P1035,keyword,7,MYH10,MYH10,3.214
P1035,keyword,8,Receptor Protein-Tyrosine Kinases,Receptor Protein-Tyrosine Kinases,3.087
P1035,keyword,9,lung mesenchyme,lung mesenchyme,3.028
P1035,keyword,10,gastric cancer,gastric cancer,2.816
P1035,keyword,11,lung regeneration,lung regeneration,2.726
P1035,keyword,12,lung homeostasis,lung homeostasis,2.719
P1035,technique,1,제브라피시,Zebrafish,3.557
P1035,technique,2,RNA 치료제·siRNA,RNA Therapeutics,0.421
P1035,technique,3,종양 이종이식 모델,Xenograft Models,0.339
P1035,technique,4,머신러닝·AI,Machine Learning / AI,0.141
P1035,technique,5,RNA-seq·전사체,RNA-seq / Transcriptomics,0.053
P1035,technique,6,면역조직화학,Immunohistochemistry,0.046
P0380,keyword,1,years lived with disability,years lived with disability,2.892
P0380,keyword,2,socio-demographic index,socio-demographic index,2.253
P0380,keyword,3,global burden of disease,global burden of disease,1.937
P0380,keyword,4,disability burden,disability burden,1.861
P0380,keyword,5,atrial fibrillation detection,atrial fibrillation detection,1.86
P0380,keyword,6,Dual Anti-Platelet Therapy,Dual Anti-Platelet Therapy,1.822
P0380,keyword,7,Southeast Asia,Southeast Asia,1.798
P0380,keyword,8,cryptogenic stroke,cryptogenic stroke,1.77
P0380,keyword,9,Neck pain,Neck pain,1.702
P0380,keyword,10,high-income countries,high-income countries,1.669
P0380,keyword,11,Carotid Stenosis,Carotid Stenosis,1.459
P0380,keyword,12,East Asia,East Asia,1.4
P0380,technique,1,MRI·PET 영상,MRI / PET Imaging,0.288
P0847,keyword,1,dorsomedial striatum,dorsomedial striatum,8.919
P0847,keyword,2,compulsive grooming,compulsive grooming,8.073
P0847,keyword,3,basolateral amygdala,basolateral amygdala,7.451
P0847,keyword,4,Basolateral Nuclear Complex,Basolateral Nuclear Complex,5.445
P0847,keyword,5,compulsive-like behavior,compulsive-like behavior,4.524
P0847,keyword,6,orexinergic neurons,orexinergic neurons,4.415
P0847,keyword,7,Compulsive Behavior,Compulsive Behavior,4.176
P0847,keyword,8,inescapable stress,inescapable stress,3.802
P0847,keyword,9,Neostriatum,Neostriatum,3.537
P0847,keyword,10,stress resilience,stress resilience,3.3
P0847,keyword,11,Learned helplessness,Learned helplessness,3.092
P0847,keyword,12,Fos expression,Fos expression,3.076
P0847,technique,1,광유전학,Optogenetics,1.843
P0847,technique,2,유전자변형 마우스,Genetically Modified Mice,0.128
P0685,keyword,1,chlorosulfonyl isocyanate,chlorosulfonyl isocyanate,23.49
P0685,keyword,2,Cellulose,Cellulose,19.354
P0685,keyword,3,Probiotics,Probiotics,17.236
P0685,keyword,4,Amination,Amination,15.68
P0685,keyword,5,microfibrillated cellulose,microfibrillated cellulose,14.415
P0685,keyword,6,Gelidium amansii,Gelidium amansii,13.099
P0685,keyword,7,Edible Seaweeds,Edible Seaweeds,12.253
P0685,keyword,8,Isocyanate,Isocyanate,11.574
P0685,keyword,9,probiotic encapsulation,probiotic encapsulation,11.504
P0685,keyword,10,"Colonic Diseases, Functional","Colonic Diseases, Functional",11.004
P0685,keyword,11,Rhodophyta,Rhodophyta,10.88
P0685,keyword,12,Metabolome,Metabolome,10.693
P0685,technique,1,하이드로젤·스캐폴드,Hydrogels / Scaffolds,6.235
P0685,technique,2,대사체·지질체,Metabolomics / Lipidomics,4.123
P0685,technique,3,분자도킹·시뮬레이션,Molecular Docking / Dynamics,3.745
P0685,technique,4,X선 결정학·구조분석,X-ray Crystallography,2.055
P0685,technique,5,차세대 시퀀싱(NGS),Next-generation Sequencing,1.938
P0685,technique,6,전자현미경,Electron Microscopy,1.574
P0685,technique,7,나노입자·약물전달,Nanoparticles / Drug Delivery,1.444
P0685,technique,8,RNA 치료제·siRNA,RNA Therapeutics,1.064
P0530,keyword,1,Transposases,Transposases,2.409
P0530,keyword,2,Non-alcoholic Fatty Liver Disease,Non-alcoholic Fatty Liver Disease,1.925
P0530,keyword,3,Chromatin,Chromatin,1.597
P0530,keyword,4,WIPI1,WIPI1,1.453
P0530,keyword,5,Epigenome,Epigenome,1.213
P0530,keyword,6,Cerium,Cerium,1.208
P0530,keyword,7,DSS-induced colitis,DSS-induced colitis,1.168
P0530,keyword,8,Lymphopoiesis,Lymphopoiesis,1.112
P0530,keyword,9,pH-responsive coatings,pH-responsive coatings,1.101
P0530,keyword,10,Nonalcoholic fatty liver disease,Nonalcoholic fatty liver disease,1.093
P0530,keyword,11,MASLD progression,MASLD progression,1.054
P0530,keyword,12,Fatty Liver,Fatty Liver,1.019
P0530,technique,1,나노입자·약물전달,Nanoparticles / Drug Delivery,0.636
P0077,keyword,1,Prostatic Neoplasms,Prostatic Neoplasms,9.51
P0077,keyword,2,E2F8,E2F8,8.642
P0077,keyword,3,prostate cancer,prostate cancer,7.416
P0077,keyword,4,Paintings,Paintings,6.987
P0077,keyword,5,TRPC Cation Channels,TRPC Cation Channels,6.57
P0077,keyword,6,Saints Cosmas and Damian,Saints Cosmas and Damian,6.497
P0077,keyword,7,FOXM1,FOXM1,6.45
P0077,keyword,8,Golden Legend,Golden Legend,6.0
P0077,keyword,9,TRPC5,TRPC5,5.727
P0077,keyword,10,Caves,Caves,5.669
P0077,keyword,11,Jacobus de Voragine,Jacobus de Voragine,4.935
P0077,keyword,12,"Gene Expression Regulation, Neoplastic","Gene Expression Regulation, Neoplastic",4.871
P0077,technique,1,분자도킹·시뮬레이션,Molecular Docking / Dynamics,1.584
P0077,technique,2,전기생리,Electrophysiology,1.533
P0077,technique,3,RNA-seq·전사체,RNA-seq / Transcriptomics,1.399
P0077,technique,4,종양 이종이식 모델,Xenograft Models,1.18
P0077,technique,5,RNA 치료제·siRNA,RNA Therapeutics,1.044
P0077,technique,6,X선 결정학·구조분석,X-ray Crystallography,0.907
P0077,technique,7,웨스턴블롯,Western Blot,0.811
P0077,technique,8,생물정보·계산생물,Bioinformatics,0.672
P0286,keyword,1,fat browning,fat browning,19.544
P0286,keyword,2,Cytochrome P-450 CYP2C9,Cytochrome P-450 CYP2C9,18.037
P0286,keyword,3,physiologically based pharmacokinetic modeling,physiologically based pharmacokinetic modeling,16.284
P0286,keyword,4,3T3-L1 adipocytes,3T3-L1 adipocytes,16.18
P0286,keyword,5,individualized drug therapy,individualized drug therapy,14.679
P0286,keyword,6,beige adipocytes,beige adipocytes,13.663
P0286,keyword,7,AMPK signaling,AMPK signaling,13.112
P0286,keyword,8,Lipolysis,Lipolysis,12.161
P0286,keyword,9,UCP1,UCP1,12.16
P0286,keyword,10,Cytochrome P-450 CYP2D6,Cytochrome P-450 CYP2D6,11.758
P0286,keyword,11,"Polymorphism, Genetic","Polymorphism, Genetic",10.986
P0286,keyword,12,pharmacokinetic prediction,pharmacokinetic prediction,10.374
P0286,technique,1,질량분석,Mass Spectrometry,1.829
P0342,keyword,1,Radiation Oncologists,Radiation Oncologists,11.004
P0342,keyword,2,Endometrial cancer,Endometrial cancer,10.954
P0342,keyword,3,Ovarian Neoplasms,Ovarian Neoplasms,10.678
P0342,keyword,4,low-risk endometrial cancer,low-risk endometrial cancer,9.469
P0342,keyword,5,cervical cancer,cervical cancer,8.864
P0342,keyword,6,fertility-sparing treatment,fertility-sparing treatment,8.803
P0342,keyword,7,quality control program,quality control program,8.551
P0342,keyword,8,loop electrosurgical excision procedure,loop electrosurgical excision procedure,8.308
P0342,keyword,9,advanced ovarian cancer,advanced ovarian cancer,8.039
P0342,keyword,10,myometrial invasion,myometrial invasion,8.01
P0342,keyword,11,recurrent ovarian cancer,recurrent ovarian cancer,7.94
P0342,keyword,12,Uterine Cervical Neoplasms,Uterine Cervical Neoplasms,7.919
P0342,technique,1,MRI·PET 영상,MRI / PET Imaging,2.127
P0342,technique,2,임상시험,Clinical Trials,1.524
P0342,technique,3,머신러닝·AI,Machine Learning / AI,1.514
P0342,technique,4,ELISA,ELISA,0.385
P0342,technique,5,차세대 시퀀싱(NGS),Next-generation Sequencing,0.371
P0342,technique,6,면역조직화학,Immunohistochemistry,0.324
P0342,technique,7,질량분석,Mass Spectrometry,0.255
P0342,technique,8,생물정보·계산생물,Bioinformatics,0.153
P0764,keyword,1,fibro-adipogenic progenitors,fibro-adipogenic progenitors,10.612
P0764,keyword,2,GFRA1,GFRA1,10.544
P0764,keyword,3,somatic variant detection,somatic variant detection,10.537
P0764,keyword,4,RET receptor,RET receptor,8.979
P0764,keyword,5,Remyelination,Remyelination,7.695
P0764,keyword,6,peripheral nerve injury,peripheral nerve injury,7.234
P0764,keyword,7,Schwann Cells,Schwann Cells,7.195
P0764,keyword,8,Glial cell line-derived neurotrophic factor,Glial cell line-derived neurotrophic factor,6.245
P0764,keyword,9,Nerve Regeneration,Nerve Regeneration,5.962
P0764,keyword,10,data encoding,data encoding,5.572
P0764,keyword,11,cancer genomics,cancer genomics,5.444
P0764,keyword,12,RNA biology,RNA biology,5.409
P0764,technique,1,머신러닝·AI,Machine Learning / AI,4.634
P0764,technique,2,생물정보·계산생물,Bioinformatics,3.782
P0764,technique,3,RNA-seq·전사체,RNA-seq / Transcriptomics,3.215
P0764,technique,4,단일세포 분석,Single-cell Analysis,2.74
P0764,technique,5,차세대 시퀀싱(NGS),Next-generation Sequencing,1.788
P0764,technique,6,RNA 치료제·siRNA,RNA Therapeutics,0.603
P0839,keyword,1,N-recognin,N-recognin,5.137
P0839,keyword,2,Atg8a,Atg8a,3.653
P0839,keyword,3,heat tolerance,heat tolerance,2.04
P0839,keyword,4,heat stress,heat stress,1.777
P0839,keyword,5,proteasomal degradation,proteasomal degradation,1.586
P0839,keyword,6,Ubiquitination,Ubiquitination,1.522
P0839,keyword,7,Protein turnover,Protein turnover,1.5
P0839,keyword,8,plant stress response,plant stress response,1.376
P0839,keyword,9,Alternative Splicing,Alternative Splicing,1.341
P0839,keyword,10,Protein degradation,Protein degradation,1.248
P0839,keyword,11,ZZ domain,ZZ domain,1.168
P0839,keyword,12,Big Brother,Big Brother,1.023
P0839,technique,1,애기장대·식물 모델,Arabidopsis,2.737
P0510,keyword,1,Aerobic exercise,Aerobic exercise,0.13
P0510,keyword,2,Aerobic capacity,Aerobic capacity,0.128
P0510,keyword,3,Anaerobic exercise,Anaerobic exercise,0.102
P0510,keyword,4,VO2 max,VO2 max,0.089
P0510,keyword,5,Insulin Resistance,Insulin Resistance,0.084
P0510,keyword,6,Glycemic,Glycemic,0.08
P0510,keyword,7,type 2 diabetes,type 2 diabetes,0.076
P0510,keyword,8,Body Mass Index,Body Mass Index,0.073
P0510,keyword,9,Resistance Training,Resistance Training,0.071
P0510,keyword,10,Overweight,Overweight,0.069
P0510,keyword,11,Waist,Waist,0.069
P0510,keyword,12,Type 2 Diabetes Mellitus,Type 2 Diabetes Mellitus,0.064
P0416,keyword,1,thrombectomy,thrombectomy,21.385
P0416,keyword,2,stroke,stroke,18.994
P0416,keyword,3,Toothbrushing,Toothbrushing,17.86
P0416,keyword,4,Endovascular Procedures,Endovascular Procedures,16.899
P0416,keyword,5,Oral Health,Oral Health,16.635
P0416,keyword,6,triglyceride-glucose index,triglyceride-glucose index,16.094
P0416,keyword,7,Ischemic Stroke,Ischemic Stroke,15.829
P0416,keyword,8,Tooth Loss,Tooth Loss,14.072
P0416,keyword,9,acute ischemic stroke,acute ischemic stroke,13.582
P0416,keyword,10,Modified Rankin Scale,Modified Rankin Scale,13.451
P0416,keyword,11,Oral Hygiene,Oral Hygiene,12.95
P0416,keyword,12,mechanical thrombectomy,mechanical thrombectomy,12.088
P0416,technique,1,임상시험,Clinical Trials,1.743
P0416,technique,2,MRI·PET 영상,MRI / PET Imaging,1.536
P0416,technique,3,머신러닝·AI,Machine Learning / AI,0.487
P0529,keyword,1,Reverse Genetics,Reverse Genetics,9.714
P0529,keyword,2,viral replication kinetics,viral replication kinetics,6.54
P0529,keyword,3,Flaviviridae,Flaviviridae,6.064
P0529,keyword,4,virus rescue,virus rescue,6.06
P0529,keyword,5,Flavivirus,Flavivirus,5.909
P0529,keyword,6,Dengue,Dengue,5.428
P0529,keyword,7,dengue serotype 4,dengue serotype 4,5.272
P0529,keyword,8,Virus Replication,Virus Replication,4.962
P0529,keyword,9,dengue virus,dengue virus,4.902
P0529,keyword,10,"Chromosomes, Artificial, Bacterial","Chromosomes, Artificial, Bacterial",4.603
P0529,keyword,11,recombinant virus construction,recombinant virus construction,4.434
P0529,keyword,12,Bacterial artificial chromosome,Bacterial artificial chromosome,4.322
P0535,keyword,1,Ischemic Stroke,Ischemic Stroke,47.111
P0535,keyword,2,acute ischemic stroke,acute ischemic stroke,30.726
P0535,keyword,3,stroke,stroke,27.964
P0535,keyword,4,Modified Rankin Scale,Modified Rankin Scale,19.423
P0535,keyword,5,Registries,Registries,18.086
P0535,keyword,6,stroke recurrence,stroke recurrence,18.033
P0535,keyword,7,thrombectomy,thrombectomy,16.785
P0535,keyword,8,Brain Ischemia,Brain Ischemia,16.49
P0535,keyword,9,Endovascular Procedures,Endovascular Procedures,16.154
P0535,keyword,10,atrial fibrillation,atrial fibrillation,13.227
P0535,keyword,11,functional outcome,functional outcome,13.127
P0535,keyword,12,secondary stroke prevention,secondary stroke prevention,12.893
P0535,technique,1,MRI·PET 영상,MRI / PET Imaging,6.507
P0535,technique,2,머신러닝·AI,Machine Learning / AI,2.922
P0535,technique,3,임상시험,Clinical Trials,2.638
P0535,technique,4,생물정보·계산생물,Bioinformatics,0.103
P1001,keyword,1,PANoptosis,PANoptosis,16.876
P1001,keyword,2,pyroptosis,pyroptosis,14.639
P1001,keyword,3,inflammatory cell death,inflammatory cell death,12.754
P1001,keyword,4,GPR41,GPR41,11.64
P1001,keyword,5,CIAPIN1,CIAPIN1,11.415
P1001,keyword,6,Garcinia cambogia,Garcinia cambogia,10.662
P1001,keyword,7,Vascular Remodeling,Vascular Remodeling,10.37
P1001,keyword,8,vascular smooth muscle cells,vascular smooth muscle cells,9.136
P1001,keyword,9,GPR43,GPR43,8.798
P1001,keyword,10,Neointima,Neointima,8.312
P1001,keyword,11,PDGF-BB,PDGF-BB,8.111
P1001,keyword,12,Necroptosis,Necroptosis,7.971
P0305,keyword,1,phylogenetic turnover,phylogenetic turnover,2.825
P0305,keyword,2,soil bacterial communities,soil bacterial communities,1.446
P0305,keyword,3,co-occurrence networks,co-occurrence networks,1.376
P0305,keyword,4,compositional turnover,compositional turnover,1.244
P0305,keyword,5,montane forest,montane forest,1.184
P0305,keyword,6,community assembly,community assembly,1.137
P0305,keyword,7,Soil pH,Soil pH,1.076
P0305,keyword,8,soil factors,soil factors,1.055
P0305,keyword,9,metacommunity assembly,metacommunity assembly,1.013
P0305,keyword,10,deterministic assembly,deterministic assembly,0.972
P0305,keyword,11,soil nematodes,soil nematodes,0.881
P0305,keyword,12,mountain ecosystems,mountain ecosystems,0.879
P0184,keyword,1,swelling power,swelling power,26.887
P0184,keyword,2,pasting viscosity,pasting viscosity,26.717
P0184,keyword,3,Starch,Starch,17.918
P0184,keyword,4,gelatinization temperature,gelatinization temperature,12.576
P0184,keyword,5,gelatinization,gelatinization,12.121
P0184,keyword,6,high-amylose starch,high-amylose starch,9.963
P0184,keyword,7,Potato starch,Potato starch,9.824
P0184,keyword,8,Corn starch,Corn starch,9.202
P0184,keyword,9,wheat starch,wheat starch,9.078
P0184,keyword,10,dry heat treatment,dry heat treatment,9.03
P0184,keyword,11,specific volume,specific volume,8.071
P0184,keyword,12,parenchyma cells,parenchyma cells,7.744
P0184,technique,1,형광·공초점 이미징,Fluorescence / Confocal Imaging,1.588
P0184,technique,2,X선 결정학·구조분석,X-ray Crystallography,0.309
P0184,technique,3,전자현미경,Electron Microscopy,0.183
P0752,keyword,1,Ribonuclease III,Ribonuclease III,38.957
P0752,keyword,2,Replicate,Replicate,38.158
P0752,keyword,3,"RNA Processing, Post-Transcriptional","RNA Processing, Post-Transcriptional",31.628
P0752,keyword,4,MicroRNAs,MicroRNAs,24.632
P0752,keyword,5,Drosha,Drosha,22.422
P0752,keyword,6,RNA Stability,RNA Stability,19.919
P0752,keyword,7,RNA-Binding Proteins,RNA-Binding Proteins,17.129
P0752,keyword,8,deadenylation,deadenylation,13.979
P0752,keyword,9,Exoribonucleases,Exoribonucleases,12.889
P0752,keyword,10,Dicer,Dicer,11.807
P0752,keyword,11,Poly A,Poly A,11.121
P0752,keyword,12,Set (abstract data type),Set (abstract data type),10.832
P0752,technique,1,생물정보·계산생물,Bioinformatics,8.258
P0752,technique,2,RNA 치료제·siRNA,RNA Therapeutics,7.198
P0752,technique,3,RNA-seq·전사체,RNA-seq / Transcriptomics,6.432
P0752,technique,4,초파리,Drosophila,4.375
P0752,technique,5,제브라피시,Zebrafish,2.818
P0752,technique,6,차세대 시퀀싱(NGS),Next-generation Sequencing,2.302
P0752,technique,7,단백체,Proteomics,2.284
P0752,technique,8,크라이오전자현미경,Cryo-EM,2.244
P1072,keyword,1,cardiomyocyte maturation,cardiomyocyte maturation,11.402
P1072,keyword,2,"Myocytes, Cardiac","Myocytes, Cardiac",10.534
P1072,keyword,3,cardiomyocyte contractility,cardiomyocyte contractility,8.5
P1072,keyword,4,neonatal cardiomyocytes,neonatal cardiomyocytes,7.135
P1072,keyword,5,Aquaporin 3,Aquaporin 3,6.735
P1072,keyword,6,Microplastics,Microplastics,6.056
P1072,keyword,7,Limpet,Limpet,6.01
P1072,keyword,8,NADP,NADP,5.731
P1072,keyword,9,Habituation,Habituation,4.973
P1072,keyword,10,long-chain fatty acids,long-chain fatty acids,4.678
P1072,keyword,11,cardiomyocyte metabolism,cardiomyocyte metabolism,4.528
P1072,keyword,12,Intertidal zone,Intertidal zone,4.519
P1072,technique,1,줄기세포·iPSC,Stem Cells / iPSC,2.765
P1072,technique,2,전기생리,Electrophysiology,2.081
P1072,technique,3,형광·공초점 이미징,Fluorescence / Confocal Imaging,1.899
P1072,technique,4,나노입자·약물전달,Nanoparticles / Drug Delivery,1.702
P1072,technique,5,조직공학·바이오프린팅,Tissue Engineering / Bioprinting,1.287
P1072,technique,6,RNA-seq·전사체,RNA-seq / Transcriptomics,0.453
P1072,technique,7,MRI·PET 영상,MRI / PET Imaging,0.385
P1072,technique,8,RNA 치료제·siRNA,RNA Therapeutics,0.222
P0012,keyword,1,polybenzoxazine,polybenzoxazine,71.347
P0012,keyword,2,crystal field,crystal field,67.439
P0012,keyword,3,blocking temperature,blocking temperature,58.324
P0012,keyword,4,poly(butylene adipate-co-terephthalate),poly(butylene adipate-co-terephthalate),47.458
P0012,keyword,5,mild steel,mild steel,42.885
P0012,keyword,6,food packaging,food packaging,37.286
P0012,keyword,7,green synthesis,green synthesis,36.445
P0012,keyword,8,antibacterial activity,antibacterial activity,34.342
P0012,keyword,9,corrosion inhibition,corrosion inhibition,32.756
P0012,keyword,10,specific capacitance,specific capacitance,32.492
P0012,keyword,11,exchange coupling,exchange coupling,32.128
P0012,keyword,12,Staphylococcus aureus,Staphylococcus aureus,31.717
P0012,technique,1,나노입자·약물전달,Nanoparticles / Drug Delivery,46.558
P0012,technique,2,하이드로젤·스캐폴드,Hydrogels / Scaffolds,20.369
P0012,technique,3,X선 결정학·구조분석,X-ray Crystallography,6.383
P0012,technique,4,예쁜꼬마선충,C. elegans,4.717
P0012,technique,5,조직공학·바이오프린팅,Tissue Engineering / Bioprinting,4.602
P0012,technique,6,분자도킹·시뮬레이션,Molecular Docking / Dynamics,4.211
P0012,technique,7,머신러닝·AI,Machine Learning / AI,2.751
P0012,technique,8,형광·공초점 이미징,Fluorescence / Confocal Imaging,2.702
P1006,keyword,1,de novo protein design,de novo protein design,10.289
P1006,keyword,2,Protein design,Protein design,9.403
P1006,keyword,3,Protein Engineering,Protein Engineering,8.698
P1006,keyword,4,Proteins,Proteins,7.399
P1006,keyword,5,chemically induced dimerization,chemically induced dimerization,6.66
P1006,keyword,6,protein structure prediction,protein structure prediction,6.494
P1006,keyword,7,Protein Conformation,Protein Conformation,6.291
P1006,keyword,8,"Models, Molecular","Models, Molecular",6.248
P1006,keyword,9,Small Molecule Libraries,Small Molecule Libraries,4.657
P1006,keyword,10,enzyme design,enzyme design,3.919
P1006,keyword,11,Biosensing Techniques,Biosensing Techniques,3.614
P1006,keyword,12,Rosetta,Rosetta,3.583
P1006,technique,1,머신러닝·AI,Machine Learning / AI,4.996
P1006,technique,2,분자도킹·시뮬레이션,Molecular Docking / Dynamics,3.613
P1006,technique,3,크라이오전자현미경,Cryo-EM,3.46
P1006,technique,4,X선 결정학·구조분석,X-ray Crystallography,2.276
P1006,technique,5,생물정보·계산생물,Bioinformatics,1.788
P1006,technique,6,질량분석,Mass Spectrometry,0.602
P0493,keyword,1,Akt dephosphorylation,Akt dephosphorylation,34.539
P0493,keyword,2,Adiponectin,Adiponectin,26.041
P0493,keyword,3,protein phosphatase 2A,protein phosphatase 2A,22.802
P0493,keyword,4,AMPK,AMPK,16.261
P0493,keyword,5,Dephosphorylation,Dephosphorylation,13.388
P0493,keyword,6,Protein phosphatase 2,Protein phosphatase 2,13.311
P0493,keyword,7,LY6K,LY6K,9.338
P0493,keyword,8,Bardet-Biedl syndrome,Bardet-Biedl syndrome,9.325
P0493,keyword,9,oral-facial-digital syndrome type I,oral-facial-digital syndrome type I,9.076
P0493,keyword,10,breast cancer invasiveness,breast cancer invasiveness,8.093
P0493,keyword,11,Phosphatase,Phosphatase,7.134
P0493,keyword,12,Myeloid-Derived Suppressor Cells,Myeloid-Derived Suppressor Cells,6.795
P0493,technique,1,제브라피시,Zebrafish,3.499
P0493,technique,2,유전자변형 마우스,Genetically Modified Mice,3.0
P0493,technique,3,줄기세포·iPSC,Stem Cells / iPSC,2.978
P0493,technique,4,RNA 치료제·siRNA,RNA Therapeutics,1.87
P0493,technique,5,RNA-seq·전사체,RNA-seq / Transcriptomics,1.177
P0493,technique,6,웨스턴블롯,Western Blot,0.953
P0493,technique,7,면역조직화학,Immunohistochemistry,0.633
P0493,technique,8,분자도킹·시뮬레이션,Molecular Docking / Dynamics,0.564
P1019,keyword,1,colloidal quantum dots,colloidal quantum dots,9.149
P1019,keyword,2,Pregnancy Tests,Pregnancy Tests,8.665
P1019,keyword,3,top-down synthesis,top-down synthesis,8.039
P1019,keyword,4,surface defect passivation,surface defect passivation,7.61
P1019,keyword,5,native point defects,native point defects,7.511
P1019,keyword,6,InAs quantum dots,InAs quantum dots,7.065
P1019,keyword,7,wurtzite structure,wurtzite structure,6.34
P1019,keyword,8,halide exchange,halide exchange,6.294
P1019,keyword,9,organic solar cells,organic solar cells,6.006
P1019,keyword,10,photoluminescence quantum yield,photoluminescence quantum yield,5.929
P1019,keyword,11,metal-organic framework nanozymes,metal-organic framework nanozymes,5.915
P1019,keyword,12,Gallium nitride,Gallium nitride,5.799
P1019,technique,1,나노입자·약물전달,Nanoparticles / Drug Delivery,8.146
P1019,technique,2,전자현미경,Electron Microscopy,1.22
P1019,technique,3,X선 결정학·구조분석,X-ray Crystallography,0.112
P1019,technique,4,머신러닝·AI,Machine Learning / AI,0.018
P0075,keyword,1,ALOX5AP,ALOX5AP,32.265
P0075,keyword,2,trained immunity,trained immunity,31.305
P0075,keyword,3,indoxyl sulfate,indoxyl sulfate,28.473
P0075,keyword,4,ALOX5,ALOX5,28.358
P0075,keyword,5,uremic toxins,uremic toxins,21.525
P0075,keyword,6,Monocytes,Monocytes,21.202
P0075,keyword,7,arachidonic acid metabolism,arachidonic acid metabolism,20.74
P0075,keyword,8,epigenetic reprogramming,epigenetic reprogramming,18.65
P0075,keyword,9,aryl hydrocarbon receptor,aryl hydrocarbon receptor,17.346
P0075,keyword,10,metabolic reprogramming,metabolic reprogramming,16.058
P0075,keyword,11,end-stage renal disease,end-stage renal disease,15.724
P0075,keyword,12,Indican,Indican,13.091
P0075,technique,1,MRI·PET 영상,MRI / PET Imaging,4.81
P0075,technique,2,제브라피시,Zebrafish,2.82
P0075,technique,3,유세포분석,Flow Cytometry,2.131
P0075,technique,4,종양 이종이식 모델,Xenograft Models,1.277
P0075,technique,5,RNA-seq·전사체,RNA-seq / Transcriptomics,1.111
P0075,technique,6,ELISA,ELISA,0.767
P0075,technique,7,유전자변형 마우스,Genetically Modified Mice,0.659
P0075,technique,8,웨스턴블롯,Western Blot,0.514
P0400,keyword,1,B lymphocyte transformation,B lymphocyte transformation,5.098
P0400,keyword,2,histone acetyltransferase inhibitors,histone acetyltransferase inhibitors,4.278
P0400,keyword,3,Epigallocatechin gallate,Epigallocatechin gallate,2.613
P0400,keyword,4,Histone acetyltransferase,Histone acetyltransferase,2.529
P0400,keyword,5,Epstein-Barr virus,Epstein-Barr virus,2.319
P0400,keyword,6,Hepatitis C virus,Hepatitis C virus,2.154
P0400,keyword,7,IFIT1,IFIT1,2.073
P0400,keyword,8,Histone H4,Histone H4,2.008
P0400,keyword,9,Hepacivirus,Hepacivirus,1.993
P0400,keyword,10,"Hepatitis C, Chronic","Hepatitis C, Chronic",1.94
P0400,keyword,11,green tea polyphenols,green tea polyphenols,1.744
P0400,keyword,12,NK cell migration,NK cell migration,1.62
P0400,technique,1,유세포분석,Flow Cytometry,0.29
P0400,technique,2,ELISA,ELISA,0.243
P0550,keyword,1,growth performance,growth performance,491.134
P0550,keyword,2,nutrient digestibility,nutrient digestibility,481.282
P0550,keyword,3,feed conversion ratio,feed conversion ratio,250.981
P0550,keyword,4,Animal Nutritional Physiological Phenomena,Animal Nutritional Physiological Phenomena,209.254
P0550,keyword,5,animal feed,animal feed,197.17
P0550,keyword,6,Animal science,Animal science,166.207
P0550,keyword,7,fattening pigs,fattening pigs,160.381
P0550,keyword,8,broiler chickens,broiler chickens,144.539
P0550,keyword,9,meat quality,meat quality,142.773
P0550,keyword,10,weaned piglets,weaned piglets,140.12
P0550,keyword,11,fecal score,fecal score,135.698
P0550,keyword,12,Digestion,Digestion,135.3
P0550,technique,1,나노입자·약물전달,Nanoparticles / Drug Delivery,0.538
P0550,technique,2,X선 결정학·구조분석,X-ray Crystallography,0.259
P0550,technique,3,머신러닝·AI,Machine Learning / AI,0.028
P0105,keyword,1,SGLT2 inhibitors,SGLT2 inhibitors,12.383
P0105,keyword,2,dapagliflozin,dapagliflozin,11.429
P0105,keyword,3,empagliflozin,empagliflozin,11.398
P0105,keyword,4,Sodium-Glucose Transporter 2 Inhibitors,Sodium-Glucose Transporter 2 Inhibitors,10.252
P0105,keyword,5,GLP-1 receptor agonists,GLP-1 receptor agonists,8.681
P0105,keyword,6,Network Meta-Analysis,Network Meta-Analysis,8.122
P0105,keyword,7,type 2 diabetes,type 2 diabetes,7.047
P0105,keyword,8,"Diabetes Mellitus, Type 2","Diabetes Mellitus, Type 2",6.284
P0105,keyword,9,Glucagon-Like Peptide-1 Receptor,Glucagon-Like Peptide-1 Receptor,6.036
P0105,keyword,10,glucose-lowering agents,glucose-lowering agents,5.817
P0105,keyword,11,Thiazolidinediones,Thiazolidinediones,5.782
P0105,keyword,12,ischemic cardiovascular events,ischemic cardiovascular events,5.765
P0105,technique,1,임상시험,Clinical Trials,2.189
P0105,technique,2,나노입자·약물전달,Nanoparticles / Drug Delivery,0.42
P0123,keyword,1,Radiopharmaceuticals,Radiopharmaceuticals,22.887
P0123,keyword,2,"Tomography, Emission-Computed, Single-Photon","Tomography, Emission-Computed, Single-Photon",16.1
P0123,keyword,3,Fluorine Radioisotopes,Fluorine Radioisotopes,13.431
P0123,keyword,4,Nuclear medicine,Nuclear medicine,12.825
P0123,keyword,5,Fluorodeoxyglucose F18,Fluorodeoxyglucose F18,12.052
P0123,keyword,6,Tropanes,Tropanes,8.306
P0123,keyword,7,Organotechnetium Compounds,Organotechnetium Compounds,8.298
P0123,keyword,8,Flumazenil,Flumazenil,8.115
P0123,keyword,9,translocator protein (TSPO),translocator protein (TSPO),8.046
P0123,keyword,10,internal dosimetry,internal dosimetry,7.198
P0123,keyword,11,Spect imaging,Spect imaging,7.018
P0123,keyword,12,"Receptors, GABA","Receptors, GABA",6.714
P0123,technique,1,MRI·PET 영상,MRI / PET Imaging,26.086
P0123,technique,2,종양 이종이식 모델,Xenograft Models,3.427
P0123,technique,3,나노입자·약물전달,Nanoparticles / Drug Delivery,1.638
P0123,technique,4,유전자변형 마우스,Genetically Modified Mice,0.647
P0123,technique,5,머신러닝·AI,Machine Learning / AI,0.349
P0274,keyword,1,R-SNARE Proteins,R-SNARE Proteins,14.703
P0274,keyword,2,Plant Immunity,Plant Immunity,13.906
P0274,keyword,3,SNARE Proteins,SNARE Proteins,12.242
P0274,keyword,4,Qa-SNARE Proteins,Qa-SNARE Proteins,8.695
P0274,keyword,5,Exocytosis,Exocytosis,7.674
P0274,keyword,6,Synaptotagmins,Synaptotagmins,6.632
P0274,keyword,7,Secretory Vesicles,Secretory Vesicles,6.026
P0274,keyword,8,VAMP,VAMP,6.026
P0274,keyword,9,abiotic stress response,abiotic stress response,5.982
P0274,keyword,10,Pseudomonas syringae,Pseudomonas syringae,5.451
P0274,keyword,11,human evolution,human evolution,5.083
P0274,keyword,12,"Gene Expression Regulation, Plant","Gene Expression Regulation, Plant",4.821
P0274,technique,1,애기장대·식물 모델,Arabidopsis,17.193
P0274,technique,2,초파리,Drosophila,2.201
P0516,keyword,1,Ventricular tachycardia,Ventricular tachycardia,3.752
P0516,keyword,2,Atrioventricular block,Atrioventricular block,3.597
P0516,keyword,3,Cardiology,Cardiology,3.575
P0516,keyword,4,Cardiomyopathies,Cardiomyopathies,3.34
P0516,keyword,5,ventricular fibrillation,ventricular fibrillation,3.143
P0516,keyword,6,Sinus rhythm,Sinus rhythm,2.909
P0516,keyword,7,atrial fibrillation,atrial fibrillation,2.77
P0516,keyword,8,quantitative coronary angiography,quantitative coronary angiography,2.68
P0516,keyword,9,Normal Sinus Rhythm,Normal Sinus Rhythm,2.675
P0516,keyword,10,Stroke Volume,Stroke Volume,2.516
P0516,keyword,11,cardiomyopathy,cardiomyopathy,2.42
P0516,keyword,12,Torsades de pointes,Torsades de pointes,2.304
P0516,technique,1,머신러닝·AI,Machine Learning / AI,0.434
P0516,technique,2,MRI·PET 영상,MRI / PET Imaging,0.349
P0993,keyword,1,Hepatitis C,Hepatitis C,1.519
P0993,keyword,2,Current (fluid),Current (fluid),0.833
P0993,keyword,3,Hepatitis C virus,Hepatitis C virus,0.749
P0993,keyword,4,Key (lock),Key (lock),0.669
P0993,keyword,5,Hepatitis,Hepatitis,0.654
P0993,keyword,6,MEDLINE,MEDLINE,0.511
P0502,keyword,1,blue LED irradiation,blue LED irradiation,5.881
P0502,keyword,2,Elaeocarpus sylvestris,Elaeocarpus sylvestris,4.698
P0502,keyword,3,lactic acid bacteria fermentation,lactic acid bacteria fermentation,4.028
P0502,keyword,4,antioxidant activity,antioxidant activity,3.916
P0502,keyword,5,metabolite profiling,metabolite profiling,3.86
P0502,keyword,6,hot water extract,hot water extract,3.599
P0502,keyword,7,Acetic acid bacteria,Acetic acid bacteria,3.554
P0502,keyword,8,Formazan,Formazan,3.493
P0502,keyword,9,Bacillus paralicheniformis,Bacillus paralicheniformis,3.379
P0502,keyword,10,lactic acid bacteria,lactic acid bacteria,3.3
P0502,keyword,11,Bacillus velezensis,Bacillus velezensis,2.907
P0502,keyword,12,Flesh,Flesh,2.876
P0637,keyword,1,peritoneal carcinomatosis,peritoneal carcinomatosis,3.982
P0637,keyword,2,Hyperthermic Intraperitoneal Chemotherapy,Hyperthermic Intraperitoneal Chemotherapy,3.896
P0637,keyword,3,primary colorectal cancer,primary colorectal cancer,3.447
P0637,keyword,4,cytoreductive surgery,cytoreductive surgery,3.335
P0637,keyword,5,mixed adenoneuroendocrine carcinoma,mixed adenoneuroendocrine carcinoma,3.275
P0637,keyword,6,Peritoneal Neoplasms,Peritoneal Neoplasms,3.124
P0637,keyword,7,Rectal Neoplasms,Rectal Neoplasms,2.828
P0637,keyword,8,PIK3CA mutation,PIK3CA mutation,2.533
P0637,keyword,9,APC mutation,APC mutation,2.491
P0637,keyword,10,sigmoid colon cancer,sigmoid colon cancer,2.442
P0637,keyword,11,diagnostic laparoscopy,diagnostic laparoscopy,2.379
P0637,keyword,12,mucinous carcinoma,mucinous carcinoma,1.977
P1087,keyword,1,Forests,Forests,21.9
P1087,keyword,2,forest therapy,forest therapy,19.027
P1087,keyword,3,Accounting,Accounting,18.209
P1087,keyword,4,Earnings management,Earnings management,15.577
P1087,keyword,5,Audit,Audit,14.899
P1087,keyword,6,Relaxation,Relaxation,12.847
P1087,keyword,7,Corporate governance,Corporate governance,12.087
P1087,keyword,8,forest bathing,forest bathing,11.034
P1087,keyword,9,Genioplasty,Genioplasty,10.963
P1087,keyword,10,Audit committee,Audit committee,9.631
P1087,keyword,11,Thermal comfort,Thermal comfort,8.484
P1087,keyword,12,Business,Business,8.36
P1087,technique,1,머신러닝·AI,Machine Learning / AI,1.336
P1087,technique,2,나노입자·약물전달,Nanoparticles / Drug Delivery,0.041
P1111,keyword,1,women in their 20s,women in their 20s,9.867
P1111,keyword,2,recreational boats,recreational boats,9.433
P1111,keyword,3,gender sensitivity,gender sensitivity,8.879
P1111,keyword,4,beauty industry,beauty industry,7.554
P1111,keyword,5,appearance evaluation,appearance evaluation,6.453
P1111,keyword,6,gender stereotypes,gender stereotypes,6.079
P1111,keyword,7,Stroop task,Stroop task,5.247
P1111,keyword,8,Self-esteem,Self-esteem,5.168
P1111,keyword,9,action masking,action masking,5.166
P1111,keyword,10,proximal policy optimization,proximal policy optimization,5.009
P1111,keyword,11,Greulich-Pyle method,Greulich-Pyle method,4.97
P1111,keyword,12,ship motion prediction,ship motion prediction,4.727
P1111,technique,1,하이드로젤·스캐폴드,Hydrogels / Scaffolds,1.061
P1111,technique,2,머신러닝·AI,Machine Learning / AI,0.431
P1111,technique,3,나노입자·약물전달,Nanoparticles / Drug Delivery,0.413
P1111,technique,4,면역조직화학,Immunohistochemistry,0.009
P0134,keyword,1,"Genes, Essential","Genes, Essential",5.241
P0134,keyword,2,eIF4H,eIF4H,4.908
P0134,keyword,3,RPLP0,RPLP0,4.503
P0134,keyword,4,HSP90AB1,HSP90AB1,4.412
P0134,keyword,5,housekeeping genes,housekeeping genes,4.405
P0134,keyword,6,FOXA1 mutations,FOXA1 mutations,4.374
P0134,keyword,7,oncogenic signaling,oncogenic signaling,4.334
P0134,keyword,8,gene expression normalization,gene expression normalization,4.26
P0134,keyword,9,PDGF-B,PDGF-B,4.043
P0134,keyword,10,Geum,Geum,3.999
P0134,keyword,11,breast cancer cell lines,breast cancer cell lines,3.969
P0134,keyword,12,"Gene Expression Regulation, Neoplastic","Gene Expression Regulation, Neoplastic",3.713
P0134,technique,1,RNA-seq·전사체,RNA-seq / Transcriptomics,2.442
P0134,technique,2,단일세포 분석,Single-cell Analysis,2.024
P0134,technique,3,오가노이드,Organoids,1.983
P0134,technique,4,차세대 시퀀싱(NGS),Next-generation Sequencing,0.859
P0134,technique,5,줄기세포·iPSC,Stem Cells / iPSC,0.735
P0134,technique,6,항체 개발,Antibody Engineering,0.48
P0134,technique,7,후성유전 분석,Epigenomics (ChIP/ATAC-seq),0.362
P0134,technique,8,웨스턴블롯,Western Blot,0.164
P0783,keyword,1,hymenium,hymenium,81.219
P0783,keyword,2,ectomycorrhizal fungi,ectomycorrhizal fungi,56.114
P0783,keyword,3,Basidiocarp,Basidiocarp,55.634
P0783,keyword,4,fungal taxonomy,fungal taxonomy,55.293
P0783,keyword,5,fungal diversity,fungal diversity,54.456
P0783,keyword,6,Basidium,Basidium,51.875
P0783,keyword,7,Mycorrhizae,Mycorrhizae,47.785
P0783,keyword,8,Basidiomycota,Basidiomycota,41.144
P0783,keyword,9,Diversity (politics),Diversity (politics),37.967
P0783,keyword,10,Taxonomy (biology),Taxonomy (biology),35.355
P0783,keyword,11,new species,new species,35.061
P0783,keyword,12,Biodiversity,Biodiversity,31.028
P0783,technique,1,차세대 시퀀싱(NGS),Next-generation Sequencing,3.565
P0783,technique,2,전자현미경,Electron Microscopy,1.254
P0783,technique,3,생물정보·계산생물,Bioinformatics,0.672
P0783,technique,4,대사체·지질체,Metabolomics / Lipidomics,0.59
P0783,technique,5,질량분석,Mass Spectrometry,0.514
P0612,keyword,1,Carbon monoxide poisoning,Carbon monoxide poisoning,7.237
P0612,keyword,2,Emergency Medical Services,Emergency Medical Services,6.44
P0612,keyword,3,Return of spontaneous circulation,Return of spontaneous circulation,5.988
P0612,keyword,4,Out-of-Hospital Cardiac Arrest,Out-of-Hospital Cardiac Arrest,5.466
P0612,keyword,5,Cardiopulmonary Resuscitation,Cardiopulmonary Resuscitation,5.294
P0612,keyword,6,pedestrian casualties,pedestrian casualties,4.862
P0612,keyword,7,Agricultural machinery,Agricultural machinery,4.625
P0612,keyword,8,hyperbaric oxygen therapy,hyperbaric oxygen therapy,4.445
P0612,keyword,9,older drivers,older drivers,4.041
P0612,keyword,10,nighttime accidents,nighttime accidents,3.837
P0612,keyword,11,Chungnam Province,Chungnam Province,3.823
P0612,keyword,12,traffic fatalities,traffic fatalities,3.689
P0822,keyword,1,Escherichia coli,Escherichia coli,8.56
P0822,keyword,2,Apoferritins,Apoferritins,8.214
P0822,keyword,3,methane monooxygenase,methane monooxygenase,7.913
P0822,keyword,4,Ribonuclease H,Ribonuclease H,7.716
P0822,keyword,5,apoferritin,apoferritin,6.801
P0822,keyword,6,Immunoassay,Immunoassay,6.787
P0822,keyword,7,off-target toxicity,off-target toxicity,6.559
P0822,keyword,8,nanostructured metamaterials,nanostructured metamaterials,6.444
P0822,keyword,9,photothermal properties,photothermal properties,6.222
P0822,keyword,10,Gold,Gold,5.935
P0822,keyword,11,Escherichia coli Proteins,Escherichia coli Proteins,5.779
P0822,keyword,12,scaffold architecture,scaffold architecture,5.682
P0822,technique,1,나노입자·약물전달,Nanoparticles / Drug Delivery,11.881
P0822,technique,2,하이드로젤·스캐폴드,Hydrogels / Scaffolds,3.193
P0822,technique,3,CRISPR 유전자편집,CRISPR Gene Editing,2.455
P0822,technique,4,항체 개발,Antibody Engineering,2.07
P0822,technique,5,미세유체·장기칩,Microfluidics / Organ-on-a-chip,1.686
P0822,technique,6,ELISA,ELISA,1.576
P0822,technique,7,전자현미경,Electron Microscopy,1.534
P0822,technique,8,생물정보·계산생물,Bioinformatics,0.874
P0763,keyword,1,Bacteroides thetaiotaomicron,Bacteroides thetaiotaomicron,6.883
P0763,keyword,2,Gastrointestinal Microbiome,Gastrointestinal Microbiome,6.277
P0763,keyword,3,axial magnetic bearing,axial magnetic bearing,5.192
P0763,keyword,4,full-state observer,full-state observer,5.088
P0763,keyword,5,Host Microbial Interactions,Host Microbial Interactions,4.902
P0763,keyword,6,rotor speed estimation,rotor speed estimation,4.55
P0763,keyword,7,magnetic circuit analysis,magnetic circuit analysis,4.261
P0763,keyword,8,sliding mode control,sliding mode control,4.212
P0763,keyword,9,"Gene Expression Regulation, Bacterial","Gene Expression Regulation, Bacterial",3.972
P0763,keyword,10,high-speed rotor,high-speed rotor,3.911
P0763,keyword,11,Lyapunov stability,Lyapunov stability,3.682
P0763,keyword,12,Streptomyces coelicolor,Streptomyces coelicolor,3.617
P0763,technique,1,RNA-seq·전사체,RNA-seq / Transcriptomics,0.26
P0763,technique,2,후성유전 분석,Epigenomics (ChIP/ATAC-seq),0.255
P0542,keyword,1,skin microbiome,skin microbiome,26.585
P0542,keyword,2,Alu elements,Alu elements,17.37
P0542,keyword,3,digital PCR,digital PCR,15.892
P0542,keyword,4,Genome,Genome,15.618
P0542,keyword,5,Retrotransposon,Retrotransposon,14.271
P0542,keyword,6,oral microbiota,oral microbiota,14.123
P0542,keyword,7,Microbiota,Microbiota,13.722
P0542,keyword,8,Genetic Variation,Genetic Variation,13.221
P0542,keyword,9,Long Interspersed Nucleotide Elements,Long Interspersed Nucleotide Elements,13.217
P0542,keyword,10,Streptococcus,Streptococcus,12.119
P0542,keyword,11,Endogenous retrovirus,Endogenous retrovirus,11.902
P0542,keyword,12,transposable elements,transposable elements,11.615
P0542,technique,1,차세대 시퀀싱(NGS),Next-generation Sequencing,17.111
P0542,technique,2,RNA-seq·전사체,RNA-seq / Transcriptomics,7.376
P0542,technique,3,생물정보·계산생물,Bioinformatics,6.103
P0542,technique,4,GWAS·유전역학,GWAS / Genetic Epidemiology,3.384
P0542,technique,5,qPCR,Real-time PCR,2.221
P0542,technique,6,오가노이드,Organoids,1.119
P0542,technique,7,미세유체·장기칩,Microfluidics / Organ-on-a-chip,0.906
P0542,technique,8,CRISPR 유전자편집,CRISPR Gene Editing,0.753
P0376,keyword,1,"Dermatitis, Allergic Contact","Dermatitis, Allergic Contact",8.731
P0376,keyword,2,Patch Tests,Patch Tests,8.392
P0376,keyword,3,allergic contact dermatitis,allergic contact dermatitis,6.291
P0376,keyword,4,Blister,Blister,6.0
P0376,keyword,5,Pemphigus,Pemphigus,5.784
P0376,keyword,6,trichoscopy,trichoscopy,5.641
P0376,keyword,7,bullous pemphigoid,bullous pemphigoid,5.521
P0376,keyword,8,ResNet-18,ResNet-18,5.179
P0376,keyword,9,Contact allergy,Contact allergy,5.08
P0376,keyword,10,teledermatology,teledermatology,5.061
P0376,keyword,11,autoimmune blistering disease,autoimmune blistering disease,4.839
P0376,keyword,12,PSTPIP2,PSTPIP2,4.806
P0376,technique,1,머신러닝·AI,Machine Learning / AI,1.793
P0376,technique,2,면역조직화학,Immunohistochemistry,0.646
P0868,keyword,1,directed acyclic graphs,directed acyclic graphs,10.852
P0868,keyword,2,reasoning traces,reasoning traces,9.59
P0868,keyword,3,afamin,afamin,8.296
P0868,keyword,4,Connexins,Connexins,7.385
P0868,keyword,5,Gap junction,Gap junction,6.846
P0868,keyword,6,Gap Junctions,Gap Junctions,6.516
P0868,keyword,7,backtracking,backtracking,6.499
P0868,keyword,8,out-of-domain generalization,out-of-domain generalization,6.282
P0868,keyword,9,Yellow fluorescent protein,Yellow fluorescent protein,6.261
P0868,keyword,10,Recombinational DNA Repair,Recombinational DNA Repair,6.26
P0868,keyword,11,Connexin 43,Connexin 43,6.104
P0868,keyword,12,Chaps,Chaps,5.343
P0868,technique,1,CRISPR 유전자편집,CRISPR Gene Editing,6.299
P0868,technique,2,CAR-T·입양세포치료,CAR-T / Adoptive Cell Therapy,1.562
P0868,technique,3,항체 개발,Antibody Engineering,1.272
P0868,technique,4,종양 이종이식 모델,Xenograft Models,0.718
P0868,technique,5,단일세포 분석,Single-cell Analysis,0.67
P0868,technique,6,유전자변형 마우스,Genetically Modified Mice,0.413
P0868,technique,7,유세포분석,Flow Cytometry,0.33
P0868,technique,8,웨스턴블롯,Western Blot,0.184
P1091,keyword,1,Escherichia coli O157:H7,Escherichia coli O157:H7,14.769
P1091,keyword,2,milk pasteurization,milk pasteurization,12.601
P1091,keyword,3,microbial inactivation,microbial inactivation,11.448
P1091,keyword,4,pasteurization,pasteurization,11.165
P1091,keyword,5,fat globule size,fat globule size,11.052
P1091,keyword,6,low-temperature long-time pasteurization,low-temperature long-time pasteurization,10.876
P1091,keyword,7,Listeria monocytogenes,Listeria monocytogenes,8.802
P1091,keyword,8,edible insects,edible insects,8.376
P1091,keyword,9,coliform bacteria,coliform bacteria,7.578
P1091,keyword,10,milk quality,milk quality,7.259
P1091,keyword,11,lipid oxidation,lipid oxidation,6.946
P1091,keyword,12,Food science,Food science,6.803
P0677,keyword,1,small cell lung cancer,small cell lung cancer,50.462
P0677,keyword,2,RhoA signaling,RhoA signaling,34.434
P0677,keyword,3,Wnt5a,Wnt5a,33.863
P0677,keyword,4,therapeutic vulnerabilities,therapeutic vulnerabilities,28.134
P0677,keyword,5,RhoA,RhoA,23.801
P0677,keyword,6,Carcinogenesis,Carcinogenesis,23.504
P0677,keyword,7,Vulnerability (computing),Vulnerability (computing),21.086
P0677,keyword,8,Fibroblast growth factor receptor 1,Fibroblast growth factor receptor 1,16.775
P0677,keyword,9,RBL2,RBL2,14.919
P0677,keyword,10,actionable targets,actionable targets,14.034
P0677,keyword,11,Small Cell Lung Carcinoma,Small Cell Lung Carcinoma,13.057
P0677,keyword,12,Lung cancer,Lung cancer,11.5
P0677,technique,1,면역조직화학,Immunohistochemistry,2.649
P0677,technique,2,생물정보·계산생물,Bioinformatics,2.181
P0677,technique,3,RNA-seq·전사체,RNA-seq / Transcriptomics,1.878
P0677,technique,4,CRISPR 유전자편집,CRISPR Gene Editing,1.054
P0677,technique,5,단일세포 분석,Single-cell Analysis,1.03
P0677,technique,6,유전자변형 마우스,Genetically Modified Mice,0.883
P0677,technique,7,제브라피시,Zebrafish,0.846
P0677,technique,8,후성유전 분석,Epigenomics (ChIP/ATAC-seq),0.757
P0349,keyword,1,Palatine Tonsil,Palatine Tonsil,27.952
P0349,keyword,2,sialolithiasis,sialolithiasis,14.396
P0349,keyword,3,definitive endoderm differentiation,definitive endoderm differentiation,11.219
P0349,keyword,4,Salivary Gland Calculi,Salivary Gland Calculi,10.856
P0349,keyword,5,Ngn3,Ngn3,10.685
P0349,keyword,6,in vitro expansion,in vitro expansion,10.263
P0349,keyword,7,Podoplanin,Podoplanin,9.479
P0349,keyword,8,Spasmodic dysphonia,Spasmodic dysphonia,9.438
P0349,keyword,9,pancreatic progenitors,pancreatic progenitors,9.233
P0349,keyword,10,HNF6,HNF6,9.029
P0349,keyword,11,stemness maintenance,stemness maintenance,8.976
P0349,keyword,12,multilineage differentiation,multilineage differentiation,8.588
P0349,technique,1,줄기세포·iPSC,Stem Cells / iPSC,18.627
P0349,technique,2,하이드로젤·스캐폴드,Hydrogels / Scaffolds,8.73
P0349,technique,3,조직공학·바이오프린팅,Tissue Engineering / Bioprinting,7.67
P0349,technique,4,단백체,Proteomics,1.814
P0349,technique,5,전자현미경,Electron Microscopy,1.453
P0349,technique,6,나노입자·약물전달,Nanoparticles / Drug Delivery,1.098
P0349,technique,7,RNA-seq·전사체,RNA-seq / Transcriptomics,0.426
P0349,technique,8,차세대 시퀀싱(NGS),Next-generation Sequencing,0.394
P0264,keyword,1,Management of obesity,Management of obesity,0.58
P0264,keyword,2,Overweight,Overweight,0.511
P0264,keyword,3,Leptin,Leptin,0.369
P0264,keyword,4,Weight management,Weight management,0.358
P0264,keyword,5,Weight Loss,Weight Loss,0.351
P0264,keyword,6,Adverse effect,Adverse effect,0.23
P0264,keyword,7,Obesity,Obesity,0.208
P0773,keyword,1,R-loops,R-loops,38.173
P0773,keyword,2,RNA-DNA hybrids,RNA-DNA hybrids,34.552
P0773,keyword,3,integration site selection,integration site selection,31.803
P0773,keyword,4,Cytomegalovirus,Cytomegalovirus,25.65
P0773,keyword,5,Cytomegalovirus Infections,Cytomegalovirus Infections,23.041
P0773,keyword,6,Antiretroviral therapy,Antiretroviral therapy,22.941
P0773,keyword,7,HIV-1 integration,HIV-1 integration,22.195
P0773,keyword,8,retroviral integration,retroviral integration,18.646
P0773,keyword,9,human cytomegalovirus,human cytomegalovirus,18.64
P0773,keyword,10,viral integration,viral integration,18.064
P0773,keyword,11,HIV-1,HIV-1,16.771
P0773,keyword,12,transcription,transcription,15.526
P0773,technique,1,RNA 치료제·siRNA,RNA Therapeutics,4.777
P0773,technique,2,RNA-seq·전사체,RNA-seq / Transcriptomics,2.468
P0773,technique,3,생물정보·계산생물,Bioinformatics,0.755
P0773,technique,4,유세포분석,Flow Cytometry,0.536
P0773,technique,5,웨스턴블롯,Western Blot,0.437
P0773,technique,6,머신러닝·AI,Machine Learning / AI,0.01
P0304,keyword,1,D-3-hydroxybutyrate dehydrogenase,D-3-hydroxybutyrate dehydrogenase,2.523
P0304,keyword,2,Corynebacterium glutamicum,Corynebacterium glutamicum,2.25
P0304,keyword,3,Phenylpyruvic Acids,Phenylpyruvic Acids,2.223
P0304,keyword,4,Keto Acids,Keto Acids,2.223
P0304,keyword,5,Hydroxy Acids,Hydroxy Acids,1.833
P0304,keyword,6,Hemiterpenes,Hemiterpenes,1.796
P0304,keyword,7,Alcaligenes faecalis,Alcaligenes faecalis,1.765
P0304,keyword,8,Lactate Dehydrogenases,Lactate Dehydrogenases,1.703
P0304,keyword,9,Biocatalysis,Biocatalysis,1.563
P0304,keyword,10,Pediococcus acidilactici,Pediococcus acidilactici,1.518
P0304,keyword,11,carbon chain length,carbon chain length,1.491
P0304,keyword,12,Lactates,Lactates,1.433
P0983,keyword,1,African Swine Fever Virus,African Swine Fever Virus,22.305
P0983,keyword,2,African Swine Fever,African Swine Fever,18.955
P0983,keyword,3,Mycobacterium avium subsp. paratuberculosis,Mycobacterium avium subsp. paratuberculosis,10.4
P0983,keyword,4,Paratuberculosis,Paratuberculosis,10.346
P0983,keyword,5,weaned piglets,weaned piglets,9.601
P0983,keyword,6,intestinal histopathology,intestinal histopathology,8.668
P0983,keyword,7,pigs,pigs,8.004
P0983,keyword,8,"Pregnancy Complications, Infectious","Pregnancy Complications, Infectious",7.213
P0983,keyword,9,Salmonella typhimurium,Salmonella typhimurium,7.167
P0983,keyword,10,Swine,Swine,7.102
P0983,keyword,11,Goat Diseases,Goat Diseases,6.875
P0983,keyword,12,short-chain fatty acids,short-chain fatty acids,6.87
P0983,technique,1,RNA-seq·전사체,RNA-seq / Transcriptomics,4.642
P0983,technique,2,줄기세포·iPSC,Stem Cells / iPSC,4.07
P0983,technique,3,유전자변형 마우스,Genetically Modified Mice,0.561
P0983,technique,4,qPCR,Real-time PCR,0.372
P0835,keyword,1,Plasminogen Activator Inhibitor 1,Plasminogen Activator Inhibitor 1,4.316
P0835,keyword,2,bile duct ligation,bile duct ligation,3.319
P0835,keyword,3,fibrinolysis,fibrinolysis,2.892
P0835,keyword,4,serine protease inhibitors,serine protease inhibitors,2.842
P0835,keyword,5,plasminogen activator inhibitor-1,plasminogen activator inhibitor-1,2.758
P0835,keyword,6,extracellular matrix deposition,extracellular matrix deposition,2.723
P0835,keyword,7,Tissue Plasminogen Activator,Tissue Plasminogen Activator,2.67
P0835,keyword,8,liver cirrhosis,liver cirrhosis,2.561
P0835,keyword,9,hepatic stellate cells,hepatic stellate cells,2.394
P0835,keyword,10,Matrix Metalloproteinase 9,Matrix Metalloproteinase 9,2.378
P0835,keyword,11,MMP-2,MMP-2,2.187
P0835,keyword,12,Matrix Metalloproteinase 2,Matrix Metalloproteinase 2,2.082
P0714,keyword,1,Peroxiredoxin III,Peroxiredoxin III,23.91
P0714,keyword,2,Platelet activation,Platelet activation,18.933
P0714,keyword,3,mitochondrial hydrogen peroxide,mitochondrial hydrogen peroxide,14.329
P0714,keyword,4,Blood Platelets,Blood Platelets,13.564
P0714,keyword,5,Platelet Membrane Glycoproteins,Platelet Membrane Glycoproteins,13.21
P0714,keyword,6,Platelet aggregation,Platelet aggregation,12.124
P0714,keyword,7,thrombus formation,thrombus formation,10.702
P0714,keyword,8,Thrombosis,Thrombosis,9.21
P0714,keyword,9,integrin αIIbβ3,integrin αIIbβ3,9.11
P0714,keyword,10,collagen-induced aggregation,collagen-induced aggregation,8.989
P0714,keyword,11,Lyn kinase,Lyn kinase,8.816
P0714,keyword,12,PPAR-gamma Agonists,PPAR-gamma Agonists,8.594
P0714,technique,1,유전자변형 마우스,Genetically Modified Mice,2.989
P0714,technique,2,분자도킹·시뮬레이션,Molecular Docking / Dynamics,0.487
P0714,technique,3,RNA 치료제·siRNA,RNA Therapeutics,0.412
P0714,technique,4,X선 결정학·구조분석,X-ray Crystallography,0.296
P0980,keyword,1,canine mammary tumors,canine mammary tumors,23.61
P0980,keyword,2,"Mammary Glands, Human","Mammary Glands, Human",10.296
P0980,keyword,3,apoptosis,apoptosis,7.122
P0980,keyword,4,angiogenesis inhibition,angiogenesis inhibition,6.545
P0980,keyword,5,tube formation,tube formation,5.581
P0980,keyword,6,PERK signaling,PERK signaling,5.531
P0980,keyword,7,estrogen receptor beta agonist,estrogen receptor beta agonist,5.357
P0980,keyword,8,Angiogenesis Inhibitors,Angiogenesis Inhibitors,5.192
P0980,keyword,9,endothelial cell migration,endothelial cell migration,5.033
P0980,keyword,10,CDK4,CDK4,4.708
P0980,keyword,11,Dogs,Dogs,4.689
P0980,keyword,12,mTOR,mTOR,4.652
P0980,technique,1,종양 이종이식 모델,Xenograft Models,3.612
P0980,technique,2,웨스턴블롯,Western Blot,0.628
P0980,technique,3,전자현미경,Electron Microscopy,0.405
P0980,technique,4,면역조직화학,Immunohistochemistry,0.316
P0980,technique,5,RNA 치료제·siRNA,RNA Therapeutics,0.241
P0980,technique,6,유세포분석,Flow Cytometry,0.222
P0980,technique,7,나노입자·약물전달,Nanoparticles / Drug Delivery,0.091
P0255,keyword,1,Porcine reproductive and respiratory syndrome virus,Porcine reproductive and respiratory syndrome virus,9.485
P0255,keyword,2,Porcine respiratory and reproductive syndrome virus,Porcine respiratory and reproductive syndrome virus,9.143
P0255,keyword,3,Remifentanil,Remifentanil,8.956
P0255,keyword,4,Hepatitis E virus,Hepatitis E virus,8.855
P0255,keyword,5,Hepatitis E,Hepatitis E,8.302
P0255,keyword,6,midazolam,midazolam,7.236
P0255,keyword,7,Propofol,Propofol,7.138
P0255,keyword,8,Porcine Reproductive and Respiratory Syndrome,Porcine Reproductive and Respiratory Syndrome,6.955
P0255,keyword,9,Bronchoscopy,Bronchoscopy,5.987
P0255,keyword,10,Rottlerin,Rottlerin,5.889
P0255,keyword,11,Virus Replication,Virus Replication,5.114
P0255,keyword,12,Viral Vaccines,Viral Vaccines,5.105
P0255,technique,1,ELISA,ELISA,2.347
P0255,technique,2,차세대 시퀀싱(NGS),Next-generation Sequencing,1.599
P0255,technique,3,나노입자·약물전달,Nanoparticles / Drug Delivery,0.792
P0255,technique,4,qPCR,Real-time PCR,0.752
P0255,technique,5,유전자변형 마우스,Genetically Modified Mice,0.628
P0255,technique,6,RNA 치료제·siRNA,RNA Therapeutics,0.483
P0255,technique,7,웨스턴블롯,Western Blot,0.364
P0255,technique,8,항체 개발,Antibody Engineering,0.195
P0751,keyword,1,fibro-adipogenic progenitors,fibro-adipogenic progenitors,101.648
P0751,keyword,2,neuromuscular junction maturation,neuromuscular junction maturation,56.614
P0751,keyword,3,SMN protein,SMN protein,55.872
P0751,keyword,4,spinal muscular atrophy,spinal muscular atrophy,47.693
P0751,keyword,5,mesenchymal progenitor cells,mesenchymal progenitor cells,46.911
P0751,keyword,6,GFRA1,GFRA1,42.176
P0751,keyword,7,RET receptor,RET receptor,35.916
P0751,keyword,8,IGF signaling,IGF signaling,33.48
P0751,keyword,9,neurotransmitter release,neurotransmitter release,32.249
P0751,keyword,10,Remyelination,Remyelination,30.782
P0751,keyword,11,peripheral nerve injury,peripheral nerve injury,28.934
P0751,keyword,12,muscle stem cells,muscle stem cells,28.81
P0751,technique,1,단일세포 분석,Single-cell Analysis,10.96
P0751,technique,2,유전자변형 마우스,Genetically Modified Mice,5.826
P0751,technique,3,오가노이드,Organoids,3.334
P0751,technique,4,줄기세포·iPSC,Stem Cells / iPSC,2.108
P0751,technique,5,RNA-seq·전사체,RNA-seq / Transcriptomics,1.389
P0751,technique,6,제브라피시,Zebrafish,0.684
P0751,technique,7,웨스턴블롯,Western Blot,0.566
P0751,technique,8,초파리,Drosophila,0.539
P0605,keyword,1,Coronavirus Infections,Coronavirus Infections,3.838
P0605,keyword,2,Middle East respiratory syndrome coronavirus,Middle East respiratory syndrome coronavirus,3.429
P0605,keyword,3,Betacoronavirus,Betacoronavirus,3.013
P0605,keyword,4,Stenotrophomonas maltophilia,Stenotrophomonas maltophilia,2.95
P0605,keyword,5,Poisson regression,Poisson regression,2.443
P0605,keyword,6,nafamostat,nafamostat,2.422
P0605,keyword,7,Per capita,Per capita,2.391
P0605,keyword,8,COVID-19 pneumonia,COVID-19 pneumonia,2.358
P0605,keyword,9,oxygen therapy,oxygen therapy,2.233
P0605,keyword,10,Benzamidines,Benzamidines,2.176
P0605,keyword,11,COVID-19,COVID-19,2.146
P0605,keyword,12,MERS-CoV,MERS-CoV,2.079
P0605,technique,1,qPCR,Real-time PCR,0.425
P0704,keyword,1,Carfilzomib,Carfilzomib,21.975
P0704,keyword,2,amphiregulin,amphiregulin,20.516
P0704,keyword,3,OATP1B3,OATP1B3,18.479
P0704,keyword,4,Ectodomain,Ectodomain,16.785
P0704,keyword,5,Proteasome Inhibitors,Proteasome Inhibitors,14.749
P0704,keyword,6,Oligopeptides,Oligopeptides,12.389
P0704,keyword,7,pharmacokinetics,pharmacokinetics,10.506
P0704,keyword,8,Bortezomib,Bortezomib,9.999
P0704,keyword,9,Solute Carrier Organic Anion Transporter Family Member 1B3,Solute Carrier Organic Anion Transporter Family Member 1B3,8.36
P0704,keyword,10,Proteasome inhibitor,Proteasome inhibitor,8.225
P0704,keyword,11,SLCO1B3,SLCO1B3,7.994
P0704,keyword,12,Multiple Myeloma,Multiple Myeloma,7.84
P0704,technique,1,나노입자·약물전달,Nanoparticles / Drug Delivery,4.683
P0704,technique,2,질량분석,Mass Spectrometry,3.753
P0704,technique,3,qPCR,Real-time PCR,2.784
P0704,technique,4,생물정보·계산생물,Bioinformatics,1.167
P0704,technique,5,RNA 치료제·siRNA,RNA Therapeutics,1.132
P0704,technique,6,ELISA,ELISA,0.816
P0704,technique,7,분자도킹·시뮬레이션,Molecular Docking / Dynamics,0.801
P0704,technique,8,면역조직화학,Immunohistochemistry,0.765
P0961,keyword,1,NFATc1,NFATc1,18.439
P0961,keyword,2,RANKL,RANKL,17.831
P0961,keyword,3,osteoclastogenesis,osteoclastogenesis,17.573
P0961,keyword,4,Osteoporosis,Osteoporosis,17.189
P0961,keyword,5,Ovariectomy,Ovariectomy,14.364
P0961,keyword,6,Cathepsin K,Cathepsin K,13.715
P0961,keyword,7,Bone Resorption,Bone Resorption,12.573
P0961,keyword,8,DC-STAMP,DC-STAMP,8.959
P0961,keyword,9,Menopause,Menopause,7.783
P0961,keyword,10,Astragalus Plant,Astragalus Plant,7.716
P0961,keyword,11,RANK Ligand,RANK Ligand,7.179
P0961,keyword,12,Osteoclasts,Osteoclasts,7.124
P0961,technique,1,RNA-seq·전사체,RNA-seq / Transcriptomics,0.706
P0961,technique,2,대사체·지질체,Metabolomics / Lipidomics,0.6
P0961,technique,3,질량분석,Mass Spectrometry,0.425
P0961,technique,4,qPCR,Real-time PCR,0.322
P0961,technique,5,생물정보·계산생물,Bioinformatics,0.054
P0261,keyword,1,Aspiculuris tetraptera,Aspiculuris tetraptera,7.329
P0261,keyword,2,environmental decontamination,environmental decontamination,6.456
P0261,keyword,3,anthelmintic treatment,anthelmintic treatment,6.12
P0261,keyword,4,Enterobiasis,Enterobiasis,5.334
P0261,keyword,5,immunodeficient mice,immunodeficient mice,4.45
P0261,keyword,6,ivermectin,ivermectin,4.436
P0261,keyword,7,genetically engineered mouse models,genetically engineered mouse models,4.386
P0261,keyword,8,laboratory mouse colonies,laboratory mouse colonies,2.362
P0674,keyword,1,Sumoylation,Sumoylation,22.841
P0674,keyword,2,replicative lifespan,replicative lifespan,12.845
P0674,keyword,3,Saccharomyces cerevisiae,Saccharomyces cerevisiae,12.586
P0674,keyword,4,Saccharomyces cerevisiae Proteins,Saccharomyces cerevisiae Proteins,10.599
P0674,keyword,5,SUMO protein,SUMO protein,10.17
P0674,keyword,6,histone ubiquitination,histone ubiquitination,9.732
P0674,keyword,7,in vitro evolution,in vitro evolution,9.322
P0674,keyword,8,SUMO conjugation,SUMO conjugation,8.975
P0674,keyword,9,Ubc9,Ubc9,8.59
P0674,keyword,10,Histones,Histones,8.407
P0674,keyword,11,"Gene Expression Regulation, Fungal","Gene Expression Regulation, Fungal",8.376
P0674,keyword,12,histone modifications,histone modifications,8.164
P0674,technique,1,RNA-seq·전사체,RNA-seq / Transcriptomics,1.711
P0674,technique,2,나노입자·약물전달,Nanoparticles / Drug Delivery,0.708
P0674,technique,3,생물정보·계산생물,Bioinformatics,0.62
P0656,keyword,1,etafilcon A,etafilcon A,13.046
P0656,keyword,2,optometrists,optometrists,10.929
P0656,keyword,3,Contact Lenses,Contact Lenses,10.539
P0656,keyword,4,Dimethyl phthalate,Dimethyl phthalate,10.488
P0656,keyword,5,Paracoccus denitrificans,Paracoccus denitrificans,8.678
P0656,keyword,6,diethyl phthalate,diethyl phthalate,8.0
P0656,keyword,7,Biomedical Research,Biomedical Research,7.241
P0656,keyword,8,myopia,myopia,6.561
P0656,keyword,9,Copper protein,Copper protein,6.455
P0656,keyword,10,national health policy,national health policy,6.431
P0656,keyword,11,pH dependence,pH dependence,6.404
P0656,keyword,12,Oxidoreductases Acting on CH-NH Group Donors,Oxidoreductases Acting on CH-NH Group Donors,6.287
P0656,technique,1,제브라피시,Zebrafish,2.582
P0656,technique,2,하이드로젤·스캐폴드,Hydrogels / Scaffolds,2.43
P0656,technique,3,X선 결정학·구조분석,X-ray Crystallography,0.841
P0656,technique,4,생물정보·계산생물,Bioinformatics,0.084
P0173,keyword,1,Soil Microbiology,Soil Microbiology,80.803
P0173,keyword,2,Base Composition,Base Composition,65.949
P0173,keyword,3,Bacterial Typing Techniques,Bacterial Typing Techniques,63.035
P0173,keyword,4,Phylogeny,Phylogeny,53.32
P0173,keyword,5,"RNA, Ribosomal, 16S","RNA, Ribosomal, 16S",52.351
P0173,keyword,6,Nucleic Acid Hybridization,Nucleic Acid Hybridization,50.418
P0173,keyword,7,Skin Aging,Skin Aging,48.356
P0173,keyword,8,photoaging,photoaging,44.789
P0173,keyword,9,"DNA, Bacterial","DNA, Bacterial",44.53
P0173,keyword,10,Rhizosphere,Rhizosphere,43.241
P0173,keyword,11,Fatty Acids,Fatty Acids,42.856
P0173,keyword,12,Ultraviolet Rays,Ultraviolet Rays,41.309
P0173,technique,1,나노입자·약물전달,Nanoparticles / Drug Delivery,5.356
P0173,technique,2,분자도킹·시뮬레이션,Molecular Docking / Dynamics,3.491
P0173,technique,3,줄기세포·iPSC,Stem Cells / iPSC,2.479
P0173,technique,4,대사체·지질체,Metabolomics / Lipidomics,2.119
P0173,technique,5,웨스턴블롯,Western Blot,2.057
P0173,technique,6,전자현미경,Electron Microscopy,1.463
P0173,technique,7,생물정보·계산생물,Bioinformatics,1.081
P0173,technique,8,질량분석,Mass Spectrometry,0.756
P0392,keyword,1,Laryngoscopes,Laryngoscopes,7.047
P0392,keyword,2,preoperative frailty,preoperative frailty,5.337
P0392,keyword,3,Edmonton Frail Scale,Edmonton Frail Scale,5.05
P0392,keyword,4,cervical spine immobilization,cervical spine immobilization,5.001
P0392,keyword,5,cervical collar,cervical collar,4.435
P0392,keyword,6,intubation time,intubation time,4.399
P0392,keyword,7,post-induction hypotension,post-induction hypotension,4.372
P0392,keyword,8,Hydroxyethyl Starch Derivatives,Hydroxyethyl Starch Derivatives,4.349
P0392,keyword,9,major abdominal surgery,major abdominal surgery,4.172
P0392,keyword,10,difficult airway,difficult airway,4.137
P0392,keyword,11,Macintosh blade,Macintosh blade,4.103
P0392,keyword,12,hypotension,hypotension,3.877
P0392,technique,1,임상시험,Clinical Trials,0.386
P0506,keyword,1,epididymal adipose tissue,epididymal adipose tissue,12.49
P0506,keyword,2,postnatal development,postnatal development,11.515
P0506,keyword,3,Flutamide,Flutamide,8.567
P0506,keyword,4,oocyte activation,oocyte activation,8.463
P0506,keyword,5,cytochrome P450 aromatase,cytochrome P450 aromatase,8.386
P0506,keyword,6,Epididymis,Epididymis,7.327
P0506,keyword,7,Estrogen receptor beta,Estrogen receptor beta,6.791
P0506,keyword,8,Steroidogenic Acute Regulatory Protein,Steroidogenic Acute Regulatory Protein,6.666
P0506,keyword,9,Estradiol benzoate,Estradiol benzoate,6.333
P0506,keyword,10,peri-implantation development,peri-implantation development,6.255
P0506,keyword,11,Oocytes,Oocytes,6.184
P0506,keyword,12,extraembryonic mesoderm,extraembryonic mesoderm,6.033
P0506,technique,1,줄기세포·iPSC,Stem Cells / iPSC,0.736
P0506,technique,2,유전자변형 마우스,Genetically Modified Mice,0.575
P0506,technique,3,qPCR,Real-time PCR,0.419
P0506,technique,4,전기생리,Electrophysiology,0.409
P0506,technique,5,면역조직화학,Immunohistochemistry,0.301
P0506,technique,6,종양 이종이식 모델,Xenograft Models,0.291
P0506,technique,7,생물정보·계산생물,Bioinformatics,0.058
P0440,keyword,1,mast cell density,mast cell density,5.806
P0440,keyword,2,cathelicidin LL-37,cathelicidin LL-37,5.747
P0440,keyword,3,Dermatology,Dermatology,5.164
P0440,keyword,4,Rosacea,Rosacea,4.781
P0440,keyword,5,rosacea pathogenesis,rosacea pathogenesis,4.167
P0440,keyword,6,inflammatory mediators,inflammatory mediators,3.086
P0440,keyword,7,Dermatofibroma,Dermatofibroma,2.873
P0440,keyword,8,"Dermatitis, Allergic Contact","Dermatitis, Allergic Contact",2.78
P0440,keyword,9,herbal products,herbal products,2.643
P0440,keyword,10,poikiloderma of Civatte,poikiloderma of Civatte,2.46
P0440,keyword,11,epidermal atrophy,epidermal atrophy,2.394
P0440,keyword,12,metal allergy,metal allergy,2.371
P0440,technique,1,면역조직화학,Immunohistochemistry,0.735
P0440,technique,2,제브라피시,Zebrafish,0.178
P0018,keyword,1,metabolic engineering,metabolic engineering,8.022
P0018,keyword,2,nanobodies,nanobodies,7.157
P0018,keyword,3,Single-Domain Antibodies,Single-Domain Antibodies,5.817
P0018,keyword,4,Angiotensin-Converting Enzyme 2,Angiotensin-Converting Enzyme 2,5.611
P0018,keyword,5,"Gene Expression Regulation, Bacterial","Gene Expression Regulation, Bacterial",4.441
P0018,keyword,6,spike protein receptor-binding domain,spike protein receptor-binding domain,4.384
P0018,keyword,7,Polyhydroxybutyrates,Polyhydroxybutyrates,4.104
P0018,keyword,8,Escherichia coli,Escherichia coli,4.055
P0018,keyword,9,synthetic biology,synthetic biology,3.927
P0018,keyword,10,Protein Biosynthesis,Protein Biosynthesis,3.901
P0018,keyword,11,hACE2,hACE2,3.782
P0018,keyword,12,virus neutralization,virus neutralization,3.753
P0018,technique,1,MRI·PET 영상,MRI / PET Imaging,0.36
P0018,technique,2,생물정보·계산생물,Bioinformatics,0.248
P0018,technique,3,질량분석,Mass Spectrometry,0.222
P0557,keyword,1,"Gene Expression Regulation, Plant","Gene Expression Regulation, Plant",17.217
P0557,keyword,2,elf18,elf18,15.723
P0557,keyword,3,TGA1,TGA1,14.658
P0557,keyword,4,TGA transcription factors,TGA transcription factors,12.869
P0557,keyword,5,Mediator Complex,Mediator Complex,12.565
P0557,keyword,6,Plant Immunity,Plant Immunity,10.258
P0557,keyword,7,Oryza,Oryza,10.166
P0557,keyword,8,"Plants, Genetically Modified","Plants, Genetically Modified",10.032
P0557,keyword,9,"Transcription Factors, General","Transcription Factors, General",9.358
P0557,keyword,10,plant proteins,plant proteins,9.072
P0557,keyword,11,"RNA, Long Noncoding","RNA, Long Noncoding",9.036
P0557,keyword,12,Droughts,Droughts,7.858
P0557,technique,1,애기장대·식물 모델,Arabidopsis,20.172
P0557,technique,2,CRISPR 유전자편집,CRISPR Gene Editing,2.081
P0557,technique,3,후성유전 분석,Epigenomics (ChIP/ATAC-seq),1.448
P0557,technique,4,차세대 시퀀싱(NGS),Next-generation Sequencing,1.371
P0557,technique,5,생물정보·계산생물,Bioinformatics,0.798
P0557,technique,6,RNA-seq·전사체,RNA-seq / Transcriptomics,0.785
P0935,keyword,1,Vibrio vulnificus,Vibrio vulnificus,37.125
P0935,keyword,2,"Gene Expression Regulation, Bacterial","Gene Expression Regulation, Bacterial",10.723
P0935,keyword,3,deoxycytidylate deaminase,deoxycytidylate deaminase,9.916
P0935,keyword,4,Bacterial Proteins,Bacterial Proteins,8.197
P0935,keyword,5,Quorum Sensing,Quorum Sensing,7.976
P0935,keyword,6,Homeobox Protein Nkx-2.5,Homeobox Protein Nkx-2.5,7.918
P0935,keyword,7,Biofilms,Biofilms,6.46
P0935,keyword,8,Biofilm,Biofilm,6.197
P0935,keyword,9,two-component systems,two-component systems,6.077
P0935,keyword,10,Flagella,Flagella,5.224
P0935,keyword,11,Vibrio,Vibrio,4.709
P0935,keyword,12,Flagellum,Flagellum,4.639
P0935,technique,1,유전자변형 마우스,Genetically Modified Mice,1.453
P0935,technique,2,후성유전 분석,Epigenomics (ChIP/ATAC-seq),0.633
P0935,technique,3,전자현미경,Electron Microscopy,0.601
P0935,technique,4,웨스턴블롯,Western Blot,0.442
P0935,technique,5,RNA-seq·전사체,RNA-seq / Transcriptomics,0.393
P0935,technique,6,제브라피시,Zebrafish,0.258
P0935,technique,7,X선 결정학·구조분석,X-ray Crystallography,0.213
P0935,technique,8,항체 개발,Antibody Engineering,0.193
P0026,keyword,1,cancer immunotherapy,cancer immunotherapy,17.008
P0026,keyword,2,Neoplasms,Neoplasms,14.775
P0026,keyword,3,Immunotherapy,Immunotherapy,13.433
P0026,keyword,4,tumor microenvironment,tumor microenvironment,12.912
P0026,keyword,5,photodynamic therapy,photodynamic therapy,11.909
P0026,keyword,6,Electroporation,Electroporation,11.193
P0026,keyword,7,Photochemotherapy,Photochemotherapy,10.644
P0026,keyword,8,Phospholipid Hydroperoxide Glutathione Peroxidase,Phospholipid Hydroperoxide Glutathione Peroxidase,10.545
P0026,keyword,9,Radiation-Sensitizing Agents,Radiation-Sensitizing Agents,10.444
P0026,keyword,10,magnesium hydroxide,magnesium hydroxide,10.22
P0026,keyword,11,Irreversible electroporation,Irreversible electroporation,10.065
P0026,keyword,12,CAR-NK cells,CAR-NK cells,9.866
P0026,technique,1,나노입자·약물전달,Nanoparticles / Drug Delivery,33.059
P0026,technique,2,CAR-T·입양세포치료,CAR-T / Adoptive Cell Therapy,14.188
P0026,technique,3,RNA 치료제·siRNA,RNA Therapeutics,6.911
P0026,technique,4,조직공학·바이오프린팅,Tissue Engineering / Bioprinting,6.061
P0026,technique,5,줄기세포·iPSC,Stem Cells / iPSC,3.726
P0026,technique,6,하이드로젤·스캐폴드,Hydrogels / Scaffolds,2.856
P0026,technique,7,MRI·PET 영상,MRI / PET Imaging,2.509
P0026,technique,8,종양 이종이식 모델,Xenograft Models,1.388
P1066,keyword,1,Child and adolescent psychiatry,Child and adolescent psychiatry,1.121
P1066,keyword,2,Psychiatric hospital,Psychiatric hospital,0.954
P1066,keyword,3,Korean adaptation,Korean adaptation,0.66
P1066,keyword,4,"Burnout, Professional","Burnout, Professional",0.637
P1066,keyword,5,Period (music),Period (music),0.607
P1066,keyword,6,mental health screening,mental health screening,0.586
P1066,keyword,7,cut-off values,cut-off values,0.527
P1066,keyword,8,Child Rearing,Child Rearing,0.523
P1066,keyword,9,Empathy,Empathy,0.467
P1066,keyword,10,Depersonalization,Depersonalization,0.451
P1066,keyword,11,Internship and Residency,Internship and Residency,0.365
P1066,keyword,12,Marriage,Marriage,0.365
P0750,keyword,1,Intrinsically Disordered Proteins,Intrinsically Disordered Proteins,14.153
P0750,keyword,2,intrinsically disordered regions,intrinsically disordered regions,12.772
P0750,keyword,3,line shape analysis,line shape analysis,8.488
P0750,keyword,4,Nuclear pore,Nuclear pore,6.957
P0750,keyword,5,protein-protein binding affinity,protein-protein binding affinity,6.848
P0750,keyword,6,chemical shift perturbation,chemical shift perturbation,6.129
P0750,keyword,7,Isothermal titration calorimetry,Isothermal titration calorimetry,5.778
P0750,keyword,8,Nuclear Pore Complex Proteins,Nuclear Pore Complex Proteins,5.575
P0750,keyword,9,distribution coefficient,distribution coefficient,5.467
P0750,keyword,10,Nuclear transport,Nuclear transport,5.203
P0750,keyword,11,Autophagy-Related Protein 8 Family,Autophagy-Related Protein 8 Family,4.762
P0750,keyword,12,conditional probability model,conditional probability model,4.266
P0750,technique,1,생물정보·계산생물,Bioinformatics,0.479
P0750,technique,2,X선 결정학·구조분석,X-ray Crystallography,0.302
P0191,keyword,1,phase singularities,phase singularities,3.206
P0191,keyword,2,Circadian Clocks,Circadian Clocks,3.014
P0191,keyword,3,Connectome,Connectome,2.941
P0191,keyword,4,phase coherence,phase coherence,2.779
P0191,keyword,5,Biological Clocks,Biological Clocks,2.372
P0191,keyword,6,afferent connections,afferent connections,2.348
P0191,keyword,7,Suprachiasmatic nucleus,Suprachiasmatic nucleus,2.275
P0191,keyword,8,beta distribution,beta distribution,2.129
P0191,keyword,9,phase resetting,phase resetting,1.995
P0191,keyword,10,Action Potentials,Action Potentials,1.376
P0191,keyword,11,Circadian Rhythm,Circadian Rhythm,1.285
P0191,keyword,12,Network topology,Network topology,0.987
P0683,keyword,1,volatile aromatic compounds,volatile aromatic compounds,28.913
P0683,keyword,2,Wickerhamomyces anomalus,Wickerhamomyces anomalus,23.32
P0683,keyword,3,co-fermentation,co-fermentation,21.939
P0683,keyword,4,sensory evaluation,sensory evaluation,18.943
P0683,keyword,5,total phenolic compounds,total phenolic compounds,18.442
P0683,keyword,6,Hanseniaspora uvarum,Hanseniaspora uvarum,17.138
P0683,keyword,7,ale beer,ale beer,17.049
P0683,keyword,8,Saccharomyces cerevisiae,Saccharomyces cerevisiae,16.576
P0683,keyword,9,non-Saccharomyces yeasts,non-Saccharomyces yeasts,15.689
P0683,keyword,10,beer color,beer color,15.582
P0683,keyword,11,grape juice,grape juice,15.377
P0683,keyword,12,beer fermentation,beer fermentation,13.678
P0683,technique,1,질량분석,Mass Spectrometry,2.436
P0735,keyword,1,zero liquid discharge,zero liquid discharge,13.021
P0735,keyword,2,dielectric spectra,dielectric spectra,10.172
P0735,keyword,3,Fredholm integral equation of the first kind,Fredholm integral equation of the first kind,9.885
P0735,keyword,4,amoebae,amoebae,9.815
P0735,keyword,5,Supercritical fluid,Supercritical fluid,9.805
P0735,keyword,6,electrode polarization,electrode polarization,9.722
P0735,keyword,7,complex permittivity,complex permittivity,9.721
P0735,keyword,8,critical raw materials recovery,critical raw materials recovery,9.515
P0735,keyword,9,water-salt interaction,water-salt interaction,9.471
P0735,keyword,10,open-ended coaxial probe,open-ended coaxial probe,9.459
P0735,keyword,11,spatio-temporal correlation,spatio-temporal correlation,8.775
P0735,keyword,12,Equation of state,Equation of state,8.31
P0735,technique,1,분자도킹·시뮬레이션,Molecular Docking / Dynamics,5.271
P0735,technique,2,머신러닝·AI,Machine Learning / AI,2.475
P0735,technique,3,나노입자·약물전달,Nanoparticles / Drug Delivery,0.364
P0735,technique,4,전자현미경,Electron Microscopy,0.215
P1009,keyword,1,ribotoxic stress response,ribotoxic stress response,16.338
P1009,keyword,2,Ribosomes,Ribosomes,13.793
P1009,keyword,3,social plasticity,social plasticity,13.135
P1009,keyword,4,ribosome collisions,ribosome collisions,11.889
P1009,keyword,5,Circadian Rhythm,Circadian Rhythm,10.469
P1009,keyword,6,inbred strains,inbred strains,9.028
P1009,keyword,7,C9orf72,C9orf72,8.288
P1009,keyword,8,Proteostasis,Proteostasis,8.09
P1009,keyword,9,Protein Biosynthesis,Protein Biosynthesis,7.974
P1009,keyword,10,early life experience,early life experience,7.69
P1009,keyword,11,ribosome-associated quality control,ribosome-associated quality control,7.424
P1009,keyword,12,Proto-Oncogene Proteins c-abl,Proto-Oncogene Proteins c-abl,7.417
P1009,technique,1,초파리,Drosophila,20.595
P1009,technique,2,유세포분석,Flow Cytometry,1.94
P1009,technique,3,RNA-seq·전사체,RNA-seq / Transcriptomics,0.822
P1009,technique,4,RNA 치료제·siRNA,RNA Therapeutics,0.323
P1009,technique,5,생물정보·계산생물,Bioinformatics,0.268
P0236,keyword,1,Norovirus,Norovirus,62.258
P0236,keyword,2,Hepatitis a virus,Hepatitis a virus,43.164
P0236,keyword,3,Murine norovirus,Murine norovirus,35.563
P0236,keyword,4,foodborne viruses,foodborne viruses,26.751
P0236,keyword,5,Food Microbiology,Food Microbiology,24.215
P0236,keyword,6,Food Contamination,Food Contamination,22.427
P0236,keyword,7,Food Safety,Food Safety,20.627
P0236,keyword,8,Chlorine Compounds,Chlorine Compounds,20.375
P0236,keyword,9,Peracetic Acid,Peracetic Acid,20.222
P0236,keyword,10,Hepatitis E virus,Hepatitis E virus,17.748
P0236,keyword,11,murine norovirus 1,murine norovirus 1,16.927
P0236,keyword,12,Rotavirus,Rotavirus,16.174
P0236,technique,1,차세대 시퀀싱(NGS),Next-generation Sequencing,6.489
P0236,technique,2,qPCR,Real-time PCR,6.255
P0236,technique,3,면역조직화학,Immunohistochemistry,2.698
P0236,technique,4,ELISA,ELISA,0.995
P0236,technique,5,RNA 치료제·siRNA,RNA Therapeutics,0.606
P0236,technique,6,질량분석,Mass Spectrometry,0.597
P0236,technique,7,유전자변형 마우스,Genetically Modified Mice,0.544
P0236,technique,8,생물정보·계산생물,Bioinformatics,0.143
P0219,keyword,1,"Lupus Erythematosus, Systemic","Lupus Erythematosus, Systemic",23.612
P0219,keyword,2,systemic lupus erythematosus,systemic lupus erythematosus,23.496
P0219,keyword,3,Pregnancy Outcome,Pregnancy Outcome,15.147
P0219,keyword,4,Hydroxychloroquine,Hydroxychloroquine,14.288
P0219,keyword,5,Antirheumatic Agents,Antirheumatic Agents,13.106
P0219,keyword,6,older adults,older adults,12.654
P0219,keyword,7,nursing students,nursing students,10.997
P0219,keyword,8,Chronic pain,Chronic pain,10.087
P0219,keyword,9,mycophenolate mofetil,mycophenolate mofetil,9.778
P0219,keyword,10,immunosuppressants,immunosuppressants,9.646
P0219,keyword,11,comorbidities,comorbidities,9.307
P0219,keyword,12,Stillbirth,Stillbirth,9.187
P0219,technique,1,엑소좀·세포외소포,Exosomes / EVs,3.298
P0219,technique,2,줄기세포·iPSC,Stem Cells / iPSC,2.696
P0219,technique,3,RNA 치료제·siRNA,RNA Therapeutics,1.492
P0219,technique,4,MRI·PET 영상,MRI / PET Imaging,1.076
P0219,technique,5,단일세포 분석,Single-cell Analysis,1.072
P0219,technique,6,RNA-seq·전사체,RNA-seq / Transcriptomics,1.018
P0219,technique,7,qPCR,Real-time PCR,0.712
P0219,technique,8,항체 개발,Antibody Engineering,0.646
P0287,keyword,1,elexacaftor/tezacaftor/ivacaftor,elexacaftor/tezacaftor/ivacaftor,34.033
P0287,keyword,2,Cystic Fibrosis,Cystic Fibrosis,33.829
P0287,keyword,3,Aminophenols,Aminophenols,29.644
P0287,keyword,4,physiologically based pharmacokinetic modeling,physiologically based pharmacokinetic modeling,27.339
P0287,keyword,5,Ivacaftor,Ivacaftor,26.824
P0287,keyword,6,Chloride Channel Agonists,Chloride Channel Agonists,22.599
P0287,keyword,7,Benzodioxoles,Benzodioxoles,20.472
P0287,keyword,8,CFTR modulators,CFTR modulators,19.485
P0287,keyword,9,Cystic Fibrosis Transmembrane Conductance Regulator,Cystic Fibrosis Transmembrane Conductance Regulator,16.459
P0287,keyword,10,Quinolones,Quinolones,14.97
P0287,keyword,11,CFTR modulator therapy,CFTR modulator therapy,11.931
P0287,keyword,12,drug-drug interactions,drug-drug interactions,11.103
P0267,keyword,1,dentate gyrus,dentate gyrus,15.168
P0267,keyword,2,Gerbillinae,Gerbillinae,15.067
P0267,keyword,3,Hippocampus,Hippocampus,13.642
P0267,keyword,4,Neurogenesis,Neurogenesis,9.905
P0267,keyword,5,doublecortin,doublecortin,9.234
P0267,keyword,6,Neuroblast,Neuroblast,8.921
P0267,keyword,7,Gerbil,Gerbil,8.79
P0267,keyword,8,Doublecortin Protein,Doublecortin Protein,8.715
P0267,keyword,9,spinal cord ischemia,spinal cord ischemia,8.043
P0267,keyword,10,neuroprotection,neuroprotection,7.823
P0267,keyword,11,Neuroprotective Agents,Neuroprotective Agents,7.751
P0267,keyword,12,Hippocampal formation,Hippocampal formation,7.647
P0267,technique,1,면역조직화학,Immunohistochemistry,1.988
P0267,technique,2,웨스턴블롯,Western Blot,1.477
P0267,technique,3,MRI·PET 영상,MRI / PET Imaging,0.824
P0267,technique,4,나노입자·약물전달,Nanoparticles / Drug Delivery,0.733
P0267,technique,5,단백체,Proteomics,0.513
P0267,technique,6,종양 이종이식 모델,Xenograft Models,0.458
P0267,technique,7,유전자변형 마우스,Genetically Modified Mice,0.335
P0267,technique,8,생물정보·계산생물,Bioinformatics,0.214
P0263,keyword,1,DC-SIGN,DC-SIGN,15.061
P0263,keyword,2,DC-Specific ICAM-3 Grabbing Nonintegrin,DC-Specific ICAM-3 Grabbing Nonintegrin,14.262
P0263,keyword,3,"Lectins, C-Type","Lectins, C-Type",9.416
P0263,keyword,4,"Immunoglobulins, Intravenous","Immunoglobulins, Intravenous",7.937
P0263,keyword,5,Interleukin-10,Interleukin-10,7.34
P0263,keyword,6,maternal-fetal interface,maternal-fetal interface,6.342
P0263,keyword,7,"Receptors, Cell Surface","Receptors, Cell Surface",5.402
P0263,keyword,8,Cell Adhesion Molecules,Cell Adhesion Molecules,5.309
P0263,keyword,9,intravenous immunoglobulin,intravenous immunoglobulin,5.209
P0263,keyword,10,Preeclampsia,Preeclampsia,4.948
P0263,keyword,11,viral infection in pregnancy,viral infection in pregnancy,4.903
P0263,keyword,12,M2 macrophage phenotype,M2 macrophage phenotype,4.716
P0263,technique,1,질량분석,Mass Spectrometry,1.351
P0263,technique,2,나노입자·약물전달,Nanoparticles / Drug Delivery,1.088
P0263,technique,3,유전자변형 마우스,Genetically Modified Mice,0.585
P0263,technique,4,항체 개발,Antibody Engineering,0.208
P0263,technique,5,웨스턴블롯,Western Blot,0.145
P0263,technique,6,면역조직화학,Immunohistochemistry,0.108
P0381,keyword,1,Tinnitus,Tinnitus,26.464
P0381,keyword,2,Hyperacusis,Hyperacusis,18.614
P0381,keyword,3,structured data extraction,structured data extraction,12.238
P0381,keyword,4,synthetic benchmark,synthetic benchmark,10.006
P0381,keyword,5,Tinnitus Handicap Inventory,Tinnitus Handicap Inventory,9.879
P0381,keyword,6,"Hearing Loss, Sudden","Hearing Loss, Sudden",8.901
P0381,keyword,7,tinnitus loudness,tinnitus loudness,8.395
P0381,keyword,8,Gamma Rhythm,Gamma Rhythm,7.487
P0381,keyword,9,Delta Rhythm,Delta Rhythm,7.142
P0381,keyword,10,Acoustic Impedance Tests,Acoustic Impedance Tests,7.142
P0381,keyword,11,loudness discomfort level,loudness discomfort level,6.943
P0381,keyword,12,"Audiometry, Pure-Tone","Audiometry, Pure-Tone",6.874
P0128,keyword,1,environmental response,environmental response,1.193
P0128,keyword,2,Chromosome conformation capture,Chromosome conformation capture,1.191
P0128,keyword,3,cis-regulatory elements,cis-regulatory elements,0.832
P0128,keyword,4,chromatin accessibility,chromatin accessibility,0.68
P0128,keyword,5,Plant Development,Plant Development,0.455
P0128,keyword,6,Gene Expression Regulation,Gene Expression Regulation,0.223
P0394,keyword,1,estrogen receptor status,estrogen receptor status,6.688
P0394,keyword,2,metastatic breast cancer,metastatic breast cancer,6.402
P0394,keyword,3,Breast Neoplasms,Breast Neoplasms,5.853
P0394,keyword,4,overall survival,overall survival,5.795
P0394,keyword,5,breast cancer,breast cancer,5.777
P0394,keyword,6,"Mastectomy, Segmental","Mastectomy, Segmental",5.173
P0394,keyword,7,middle-aged patients,middle-aged patients,4.721
P0394,keyword,8,Sentinel Lymph Node Biopsy,Sentinel Lymph Node Biopsy,4.652
P0394,keyword,9,Breast Implants,Breast Implants,4.624
P0394,keyword,10,Breast-conserving surgery,Breast-conserving surgery,4.489
P0394,keyword,11,Nipples,Nipples,4.438
P0394,keyword,12,Bone metastasis,Bone metastasis,4.286
P0394,technique,1,MRI·PET 영상,MRI / PET Imaging,1.662
P0394,technique,2,임상시험,Clinical Trials,0.396
P0394,technique,3,생물정보·계산생물,Bioinformatics,0.156
