relationship_id,professor_a_id,professor_b_id,relationship_type,collaboration_paper_count,evidence_url,verified,notes,collaboration_strength,first_year,last_year
AUTO000001,P0002,P0008,collaboration,45,,auto,OpenAlex coauthorship between confirmed professors,7.808,2009,2026
AUTO000002,P0002,P0010,collaboration,17,,auto,OpenAlex coauthorship between confirmed professors,1.958,2012,2025
AUTO000003,P0002,P0012,collaboration,6,,auto,OpenAlex coauthorship between confirmed professors,0.651,2012,2015
AUTO000004,P0002,P0015,collaboration,15,,auto,OpenAlex coauthorship between confirmed professors,2.164,2011,2025
AUTO000005,P0002,P0018,collaboration,13,,auto,OpenAlex coauthorship between confirmed professors,3.016,2020,2026
AUTO000006,P0002,P0023,collaboration,7,,auto,OpenAlex coauthorship between confirmed professors,0.511,2010,2014
AUTO000007,P0002,P0063,collaboration,2,,auto,OpenAlex coauthorship between confirmed professors,0.388,2025,2026
AUTO000008,P0002,P1117,collaboration,2,,auto,OpenAlex coauthorship between confirmed professors,0.183,2023,2026
AUTO000009,P0002,P1248,collaboration,6,,auto,OpenAlex coauthorship between confirmed professors,0.7,2017,2026
AUTO000010,P0006,P0009,collaboration,8,,auto,OpenAlex coauthorship between confirmed professors,0.796,2020,2024
AUTO000011,P0006,P0013,collaboration,42,,auto,OpenAlex coauthorship between confirmed professors,1.839,2002,2025
AUTO000012,P0006,P0014,collaboration,27,,auto,OpenAlex coauthorship between confirmed professors,0.719,2002,2022
AUTO000013,P0006,P0016,collaboration,30,,auto,OpenAlex coauthorship between confirmed professors,1.779,2006,2026
AUTO000014,P0006,P0020,collaboration,8,,auto,OpenAlex coauthorship between confirmed professors,0.592,2019,2025
AUTO000015,P0006,P0024,collaboration,6,,auto,OpenAlex coauthorship between confirmed professors,0.439,2016,2023
AUTO000016,P0006,P0026,collaboration,2,,auto,OpenAlex coauthorship between confirmed professors,0.182,2024,2024
AUTO000017,P0006,P0027,collaboration,5,,auto,OpenAlex coauthorship between confirmed professors,0.511,2020,2023
AUTO000018,P0006,P0028,collaboration,3,,auto,OpenAlex coauthorship between confirmed professors,0.219,2019,2022
AUTO000019,P0006,P0030,collaboration,3,,auto,OpenAlex coauthorship between confirmed professors,0.152,2014,2023
AUTO000020,P0006,P0031,collaboration,2,,auto,OpenAlex coauthorship between confirmed professors,0.167,2023,2024
AUTO000021,P0006,P0137,collaboration,5,,auto,OpenAlex coauthorship between confirmed professors,0.116,2004,2007
AUTO000022,P0006,P1111,collaboration,14,,auto,OpenAlex coauthorship between confirmed professors,2.031,2016,2025
AUTO000023,P0006,P1138,collaboration,2,,auto,OpenAlex coauthorship between confirmed professors,0.182,2024,2024
AUTO000024,P0006,P1520,collaboration,6,,auto,OpenAlex coauthorship between confirmed professors,0.356,2021,2024
AUTO000025,P0007,P0013,collaboration,7,,auto,OpenAlex coauthorship between confirmed professors,0.108,2005,2014
AUTO000026,P0007,P0014,collaboration,9,,auto,OpenAlex coauthorship between confirmed professors,0.224,2005,2024
AUTO000027,P0007,P0021,collaboration,7,,auto,OpenAlex coauthorship between confirmed professors,0.366,2006,2018
AUTO000028,P0007,P0022,collaboration,5,,auto,OpenAlex coauthorship between confirmed professors,0.178,2007,2015
AUTO000029,P0007,P0030,collaboration,2,,auto,OpenAlex coauthorship between confirmed professors,0.025,2015,2016
AUTO000030,P0007,P0031,collaboration,3,,auto,OpenAlex coauthorship between confirmed professors,0.08,2005,2006
AUTO000031,P0007,P0038,collaboration,7,,auto,OpenAlex coauthorship between confirmed professors,0.515,2015,2019
AUTO000032,P0007,P0228,collaboration,3,,auto,OpenAlex coauthorship between confirmed professors,0.128,2007,2020
AUTO000033,P0007,P0246,collaboration,22,,auto,OpenAlex coauthorship between confirmed professors,2.018,2012,2020
AUTO000034,P0007,P0303,collaboration,3,,auto,OpenAlex coauthorship between confirmed professors,0.23,2013,2017
AUTO000035,P0007,P0355,collaboration,7,,auto,OpenAlex coauthorship between confirmed professors,0.118,2009,2016
AUTO000036,P0007,P0403,collaboration,2,,auto,OpenAlex coauthorship between confirmed professors,0.096,2010,2011
AUTO000037,P0007,P0471,collaboration,4,,auto,OpenAlex coauthorship between confirmed professors,0.153,2005,2005
AUTO000038,P0007,P0480,collaboration,2,,auto,OpenAlex coauthorship between confirmed professors,0.098,2008,2013
AUTO000039,P0007,P0713,collaboration,6,,auto,OpenAlex coauthorship between confirmed professors,0.502,2021,2024
AUTO000040,P0007,P0716,collaboration,7,,auto,OpenAlex coauthorship between confirmed professors,0.515,2015,2019
AUTO000041,P0007,P0718,collaboration,2,,auto,OpenAlex coauthorship between confirmed professors,0.301,2019,2020
AUTO000042,P0007,P0722,collaboration,2,,auto,OpenAlex coauthorship between confirmed professors,0.122,2015,2026
AUTO000043,P0007,P0734,collaboration,2,,auto,OpenAlex coauthorship between confirmed professors,0.101,2011,2014
AUTO000044,P0007,P0740,collaboration,8,,auto,OpenAlex coauthorship between confirmed professors,0.452,2011,2019
AUTO000045,P0007,P0746,collaboration,11,,auto,OpenAlex coauthorship between confirmed professors,0.587,2014,2023
AUTO000046,P0007,P0748,collaboration,6,,auto,OpenAlex coauthorship between confirmed professors,0.415,2012,2022
AUTO000047,P0007,P1124,collaboration,7,,auto,OpenAlex coauthorship between confirmed professors,0.506,2015,2022
AUTO000048,P0007,P1147,collaboration,4,,auto,OpenAlex coauthorship between confirmed professors,0.128,2010,2012
AUTO000049,P0007,P1257,collaboration,35,,auto,OpenAlex coauthorship between confirmed professors,1.312,2003,2013
AUTO000050,P0007,P1359,collaboration,17,,auto,OpenAlex coauthorship between confirmed professors,2.788,2007,2020
AUTO000051,P0007,P1383,collaboration,42,,auto,OpenAlex coauthorship between confirmed professors,2.778,2003,2020
AUTO000052,P0007,P1516,collaboration,3,,auto,OpenAlex coauthorship between confirmed professors,0.144,2008,2011
AUTO000053,P0007,P1526,collaboration,4,,auto,OpenAlex coauthorship between confirmed professors,0.04,2009,2009
AUTO000054,P0007,P1630,collaboration,2,,auto,OpenAlex coauthorship between confirmed professors,0.097,2023,2023
AUTO000055,P0008,P0010,collaboration,9,,auto,OpenAlex coauthorship between confirmed professors,1.008,2013,2024
AUTO000056,P0008,P0012,collaboration,2,,auto,OpenAlex coauthorship between confirmed professors,0.103,2013,2014
AUTO000057,P0008,P0015,collaboration,8,,auto,OpenAlex coauthorship between confirmed professors,1.102,2013,2024
AUTO000058,P0008,P0018,collaboration,6,,auto,OpenAlex coauthorship between confirmed professors,1.451,2021,2025
AUTO000059,P0008,P0023,collaboration,2,,auto,OpenAlex coauthorship between confirmed professors,0.119,2012,2014
AUTO000060,P0009,P0016,collaboration,2,,auto,OpenAlex coauthorship between confirmed professors,0.167,2023,2024
AUTO000061,P0009,P0024,collaboration,2,,auto,OpenAlex coauthorship between confirmed professors,0.18,2020,2023
AUTO000062,P0009,P0027,collaboration,3,,auto,OpenAlex coauthorship between confirmed professors,0.351,2020,2023
AUTO000063,P0009,P0031,collaboration,2,,auto,OpenAlex coauthorship between confirmed professors,0.167,2023,2024
AUTO000064,P0010,P0015,collaboration,7,,auto,OpenAlex coauthorship between confirmed professors,0.911,2013,2025
AUTO000065,P0010,P0018,collaboration,3,,auto,OpenAlex coauthorship between confirmed professors,0.34,2021,2024
AUTO000066,P0010,P1248,collaboration,29,,auto,OpenAlex coauthorship between confirmed professors,3.885,2014,2025
AUTO000067,P0011,P0914,collaboration,3,,auto,OpenAlex coauthorship between confirmed professors,0.15,2017,2017
AUTO000068,P0011,P1155,collaboration,2,,auto,OpenAlex coauthorship between confirmed professors,0.115,2014,2023
AUTO000069,P0011,P1156,collaboration,5,,auto,OpenAlex coauthorship between confirmed professors,0.382,2021,2025
AUTO000070,P0011,P1176,collaboration,8,,auto,OpenAlex coauthorship between confirmed professors,0.368,2013,2020
AUTO000071,P0011,P1199,collaboration,42,,auto,OpenAlex coauthorship between confirmed professors,2.36,2008,2025
AUTO000072,P0011,P1393,collaboration,2,,auto,OpenAlex coauthorship between confirmed professors,0.177,2025,2025
AUTO000073,P0011,P1395,collaboration,3,,auto,OpenAlex coauthorship between confirmed professors,0.677,2025,2026
AUTO000074,P0011,P1413,collaboration,4,,auto,OpenAlex coauthorship between confirmed professors,0.261,2022,2024
AUTO000075,P0011,P1419,collaboration,3,,auto,OpenAlex coauthorship between confirmed professors,0.081,2012,2013
AUTO000076,P0011,P1420,collaboration,5,,auto,OpenAlex coauthorship between confirmed professors,0.296,2020,2024
AUTO000077,P0011,P1421,collaboration,4,,auto,OpenAlex coauthorship between confirmed professors,0.261,2022,2024
AUTO000078,P0011,P1426,collaboration,2,,auto,OpenAlex coauthorship between confirmed professors,0.13,2022,2024
AUTO000079,P0011,P1428,collaboration,5,,auto,OpenAlex coauthorship between confirmed professors,0.296,2020,2024
AUTO000080,P0011,P1444,collaboration,2,,auto,OpenAlex coauthorship between confirmed professors,0.182,2024,2025
AUTO000081,P0011,P1461,collaboration,2,,auto,OpenAlex coauthorship between confirmed professors,0.13,2022,2024
AUTO000082,P0011,P1536,collaboration,2,,auto,OpenAlex coauthorship between confirmed professors,0.177,2024,2025
AUTO000083,P0012,P0215,collaboration,2,,auto,OpenAlex coauthorship between confirmed professors,0.278,2024,2024
AUTO000084,P0012,P1142,collaboration,4,,auto,OpenAlex coauthorship between confirmed professors,0.511,2020,2022
AUTO000085,P0012,P1360,collaboration,7,,auto,OpenAlex coauthorship between confirmed professors,1.645,2022,2025
AUTO000086,P0013,P0014,collaboration,262,,auto,OpenAlex coauthorship between confirmed professors,12.225,2000,2025
AUTO000087,P0013,P0016,collaboration,27,,auto,OpenAlex coauthorship between confirmed professors,1.247,2006,2025
AUTO000088,P0013,P0020,collaboration,199,,auto,OpenAlex coauthorship between confirmed professors,15.193,2011,2026
AUTO000089,P0013,P0030,collaboration,2,,auto,OpenAlex coauthorship between confirmed professors,0.068,2014,2015
AUTO000090,P0013,P0220,collaboration,2,,auto,OpenAlex coauthorship between confirmed professors,0.082,2011,2019
AUTO000091,P0013,P0355,collaboration,56,,auto,OpenAlex coauthorship between confirmed professors,1.89,2005,2025
AUTO000092,P0013,P0449,collaboration,2,,auto,OpenAlex coauthorship between confirmed professors,0.038,2012,2012
AUTO000093,P0013,P0603,collaboration,3,,auto,OpenAlex coauthorship between confirmed professors,0.048,2012,2016
AUTO000094,P0013,P1094,collaboration,10,,auto,OpenAlex coauthorship between confirmed professors,0.886,2013,2025
AUTO000095,P0013,P1098,collaboration,2,,auto,OpenAlex coauthorship between confirmed professors,0.025,2015,2017
AUTO000096,P0013,P1210,collaboration,2,,auto,OpenAlex coauthorship between confirmed professors,0.038,2012,2012
AUTO000097,P0013,P1480,collaboration,2,,auto,OpenAlex coauthorship between confirmed professors,0.083,2004,2014
AUTO000098,P0013,P1526,collaboration,67,,auto,OpenAlex coauthorship between confirmed professors,2.689,2009,2025
AUTO000099,P0013,P1549,collaboration,47,,auto,OpenAlex coauthorship between confirmed professors,2.107,2012,2025
AUTO000100,P0013,P1578,collaboration,3,,auto,OpenAlex coauthorship between confirmed professors,0.154,2014,2015
AUTO000101,P0014,P0016,collaboration,12,,auto,OpenAlex coauthorship between confirmed professors,0.492,2006,2025
AUTO000102,P0014,P0020,collaboration,133,,auto,OpenAlex coauthorship between confirmed professors,8.102,2011,2026
AUTO000103,P0014,P0137,collaboration,2,,auto,OpenAlex coauthorship between confirmed professors,0.049,2006,2007
AUTO000104,P0014,P0220,collaboration,4,,auto,OpenAlex coauthorship between confirmed professors,0.139,2004,2019
AUTO000105,P0014,P0355,collaboration,28,,auto,OpenAlex coauthorship between confirmed professors,0.861,2005,2025
AUTO000106,P0014,P0449,collaboration,6,,auto,OpenAlex coauthorship between confirmed professors,0.161,2011,2012
AUTO000107,P0014,P0616,collaboration,7,,auto,OpenAlex coauthorship between confirmed professors,0.174,2011,2017
AUTO000108,P0014,P1094,collaboration,5,,auto,OpenAlex coauthorship between confirmed professors,0.438,2023,2025
AUTO000109,P0014,P1210,collaboration,2,,auto,OpenAlex coauthorship between confirmed professors,0.043,2012,2014
AUTO000110,P0014,P1480,collaboration,2,,auto,OpenAlex coauthorship between confirmed professors,0.083,2004,2014
AUTO000111,P0014,P1549,collaboration,8,,auto,OpenAlex coauthorship between confirmed professors,0.401,2018,2026
AUTO000112,P0014,P1578,collaboration,3,,auto,OpenAlex coauthorship between confirmed professors,0.154,2014,2015
AUTO000113,P0015,P1248,collaboration,4,,auto,OpenAlex coauthorship between confirmed professors,0.583,2018,2025
AUTO000114,P0016,P0030,collaboration,3,,auto,OpenAlex coauthorship between confirmed professors,0.152,2014,2023
AUTO000115,P0016,P0031,collaboration,2,,auto,OpenAlex coauthorship between confirmed professors,0.167,2023,2024
AUTO000116,P0016,P0236,collaboration,5,,auto,OpenAlex coauthorship between confirmed professors,0.179,2007,2022
AUTO000117,P0016,P0258,collaboration,2,,auto,OpenAlex coauthorship between confirmed professors,0.4,2025,2025
AUTO000118,P0016,P1175,collaboration,3,,auto,OpenAlex coauthorship between confirmed professors,0.075,2005,2010
AUTO000119,P0018,P1248,collaboration,2,,auto,OpenAlex coauthorship between confirmed professors,0.23,2022,2024
AUTO000120,P0020,P0355,collaboration,21,,auto,OpenAlex coauthorship between confirmed professors,0.981,2014,2025
AUTO000121,P0020,P1210,collaboration,2,,auto,OpenAlex coauthorship between confirmed professors,0.045,2012,2015
AUTO000122,P0020,P1526,collaboration,25,,auto,OpenAlex coauthorship between confirmed professors,1.394,2016,2026
AUTO000123,P0020,P1549,collaboration,25,,auto,OpenAlex coauthorship between confirmed professors,1.492,2016,2026
AUTO000124,P0020,P1578,collaboration,3,,auto,OpenAlex coauthorship between confirmed professors,0.154,2014,2015
AUTO000125,P0021,P0026,collaboration,29,,auto,OpenAlex coauthorship between confirmed professors,3.684,2018,2023
AUTO000126,P0021,P0808,collaboration,8,,auto,OpenAlex coauthorship between confirmed professors,0.618,2007,2018
AUTO000127,P0021,P1138,collaboration,23,,auto,OpenAlex coauthorship between confirmed professors,2.606,2020,2024
AUTO000128,P0022,P0746,collaboration,3,,auto,OpenAlex coauthorship between confirmed professors,0.267,2024,2025
AUTO000129,P0022,P1274,collaboration,3,,auto,OpenAlex coauthorship between confirmed professors,0.118,2010,2018
AUTO000130,P0022,P1448,collaboration,2,,auto,OpenAlex coauthorship between confirmed professors,0.16,2017,2023
AUTO000131,P0023,P0068,collaboration,3,,auto,OpenAlex coauthorship between confirmed professors,0.078,2008,2011
AUTO000132,P0023,P0769,collaboration,9,,auto,OpenAlex coauthorship between confirmed professors,0.747,2019,2025
AUTO000133,P0023,P0903,collaboration,2,,auto,OpenAlex coauthorship between confirmed professors,0.093,2019,2019
AUTO000134,P0023,P1248,collaboration,2,,auto,OpenAlex coauthorship between confirmed professors,0.32,2022,2026
AUTO000135,P0023,P1307,collaboration,3,,auto,OpenAlex coauthorship between confirmed professors,0.101,2017,2019
AUTO000136,P0026,P0050,collaboration,2,,auto,OpenAlex coauthorship between confirmed professors,0.166,2020,2025
AUTO000137,P0026,P0208,collaboration,4,,auto,OpenAlex coauthorship between confirmed professors,0.237,2020,2021
AUTO000138,P0026,P0303,collaboration,3,,auto,OpenAlex coauthorship between confirmed professors,0.325,2024,2025
AUTO000139,P0026,P0475,collaboration,2,,auto,OpenAlex coauthorship between confirmed professors,0.233,2019,2022
AUTO000140,P0026,P0746,collaboration,7,,auto,OpenAlex coauthorship between confirmed professors,0.293,2011,2016
AUTO000141,P0026,P0808,collaboration,4,,auto,OpenAlex coauthorship between confirmed professors,0.318,2018,2026
AUTO000142,P0026,P1138,collaboration,48,,auto,OpenAlex coauthorship between confirmed professors,5.396,2020,2026
AUTO000143,P0026,P1168,collaboration,4,,auto,OpenAlex coauthorship between confirmed professors,0.411,2014,2017
AUTO000144,P0028,P0031,collaboration,2,,auto,OpenAlex coauthorship between confirmed professors,0.129,2020,2020
AUTO000145,P0028,P0057,collaboration,2,,auto,OpenAlex coauthorship between confirmed professors,0.093,2023,2024
AUTO000146,P0028,P0075,collaboration,10,,auto,OpenAlex coauthorship between confirmed professors,0.295,2021,2023
AUTO000147,P0028,P0134,collaboration,4,,auto,OpenAlex coauthorship between confirmed professors,0.232,2019,2022
AUTO000148,P0028,P0250,collaboration,13,,auto,OpenAlex coauthorship between confirmed professors,0.363,2019,2023
AUTO000149,P0028,P0342,collaboration,2,,auto,OpenAlex coauthorship between confirmed professors,0.08,2010,2010
AUTO000150,P0028,P0422,collaboration,2,,auto,OpenAlex coauthorship between confirmed professors,0.286,2026,2026
AUTO000151,P0028,P0484,collaboration,111,,auto,OpenAlex coauthorship between confirmed professors,8.567,2014,2025
AUTO000152,P0028,P0764,collaboration,3,,auto,OpenAlex coauthorship between confirmed professors,0.128,2017,2022
AUTO000153,P0028,P0890,collaboration,2,,auto,OpenAlex coauthorship between confirmed professors,0.163,1995,2025
AUTO000154,P0028,P0966,collaboration,4,,auto,OpenAlex coauthorship between confirmed professors,0.199,2017,2021
AUTO000155,P0028,P0986,collaboration,4,,auto,OpenAlex coauthorship between confirmed professors,0.232,2012,2019
AUTO000156,P0028,P1119,collaboration,3,,auto,OpenAlex coauthorship between confirmed professors,0.188,2016,2016
AUTO000157,P0028,P1251,collaboration,2,,auto,OpenAlex coauthorship between confirmed professors,0.165,2020,2020
AUTO000158,P0028,P1253,collaboration,2,,auto,OpenAlex coauthorship between confirmed professors,0.035,2020,2021
AUTO000159,P0028,P1288,collaboration,5,,auto,OpenAlex coauthorship between confirmed professors,0.208,2016,2016
AUTO000160,P0028,P1323,collaboration,17,,auto,OpenAlex coauthorship between confirmed professors,1.027,2014,2025
AUTO000161,P0028,P1392,collaboration,2,,auto,OpenAlex coauthorship between confirmed professors,0.035,2020,2021
AUTO000162,P0028,P1522,collaboration,4,,auto,OpenAlex coauthorship between confirmed professors,0.175,2013,2015
AUTO000163,P0028,P1576,collaboration,3,,auto,OpenAlex coauthorship between confirmed professors,0.172,2022,2025
AUTO000164,P0028,P1580,collaboration,2,,auto,OpenAlex coauthorship between confirmed professors,0.109,2022,2024
AUTO000165,P0030,P0201,collaboration,4,,auto,OpenAlex coauthorship between confirmed professors,0.176,2020,2024
AUTO000166,P0030,P0511,collaboration,4,,auto,OpenAlex coauthorship between confirmed professors,0.219,2011,2024
AUTO000167,P0030,P0602,collaboration,2,,auto,OpenAlex coauthorship between confirmed professors,0.039,2001,2005
AUTO000168,P0030,P0691,collaboration,2,,auto,OpenAlex coauthorship between confirmed professors,0.273,2009,2024
AUTO000169,P0030,P0722,collaboration,2,,auto,OpenAlex coauthorship between confirmed professors,0.044,2015,2018
AUTO000170,P0030,P1468,collaboration,3,,auto,OpenAlex coauthorship between confirmed professors,0.094,2018,2020
AUTO000171,P0031,P1257,collaboration,3,,auto,OpenAlex coauthorship between confirmed professors,0.08,2005,2006
AUTO000172,P0032,P0034,collaboration,21,,auto,OpenAlex coauthorship between confirmed professors,1.842,2011,2024
AUTO000173,P0032,P0056,collaboration,3,,auto,OpenAlex coauthorship between confirmed professors,0.5,2024,2024
AUTO000174,P0032,P0696,collaboration,4,,auto,OpenAlex coauthorship between confirmed professors,0.538,2014,2024
AUTO000175,P0032,P0699,collaboration,3,,auto,OpenAlex coauthorship between confirmed professors,0.302,2025,2026
AUTO000176,P0032,P0700,collaboration,2,,auto,OpenAlex coauthorship between confirmed professors,0.126,2022,2026
AUTO000177,P0032,P0704,collaboration,2,,auto,OpenAlex coauthorship between confirmed professors,0.222,2026,2026
AUTO000178,P0032,P0711,collaboration,2,,auto,OpenAlex coauthorship between confirmed professors,0.274,2023,2024
AUTO000179,P0032,P0713,collaboration,2,,auto,OpenAlex coauthorship between confirmed professors,0.361,2025,2026
AUTO000180,P0032,P1154,collaboration,2,,auto,OpenAlex coauthorship between confirmed professors,0.103,2026,2026
AUTO000181,P0033,P0148,collaboration,2,,auto,OpenAlex coauthorship between confirmed professors,0.273,2017,2017
AUTO000182,P0033,P0988,collaboration,8,,auto,OpenAlex coauthorship between confirmed professors,1.728,2015,2021
AUTO000183,P0034,P0568,collaboration,2,,auto,OpenAlex coauthorship between confirmed professors,0.187,2018,2020
AUTO000184,P0034,P0689,collaboration,2,,auto,OpenAlex coauthorship between confirmed professors,0.193,2021,2021
AUTO000185,P0034,P0696,collaboration,5,,auto,OpenAlex coauthorship between confirmed professors,0.26,2008,2025
AUTO000186,P0034,P0703,collaboration,2,,auto,OpenAlex coauthorship between confirmed professors,0.26,2018,2020
AUTO000187,P0034,P0923,collaboration,2,,auto,OpenAlex coauthorship between confirmed professors,0.187,2018,2020
AUTO000188,P0035,P0496,collaboration,2,,auto,OpenAlex coauthorship between confirmed professors,0.129,2019,2020
AUTO000189,P0035,P0691,collaboration,17,,auto,OpenAlex coauthorship between confirmed professors,2.418,2011,2020
AUTO000190,P0035,P0700,collaboration,2,,auto,OpenAlex coauthorship between confirmed professors,0.216,2011,2011
AUTO000191,P0035,P0703,collaboration,13,,auto,OpenAlex coauthorship between confirmed professors,1.688,2012,2023
AUTO000192,P0035,P0970,collaboration,2,,auto,OpenAlex coauthorship between confirmed professors,0.129,2019,2020
AUTO000193,P0036,P0044,collaboration,3,,auto,OpenAlex coauthorship between confirmed professors,0.362,2023,2025
AUTO000194,P0036,P0055,collaboration,4,,auto,OpenAlex coauthorship between confirmed professors,0.446,2021,2024
AUTO000195,P0036,P0142,collaboration,5,,auto,OpenAlex coauthorship between confirmed professors,0.635,2014,2016
AUTO000196,P0036,P0222,collaboration,2,,auto,OpenAlex coauthorship between confirmed professors,0.131,2023,2023
AUTO000197,P0036,P0284,collaboration,6,,auto,OpenAlex coauthorship between confirmed professors,0.509,2019,2022
AUTO000198,P0036,P0691,collaboration,4,,auto,OpenAlex coauthorship between confirmed professors,0.248,2008,2021
AUTO000199,P0036,P0700,collaboration,5,,auto,OpenAlex coauthorship between confirmed professors,0.409,2015,2021
AUTO000200,P0036,P0703,collaboration,7,,auto,OpenAlex coauthorship between confirmed professors,0.529,2002,2025
AUTO000201,P0036,P0801,collaboration,3,,auto,OpenAlex coauthorship between confirmed professors,0.179,2004,2022
AUTO000202,P0036,P1423,collaboration,5,,auto,OpenAlex coauthorship between confirmed professors,0.473,2010,2016
AUTO000203,P0036,P1572,collaboration,2,,auto,OpenAlex coauthorship between confirmed professors,0.088,2009,2010
AUTO000204,P0038,P0685,collaboration,4,,auto,OpenAlex coauthorship between confirmed professors,0.052,1998,2000
AUTO000205,P0038,P0691,collaboration,2,,auto,OpenAlex coauthorship between confirmed professors,0.081,2003,2003
AUTO000206,P0038,P0700,collaboration,4,,auto,OpenAlex coauthorship between confirmed professors,0.417,2021,2024
AUTO000207,P0038,P0703,collaboration,8,,auto,OpenAlex coauthorship between confirmed professors,0.87,2015,2024
AUTO000208,P0038,P0716,collaboration,40,,auto,OpenAlex coauthorship between confirmed professors,2.934,2011,2022
AUTO000209,P0038,P0999,collaboration,2,,auto,OpenAlex coauthorship between confirmed professors,0.055,2004,2007
AUTO000210,P0038,P1137,collaboration,8,,auto,OpenAlex coauthorship between confirmed professors,0.093,2003,2005
AUTO000211,P0038,P1219,collaboration,5,,auto,OpenAlex coauthorship between confirmed professors,0.525,2022,2025
AUTO000212,P0038,P1265,collaboration,3,,auto,OpenAlex coauthorship between confirmed professors,0.042,2000,2000
AUTO000213,P0038,P1403,collaboration,2,,auto,OpenAlex coauthorship between confirmed professors,0.16,2022,2023
AUTO000214,P0038,P1623,collaboration,3,,auto,OpenAlex coauthorship between confirmed professors,0.303,2022,2024
AUTO000215,P0038,P1624,collaboration,2,,auto,OpenAlex coauthorship between confirmed professors,0.222,2024,2025
AUTO000216,P0038,P1631,collaboration,3,,auto,OpenAlex coauthorship between confirmed professors,0.303,2022,2024
AUTO000217,P0040,P0043,collaboration,2,,auto,OpenAlex coauthorship between confirmed professors,0.118,2018,2020
AUTO000218,P0040,P0079,collaboration,6,,auto,OpenAlex coauthorship between confirmed professors,0.108,1998,2002
AUTO000219,P0040,P0097,collaboration,5,,auto,OpenAlex coauthorship between confirmed professors,0.305,2014,2020
AUTO000220,P0040,P0221,collaboration,12,,auto,OpenAlex coauthorship between confirmed professors,0.674,2016,2023
AUTO000221,P0040,P0275,collaboration,6,,auto,OpenAlex coauthorship between confirmed professors,0.117,2000,2003
AUTO000222,P0040,P0691,collaboration,2,,auto,OpenAlex coauthorship between confirmed professors,0.118,2013,2023
AUTO000223,P0040,P0702,collaboration,3,,auto,OpenAlex coauthorship between confirmed professors,0.121,2007,2009
AUTO000224,P0040,P0703,collaboration,4,,auto,OpenAlex coauthorship between confirmed professors,0.16,2017,2018
AUTO000225,P0040,P0704,collaboration,7,,auto,OpenAlex coauthorship between confirmed professors,0.372,2016,2023
AUTO000226,P0040,P0711,collaboration,12,,auto,OpenAlex coauthorship between confirmed professors,0.612,2015,2023
AUTO000227,P0040,P0972,collaboration,5,,auto,OpenAlex coauthorship between confirmed professors,0.305,2014,2020
AUTO000228,P0040,P1137,collaboration,4,,auto,OpenAlex coauthorship between confirmed professors,0.233,2008,2025
AUTO000229,P0040,P1293,collaboration,2,,auto,OpenAlex coauthorship between confirmed professors,0.081,2002,2017
AUTO000230,P0040,P1545,collaboration,5,,auto,OpenAlex coauthorship between confirmed professors,0.2,2017,2018
AUTO000231,P0040,P1551,collaboration,6,,auto,OpenAlex coauthorship between confirmed professors,0.146,1999,2005
AUTO000232,P0040,P1568,collaboration,3,,auto,OpenAlex coauthorship between confirmed professors,0.036,2001,2003
AUTO000233,P0041,P1017,collaboration,2,,auto,OpenAlex coauthorship between confirmed professors,0.147,2016,2023
AUTO000234,P0041,P1259,collaboration,7,,auto,OpenAlex coauthorship between confirmed professors,0.802,2021,2023
AUTO000235,P0041,P1280,collaboration,7,,auto,OpenAlex coauthorship between confirmed professors,0.755,2021,2023
AUTO000236,P0042,P0055,collaboration,5,,auto,OpenAlex coauthorship between confirmed professors,0.5,2020,2025
AUTO000237,P0042,P0245,collaboration,5,,auto,OpenAlex coauthorship between confirmed professors,0.184,2006,2010
AUTO000238,P0042,P0486,collaboration,5,,auto,OpenAlex coauthorship between confirmed professors,0.376,2010,2020
AUTO000239,P0042,P0689,collaboration,13,,auto,OpenAlex coauthorship between confirmed professors,0.696,2009,2014
AUTO000240,P0042,P0691,collaboration,2,,auto,OpenAlex coauthorship between confirmed professors,0.088,2018,2018
AUTO000241,P0042,P0700,collaboration,5,,auto,OpenAlex coauthorship between confirmed professors,0.493,2015,2022
AUTO000242,P0042,P0711,collaboration,2,,auto,OpenAlex coauthorship between confirmed professors,0.406,2018,2021
AUTO000243,P0042,P0753,collaboration,3,,auto,OpenAlex coauthorship between confirmed professors,0.122,2006,2022
AUTO000244,P0042,P0783,collaboration,2,,auto,OpenAlex coauthorship between confirmed professors,0.176,2022,2023
AUTO000245,P0042,P1156,collaboration,2,,auto,OpenAlex coauthorship between confirmed professors,0.083,2012,2012
AUTO000246,P0042,P1188,collaboration,2,,auto,OpenAlex coauthorship between confirmed professors,0.043,2005,2005
AUTO000247,P0042,P1230,collaboration,3,,auto,OpenAlex coauthorship between confirmed professors,0.193,2018,2020
AUTO000248,P0042,P1389,collaboration,3,,auto,OpenAlex coauthorship between confirmed professors,0.326,2021,2025
AUTO000249,P0042,P1495,collaboration,2,,auto,OpenAlex coauthorship between confirmed professors,0.125,2013,2014
AUTO000250,P0043,P0092,collaboration,3,,auto,OpenAlex coauthorship between confirmed professors,0.156,2016,2016
AUTO000251,P0043,P0095,collaboration,2,,auto,OpenAlex coauthorship between confirmed professors,0.108,2011,2011
AUTO000252,P0043,P0105,collaboration,14,,auto,OpenAlex coauthorship between confirmed professors,1.733,2006,2025
AUTO000253,P0043,P0218,collaboration,3,,auto,OpenAlex coauthorship between confirmed professors,0.186,2016,2017
AUTO000254,P0043,P0491,collaboration,4,,auto,OpenAlex coauthorship between confirmed professors,0.305,2009,2019
AUTO000255,P0043,P0494,collaboration,20,,auto,OpenAlex coauthorship between confirmed professors,2.77,2011,2025
AUTO000256,P0043,P1063,collaboration,2,,auto,OpenAlex coauthorship between confirmed professors,0.75,2024,2025
AUTO000257,P0043,P1469,collaboration,2,,auto,OpenAlex coauthorship between confirmed professors,0.048,2008,2008
AUTO000258,P0044,P0700,collaboration,29,,auto,OpenAlex coauthorship between confirmed professors,2.211,2018,2025
AUTO000259,P0044,P0703,collaboration,21,,auto,OpenAlex coauthorship between confirmed professors,1.431,2018,2025
AUTO000260,P0044,P0716,collaboration,9,,auto,OpenAlex coauthorship between confirmed professors,0.554,2020,2025
AUTO000261,P0044,P0745,collaboration,2,,auto,OpenAlex coauthorship between confirmed professors,0.174,2024,2025
AUTO000262,P0044,P0829,collaboration,2,,auto,OpenAlex coauthorship between confirmed professors,0.055,2006,2008
AUTO000263,P0044,P0872,collaboration,3,,auto,OpenAlex coauthorship between confirmed professors,0.16,2017,2019
AUTO000264,P0044,P0914,collaboration,3,,auto,OpenAlex coauthorship between confirmed professors,0.208,2019,2021
AUTO000265,P0050,P0105,collaboration,2,,auto,OpenAlex coauthorship between confirmed professors,0.218,2016,2019
AUTO000266,P0050,P0208,collaboration,2,,auto,OpenAlex coauthorship between confirmed professors,0.097,2020,2021
AUTO000267,P0050,P0211,collaboration,2,,auto,OpenAlex coauthorship between confirmed professors,0.034,2005,2005
AUTO000268,P0050,P0302,collaboration,4,,auto,OpenAlex coauthorship between confirmed professors,0.282,2016,2017
AUTO000269,P0050,P0513,collaboration,2,,auto,OpenAlex coauthorship between confirmed professors,0.054,2006,2010
AUTO000270,P0050,P0541,collaboration,2,,auto,OpenAlex coauthorship between confirmed professors,0.034,2005,2005
AUTO000271,P0050,P0689,collaboration,2,,auto,OpenAlex coauthorship between confirmed professors,0.102,2022,2026
AUTO000272,P0050,P0691,collaboration,2,,auto,OpenAlex coauthorship between confirmed professors,0.076,2010,2010
AUTO000273,P0050,P0970,collaboration,2,,auto,OpenAlex coauthorship between confirmed professors,0.076,2010,2010
AUTO000274,P0050,P1118,collaboration,2,,auto,OpenAlex coauthorship between confirmed professors,0.048,2013,2013
AUTO000275,P0050,P1121,collaboration,3,,auto,OpenAlex coauthorship between confirmed professors,0.084,2013,2016
AUTO000276,P0050,P1124,collaboration,2,,auto,OpenAlex coauthorship between confirmed professors,0.12,2021,2025
AUTO000277,P0050,P1257,collaboration,3,,auto,OpenAlex coauthorship between confirmed professors,0.204,2020,2025
AUTO000278,P0052,P1082,collaboration,14,,auto,OpenAlex coauthorship between confirmed professors,1.556,2026,2026
AUTO000279,P0053,P0105,collaboration,2,,auto,OpenAlex coauthorship between confirmed professors,0.227,2021,2023
AUTO000280,P0053,P0488,collaboration,2,,auto,OpenAlex coauthorship between confirmed professors,0.114,2018,2018
AUTO000281,P0053,P0492,collaboration,8,,auto,OpenAlex coauthorship between confirmed professors,0.454,2015,2018
AUTO000282,P0053,P0700,collaboration,2,,auto,OpenAlex coauthorship between confirmed professors,0.079,2018,2018
AUTO000283,P0053,P0801,collaboration,4,,auto,OpenAlex coauthorship between confirmed professors,0.612,2020,2023
AUTO000284,P0053,P0964,collaboration,6,,auto,OpenAlex coauthorship between confirmed professors,0.334,2009,2015
AUTO000285,P0053,P0990,collaboration,6,,auto,OpenAlex coauthorship between confirmed professors,0.32,2017,2018
AUTO000286,P0053,P1055,collaboration,5,,auto,OpenAlex coauthorship between confirmed professors,0.587,2017,2021
AUTO000287,P0055,P0056,collaboration,6,,auto,OpenAlex coauthorship between confirmed professors,0.332,2012,2015
AUTO000288,P0055,P0148,collaboration,3,,auto,OpenAlex coauthorship between confirmed professors,0.485,2016,2019
AUTO000289,P0055,P0251,collaboration,3,,auto,OpenAlex coauthorship between confirmed professors,0.128,2015,2018
AUTO000290,P0055,P0274,collaboration,3,,auto,OpenAlex coauthorship between confirmed professors,0.128,2015,2018
AUTO000291,P0055,P0284,collaboration,5,,auto,OpenAlex coauthorship between confirmed professors,0.62,2016,2023
AUTO000292,P0055,P0285,collaboration,65,,auto,OpenAlex coauthorship between confirmed professors,9.776,2011,2026
AUTO000293,P0055,P0703,collaboration,3,,auto,OpenAlex coauthorship between confirmed professors,0.442,2019,2020
AUTO000294,P0055,P0905,collaboration,3,,auto,OpenAlex coauthorship between confirmed professors,0.292,2017,2018
AUTO000295,P0055,P0962,collaboration,2,,auto,OpenAlex coauthorship between confirmed professors,0.257,2013,2013
AUTO000296,P0055,P1130,collaboration,5,,auto,OpenAlex coauthorship between confirmed professors,0.689,2018,2023
AUTO000297,P0055,P1155,collaboration,28,,auto,OpenAlex coauthorship between confirmed professors,1.849,2009,2015
AUTO000298,P0055,P1174,collaboration,3,,auto,OpenAlex coauthorship between confirmed professors,0.152,2012,2012
AUTO000299,P0055,P1187,collaboration,14,,auto,OpenAlex coauthorship between confirmed professors,0.819,2010,2014
AUTO000300,P0055,P1316,collaboration,2,,auto,OpenAlex coauthorship between confirmed professors,0.179,2021,2022
AUTO000301,P0055,P1386,collaboration,3,,auto,OpenAlex coauthorship between confirmed professors,0.209,2017,2022
AUTO000302,P0056,P0066,collaboration,9,,auto,OpenAlex coauthorship between confirmed professors,1.157,2020,2024
AUTO000303,P0056,P0148,collaboration,1,,auto,OpenAlex coauthorship between confirmed professors,0.578,2013,2013
AUTO000304,P0056,P0228,collaboration,10,,auto,OpenAlex coauthorship between confirmed professors,0.573,2013,2022
AUTO000305,P0056,P0439,collaboration,4,,auto,OpenAlex coauthorship between confirmed professors,0.083,2022,2022
AUTO000306,P0056,P0482,collaboration,3,,auto,OpenAlex coauthorship between confirmed professors,0.112,2009,2013
AUTO000307,P0056,P0542,collaboration,2,,auto,OpenAlex coauthorship between confirmed professors,0.082,2020,2021
AUTO000308,P0056,P0544,collaboration,3,,auto,OpenAlex coauthorship between confirmed professors,0.241,2015,2021
AUTO000309,P0056,P0547,collaboration,2,,auto,OpenAlex coauthorship between confirmed professors,0.082,2020,2021
AUTO000310,P0056,P0694,collaboration,2,,auto,OpenAlex coauthorship between confirmed professors,0.308,2023,2026
AUTO000311,P0056,P0695,collaboration,4,,auto,OpenAlex coauthorship between confirmed professors,0.083,2022,2022
AUTO000312,P0056,P0696,collaboration,6,,auto,OpenAlex coauthorship between confirmed professors,0.84,2023,2025
AUTO000313,P0056,P0703,collaboration,4,,auto,OpenAlex coauthorship between confirmed professors,0.314,2022,2025
AUTO000314,P0056,P0704,collaboration,3,,auto,OpenAlex coauthorship between confirmed professors,0.239,2018,2021
AUTO000315,P0056,P0752,collaboration,2,,auto,OpenAlex coauthorship between confirmed professors,0.082,2020,2021
AUTO000316,P0056,P0773,collaboration,2,,auto,OpenAlex coauthorship between confirmed professors,0.082,2020,2021
AUTO000317,P0056,P0936,collaboration,3,,auto,OpenAlex coauthorship between confirmed professors,0.182,2017,2017
AUTO000318,P0056,P1154,collaboration,2,,auto,OpenAlex coauthorship between confirmed professors,0.167,2020,2020
AUTO000319,P0056,P1155,collaboration,2,,auto,OpenAlex coauthorship between confirmed professors,0.11,2013,2013
AUTO000320,P0056,P1187,collaboration,2,,auto,OpenAlex coauthorship between confirmed professors,0.11,2013,2013
AUTO000321,P0056,P1260,collaboration,7,,auto,OpenAlex coauthorship between confirmed professors,0.421,2011,2019
AUTO000322,P0056,P1266,collaboration,2,,auto,OpenAlex coauthorship between confirmed professors,0.122,2023,2023
AUTO000323,P0056,P1356,collaboration,4,,auto,OpenAlex coauthorship between confirmed professors,0.166,2020,2022
AUTO000324,P0057,P0078,collaboration,11,,auto,OpenAlex coauthorship between confirmed professors,0.285,2020,2025
AUTO000325,P0057,P0079,collaboration,18,,auto,OpenAlex coauthorship between confirmed professors,1.528,2013,2024
AUTO000326,P0057,P0703,collaboration,5,,auto,OpenAlex coauthorship between confirmed professors,0.387,2020,2023
AUTO000327,P0057,P0766,collaboration,8,,auto,OpenAlex coauthorship between confirmed professors,0.204,2020,2023
AUTO000328,P0057,P1529,collaboration,2,,auto,OpenAlex coauthorship between confirmed professors,0.091,2015,2016
AUTO000329,P0057,P1541,collaboration,3,,auto,OpenAlex coauthorship between confirmed professors,0.091,2004,2016
AUTO000330,P0058,P0707,collaboration,2,,auto,OpenAlex coauthorship between confirmed professors,0.14,2022,2022
AUTO000331,P0058,P0991,collaboration,5,,auto,OpenAlex coauthorship between confirmed professors,1.15,2021,2023
AUTO000332,P0060,P0925,collaboration,5,,auto,OpenAlex coauthorship between confirmed professors,0.304,2005,2010
AUTO000333,P0060,P1143,collaboration,3,,auto,OpenAlex coauthorship between confirmed professors,0.2,2022,2022
AUTO000334,P0060,P1152,collaboration,8,,auto,OpenAlex coauthorship between confirmed professors,0.419,2015,2020
AUTO000335,P0060,P1163,collaboration,7,,auto,OpenAlex coauthorship between confirmed professors,0.246,2013,2021
AUTO000336,P0060,P1176,collaboration,11,,auto,OpenAlex coauthorship between confirmed professors,0.526,2012,2022
AUTO000337,P0060,P1177,collaboration,2,,auto,OpenAlex coauthorship between confirmed professors,0.125,2011,2022
AUTO000338,P0060,P1190,collaboration,2,,auto,OpenAlex coauthorship between confirmed professors,0.048,2017,2017
AUTO000339,P0060,P1423,collaboration,2,,auto,OpenAlex coauthorship between confirmed professors,0.086,2019,2019
AUTO000340,P0063,P1257,collaboration,3,,auto,OpenAlex coauthorship between confirmed professors,0.693,2021,2026
AUTO000341,P0063,P1274,collaboration,3,,auto,OpenAlex coauthorship between confirmed professors,0.215,2023,2024
AUTO000342,P0063,P1333,collaboration,3,,auto,OpenAlex coauthorship between confirmed professors,0.227,2018,2019
AUTO000343,P0063,P1346,collaboration,6,,auto,OpenAlex coauthorship between confirmed professors,0.213,2008,2013
AUTO000344,P0064,P0442,collaboration,6,,auto,OpenAlex coauthorship between confirmed professors,0.387,2013,2024
AUTO000345,P0064,P0564,collaboration,1,,auto,OpenAlex coauthorship between confirmed professors,0.75,2024,2024
AUTO000346,P0064,P1327,collaboration,6,,auto,OpenAlex coauthorship between confirmed professors,0.399,2012,2016
AUTO000347,P0064,P1333,collaboration,3,,auto,OpenAlex coauthorship between confirmed professors,0.203,2012,2016
AUTO000348,P0064,P1547,collaboration,2,,auto,OpenAlex coauthorship between confirmed professors,0.202,2025,2025
AUTO000349,P0064,P1548,collaboration,2,,auto,OpenAlex coauthorship between confirmed professors,0.292,2025,2026
AUTO000350,P0064,P1572,collaboration,3,,auto,OpenAlex coauthorship between confirmed professors,0.452,2025,2026
AUTO000351,P0065,P0928,collaboration,3,,auto,OpenAlex coauthorship between confirmed professors,0.257,2009,2019
AUTO000352,P0065,P1243,collaboration,2,,auto,OpenAlex coauthorship between confirmed professors,0.209,2016,2017
AUTO000353,P0066,P0137,collaboration,3,,auto,OpenAlex coauthorship between confirmed professors,0.232,2018,2021
AUTO000354,P0066,P0199,collaboration,3,,auto,OpenAlex coauthorship between confirmed professors,0.433,2017,2019
AUTO000355,P0066,P0213,collaboration,2,,auto,OpenAlex coauthorship between confirmed professors,0.125,2025,2025
AUTO000356,P0066,P0228,collaboration,2,,auto,OpenAlex coauthorship between confirmed professors,0.124,2020,2022
AUTO000357,P0066,P0291,collaboration,2,,auto,OpenAlex coauthorship between confirmed professors,0.125,2025,2025
AUTO000358,P0066,P0693,collaboration,4,,auto,OpenAlex coauthorship between confirmed professors,0.414,2023,2024
AUTO000359,P0066,P0754,collaboration,3,,auto,OpenAlex coauthorship between confirmed professors,0.231,2020,2025
AUTO000360,P0066,P0829,collaboration,2,,auto,OpenAlex coauthorship between confirmed professors,0.18,2016,2017
AUTO000361,P0066,P1033,collaboration,11,,auto,OpenAlex coauthorship between confirmed professors,9.634,2020,2023
AUTO000362,P0066,P1135,collaboration,2,,auto,OpenAlex coauthorship between confirmed professors,0.195,2022,2023
AUTO000363,P0066,P1216,collaboration,13,,auto,OpenAlex coauthorship between confirmed professors,1.419,2016,2024
AUTO000364,P0066,P1234,collaboration,2,,auto,OpenAlex coauthorship between confirmed professors,0.14,2021,2021
AUTO000365,P0066,P1242,collaboration,3,,auto,OpenAlex coauthorship between confirmed professors,0.265,2017,2021
AUTO000366,P0066,P1260,collaboration,4,,auto,OpenAlex coauthorship between confirmed professors,0.407,2015,2025
AUTO000367,P0066,P1295,collaboration,2,,auto,OpenAlex coauthorship between confirmed professors,0.125,2025,2025
AUTO000368,P0066,P1356,collaboration,2,,auto,OpenAlex coauthorship between confirmed professors,0.124,2020,2022
AUTO000369,P0066,P1417,collaboration,2,,auto,OpenAlex coauthorship between confirmed professors,0.14,2021,2021
AUTO000370,P0067,P0068,collaboration,2,,auto,OpenAlex coauthorship between confirmed professors,0.103,2018,2021
AUTO000371,P0067,P0114,collaboration,9,,auto,OpenAlex coauthorship between confirmed professors,0.802,2019,2025
AUTO000372,P0067,P0345,collaboration,4,,auto,OpenAlex coauthorship between confirmed professors,0.257,2022,2025
AUTO000373,P0067,P1116,collaboration,2,,auto,OpenAlex coauthorship between confirmed professors,0.144,2019,2019
AUTO000374,P0067,P1206,collaboration,11,,auto,OpenAlex coauthorship between confirmed professors,1.216,2006,2026
AUTO000375,P0067,P1288,collaboration,3,,auto,OpenAlex coauthorship between confirmed professors,0.244,2016,2019
AUTO000376,P0068,P0914,collaboration,2,,auto,OpenAlex coauthorship between confirmed professors,0.096,2018,2020
AUTO000377,P0068,P1167,collaboration,2,,auto,OpenAlex coauthorship between confirmed professors,0.133,2025,2025
AUTO000378,P0068,P1173,collaboration,2,,auto,OpenAlex coauthorship between confirmed professors,0.133,2025,2025
AUTO000379,P0068,P1178,collaboration,2,,auto,OpenAlex coauthorship between confirmed professors,0.133,2025,2025
AUTO000380,P0069,P0845,collaboration,2,,auto,OpenAlex coauthorship between confirmed professors,0.28,2022,2022
AUTO000381,P0069,P1119,collaboration,6,,auto,OpenAlex coauthorship between confirmed professors,0.574,2017,2024
AUTO000382,P0069,P1131,collaboration,8,,auto,OpenAlex coauthorship between confirmed professors,0.827,2018,2026
AUTO000383,P0069,P1143,collaboration,4,,auto,OpenAlex coauthorship between confirmed professors,0.184,2016,2021
AUTO000384,P0071,P1411,collaboration,3,,auto,OpenAlex coauthorship between confirmed professors,0.445,2013,2026
AUTO000385,P0074,P0253,collaboration,4,,auto,OpenAlex coauthorship between confirmed professors,0.399,2021,2024
AUTO000386,P0074,P1148,collaboration,6,,auto,OpenAlex coauthorship between confirmed professors,0.581,2021,2026
AUTO000387,P0074,P1150,collaboration,2,,auto,OpenAlex coauthorship between confirmed professors,0.169,2023,2024
AUTO000388,P0074,P1151,collaboration,2,,auto,OpenAlex coauthorship between confirmed professors,0.182,2026,2026
AUTO000389,P0075,P0079,collaboration,15,,auto,OpenAlex coauthorship between confirmed professors,1.307,2007,2023
AUTO000390,P0075,P0100,collaboration,3,,auto,OpenAlex coauthorship between confirmed professors,0.259,2024,2024
AUTO000391,P0075,P0115,collaboration,4,,auto,OpenAlex coauthorship between confirmed professors,0.401,2016,2020
AUTO000392,P0075,P0123,collaboration,6,,auto,OpenAlex coauthorship between confirmed professors,0.459,2006,2018
AUTO000393,P0075,P1205,collaboration,4,,auto,OpenAlex coauthorship between confirmed professors,0.243,2002,2010
AUTO000394,P0075,P1468,collaboration,6,,auto,OpenAlex coauthorship between confirmed professors,0.335,2010,2018
AUTO000395,P0076,P0083,collaboration,2,,auto,OpenAlex coauthorship between confirmed professors,0.322,2021,2022
AUTO000396,P0076,P0477,collaboration,30,,auto,OpenAlex coauthorship between confirmed professors,6.206,2014,2026
AUTO000397,P0076,P1119,collaboration,2,,auto,OpenAlex coauthorship between confirmed professors,0.123,2015,2026
AUTO000398,P0076,P1141,collaboration,3,,auto,OpenAlex coauthorship between confirmed professors,0.183,2012,2026
AUTO000399,P0076,P1284,collaboration,9,,auto,OpenAlex coauthorship between confirmed professors,0.593,2005,2012
AUTO000400,P0076,P1307,collaboration,6,,auto,OpenAlex coauthorship between confirmed professors,0.646,2012,2026
AUTO000401,P0077,P0209,collaboration,21,,auto,OpenAlex coauthorship between confirmed professors,1.396,2009,2023
AUTO000402,P0077,P0707,collaboration,3,,auto,OpenAlex coauthorship between confirmed professors,0.085,2008,2010
AUTO000403,P0077,P1295,collaboration,6,,auto,OpenAlex coauthorship between confirmed professors,0.126,2008,2009
AUTO000404,P0077,P1419,collaboration,2,,auto,OpenAlex coauthorship between confirmed professors,0.094,2012,2014
AUTO000405,P0078,P0079,collaboration,2,,auto,OpenAlex coauthorship between confirmed professors,0.25,2021,2022
AUTO000406,P0078,P0766,collaboration,8,,auto,OpenAlex coauthorship between confirmed professors,0.204,2020,2023
AUTO000407,P0078,P1252,collaboration,11,,auto,OpenAlex coauthorship between confirmed professors,0.638,2008,2023
AUTO000408,P0078,P1269,collaboration,4,,auto,OpenAlex coauthorship between confirmed professors,0.296,2009,2022
AUTO000409,P0079,P0115,collaboration,4,,auto,OpenAlex coauthorship between confirmed professors,0.174,2008,2021
AUTO000410,P0079,P0135,collaboration,2,,auto,OpenAlex coauthorship between confirmed professors,0.184,2021,2021
AUTO000411,P0079,P0275,collaboration,6,,auto,OpenAlex coauthorship between confirmed professors,0.111,1998,2001
AUTO000412,P0079,P0691,collaboration,8,,auto,OpenAlex coauthorship between confirmed professors,0.382,2005,2014
AUTO000413,P0079,P0703,collaboration,2,,auto,OpenAlex coauthorship between confirmed professors,0.023,1991,1994
AUTO000414,P0079,P0707,collaboration,2,,auto,OpenAlex coauthorship between confirmed professors,0.065,2005,2015
AUTO000415,P0079,P0914,collaboration,8,,auto,OpenAlex coauthorship between confirmed professors,0.783,2015,2025
AUTO000416,P0079,P0970,collaboration,2,,auto,OpenAlex coauthorship between confirmed professors,0.093,2011,2014
AUTO000417,P0079,P1008,collaboration,1,,auto,OpenAlex coauthorship between confirmed professors,1.157,2021,2021
AUTO000418,P0079,P1269,collaboration,2,,auto,OpenAlex coauthorship between confirmed professors,0.095,2019,2021
AUTO000419,P0079,P1359,collaboration,2,,auto,OpenAlex coauthorship between confirmed professors,0.306,2015,2015
AUTO000420,P0079,P1548,collaboration,6,,auto,OpenAlex coauthorship between confirmed professors,0.425,2014,2021
AUTO000421,P0079,P1551,collaboration,2,,auto,OpenAlex coauthorship between confirmed professors,0.026,1998,1999
AUTO000422,P0079,P1562,collaboration,4,,auto,OpenAlex coauthorship between confirmed professors,0.071,1995,2006
AUTO000423,P0079,P1568,collaboration,14,,auto,OpenAlex coauthorship between confirmed professors,0.304,1991,2006
AUTO000424,P0083,P0622,collaboration,4,,auto,OpenAlex coauthorship between confirmed professors,0.168,2013,2016
AUTO000425,P0083,P0718,collaboration,3,,auto,OpenAlex coauthorship between confirmed professors,0.244,2016,2018
AUTO000426,P0083,P0746,collaboration,3,,auto,OpenAlex coauthorship between confirmed professors,0.244,2016,2018
AUTO000427,P0083,P1254,collaboration,2,,auto,OpenAlex coauthorship between confirmed professors,0.175,2023,2024
AUTO000428,P0083,P1305,collaboration,2,,auto,OpenAlex coauthorship between confirmed professors,0.153,2023,2023
AUTO000429,P0083,P1523,collaboration,2,,auto,OpenAlex coauthorship between confirmed professors,0.058,2006,2006
AUTO000430,P0083,P1598,collaboration,2,,auto,OpenAlex coauthorship between confirmed professors,0.09,2012,2013
AUTO000431,P0084,P0495,collaboration,2,,auto,OpenAlex coauthorship between confirmed professors,0.202,2020,2020
AUTO000432,P0090,P0098,collaboration,5,,auto,OpenAlex coauthorship between confirmed professors,0.438,2023,2025
AUTO000433,P0090,P0100,collaboration,7,,auto,OpenAlex coauthorship between confirmed professors,0.788,2023,2026
AUTO000434,P0090,P0868,collaboration,2,,auto,OpenAlex coauthorship between confirmed professors,0.321,2021,2026
AUTO000435,P0090,P1132,collaboration,16,,auto,OpenAlex coauthorship between confirmed professors,0.303,1999,2004
AUTO000436,P0090,P1293,collaboration,4,,auto,OpenAlex coauthorship between confirmed professors,0.059,1995,2002
AUTO000437,P0090,P1411,collaboration,3,,auto,OpenAlex coauthorship between confirmed professors,0.208,2023,2025
AUTO000438,P0091,P0691,collaboration,16,,auto,OpenAlex coauthorship between confirmed professors,3.075,2018,2024
AUTO000439,P0092,P0095,collaboration,7,,auto,OpenAlex coauthorship between confirmed professors,1.042,2017,2023
AUTO000440,P0092,P0096,collaboration,2,,auto,OpenAlex coauthorship between confirmed professors,0.4,2025,2025
AUTO000441,P0092,P0099,collaboration,4,,auto,OpenAlex coauthorship between confirmed professors,0.629,2019,2023
AUTO000442,P0092,P0144,collaboration,18,,auto,OpenAlex coauthorship between confirmed professors,3.339,2020,2026
AUTO000443,P0092,P0205,collaboration,2,,auto,OpenAlex coauthorship between confirmed professors,0.16,2019,2020
AUTO000444,P0092,P0218,collaboration,5,,auto,OpenAlex coauthorship between confirmed professors,0.685,2016,2020
AUTO000445,P0092,P0963,collaboration,2,,auto,OpenAlex coauthorship between confirmed professors,0.338,2021,2023
AUTO000446,P0093,P0100,collaboration,9,,auto,OpenAlex coauthorship between confirmed professors,0.721,2014,2026
AUTO000447,P0093,P1160,collaboration,2,,auto,OpenAlex coauthorship between confirmed professors,0.076,2017,2018
AUTO000448,P0093,P1261,collaboration,2,,auto,OpenAlex coauthorship between confirmed professors,0.14,2022,2022
AUTO000449,P0093,P1282,collaboration,2,,auto,OpenAlex coauthorship between confirmed professors,0.14,2022,2022
AUTO000450,P0093,P1548,collaboration,2,,auto,OpenAlex coauthorship between confirmed professors,0.119,2022,2024
AUTO000451,P0095,P0099,collaboration,4,,auto,OpenAlex coauthorship between confirmed professors,0.597,2019,2023
AUTO000452,P0095,P0706,collaboration,6,,auto,OpenAlex coauthorship between confirmed professors,0.811,2014,2018
AUTO000453,P0095,P0963,collaboration,4,,auto,OpenAlex coauthorship between confirmed professors,1.128,2019,2024
AUTO000454,P0096,P0890,collaboration,2,,auto,OpenAlex coauthorship between confirmed professors,0.072,2015,2021
AUTO000455,P0096,P1119,collaboration,10,,auto,OpenAlex coauthorship between confirmed professors,0.416,2014,2025
AUTO000456,P0096,P1127,collaboration,11,,auto,OpenAlex coauthorship between confirmed professors,0.772,2019,2025
AUTO000457,P0096,P1142,collaboration,2,,auto,OpenAlex coauthorship between confirmed professors,0.064,2019,2025
AUTO000458,P0096,P1253,collaboration,29,,auto,OpenAlex coauthorship between confirmed professors,3.056,2014,2026
AUTO000459,P0096,P1297,collaboration,2,,auto,OpenAlex coauthorship between confirmed professors,0.078,2016,2019
AUTO000460,P0096,P1298,collaboration,2,,auto,OpenAlex coauthorship between confirmed professors,0.072,2015,2021
AUTO000461,P0096,P1392,collaboration,2,,auto,OpenAlex coauthorship between confirmed professors,0.031,2014,2014
AUTO000462,P0096,P1489,collaboration,14,,auto,OpenAlex coauthorship between confirmed professors,0.54,2014,2021
AUTO000463,P0097,P0208,collaboration,2,,auto,OpenAlex coauthorship between confirmed professors,0.21,2022,2022
AUTO000464,P0097,P0972,collaboration,45,,auto,OpenAlex coauthorship between confirmed professors,7.119,2012,2024
AUTO000465,P0098,P0099,collaboration,2,,auto,OpenAlex coauthorship between confirmed professors,0.602,2019,2021
AUTO000466,P0098,P0100,collaboration,6,,auto,OpenAlex coauthorship between confirmed professors,0.476,2019,2025
AUTO000467,P0098,P0868,collaboration,3,,auto,OpenAlex coauthorship between confirmed professors,0.212,2019,2021
AUTO000468,P0098,P1411,collaboration,4,,auto,OpenAlex coauthorship between confirmed professors,0.246,2019,2025
AUTO000469,P0099,P0379,collaboration,6,,auto,OpenAlex coauthorship between confirmed professors,0.143,2020,2023
AUTO000470,P0099,P0416,collaboration,2,,auto,OpenAlex coauthorship between confirmed professors,0.049,2022,2022
AUTO000471,P0099,P0491,collaboration,9,,auto,OpenAlex coauthorship between confirmed professors,1.397,2014,2020
AUTO000472,P0099,P0963,collaboration,2,,auto,OpenAlex coauthorship between confirmed professors,0.338,2021,2023
AUTO000473,P0099,P1481,collaboration,1,,auto,OpenAlex coauthorship between confirmed professors,0.53,2020,2020
AUTO000474,P0100,P0751,collaboration,15,,auto,OpenAlex coauthorship between confirmed professors,1.112,2016,2023
AUTO000475,P0100,P1160,collaboration,4,,auto,OpenAlex coauthorship between confirmed professors,0.184,2017,2021
AUTO000476,P0100,P1261,collaboration,2,,auto,OpenAlex coauthorship between confirmed professors,0.14,2022,2022
AUTO000477,P0100,P1282,collaboration,2,,auto,OpenAlex coauthorship between confirmed professors,0.14,2022,2022
AUTO000478,P0100,P1411,collaboration,5,,auto,OpenAlex coauthorship between confirmed professors,0.271,2019,2025
AUTO000479,P0102,P0104,collaboration,13,,auto,OpenAlex coauthorship between confirmed professors,0.744,2014,2026
AUTO000480,P0102,P0801,collaboration,21,,auto,OpenAlex coauthorship between confirmed professors,1.821,2014,2026
AUTO000481,P0102,P0804,collaboration,12,,auto,OpenAlex coauthorship between confirmed professors,1.001,2016,2023
AUTO000482,P0102,P1164,collaboration,2,,auto,OpenAlex coauthorship between confirmed professors,0.057,2012,2014
AUTO000483,P0102,P1190,collaboration,2,,auto,OpenAlex coauthorship between confirmed professors,0.078,2010,2011
AUTO000484,P0102,P1418,collaboration,3,,auto,OpenAlex coauthorship between confirmed professors,0.112,2011,2017
AUTO000485,P0102,P1427,collaboration,15,,auto,OpenAlex coauthorship between confirmed professors,0.758,2007,2026
AUTO000486,P0102,P1430,collaboration,6,,auto,OpenAlex coauthorship between confirmed professors,0.767,2016,2022
AUTO000487,P0102,P1433,collaboration,20,,auto,OpenAlex coauthorship between confirmed professors,1.121,2007,2026
AUTO000488,P0102,P1447,collaboration,18,,auto,OpenAlex coauthorship between confirmed professors,1.1,2007,2020
AUTO000489,P0104,P0105,collaboration,2,,auto,OpenAlex coauthorship between confirmed professors,0.249,2021,2023
AUTO000490,P0104,P0801,collaboration,18,,auto,OpenAlex coauthorship between confirmed professors,1.064,2013,2026
AUTO000491,P0104,P0804,collaboration,7,,auto,OpenAlex coauthorship between confirmed professors,0.432,2016,2023
AUTO000492,P0104,P0914,collaboration,2,,auto,OpenAlex coauthorship between confirmed professors,0.115,2019,2025
AUTO000493,P0104,P1184,collaboration,2,,auto,OpenAlex coauthorship between confirmed professors,0.099,2021,2025
AUTO000494,P0105,P0494,collaboration,5,,auto,OpenAlex coauthorship between confirmed professors,0.897,2018,2026
AUTO000495,P0105,P0801,collaboration,4,,auto,OpenAlex coauthorship between confirmed professors,0.611,2023,2026
AUTO000496,P0107,P0842,collaboration,2,,auto,OpenAlex coauthorship between confirmed professors,0.17,2009,2017
AUTO000497,P0107,P1000,collaboration,2,,auto,OpenAlex coauthorship between confirmed professors,0.095,2025,2026
AUTO000498,P0108,P0254,collaboration,3,,auto,OpenAlex coauthorship between confirmed professors,0.222,2016,2022
AUTO000499,P0108,P0358,collaboration,2,,auto,OpenAlex coauthorship between confirmed professors,0.2,2025,2025
AUTO000500,P0108,P0801,collaboration,3,,auto,OpenAlex coauthorship between confirmed professors,0.188,2023,2024
AUTO000501,P0108,P1120,collaboration,2,,auto,OpenAlex coauthorship between confirmed professors,0.042,2022,2022
AUTO000502,P0108,P1126,collaboration,4,,auto,OpenAlex coauthorship between confirmed professors,0.358,2016,2017
AUTO000503,P0108,P1257,collaboration,4,,auto,OpenAlex coauthorship between confirmed professors,0.139,2022,2023
AUTO000504,P0112,P1093,collaboration,45,,auto,OpenAlex coauthorship between confirmed professors,6.368,2018,2026
AUTO000505,P0114,P0337,collaboration,13,,auto,OpenAlex coauthorship between confirmed professors,0.761,2006,2024
AUTO000506,P0114,P0345,collaboration,6,,auto,OpenAlex coauthorship between confirmed professors,0.401,2022,2025
AUTO000507,P0114,P0746,collaboration,2,,auto,OpenAlex coauthorship between confirmed professors,0.114,2015,2024
AUTO000508,P0114,P1522,collaboration,2,,auto,OpenAlex coauthorship between confirmed professors,0.086,2013,2014
AUTO000509,P0115,P0755,collaboration,2,,auto,OpenAlex coauthorship between confirmed professors,0.068,2017,2017
AUTO000510,P0115,P0822,collaboration,4,,auto,OpenAlex coauthorship between confirmed professors,0.163,2011,2013
AUTO000511,P0115,P0829,collaboration,2,,auto,OpenAlex coauthorship between confirmed professors,0.071,2012,2012
AUTO000512,P0115,P1021,collaboration,2,,auto,OpenAlex coauthorship between confirmed professors,0.278,2026,2026
AUTO000513,P0115,P1269,collaboration,2,,auto,OpenAlex coauthorship between confirmed professors,0.095,2019,2021
AUTO000514,P0121,P0738,collaboration,3,,auto,OpenAlex coauthorship between confirmed professors,0.529,2021,2026
AUTO000515,P0123,P0233,collaboration,19,,auto,OpenAlex coauthorship between confirmed professors,1.349,2010,2020
AUTO000516,P0123,P0526,collaboration,7,,auto,OpenAlex coauthorship between confirmed professors,0.896,2014,2017
AUTO000517,P0123,P0711,collaboration,5,,auto,OpenAlex coauthorship between confirmed professors,0.373,2013,2018
AUTO000518,P0127,P1275,collaboration,5,,auto,OpenAlex coauthorship between confirmed professors,0.907,2021,2026
AUTO000519,P0132,P1304,collaboration,22,,auto,OpenAlex coauthorship between confirmed professors,3.095,2015,2025
AUTO000520,P0133,P1122,collaboration,3,,auto,OpenAlex coauthorship between confirmed professors,0.464,2016,2017
AUTO000521,P0134,P0707,collaboration,5,,auto,OpenAlex coauthorship between confirmed professors,0.143,2006,2015
AUTO000522,P0134,P1069,collaboration,2,,auto,OpenAlex coauthorship between confirmed professors,0.048,2008,2008
AUTO000523,P0135,P0755,collaboration,2,,auto,OpenAlex coauthorship between confirmed professors,0.099,2013,2015
AUTO000524,P0135,P1173,collaboration,2,,auto,OpenAlex coauthorship between confirmed professors,0.167,2023,2025
AUTO000525,P0135,P1271,collaboration,2,,auto,OpenAlex coauthorship between confirmed professors,0.105,2018,2022
AUTO000526,P0135,P1493,collaboration,2,,auto,OpenAlex coauthorship between confirmed professors,0.14,2018,2018
AUTO000527,P0138,P0837,collaboration,2,,auto,OpenAlex coauthorship between confirmed professors,0.081,2013,2023
AUTO000528,P0139,P0140,collaboration,2,,auto,OpenAlex coauthorship between confirmed professors,0.133,2025,2026
AUTO000529,P0139,P0489,collaboration,5,,auto,OpenAlex coauthorship between confirmed professors,0.659,2021,2026
AUTO000530,P0140,P0489,collaboration,2,,auto,OpenAlex coauthorship between confirmed professors,0.133,2025,2026
AUTO000531,P0140,P1152,collaboration,9,,auto,OpenAlex coauthorship between confirmed professors,0.777,2020,2022
AUTO000532,P0140,P1164,collaboration,9,,auto,OpenAlex coauthorship between confirmed professors,0.681,2021,2022
AUTO000533,P0140,P1192,collaboration,9,,auto,OpenAlex coauthorship between confirmed professors,0.66,2016,2022
AUTO000534,P0141,P1110,collaboration,4,,auto,OpenAlex coauthorship between confirmed professors,0.314,2014,2023
AUTO000535,P0141,P1523,collaboration,2,,auto,OpenAlex coauthorship between confirmed professors,0.161,2014,2017
AUTO000536,P0142,P0149,collaboration,2,,auto,OpenAlex coauthorship between confirmed professors,0.081,2013,2014
AUTO000537,P0142,P0560,collaboration,5,,auto,OpenAlex coauthorship between confirmed professors,0.523,2019,2026
AUTO000538,P0142,P0804,collaboration,4,,auto,OpenAlex coauthorship between confirmed professors,0.209,2012,2014
AUTO000539,P0142,P1389,collaboration,4,,auto,OpenAlex coauthorship between confirmed professors,0.601,2022,2025
AUTO000540,P0145,P0291,collaboration,2,,auto,OpenAlex coauthorship between confirmed professors,0.017,2010,2010
AUTO000541,P0145,P1169,collaboration,11,,auto,OpenAlex coauthorship between confirmed professors,0.177,1997,2010
AUTO000542,P0145,P1193,collaboration,2,,auto,OpenAlex coauthorship between confirmed professors,0.137,2005,2006
AUTO000543,P0149,P0179,collaboration,5,,auto,OpenAlex coauthorship between confirmed professors,0.257,2005,2013
AUTO000544,P0149,P0204,collaboration,3,,auto,OpenAlex coauthorship between confirmed professors,0.094,2009,2017
AUTO000545,P0153,P0154,collaboration,9,,auto,OpenAlex coauthorship between confirmed professors,1.182,2022,2025
AUTO000546,P0153,P0284,collaboration,4,,auto,OpenAlex coauthorship between confirmed professors,0.161,2016,2016
AUTO000547,P0155,P1014,collaboration,4,,auto,OpenAlex coauthorship between confirmed professors,0.232,2016,2025
AUTO000548,P0156,P0766,collaboration,7,,auto,OpenAlex coauthorship between confirmed professors,0.841,2013,2023
AUTO000549,P0156,P0920,collaboration,5,,auto,OpenAlex coauthorship between confirmed professors,0.695,2016,2023
AUTO000550,P0156,P1130,collaboration,3,,auto,OpenAlex coauthorship between confirmed professors,0.253,2023,2025
AUTO000551,P0157,P0228,collaboration,2,,auto,OpenAlex coauthorship between confirmed professors,0.035,2004,2008
AUTO000552,P0157,P0475,collaboration,2,,auto,OpenAlex coauthorship between confirmed professors,0.094,2006,2018
AUTO000553,P0157,P0481,collaboration,2,,auto,OpenAlex coauthorship between confirmed professors,0.155,2004,2025
AUTO000554,P0157,P1260,collaboration,2,,auto,OpenAlex coauthorship between confirmed professors,0.189,2016,2020
AUTO000555,P0159,P0162,collaboration,2,,auto,OpenAlex coauthorship between confirmed professors,0.115,2024,2025
AUTO000556,P0159,P1576,collaboration,2,,auto,OpenAlex coauthorship between confirmed professors,0.115,2024,2025
AUTO000557,P0159,P1606,collaboration,2,,auto,OpenAlex coauthorship between confirmed professors,0.115,2024,2025
AUTO000558,P0161,P1415,collaboration,4,,auto,OpenAlex coauthorship between confirmed professors,0.122,2013,2015
AUTO000559,P0161,P1457,collaboration,4,,auto,OpenAlex coauthorship between confirmed professors,0.122,2013,2015
AUTO000560,P0162,P0408,collaboration,4,,auto,OpenAlex coauthorship between confirmed professors,0.092,2014,2020
AUTO000561,P0162,P1576,collaboration,4,,auto,OpenAlex coauthorship between confirmed professors,0.141,2015,2025
AUTO000562,P0162,P1580,collaboration,5,,auto,OpenAlex coauthorship between confirmed professors,0.149,2020,2022
AUTO000563,P0162,P1605,collaboration,4,,auto,OpenAlex coauthorship between confirmed professors,0.058,2020,2022
AUTO000564,P0162,P1606,collaboration,3,,auto,OpenAlex coauthorship between confirmed professors,0.123,2020,2025
AUTO000565,P0165,P1266,collaboration,4,,auto,OpenAlex coauthorship between confirmed professors,0.525,2023,2026
AUTO000566,P0173,P0174,collaboration,4,,auto,OpenAlex coauthorship between confirmed professors,0.336,2008,2010
AUTO000567,P0173,P0189,collaboration,19,,auto,OpenAlex coauthorship between confirmed professors,1.475,2014,2018
AUTO000568,P0173,P0802,collaboration,2,,auto,OpenAlex coauthorship between confirmed professors,0.099,2012,2013
AUTO000569,P0174,P0175,collaboration,5,,auto,OpenAlex coauthorship between confirmed professors,0.424,2014,2018
AUTO000570,P0174,P0187,collaboration,2,,auto,OpenAlex coauthorship between confirmed professors,0.268,2024,2025
AUTO000571,P0174,P0205,collaboration,3,,auto,OpenAlex coauthorship between confirmed professors,0.186,2016,2018
AUTO000572,P0174,P1422,collaboration,2,,auto,OpenAlex coauthorship between confirmed professors,0.099,2019,2021
AUTO000573,P0174,P1461,collaboration,5,,auto,OpenAlex coauthorship between confirmed professors,0.19,2006,2010
AUTO000574,P0175,P0176,collaboration,2,,auto,OpenAlex coauthorship between confirmed professors,0.109,2010,2010
AUTO000575,P0175,P0180,collaboration,2,,auto,OpenAlex coauthorship between confirmed professors,0.219,2010,2014
AUTO000576,P0176,P0180,collaboration,2,,auto,OpenAlex coauthorship between confirmed professors,0.152,2016,2021
AUTO000577,P0176,P0182,collaboration,2,,auto,OpenAlex coauthorship between confirmed professors,0.126,2014,2015
AUTO000578,P0176,P0185,collaboration,2,,auto,OpenAlex coauthorship between confirmed professors,0.126,2014,2015
AUTO000579,P0176,P0899,collaboration,2,,auto,OpenAlex coauthorship between confirmed professors,0.054,2000,2004
AUTO000580,P0176,P1074,collaboration,2,,auto,OpenAlex coauthorship between confirmed professors,0.138,2017,2017
AUTO000581,P0176,P1275,collaboration,2,,auto,OpenAlex coauthorship between confirmed professors,0.165,2014,2019
AUTO000582,P0178,P1092,collaboration,4,,auto,OpenAlex coauthorship between confirmed professors,0.48,2019,2021
AUTO000583,P0179,P0852,collaboration,4,,auto,OpenAlex coauthorship between confirmed professors,0.412,2015,2017
AUTO000584,P0180,P0182,collaboration,11,,auto,OpenAlex coauthorship between confirmed professors,0.95,2008,2019
AUTO000585,P0180,P0185,collaboration,6,,auto,OpenAlex coauthorship between confirmed professors,1.124,2019,2025
AUTO000586,P0180,P0194,collaboration,3,,auto,OpenAlex coauthorship between confirmed professors,0.341,2019,2025
AUTO000587,P0181,P0193,collaboration,1,,auto,OpenAlex coauthorship between confirmed professors,0.5,2026,2026
AUTO000588,P0181,P0194,collaboration,78,,auto,OpenAlex coauthorship between confirmed professors,11.77,2017,2026
AUTO000589,P0182,P0185,collaboration,19,,auto,OpenAlex coauthorship between confirmed professors,1.758,2007,2023
AUTO000590,P0182,P0742,collaboration,4,,auto,OpenAlex coauthorship between confirmed professors,0.448,2017,2017
AUTO000591,P0182,P1152,collaboration,2,,auto,OpenAlex coauthorship between confirmed professors,0.074,2005,2008
AUTO000592,P0182,P1182,collaboration,9,,auto,OpenAlex coauthorship between confirmed professors,0.973,2002,2015
AUTO000593,P0182,P1486,collaboration,2,,auto,OpenAlex coauthorship between confirmed professors,0.225,2021,2021
AUTO000594,P0182,P1488,collaboration,2,,auto,OpenAlex coauthorship between confirmed professors,0.28,2022,2022
AUTO000595,P0182,P1507,collaboration,2,,auto,OpenAlex coauthorship between confirmed professors,0.28,2022,2022
AUTO000596,P0184,P0185,collaboration,21,,auto,OpenAlex coauthorship between confirmed professors,3.565,2009,2025
AUTO000597,P0184,P1484,collaboration,4,,auto,OpenAlex coauthorship between confirmed professors,0.478,2019,2021
AUTO000598,P0185,P0281,collaboration,2,,auto,OpenAlex coauthorship between confirmed professors,0.162,2016,2017
AUTO000599,P0185,P1251,collaboration,1,,auto,OpenAlex coauthorship between confirmed professors,0.5,2024,2024
AUTO000600,P0185,P1458,collaboration,2,,auto,OpenAlex coauthorship between confirmed professors,0.148,2015,2016
AUTO000601,P0185,P1484,collaboration,4,,auto,OpenAlex coauthorship between confirmed professors,0.612,2019,2021
AUTO000602,P0187,P0303,collaboration,2,,auto,OpenAlex coauthorship between confirmed professors,0.292,2025,2026
AUTO000603,P0187,P1213,collaboration,2,,auto,OpenAlex coauthorship between confirmed professors,0.224,2015,2016
AUTO000604,P0188,P0194,collaboration,2,,auto,OpenAlex coauthorship between confirmed professors,0.048,2007,2014
AUTO000605,P0188,P0872,collaboration,4,,auto,OpenAlex coauthorship between confirmed professors,0.112,2015,2026
AUTO000606,P0188,P1128,collaboration,2,,auto,OpenAlex coauthorship between confirmed professors,0.146,2014,2021
AUTO000607,P0189,P1097,collaboration,3,,auto,OpenAlex coauthorship between confirmed professors,0.313,2024,2025
AUTO000608,P0189,P1191,collaboration,3,,auto,OpenAlex coauthorship between confirmed professors,0.11,2007,2018
AUTO000609,P0192,P0709,collaboration,2,,auto,OpenAlex coauthorship between confirmed professors,0.323,2022,2023
AUTO000610,P0192,P1133,collaboration,5,,auto,OpenAlex coauthorship between confirmed professors,0.226,2018,2024
AUTO000611,P0192,P1151,collaboration,3,,auto,OpenAlex coauthorship between confirmed professors,0.284,2022,2023
AUTO000612,P0192,P1252,collaboration,3,,auto,OpenAlex coauthorship between confirmed professors,0.091,2016,2017
AUTO000613,P0192,P1382,collaboration,2,,auto,OpenAlex coauthorship between confirmed professors,0.181,2019,2020
AUTO000614,P0194,P1196,collaboration,2,,auto,OpenAlex coauthorship between confirmed professors,0.265,2022,2026
AUTO000615,P0196,P0872,collaboration,2,,auto,OpenAlex coauthorship between confirmed professors,0.38,2017,2018
AUTO000616,P0199,P1260,collaboration,3,,auto,OpenAlex coauthorship between confirmed professors,0.221,2017,2023
AUTO000617,P0200,P1153,collaboration,2,,auto,OpenAlex coauthorship between confirmed professors,0.126,2007,2008
AUTO000618,P0200,P1570,collaboration,2,,auto,OpenAlex coauthorship between confirmed professors,0.333,2025,2026
AUTO000619,P0201,P0260,collaboration,2,,auto,OpenAlex coauthorship between confirmed professors,0.225,2024,2025
AUTO000620,P0201,P0333,collaboration,2,,auto,OpenAlex coauthorship between confirmed professors,0.093,2024,2024
AUTO000621,P0201,P0346,collaboration,14,,auto,OpenAlex coauthorship between confirmed professors,0.455,2004,2013
AUTO000622,P0201,P0430,collaboration,3,,auto,OpenAlex coauthorship between confirmed professors,0.317,2025,2026
AUTO000623,P0201,P0991,collaboration,3,,auto,OpenAlex coauthorship between confirmed professors,0.145,2021,2024
AUTO000624,P0201,P1353,collaboration,3,,auto,OpenAlex coauthorship between confirmed professors,0.209,2024,2024
AUTO000625,P0204,P0205,collaboration,37,,auto,OpenAlex coauthorship between confirmed professors,5.78,2006,2025
AUTO000626,P0204,P0219,collaboration,4,,auto,OpenAlex coauthorship between confirmed professors,0.337,2017,2021
AUTO000627,P0204,P1054,collaboration,4,,auto,OpenAlex coauthorship between confirmed professors,0.419,2015,2017
AUTO000628,P0204,P1421,collaboration,3,,auto,OpenAlex coauthorship between confirmed professors,0.108,2012,2012
AUTO000629,P0205,P0218,collaboration,11,,auto,OpenAlex coauthorship between confirmed professors,2.573,2016,2023
AUTO000630,P0205,P0219,collaboration,7,,auto,OpenAlex coauthorship between confirmed professors,1.498,2017,2023
AUTO000631,P0205,P0596,collaboration,2,,auto,OpenAlex coauthorship between confirmed professors,0.179,2008,2012
AUTO000632,P0205,P0598,collaboration,2,,auto,OpenAlex coauthorship between confirmed professors,0.12,2008,2012
AUTO000633,P0205,P0635,collaboration,4,,auto,OpenAlex coauthorship between confirmed professors,0.376,2018,2021
AUTO000634,P0205,P0691,collaboration,5,,auto,OpenAlex coauthorship between confirmed professors,0.148,2003,2006
AUTO000635,P0205,P0703,collaboration,4,,auto,OpenAlex coauthorship between confirmed professors,0.106,2003,2004
AUTO000636,P0205,P0991,collaboration,2,,auto,OpenAlex coauthorship between confirmed professors,0.177,2020,2020
AUTO000637,P0205,P1054,collaboration,12,,auto,OpenAlex coauthorship between confirmed professors,3.519,2014,2021
AUTO000638,P0205,P1102,collaboration,2,,auto,OpenAlex coauthorship between confirmed professors,0.183,2015,2015
AUTO000639,P0205,P1174,collaboration,4,,auto,OpenAlex coauthorship between confirmed professors,0.519,2022,2024
AUTO000640,P0205,P1213,collaboration,2,,auto,OpenAlex coauthorship between confirmed professors,0.078,2016,2017
AUTO000641,P0205,P1228,collaboration,3,,auto,OpenAlex coauthorship between confirmed professors,0.123,2016,2017
AUTO000642,P0205,P1233,collaboration,3,,auto,OpenAlex coauthorship between confirmed professors,0.123,2016,2017
AUTO000643,P0205,P1244,collaboration,2,,auto,OpenAlex coauthorship between confirmed professors,0.189,2012,2012
AUTO000644,P0205,P1313,collaboration,1,,auto,OpenAlex coauthorship between confirmed professors,1.376,2023,2023
AUTO000645,P0205,P1411,collaboration,3,,auto,OpenAlex coauthorship between confirmed professors,0.122,2009,2010
AUTO000646,P0205,P1471,collaboration,2,,auto,OpenAlex coauthorship between confirmed professors,0.056,2007,2008
AUTO000647,P0205,P1478,collaboration,4,,auto,OpenAlex coauthorship between confirmed professors,0.523,2017,2020
AUTO000648,P0207,P0212,collaboration,113,,auto,OpenAlex coauthorship between confirmed professors,41.056,2009,2026
AUTO000649,P0208,P0303,collaboration,2,,auto,OpenAlex coauthorship between confirmed professors,0.13,2022,2022
AUTO000650,P0208,P0972,collaboration,2,,auto,OpenAlex coauthorship between confirmed professors,0.21,2022,2022
AUTO000651,P0208,P1118,collaboration,2,,auto,OpenAlex coauthorship between confirmed professors,0.136,2015,2020
AUTO000652,P0208,P1124,collaboration,5,,auto,OpenAlex coauthorship between confirmed professors,0.284,2020,2022
AUTO000653,P0208,P1138,collaboration,4,,auto,OpenAlex coauthorship between confirmed professors,0.237,2020,2021
AUTO000654,P0208,P1257,collaboration,2,,auto,OpenAlex coauthorship between confirmed professors,0.13,2022,2022
AUTO000655,P0209,P1384,collaboration,7,,auto,OpenAlex coauthorship between confirmed professors,1.68,2015,2019
AUTO000656,P0210,P0466,collaboration,16,,auto,OpenAlex coauthorship between confirmed professors,0.883,2007,2019
AUTO000657,P0210,P0503,collaboration,4,,auto,OpenAlex coauthorship between confirmed professors,0.405,2010,2016
AUTO000658,P0210,P0848,collaboration,3,,auto,OpenAlex coauthorship between confirmed professors,0.16,2008,2018
AUTO000659,P0210,P1157,collaboration,3,,auto,OpenAlex coauthorship between confirmed professors,0.103,2008,2014
AUTO000660,P0211,P0482,collaboration,2,,auto,OpenAlex coauthorship between confirmed professors,0.052,2009,2010
AUTO000661,P0211,P0541,collaboration,12,,auto,OpenAlex coauthorship between confirmed professors,0.22,2004,2008
AUTO000662,P0211,P1252,collaboration,3,,auto,OpenAlex coauthorship between confirmed professors,0.11,2008,2011
AUTO000663,P0211,P1534,collaboration,3,,auto,OpenAlex coauthorship between confirmed professors,0.122,2009,2016
AUTO000664,P0213,P0216,collaboration,2,,auto,OpenAlex coauthorship between confirmed professors,0.459,2023,2023
AUTO000665,P0213,P0291,collaboration,2,,auto,OpenAlex coauthorship between confirmed professors,0.125,2025,2025
AUTO000666,P0213,P1193,collaboration,2,,auto,OpenAlex coauthorship between confirmed professors,0.185,2006,2007
AUTO000667,P0213,P1290,collaboration,2,,auto,OpenAlex coauthorship between confirmed professors,0.074,2011,2016
AUTO000668,P0213,P1295,collaboration,2,,auto,OpenAlex coauthorship between confirmed professors,0.125,2025,2025
AUTO000669,P0216,P0284,collaboration,4,,auto,OpenAlex coauthorship between confirmed professors,0.11,2008,2011
AUTO000670,P0216,P0703,collaboration,2,,auto,OpenAlex coauthorship between confirmed professors,0.051,2011,2015
AUTO000671,P0216,P0707,collaboration,3,,auto,OpenAlex coauthorship between confirmed professors,0.213,2021,2025
AUTO000672,P0216,P0985,collaboration,6,,auto,OpenAlex coauthorship between confirmed professors,0.516,2024,2026
AUTO000673,P0216,P1029,collaboration,3,,auto,OpenAlex coauthorship between confirmed professors,0.153,2012,2013
AUTO000674,P0216,P1212,collaboration,6,,auto,OpenAlex coauthorship between confirmed professors,0.39,2014,2023
AUTO000675,P0216,P1217,collaboration,2,,auto,OpenAlex coauthorship between confirmed professors,0.118,2017,2023
AUTO000676,P0218,P0219,collaboration,6,,auto,OpenAlex coauthorship between confirmed professors,1.249,2019,2024
AUTO000677,P0219,P1138,collaboration,2,,auto,OpenAlex coauthorship between confirmed professors,0.077,2012,2014
AUTO000678,P0219,P1297,collaboration,5,,auto,OpenAlex coauthorship between confirmed professors,0.793,2022,2024
AUTO000679,P0220,P1177,collaboration,23,,auto,OpenAlex coauthorship between confirmed professors,0.836,2006,2016
AUTO000680,P0220,P1188,collaboration,2,,auto,OpenAlex coauthorship between confirmed professors,0.161,2011,2025
AUTO000681,P0221,P0704,collaboration,8,,auto,OpenAlex coauthorship between confirmed professors,0.434,2016,2026
AUTO000682,P0221,P0711,collaboration,23,,auto,OpenAlex coauthorship between confirmed professors,3.779,2014,2026
AUTO000683,P0223,P0224,collaboration,2,,auto,OpenAlex coauthorship between confirmed professors,0.137,2012,2018
AUTO000684,P0223,P0226,collaboration,3,,auto,OpenAlex coauthorship between confirmed professors,0.6,2014,2024
AUTO000685,P0223,P0548,collaboration,4,,auto,OpenAlex coauthorship between confirmed professors,0.159,2008,2011
AUTO000686,P0223,P1577,collaboration,3,,auto,OpenAlex coauthorship between confirmed professors,0.24,2016,2018
AUTO000687,P0224,P0225,collaboration,2,,auto,OpenAlex coauthorship between confirmed professors,0.184,2018,2018
AUTO000688,P0224,P0253,collaboration,9,,auto,OpenAlex coauthorship between confirmed professors,0.397,2011,2016
AUTO000689,P0224,P1217,collaboration,2,,auto,OpenAlex coauthorship between confirmed professors,0.137,2003,2013
AUTO000690,P0226,P1474,collaboration,3,,auto,OpenAlex coauthorship between confirmed professors,0.344,2021,2022
AUTO000691,P0226,P1491,collaboration,2,,auto,OpenAlex coauthorship between confirmed professors,0.234,2013,2014
AUTO000692,P0228,P0266,collaboration,2,,auto,OpenAlex coauthorship between confirmed professors,0.083,2020,2021
AUTO000693,P0228,P1249,collaboration,2,,auto,OpenAlex coauthorship between confirmed professors,0.083,2020,2021
AUTO000694,P0228,P1257,collaboration,4,,auto,OpenAlex coauthorship between confirmed professors,0.15,2007,2015
AUTO000695,P0228,P1356,collaboration,2,,auto,OpenAlex coauthorship between confirmed professors,0.124,2020,2022
AUTO000696,P0228,P1383,collaboration,20,,auto,OpenAlex coauthorship between confirmed professors,1.491,2007,2025
AUTO000697,P0230,P0231,collaboration,3,,auto,OpenAlex coauthorship between confirmed professors,0.475,2017,2020
AUTO000698,P0230,P0234,collaboration,3,,auto,OpenAlex coauthorship between confirmed professors,0.273,2016,2020
AUTO000699,P0230,P0236,collaboration,22,,auto,OpenAlex coauthorship between confirmed professors,2.397,2011,2024
AUTO000700,P0230,P0278,collaboration,11,,auto,OpenAlex coauthorship between confirmed professors,0.664,2004,2016
AUTO000701,P0230,P0935,collaboration,10,,auto,OpenAlex coauthorship between confirmed professors,0.225,2005,2008
AUTO000702,P0230,P1458,collaboration,2,,auto,OpenAlex coauthorship between confirmed professors,0.092,2007,2007
AUTO000703,P0230,P1459,collaboration,3,,auto,OpenAlex coauthorship between confirmed professors,0.419,2021,2025
AUTO000704,P0231,P0233,collaboration,3,,auto,OpenAlex coauthorship between confirmed professors,0.345,2015,2019
AUTO000705,P0231,P0234,collaboration,2,,auto,OpenAlex coauthorship between confirmed professors,0.172,2020,2020
AUTO000706,P0231,P0235,collaboration,2,,auto,OpenAlex coauthorship between confirmed professors,0.5,2026,2026
AUTO000707,P0231,P0236,collaboration,5,,auto,OpenAlex coauthorship between confirmed professors,0.506,2013,2025
AUTO000708,P0231,P0342,collaboration,2,,auto,OpenAlex coauthorship between confirmed professors,0.343,2024,2025
AUTO000709,P0231,P1459,collaboration,13,,auto,OpenAlex coauthorship between confirmed professors,1.326,2001,2014
AUTO000710,P0231,P1584,collaboration,2,,auto,OpenAlex coauthorship between confirmed professors,0.126,2019,2019
AUTO000711,P0233,P0684,collaboration,6,,auto,OpenAlex coauthorship between confirmed professors,0.549,2022,2025
AUTO000712,P0233,P0905,collaboration,2,,auto,OpenAlex coauthorship between confirmed professors,0.16,2014,2016
AUTO000713,P0234,P0236,collaboration,5,,auto,OpenAlex coauthorship between confirmed professors,0.435,2016,2020
AUTO000714,P0234,P1203,collaboration,3,,auto,OpenAlex coauthorship between confirmed professors,0.223,2002,2017
AUTO000715,P0234,P1254,collaboration,9,,auto,OpenAlex coauthorship between confirmed professors,1.78,1999,2022
AUTO000716,P0234,P1412,collaboration,4,,auto,OpenAlex coauthorship between confirmed professors,0.085,2004,2006
AUTO000717,P0236,P0255,collaboration,6,,auto,OpenAlex coauthorship between confirmed professors,0.342,2017,2021
AUTO000718,P0236,P0257,collaboration,6,,auto,OpenAlex coauthorship between confirmed professors,0.342,2017,2021
AUTO000719,P0238,P1132,collaboration,7,,auto,OpenAlex coauthorship between confirmed professors,0.801,2019,2023
AUTO000720,P0239,P1353,collaboration,5,,auto,OpenAlex coauthorship between confirmed professors,0.556,2023,2025
AUTO000721,P0241,P0244,collaboration,2,,auto,OpenAlex coauthorship between confirmed professors,0.333,2025,2025
AUTO000722,P0241,P1212,collaboration,3,,auto,OpenAlex coauthorship between confirmed professors,0.351,2020,2026
AUTO000723,P0241,P1217,collaboration,3,,auto,OpenAlex coauthorship between confirmed professors,0.351,2020,2026
AUTO000724,P0241,P1237,collaboration,2,,auto,OpenAlex coauthorship between confirmed professors,0.226,2020,2025
AUTO000725,P0241,P1244,collaboration,3,,auto,OpenAlex coauthorship between confirmed professors,0.351,2020,2026
AUTO000726,P0242,P0243,collaboration,4,,auto,OpenAlex coauthorship between confirmed professors,1.14,2021,2023
AUTO000727,P0242,P0687,collaboration,4,,auto,OpenAlex coauthorship between confirmed professors,0.251,2017,2019
AUTO000728,P0243,P0845,collaboration,2,,auto,OpenAlex coauthorship between confirmed professors,0.146,2008,2021
AUTO000729,P0245,P0836,collaboration,6,,auto,OpenAlex coauthorship between confirmed professors,0.325,2012,2016
AUTO000730,P0245,P0877,collaboration,16,,auto,OpenAlex coauthorship between confirmed professors,1.636,2012,2017
AUTO000731,P0245,P1117,collaboration,2,,auto,OpenAlex coauthorship between confirmed professors,0.139,2012,2016
AUTO000732,P0245,P1164,collaboration,9,,auto,OpenAlex coauthorship between confirmed professors,0.532,2011,2016
AUTO000733,P0245,P1177,collaboration,4,,auto,OpenAlex coauthorship between confirmed professors,0.093,1996,2000
AUTO000734,P0245,P1195,collaboration,22,,auto,OpenAlex coauthorship between confirmed professors,3.442,2012,2022
AUTO000735,P0245,P1203,collaboration,2,,auto,OpenAlex coauthorship between confirmed professors,0.15,2003,2005
AUTO000736,P0246,P0568,collaboration,3,,auto,OpenAlex coauthorship between confirmed professors,0.23,2019,2026
AUTO000737,P0246,P0746,collaboration,3,,auto,OpenAlex coauthorship between confirmed professors,0.136,2017,2020
AUTO000738,P0246,P0872,collaboration,8,,auto,OpenAlex coauthorship between confirmed professors,0.727,2024,2025
AUTO000739,P0246,P1124,collaboration,2,,auto,OpenAlex coauthorship between confirmed professors,0.133,2016,2017
AUTO000740,P0246,P1444,collaboration,8,,auto,OpenAlex coauthorship between confirmed professors,0.727,2024,2025
AUTO000741,P0249,P1069,collaboration,9,,auto,OpenAlex coauthorship between confirmed professors,0.955,2017,2020
AUTO000742,P0250,P0986,collaboration,2,,auto,OpenAlex coauthorship between confirmed professors,0.051,2025,2026
AUTO000743,P0250,P1116,collaboration,3,,auto,OpenAlex coauthorship between confirmed professors,0.122,2020,2026
AUTO000744,P0250,P1251,collaboration,2,,auto,OpenAlex coauthorship between confirmed professors,0.098,2020,2020
AUTO000745,P0250,P1306,collaboration,2,,auto,OpenAlex coauthorship between confirmed professors,0.051,2025,2026
AUTO000746,P0250,P1534,collaboration,3,,auto,OpenAlex coauthorship between confirmed professors,0.077,2024,2026
AUTO000747,P0250,P1554,collaboration,2,,auto,OpenAlex coauthorship between confirmed professors,0.31,2026,2026
AUTO000748,P0251,P0272,collaboration,3,,auto,OpenAlex coauthorship between confirmed professors,0.34,2014,2022
AUTO000749,P0251,P0274,collaboration,7,,auto,OpenAlex coauthorship between confirmed professors,0.481,2015,2024
AUTO000750,P0251,P0275,collaboration,17,,auto,OpenAlex coauthorship between confirmed professors,1.753,2012,2024
AUTO000751,P0251,P0277,collaboration,2,,auto,OpenAlex coauthorship between confirmed professors,0.085,2010,2010
AUTO000752,P0251,P0786,collaboration,10,,auto,OpenAlex coauthorship between confirmed professors,0.386,2001,2021
AUTO000753,P0253,P0281,collaboration,3,,auto,OpenAlex coauthorship between confirmed professors,0.404,2019,2026
AUTO000754,P0253,P0648,collaboration,4,,auto,OpenAlex coauthorship between confirmed professors,0.315,2018,2020
AUTO000755,P0253,P0718,collaboration,2,,auto,OpenAlex coauthorship between confirmed professors,0.091,2021,2021
AUTO000756,P0253,P0746,collaboration,2,,auto,OpenAlex coauthorship between confirmed professors,0.091,2021,2021
AUTO000757,P0253,P0855,collaboration,5,,auto,OpenAlex coauthorship between confirmed professors,0.715,2020,2022
AUTO000758,P0253,P0920,collaboration,2,,auto,OpenAlex coauthorship between confirmed professors,0.273,2022,2022
AUTO000759,P0253,P1148,collaboration,21,,auto,OpenAlex coauthorship between confirmed professors,1.623,2019,2025
AUTO000760,P0253,P1150,collaboration,3,,auto,OpenAlex coauthorship between confirmed professors,0.231,2023,2025
AUTO000761,P0253,P1270,collaboration,2,,auto,OpenAlex coauthorship between confirmed professors,0.091,2021,2021
AUTO000762,P0253,P1276,collaboration,2,,auto,OpenAlex coauthorship between confirmed professors,0.091,2021,2021
AUTO000763,P0254,P0256,collaboration,6,,auto,OpenAlex coauthorship between confirmed professors,0.143,2003,2012
AUTO000764,P0254,P0257,collaboration,4,,auto,OpenAlex coauthorship between confirmed professors,0.165,2005,2014
AUTO000765,P0254,P0258,collaboration,2,,auto,OpenAlex coauthorship between confirmed professors,0.213,2019,2023
AUTO000766,P0254,P0269,collaboration,2,,auto,OpenAlex coauthorship between confirmed professors,0.31,2025,2026
AUTO000767,P0254,P0616,collaboration,2,,auto,OpenAlex coauthorship between confirmed professors,0.233,2015,2017
AUTO000768,P0255,P0257,collaboration,131,,auto,OpenAlex coauthorship between confirmed professors,7.13,2004,2026
AUTO000769,P0255,P0263,collaboration,4,,auto,OpenAlex coauthorship between confirmed professors,0.172,2013,2015
AUTO000770,P0255,P0266,collaboration,2,,auto,OpenAlex coauthorship between confirmed professors,0.118,2005,2026
AUTO000771,P0255,P1402,collaboration,3,,auto,OpenAlex coauthorship between confirmed professors,0.199,2011,2015
AUTO000772,P0256,P0258,collaboration,8,,auto,OpenAlex coauthorship between confirmed professors,0.374,2002,2014
AUTO000773,P0256,P0265,collaboration,64,,auto,OpenAlex coauthorship between confirmed professors,6.286,2002,2021
AUTO000774,P0257,P0263,collaboration,3,,auto,OpenAlex coauthorship between confirmed professors,0.124,2014,2015
AUTO000775,P0257,P0266,collaboration,3,,auto,OpenAlex coauthorship between confirmed professors,0.136,2003,2026
AUTO000776,P0257,P0836,collaboration,2,,auto,OpenAlex coauthorship between confirmed professors,0.2,2016,2016
AUTO000777,P0257,P1143,collaboration,2,,auto,OpenAlex coauthorship between confirmed professors,0.119,2018,2018
AUTO000778,P0257,P1466,collaboration,2,,auto,OpenAlex coauthorship between confirmed professors,0.247,2021,2023
AUTO000779,P0257,P1502,collaboration,2,,auto,OpenAlex coauthorship between confirmed professors,0.141,2013,2015
AUTO000780,P0258,P0265,collaboration,5,,auto,OpenAlex coauthorship between confirmed professors,0.099,2002,2003
AUTO000781,P0260,P0475,collaboration,52,,auto,OpenAlex coauthorship between confirmed professors,6.477,2000,2025
AUTO000782,P0260,P0485,collaboration,2,,auto,OpenAlex coauthorship between confirmed professors,0.208,2025,2025
AUTO000783,P0263,P0265,collaboration,3,,auto,OpenAlex coauthorship between confirmed professors,0.682,2024,2025
AUTO000784,P0266,P1222,collaboration,11,,auto,OpenAlex coauthorship between confirmed professors,0.892,2016,2020
AUTO000785,P0266,P1229,collaboration,5,,auto,OpenAlex coauthorship between confirmed professors,0.275,2016,2018
AUTO000786,P0266,P1234,collaboration,4,,auto,OpenAlex coauthorship between confirmed professors,0.22,2016,2017
AUTO000787,P0266,P1242,collaboration,2,,auto,OpenAlex coauthorship between confirmed professors,0.124,2016,2017
AUTO000788,P0266,P1249,collaboration,12,,auto,OpenAlex coauthorship between confirmed professors,0.946,2016,2026
AUTO000789,P0266,P1323,collaboration,2,,auto,OpenAlex coauthorship between confirmed professors,0.13,2016,2018
AUTO000790,P0267,P1437,collaboration,2,,auto,OpenAlex coauthorship between confirmed professors,0.065,2010,2013
AUTO000791,P0268,P0269,collaboration,5,,auto,OpenAlex coauthorship between confirmed professors,0.867,2025,2025
AUTO000792,P0272,P0471,collaboration,3,,auto,OpenAlex coauthorship between confirmed professors,0.107,2009,2012
AUTO000793,P0272,P0823,collaboration,2,,auto,OpenAlex coauthorship between confirmed professors,0.099,2016,2019
AUTO000794,P0272,P1029,collaboration,2,,auto,OpenAlex coauthorship between confirmed professors,0.141,2021,2023
AUTO000795,P0272,P1193,collaboration,3,,auto,OpenAlex coauthorship between confirmed professors,0.07,1998,1998
AUTO000796,P0272,P1227,collaboration,7,,auto,OpenAlex coauthorship between confirmed professors,0.463,2018,2023
AUTO000797,P0274,P0275,collaboration,3,,auto,OpenAlex coauthorship between confirmed professors,0.186,2015,2021
AUTO000798,P0274,P0537,collaboration,29,,auto,OpenAlex coauthorship between confirmed professors,6.766,2004,2026
AUTO000799,P0274,P0899,collaboration,2,,auto,OpenAlex coauthorship between confirmed professors,0.047,2004,2007
AUTO000800,P0275,P0277,collaboration,2,,auto,OpenAlex coauthorship between confirmed professors,0.126,2008,2014
AUTO000801,P0275,P0786,collaboration,2,,auto,OpenAlex coauthorship between confirmed professors,0.11,2013,2021
AUTO000802,P0275,P1551,collaboration,2,,auto,OpenAlex coauthorship between confirmed professors,0.029,1999,2003
AUTO000803,P0275,P1568,collaboration,4,,auto,OpenAlex coauthorship between confirmed professors,0.062,2000,2003
AUTO000804,P0277,P0399,collaboration,4,,auto,OpenAlex coauthorship between confirmed professors,0.517,2020,2026
AUTO000805,P0277,P1300,collaboration,2,,auto,OpenAlex coauthorship between confirmed professors,0.153,2004,2005
AUTO000806,P0277,P1330,collaboration,6,,auto,OpenAlex coauthorship between confirmed professors,0.625,2015,2018
AUTO000807,P0277,P1334,collaboration,2,,auto,OpenAlex coauthorship between confirmed professors,0.214,2012,2013
AUTO000808,P0278,P0935,collaboration,2,,auto,OpenAlex coauthorship between confirmed professors,0.042,2007,2007
AUTO000809,P0279,P0282,collaboration,6,,auto,OpenAlex coauthorship between confirmed professors,0.967,2016,2023
AUTO000810,P0279,P0525,collaboration,2,,auto,OpenAlex coauthorship between confirmed professors,0.158,2016,2017
AUTO000811,P0279,P0994,collaboration,3,,auto,OpenAlex coauthorship between confirmed professors,0.954,2019,2024
AUTO000812,P0280,P0465,collaboration,5,,auto,OpenAlex coauthorship between confirmed professors,1.85,2021,2026
AUTO000813,P0281,P1091,collaboration,70,,auto,OpenAlex coauthorship between confirmed professors,10.77,2019,2026
AUTO000814,P0281,P1327,collaboration,2,,auto,OpenAlex coauthorship between confirmed professors,0.085,2011,2012
AUTO000815,P0281,P1458,collaboration,26,,auto,OpenAlex coauthorship between confirmed professors,2.526,2015,2021
AUTO000816,P0281,P1462,collaboration,140,,auto,OpenAlex coauthorship between confirmed professors,22.792,2016,2026
AUTO000817,P0281,P1465,collaboration,7,,auto,OpenAlex coauthorship between confirmed professors,0.847,2019,2025
AUTO000818,P0281,P1468,collaboration,49,,auto,OpenAlex coauthorship between confirmed professors,7.56,2020,2026
AUTO000819,P0281,P1474,collaboration,20,,auto,OpenAlex coauthorship between confirmed professors,3.557,2021,2025
AUTO000820,P0281,P1479,collaboration,49,,auto,OpenAlex coauthorship between confirmed professors,5.095,2015,2025
AUTO000821,P0281,P1484,collaboration,8,,auto,OpenAlex coauthorship between confirmed professors,0.973,2017,2022
AUTO000822,P0281,P1498,collaboration,2,,auto,OpenAlex coauthorship between confirmed professors,0.284,2019,2021
AUTO000823,P0281,P1499,collaboration,6,,auto,OpenAlex coauthorship between confirmed professors,1.101,2022,2025
AUTO000824,P0281,P1504,collaboration,21,,auto,OpenAlex coauthorship between confirmed professors,5.998,2022,2026
AUTO000825,P0281,P1509,collaboration,3,,auto,OpenAlex coauthorship between confirmed professors,0.427,2020,2023
AUTO000826,P0281,P1511,collaboration,3,,auto,OpenAlex coauthorship between confirmed professors,0.354,2020,2020
AUTO000827,P0281,P1512,collaboration,49,,auto,OpenAlex coauthorship between confirmed professors,10.276,2021,2026
AUTO000828,P0281,P1515,collaboration,33,,auto,OpenAlex coauthorship between confirmed professors,6.7,2017,2026
AUTO000829,P0282,P1082,collaboration,3,,auto,OpenAlex coauthorship between confirmed professors,0.266,2009,2018
AUTO000830,P0282,P1498,collaboration,2,,auto,OpenAlex coauthorship between confirmed professors,0.225,2016,2016
AUTO000831,P0284,P0285,collaboration,4,,auto,OpenAlex coauthorship between confirmed professors,0.535,2016,2023
AUTO000832,P0284,P0685,collaboration,3,,auto,OpenAlex coauthorship between confirmed professors,0.092,2002,2011
AUTO000833,P0284,P0703,collaboration,12,,auto,OpenAlex coauthorship between confirmed professors,0.437,2002,2018
AUTO000834,P0285,P0594,collaboration,4,,auto,OpenAlex coauthorship between confirmed professors,0.708,2024,2025
AUTO000835,P0285,P0905,collaboration,3,,auto,OpenAlex coauthorship between confirmed professors,0.292,2017,2018
AUTO000836,P0285,P0988,collaboration,2,,auto,OpenAlex coauthorship between confirmed professors,0.256,2018,2019
AUTO000837,P0285,P1209,collaboration,3,,auto,OpenAlex coauthorship between confirmed professors,0.058,2000,2001
AUTO000838,P0285,P1386,collaboration,2,,auto,OpenAlex coauthorship between confirmed professors,0.104,2017,2018
AUTO000839,P0286,P0563,collaboration,20,,auto,OpenAlex coauthorship between confirmed professors,1.974,2016,2025
AUTO000840,P0286,P1064,collaboration,46,,auto,OpenAlex coauthorship between confirmed professors,3.552,2007,2025
AUTO000841,P0288,P1531,collaboration,3,,auto,OpenAlex coauthorship between confirmed professors,0.113,2010,2020
AUTO000842,P0288,P1553,collaboration,3,,auto,OpenAlex coauthorship between confirmed professors,0.113,2010,2020
AUTO000843,P0291,P0785,collaboration,2,,auto,OpenAlex coauthorship between confirmed professors,0.109,2013,2013
AUTO000844,P0291,P1169,collaboration,8,,auto,OpenAlex coauthorship between confirmed professors,0.796,2010,2020
AUTO000845,P0291,P1198,collaboration,2,,auto,OpenAlex coauthorship between confirmed professors,0.064,2012,2012
AUTO000846,P0291,P1200,collaboration,2,,auto,OpenAlex coauthorship between confirmed professors,0.164,2015,2019
AUTO000847,P0291,P1295,collaboration,2,,auto,OpenAlex coauthorship between confirmed professors,0.125,2025,2025
AUTO000848,P0291,P1338,collaboration,4,,auto,OpenAlex coauthorship between confirmed professors,0.183,2011,2013
AUTO000849,P0294,P0548,collaboration,2,,auto,OpenAlex coauthorship between confirmed professors,0.156,2020,2021
AUTO000850,P0294,P1474,collaboration,2,,auto,OpenAlex coauthorship between confirmed professors,0.222,2022,2023
AUTO000851,P0295,P0700,collaboration,17,,auto,OpenAlex coauthorship between confirmed professors,1.582,2013,2026
AUTO000852,P0295,P0703,collaboration,7,,auto,OpenAlex coauthorship between confirmed professors,0.529,2013,2023
AUTO000853,P0297,P1389,collaboration,2,,auto,OpenAlex coauthorship between confirmed professors,0.126,2023,2024
AUTO000854,P0297,P1419,collaboration,2,,auto,OpenAlex coauthorship between confirmed professors,0.041,2002,2004
AUTO000855,P0297,P1494,collaboration,3,,auto,OpenAlex coauthorship between confirmed professors,0.459,2013,2015
AUTO000856,P0299,P0681,collaboration,3,,auto,OpenAlex coauthorship between confirmed professors,0.3,2015,2020
AUTO000857,P0299,P1192,collaboration,2,,auto,OpenAlex coauthorship between confirmed professors,0.101,2016,2016
AUTO000858,P0303,P0657,collaboration,4,,auto,OpenAlex coauthorship between confirmed professors,0.259,2015,2016
AUTO000859,P0303,P0748,collaboration,7,,auto,OpenAlex coauthorship between confirmed professors,0.64,2015,2021
AUTO000860,P0303,P1124,collaboration,3,,auto,OpenAlex coauthorship between confirmed professors,0.207,2022,2024
AUTO000861,P0303,P1138,collaboration,4,,auto,OpenAlex coauthorship between confirmed professors,0.396,2023,2025
AUTO000862,P0303,P1257,collaboration,3,,auto,OpenAlex coauthorship between confirmed professors,0.207,2022,2024
AUTO000863,P0303,P1274,collaboration,7,,auto,OpenAlex coauthorship between confirmed professors,0.865,2022,2026
AUTO000864,P0304,P0767,collaboration,2,,auto,OpenAlex coauthorship between confirmed professors,0.211,2021,2026
AUTO000865,P0304,P1102,collaboration,4,,auto,OpenAlex coauthorship between confirmed professors,0.224,2021,2026
AUTO000866,P0304,P1192,collaboration,2,,auto,OpenAlex coauthorship between confirmed professors,0.119,2021,2021
AUTO000867,P0304,P1241,collaboration,2,,auto,OpenAlex coauthorship between confirmed professors,0.105,2026,2026
AUTO000868,P0306,P0783,collaboration,3,,auto,OpenAlex coauthorship between confirmed professors,0.313,2020,2022
AUTO000869,P0306,P1061,collaboration,7,,auto,OpenAlex coauthorship between confirmed professors,3.088,2015,2020
AUTO000870,P0306,P1548,collaboration,2,,auto,OpenAlex coauthorship between confirmed professors,0.125,2019,2023
AUTO000871,P0312,P1459,collaboration,8,,auto,OpenAlex coauthorship between confirmed professors,1.459,2010,2016
AUTO000872,P0312,P1464,collaboration,2,,auto,OpenAlex coauthorship between confirmed professors,0.186,2002,2002
AUTO000873,P0312,P1465,collaboration,2,,auto,OpenAlex coauthorship between confirmed professors,0.367,2023,2023
AUTO000874,P0312,P1472,collaboration,2,,auto,OpenAlex coauthorship between confirmed professors,0.067,2004,2005
AUTO000875,P0317,P0407,collaboration,2,,auto,OpenAlex coauthorship between confirmed professors,0.166,2023,2023
AUTO000876,P0317,P0422,collaboration,2,,auto,OpenAlex coauthorship between confirmed professors,0.343,2025,2025
AUTO000877,P0317,P0446,collaboration,2,,auto,OpenAlex coauthorship between confirmed professors,0.058,2008,2011
AUTO000878,P0319,P0379,collaboration,2,,auto,OpenAlex coauthorship between confirmed professors,0.072,2022,2023
AUTO000879,P0319,P0380,collaboration,2,,auto,OpenAlex coauthorship between confirmed professors,0.072,2022,2023
AUTO000880,P0319,P0409,collaboration,3,,auto,OpenAlex coauthorship between confirmed professors,0.169,2004,2013
AUTO000881,P0319,P0416,collaboration,2,,auto,OpenAlex coauthorship between confirmed professors,0.072,2022,2023
AUTO000882,P0319,P0446,collaboration,13,,auto,OpenAlex coauthorship between confirmed professors,3.044,2012,2021
AUTO000883,P0322,P0337,collaboration,6,,auto,OpenAlex coauthorship between confirmed professors,2.364,2022,2025
AUTO000884,P0322,P0354,collaboration,10,,auto,OpenAlex coauthorship between confirmed professors,2.226,2017,2025
AUTO000885,P0322,P0394,collaboration,13,,auto,OpenAlex coauthorship between confirmed professors,3.06,2018,2022
AUTO000886,P0322,P0414,collaboration,22,,auto,OpenAlex coauthorship between confirmed professors,3.144,2017,2023
AUTO000887,P0322,P1523,collaboration,4,,auto,OpenAlex coauthorship between confirmed professors,0.139,2024,2024
AUTO000888,P0325,P0346,collaboration,5,,auto,OpenAlex coauthorship between confirmed professors,0.471,2019,2025
AUTO000889,P0325,P0399,collaboration,10,,auto,OpenAlex coauthorship between confirmed professors,0.832,2015,2019
AUTO000890,P0325,P0443,collaboration,2,,auto,OpenAlex coauthorship between confirmed professors,0.333,2025,2025
AUTO000891,P0325,P1143,collaboration,2,,auto,OpenAlex coauthorship between confirmed professors,0.136,2024,2025
AUTO000892,P0326,P0340,collaboration,2,,auto,OpenAlex coauthorship between confirmed professors,0.05,2001,2001
AUTO000893,P0326,P0359,collaboration,3,,auto,OpenAlex coauthorship between confirmed professors,0.232,2014,2018
AUTO000894,P0326,P0379,collaboration,10,,auto,OpenAlex coauthorship between confirmed professors,0.253,2024,2025
AUTO000895,P0326,P0388,collaboration,2,,auto,OpenAlex coauthorship between confirmed professors,0.147,2016,2018
AUTO000896,P0326,P0389,collaboration,6,,auto,OpenAlex coauthorship between confirmed professors,1.309,2022,2026
AUTO000897,P0326,P0416,collaboration,9,,auto,OpenAlex coauthorship between confirmed professors,0.223,2024,2025
AUTO000898,P0326,P0444,collaboration,2,,auto,OpenAlex coauthorship between confirmed professors,0.215,2018,2018
AUTO000899,P0326,P0594,collaboration,2,,auto,OpenAlex coauthorship between confirmed professors,0.09,2023,2023
AUTO000900,P0326,P1315,collaboration,2,,auto,OpenAlex coauthorship between confirmed professors,0.09,2023,2023
AUTO000901,P0326,P1573,collaboration,11,,auto,OpenAlex coauthorship between confirmed professors,0.845,2017,2019
AUTO000902,P0327,P0409,collaboration,7,,auto,OpenAlex coauthorship between confirmed professors,1.479,2021,2025
AUTO000903,P0328,P0341,collaboration,18,,auto,OpenAlex coauthorship between confirmed professors,1.887,2009,2023
AUTO000904,P0328,P0431,collaboration,6,,auto,OpenAlex coauthorship between confirmed professors,1.216,2015,2024
AUTO000905,P0328,P0437,collaboration,2,,auto,OpenAlex coauthorship between confirmed professors,0.208,2017,2018
AUTO000906,P0329,P0342,collaboration,11,,auto,OpenAlex coauthorship between confirmed professors,4.248,2019,2024
AUTO000907,P0329,P1185,collaboration,5,,auto,OpenAlex coauthorship between confirmed professors,2.165,2022,2023
AUTO000908,P0329,P1520,collaboration,3,,auto,OpenAlex coauthorship between confirmed professors,0.273,2011,2025
AUTO000909,P0329,P1537,collaboration,2,,auto,OpenAlex coauthorship between confirmed professors,0.052,2010,2011
AUTO000910,P0329,P1569,collaboration,2,,auto,OpenAlex coauthorship between confirmed professors,0.052,2010,2011
AUTO000911,P0330,P0364,collaboration,5,,auto,OpenAlex coauthorship between confirmed professors,0.445,2015,2020
AUTO000912,P0330,P0388,collaboration,4,,auto,OpenAlex coauthorship between confirmed professors,0.509,2020,2022
AUTO000913,P0330,P0400,collaboration,3,,auto,OpenAlex coauthorship between confirmed professors,0.313,2015,2020
AUTO000914,P0330,P0446,collaboration,3,,auto,OpenAlex coauthorship between confirmed professors,0.177,2017,2018
AUTO000915,P0331,P0338,collaboration,4,,auto,OpenAlex coauthorship between confirmed professors,0.301,2011,2012
AUTO000916,P0331,P0346,collaboration,31,,auto,OpenAlex coauthorship between confirmed professors,6.496,2011,2026
AUTO000917,P0331,P0367,collaboration,4,,auto,OpenAlex coauthorship between confirmed professors,0.962,2017,2024
AUTO000918,P0333,P0378,collaboration,4,,auto,OpenAlex coauthorship between confirmed professors,1.236,2022,2023
AUTO000919,P0333,P0427,collaboration,15,,auto,OpenAlex coauthorship between confirmed professors,6.898,2014,2025
AUTO000920,P0333,P0429,collaboration,6,,auto,OpenAlex coauthorship between confirmed professors,0.993,2021,2023
AUTO000921,P0333,P0449,collaboration,5,,auto,OpenAlex coauthorship between confirmed professors,1.569,2019,2022
AUTO000922,P0333,P0755,collaboration,2,,auto,OpenAlex coauthorship between confirmed professors,0.5,2024,2025
AUTO000923,P0333,P0829,collaboration,2,,auto,OpenAlex coauthorship between confirmed professors,0.403,2023,2024
AUTO000924,P0334,P1113,collaboration,2,,auto,OpenAlex coauthorship between confirmed professors,0.109,2017,2021
AUTO000925,P0334,P1222,collaboration,7,,auto,OpenAlex coauthorship between confirmed professors,0.431,2006,2009
AUTO000926,P0337,P0365,collaboration,37,,auto,OpenAlex coauthorship between confirmed professors,2.245,2004,2021
AUTO000927,P0337,P0393,collaboration,3,,auto,OpenAlex coauthorship between confirmed professors,0.08,1999,2006
AUTO000928,P0337,P0403,collaboration,3,,auto,OpenAlex coauthorship between confirmed professors,0.168,2013,2024
AUTO000929,P0337,P0407,collaboration,2,,auto,OpenAlex coauthorship between confirmed professors,0.278,2018,2019
AUTO000930,P0337,P0422,collaboration,7,,auto,OpenAlex coauthorship between confirmed professors,0.387,2008,2016
AUTO000931,P0337,P0447,collaboration,3,,auto,OpenAlex coauthorship between confirmed professors,0.293,2012,2025
AUTO000932,P0337,P0453,collaboration,2,,auto,OpenAlex coauthorship between confirmed professors,0.106,2015,2021
AUTO000933,P0337,P0456,collaboration,3,,auto,OpenAlex coauthorship between confirmed professors,0.08,1999,2006
AUTO000934,P0337,P0481,collaboration,2,,auto,OpenAlex coauthorship between confirmed professors,0.439,2019,2023
AUTO000935,P0337,P0536,collaboration,2,,auto,OpenAlex coauthorship between confirmed professors,0.147,2023,2024
AUTO000936,P0337,P0746,collaboration,2,,auto,OpenAlex coauthorship between confirmed professors,0.135,2020,2020
AUTO000937,P0337,P0998,collaboration,7,,auto,OpenAlex coauthorship between confirmed professors,0.631,2013,2020
AUTO000938,P0337,P1221,collaboration,4,,auto,OpenAlex coauthorship between confirmed professors,0.325,2015,2024
AUTO000939,P0337,P1424,collaboration,5,,auto,OpenAlex coauthorship between confirmed professors,0.238,2011,2014
AUTO000940,P0337,P1466,collaboration,2,,auto,OpenAlex coauthorship between confirmed professors,0.148,2012,2013
AUTO000941,P0337,P1520,collaboration,5,,auto,OpenAlex coauthorship between confirmed professors,0.344,2018,2022
AUTO000942,P0337,P1533,collaboration,2,,auto,OpenAlex coauthorship between confirmed professors,0.042,2001,2001
AUTO000943,P0338,P0346,collaboration,2,,auto,OpenAlex coauthorship between confirmed professors,0.427,2020,2026
AUTO000944,P0340,P0341,collaboration,2,,auto,OpenAlex coauthorship between confirmed professors,0.22,2017,2023
AUTO000945,P0340,P0414,collaboration,1,,auto,OpenAlex coauthorship between confirmed professors,1.157,2021,2021
AUTO000946,P0340,P0431,collaboration,2,,auto,OpenAlex coauthorship between confirmed professors,0.251,2022,2023
AUTO000947,P0340,P0437,collaboration,7,,auto,OpenAlex coauthorship between confirmed professors,1.928,2021,2023
AUTO000948,P0340,P1098,collaboration,2,,auto,OpenAlex coauthorship between confirmed professors,0.037,1997,2000
AUTO000949,P0341,P0392,collaboration,7,,auto,OpenAlex coauthorship between confirmed professors,1.245,2021,2026
AUTO000950,P0341,P0431,collaboration,13,,auto,OpenAlex coauthorship between confirmed professors,2.333,2014,2026
AUTO000951,P0341,P0437,collaboration,9,,auto,OpenAlex coauthorship between confirmed professors,1.312,2017,2023
AUTO000952,P0342,P1185,collaboration,5,,auto,OpenAlex coauthorship between confirmed professors,1.936,2022,2023
AUTO000953,P0342,P1483,collaboration,3,,auto,OpenAlex coauthorship between confirmed professors,0.099,1999,2018
AUTO000954,P0342,P1520,collaboration,29,,auto,OpenAlex coauthorship between confirmed professors,1.971,2015,2026
AUTO000955,P0342,P1537,collaboration,9,,auto,OpenAlex coauthorship between confirmed professors,0.58,2005,2026
AUTO000956,P0342,P1569,collaboration,2,,auto,OpenAlex coauthorship between confirmed professors,0.111,2025,2026
AUTO000957,P0344,P0422,collaboration,2,,auto,OpenAlex coauthorship between confirmed professors,0.268,2024,2026
AUTO000958,P0346,P0367,collaboration,18,,auto,OpenAlex coauthorship between confirmed professors,4.364,2022,2026
AUTO000959,P0346,P0379,collaboration,15,,auto,OpenAlex coauthorship between confirmed professors,3.306,2020,2026
AUTO000960,P0346,P0416,collaboration,4,,auto,OpenAlex coauthorship between confirmed professors,0.883,2020,2022
AUTO000961,P0346,P0722,collaboration,8,,auto,OpenAlex coauthorship between confirmed professors,0.083,1996,1998
AUTO000962,P0346,P1184,collaboration,2,,auto,OpenAlex coauthorship between confirmed professors,0.106,2017,2017
AUTO000963,P0347,P0429,collaboration,3,,auto,OpenAlex coauthorship between confirmed professors,0.315,2016,2022
AUTO000964,P0347,P0438,collaboration,2,,auto,OpenAlex coauthorship between confirmed professors,0.153,2022,2023
AUTO000965,P0347,P0444,collaboration,24,,auto,OpenAlex coauthorship between confirmed professors,2.34,2014,2025
AUTO000966,P0347,P0722,collaboration,1,,auto,OpenAlex coauthorship between confirmed professors,1.5,2026,2026
AUTO000967,P0347,P1578,collaboration,10,,auto,OpenAlex coauthorship between confirmed professors,0.335,2014,2019
AUTO000968,P0349,P0373,collaboration,2,,auto,OpenAlex coauthorship between confirmed professors,0.212,2014,2016
AUTO000969,P0349,P0393,collaboration,13,,auto,OpenAlex coauthorship between confirmed professors,0.954,2012,2022
AUTO000970,P0349,P0422,collaboration,17,,auto,OpenAlex coauthorship between confirmed professors,1.163,2012,2025
AUTO000971,P0349,P0456,collaboration,19,,auto,OpenAlex coauthorship between confirmed professors,1.316,2012,2022
AUTO000972,P0349,P0958,collaboration,7,,auto,OpenAlex coauthorship between confirmed professors,0.538,2014,2022
AUTO000973,P0350,P0355,collaboration,15,,auto,OpenAlex coauthorship between confirmed professors,0.722,2007,2020
AUTO000974,P0350,P0356,collaboration,4,,auto,OpenAlex coauthorship between confirmed professors,0.494,2008,2026
AUTO000975,P0350,P0603,collaboration,3,,auto,OpenAlex coauthorship between confirmed professors,0.09,2016,2018
AUTO000976,P0350,P1529,collaboration,2,,auto,OpenAlex coauthorship between confirmed professors,0.153,2023,2023
AUTO000977,P0350,P1567,collaboration,2,,auto,OpenAlex coauthorship between confirmed professors,0.075,2018,2018
AUTO000978,P0351,P0388,collaboration,2,,auto,OpenAlex coauthorship between confirmed professors,0.191,2025,2025
AUTO000979,P0351,P0393,collaboration,3,,auto,OpenAlex coauthorship between confirmed professors,0.43,2020,2023
AUTO000980,P0351,P0442,collaboration,6,,auto,OpenAlex coauthorship between confirmed professors,0.555,2025,2026
AUTO000981,P0352,P0398,collaboration,5,,auto,OpenAlex coauthorship between confirmed professors,3.104,2023,2026
AUTO000982,P0354,P0359,collaboration,2,,auto,OpenAlex coauthorship between confirmed professors,0.179,2014,2018
AUTO000983,P0354,P0394,collaboration,9,,auto,OpenAlex coauthorship between confirmed professors,0.738,2014,2025
AUTO000984,P0354,P0414,collaboration,26,,auto,OpenAlex coauthorship between confirmed professors,2.4,2011,2026
AUTO000985,P0354,P0427,collaboration,3,,auto,OpenAlex coauthorship between confirmed professors,0.322,2019,2026
AUTO000986,P0354,P0435,collaboration,3,,auto,OpenAlex coauthorship between confirmed professors,0.205,2024,2025
AUTO000987,P0354,P0449,collaboration,3,,auto,OpenAlex coauthorship between confirmed professors,0.322,2019,2026
AUTO000988,P0354,P1518,collaboration,2,,auto,OpenAlex coauthorship between confirmed professors,0.023,2005,2008
AUTO000989,P0355,P0393,collaboration,3,,auto,OpenAlex coauthorship between confirmed professors,0.008,2007,2007
AUTO000990,P0355,P0427,collaboration,3,,auto,OpenAlex coauthorship between confirmed professors,0.384,2016,2021
AUTO000991,P0355,P0429,collaboration,6,,auto,OpenAlex coauthorship between confirmed professors,0.552,2015,2021
AUTO000992,P0355,P0434,collaboration,2,,auto,OpenAlex coauthorship between confirmed professors,0.174,2009,2014
AUTO000993,P0355,P0449,collaboration,40,,auto,OpenAlex coauthorship between confirmed professors,3.291,2003,2021
AUTO000994,P0355,P0456,collaboration,3,,auto,OpenAlex coauthorship between confirmed professors,0.008,2007,2007
AUTO000995,P0355,P0603,collaboration,8,,auto,OpenAlex coauthorship between confirmed professors,0.136,2009,2017
AUTO000996,P0355,P0616,collaboration,6,,auto,OpenAlex coauthorship between confirmed professors,0.308,2013,2025
AUTO000997,P0355,P1098,collaboration,6,,auto,OpenAlex coauthorship between confirmed professors,0.105,2006,2017
AUTO000998,P0355,P1526,collaboration,58,,auto,OpenAlex coauthorship between confirmed professors,1.473,2008,2025
AUTO000999,P0355,P1527,collaboration,2,,auto,OpenAlex coauthorship between confirmed professors,0.044,2010,2011
AUTO001000,P0355,P1549,collaboration,40,,auto,OpenAlex coauthorship between confirmed professors,1.432,2011,2025
AUTO001001,P0356,P0384,collaboration,3,,auto,OpenAlex coauthorship between confirmed professors,0.406,2016,2023
AUTO001002,P0356,P1517,collaboration,2,,auto,OpenAlex coauthorship between confirmed professors,0.068,2001,2003
AUTO001003,P0356,P1533,collaboration,4,,auto,OpenAlex coauthorship between confirmed professors,0.083,2012,2021
AUTO001004,P0356,P1535,collaboration,3,,auto,OpenAlex coauthorship between confirmed professors,0.037,2012,2012
AUTO001005,P0358,P0393,collaboration,2,,auto,OpenAlex coauthorship between confirmed professors,0.123,2020,2021
AUTO001006,P0358,P0394,collaboration,1,,auto,OpenAlex coauthorship between confirmed professors,0.892,2018,2018
AUTO001007,P0358,P0422,collaboration,2,,auto,OpenAlex coauthorship between confirmed professors,0.123,2020,2021
AUTO001008,P0358,P0452,collaboration,12,,auto,OpenAlex coauthorship between confirmed professors,2.603,2015,2020
AUTO001009,P0358,P0456,collaboration,2,,auto,OpenAlex coauthorship between confirmed professors,0.123,2020,2021
AUTO001010,P0358,P1546,collaboration,4,,auto,OpenAlex coauthorship between confirmed professors,0.339,2013,2016
AUTO001011,P0358,P1558,collaboration,3,,auto,OpenAlex coauthorship between confirmed professors,0.319,2013,2014
AUTO001012,P0359,P0384,collaboration,2,,auto,OpenAlex coauthorship between confirmed professors,0.088,2014,2017
AUTO001013,P0359,P0388,collaboration,4,,auto,OpenAlex coauthorship between confirmed professors,0.267,2016,2020
AUTO001014,P0359,P0394,collaboration,2,,auto,OpenAlex coauthorship between confirmed professors,0.183,2024,2024
AUTO001015,P0359,P0414,collaboration,4,,auto,OpenAlex coauthorship between confirmed professors,0.362,2014,2024
AUTO001016,P0359,P0428,collaboration,2,,auto,OpenAlex coauthorship between confirmed professors,0.212,2017,2019
AUTO001017,P0359,P0442,collaboration,7,,auto,OpenAlex coauthorship between confirmed professors,1.353,2019,2023
AUTO001018,P0361,P0384,collaboration,4,,auto,OpenAlex coauthorship between confirmed professors,0.388,2022,2025
AUTO001019,P0361,P0388,collaboration,2,,auto,OpenAlex coauthorship between confirmed professors,0.196,2022,2025
AUTO001020,P0361,P0445,collaboration,4,,auto,OpenAlex coauthorship between confirmed professors,0.388,2022,2025
AUTO001021,P0361,P1323,collaboration,3,,auto,OpenAlex coauthorship between confirmed professors,0.25,2023,2023
AUTO001022,P0364,P0388,collaboration,3,,auto,OpenAlex coauthorship between confirmed professors,0.212,2016,2020
AUTO001023,P0364,P0400,collaboration,3,,auto,OpenAlex coauthorship between confirmed professors,0.313,2015,2020
AUTO001024,P0364,P0415,collaboration,2,,auto,OpenAlex coauthorship between confirmed professors,0.198,2018,2018
AUTO001025,P0364,P0441,collaboration,4,,auto,OpenAlex coauthorship between confirmed professors,0.511,2014,2021
AUTO001026,P0364,P0786,collaboration,2,,auto,OpenAlex coauthorship between confirmed professors,0.084,2008,2009
AUTO001027,P0365,P0407,collaboration,2,,auto,OpenAlex coauthorship between confirmed professors,0.2,2006,2019
AUTO001028,P0365,P0453,collaboration,3,,auto,OpenAlex coauthorship between confirmed professors,0.163,2015,2023
AUTO001029,P0365,P0456,collaboration,3,,auto,OpenAlex coauthorship between confirmed professors,0.121,2008,2009
AUTO001030,P0367,P0379,collaboration,11,,auto,OpenAlex coauthorship between confirmed professors,3.481,2018,2026
AUTO001031,P0367,P0416,collaboration,4,,auto,OpenAlex coauthorship between confirmed professors,1.064,2022,2026
AUTO001032,P0367,P0488,collaboration,2,,auto,OpenAlex coauthorship between confirmed professors,0.201,2015,2017
AUTO001033,P0367,P0804,collaboration,2,,auto,OpenAlex coauthorship between confirmed professors,0.095,2009,2010
AUTO001034,P0367,P1585,collaboration,3,,auto,OpenAlex coauthorship between confirmed professors,0.689,2019,2024
AUTO001035,P0367,P1609,collaboration,2,,auto,OpenAlex coauthorship between confirmed professors,0.393,2019,2020
AUTO001036,P0371,P0375,collaboration,2,,auto,OpenAlex coauthorship between confirmed professors,0.255,2014,2015
AUTO001037,P0374,P0390,collaboration,2,,auto,OpenAlex coauthorship between confirmed professors,0.449,2023,2024
AUTO001038,P0375,P0381,collaboration,21,,auto,OpenAlex coauthorship between confirmed professors,6.997,2014,2026
AUTO001039,P0375,P0412,collaboration,20,,auto,OpenAlex coauthorship between confirmed professors,7.43,2021,2026
AUTO001040,P0376,P0440,collaboration,65,,auto,OpenAlex coauthorship between confirmed professors,9.584,2006,2026
AUTO001041,P0376,P0582,collaboration,2,,auto,OpenAlex coauthorship between confirmed professors,0.034,2020,2020
AUTO001042,P0376,P0625,collaboration,4,,auto,OpenAlex coauthorship between confirmed professors,0.605,2016,2020
AUTO001043,P0379,P0380,collaboration,5,,auto,OpenAlex coauthorship between confirmed professors,0.432,2022,2026
AUTO001044,P0379,P0416,collaboration,115,,auto,OpenAlex coauthorship between confirmed professors,25.916,2014,2026
AUTO001045,P0379,P0441,collaboration,2,,auto,OpenAlex coauthorship between confirmed professors,0.393,2025,2026
AUTO001046,P0379,P0533,collaboration,4,,auto,OpenAlex coauthorship between confirmed professors,0.216,2019,2026
AUTO001047,P0379,P0535,collaboration,11,,auto,OpenAlex coauthorship between confirmed professors,0.26,2018,2026
AUTO001048,P0380,P0416,collaboration,4,,auto,OpenAlex coauthorship between confirmed professors,0.335,2022,2025
AUTO001049,P0381,P0412,collaboration,16,,auto,OpenAlex coauthorship between confirmed professors,6.304,2021,2026
AUTO001050,P0384,P0393,collaboration,2,,auto,OpenAlex coauthorship between confirmed professors,0.084,2017,2017
AUTO001051,P0384,P0428,collaboration,104,,auto,OpenAlex coauthorship between confirmed professors,6.514,2004,2026
AUTO001052,P0384,P0444,collaboration,6,,auto,OpenAlex coauthorship between confirmed professors,0.229,2006,2008
AUTO001053,P0384,P0445,collaboration,78,,auto,OpenAlex coauthorship between confirmed professors,12.361,2010,2026
AUTO001054,P0384,P0453,collaboration,2,,auto,OpenAlex coauthorship between confirmed professors,0.045,1996,2010
AUTO001055,P0384,P0509,collaboration,2,,auto,OpenAlex coauthorship between confirmed professors,0.173,2019,2023
AUTO001056,P0384,P0597,collaboration,6,,auto,OpenAlex coauthorship between confirmed professors,0.118,2007,2018
AUTO001057,P0384,P1113,collaboration,18,,auto,OpenAlex coauthorship between confirmed professors,0.572,2007,2011
AUTO001058,P0384,P1525,collaboration,3,,auto,OpenAlex coauthorship between confirmed professors,0.077,2015,2019
AUTO001059,P0384,P1536,collaboration,19,,auto,OpenAlex coauthorship between confirmed professors,0.66,2013,2020
AUTO001060,P0386,P1098,collaboration,8,,auto,OpenAlex coauthorship between confirmed professors,0.507,2023,2026
AUTO001061,P0388,P0409,collaboration,3,,auto,OpenAlex coauthorship between confirmed professors,0.478,2017,2025
AUTO001062,P0388,P0441,collaboration,3,,auto,OpenAlex coauthorship between confirmed professors,0.35,2017,2025
AUTO001063,P0388,P0536,collaboration,15,,auto,OpenAlex coauthorship between confirmed professors,1.144,2019,2025
AUTO001064,P0388,P0722,collaboration,2,,auto,OpenAlex coauthorship between confirmed professors,0.221,2020,2022
AUTO001065,P0389,P1573,collaboration,2,,auto,OpenAlex coauthorship between confirmed professors,0.207,2018,2019
AUTO001066,P0392,P0431,collaboration,3,,auto,OpenAlex coauthorship between confirmed professors,0.485,2020,2026
AUTO001067,P0392,P0437,collaboration,3,,auto,OpenAlex coauthorship between confirmed professors,0.404,2022,2023
AUTO001068,P0393,P0422,collaboration,11,,auto,OpenAlex coauthorship between confirmed professors,0.543,2012,2021
AUTO001069,P0393,P0456,collaboration,82,,auto,OpenAlex coauthorship between confirmed professors,6.12,1999,2022
AUTO001070,P0393,P0958,collaboration,10,,auto,OpenAlex coauthorship between confirmed professors,0.875,2014,2022
AUTO001071,P0394,P0414,collaboration,33,,auto,OpenAlex coauthorship between confirmed professors,5.619,2013,2026
AUTO001072,P0394,P0435,collaboration,4,,auto,OpenAlex coauthorship between confirmed professors,0.276,2024,2025
AUTO001073,P0394,P0452,collaboration,2,,auto,OpenAlex coauthorship between confirmed professors,0.707,2020,2020
AUTO001074,P0399,P0453,collaboration,2,,auto,OpenAlex coauthorship between confirmed professors,0.088,2017,2018
AUTO001075,P0399,P0802,collaboration,3,,auto,OpenAlex coauthorship between confirmed professors,0.194,2015,2020
AUTO001076,P0399,P1253,collaboration,3,,auto,OpenAlex coauthorship between confirmed professors,0.18,2017,2025
AUTO001077,P0404,P1146,collaboration,2,,auto,OpenAlex coauthorship between confirmed professors,0.333,2024,2024
AUTO001078,P0405,P0616,collaboration,4,,auto,OpenAlex coauthorship between confirmed professors,0.535,2019,2026
AUTO001079,P0407,P0601,collaboration,2,,auto,OpenAlex coauthorship between confirmed professors,0.068,2020,2021
AUTO001080,P0407,P0854,collaboration,4,,auto,OpenAlex coauthorship between confirmed professors,0.169,2020,2024
AUTO001081,P0409,P1098,collaboration,7,,auto,OpenAlex coauthorship between confirmed professors,0.101,2008,2013
AUTO001082,P0409,P1113,collaboration,3,,auto,OpenAlex coauthorship between confirmed professors,0.059,2005,2006
AUTO001083,P0409,P1558,collaboration,4,,auto,OpenAlex coauthorship between confirmed professors,0.309,2017,2019
AUTO001084,P0411,P1002,collaboration,4,,auto,OpenAlex coauthorship between confirmed professors,0.457,2015,2019
AUTO001085,P0412,P0625,collaboration,3,,auto,OpenAlex coauthorship between confirmed professors,0.407,2020,2026
AUTO001086,P0412,P0722,collaboration,2,,auto,OpenAlex coauthorship between confirmed professors,0.192,2026,2026
AUTO001087,P0414,P0435,collaboration,4,,auto,OpenAlex coauthorship between confirmed professors,0.276,2024,2025
AUTO001088,P0416,P0535,collaboration,10,,auto,OpenAlex coauthorship between confirmed professors,0.248,2021,2026
AUTO001089,P0422,P0447,collaboration,2,,auto,OpenAlex coauthorship between confirmed professors,0.083,2010,2015
AUTO001090,P0422,P0456,collaboration,13,,auto,OpenAlex coauthorship between confirmed professors,0.694,2012,2021
AUTO001091,P0422,P0958,collaboration,14,,auto,OpenAlex coauthorship between confirmed professors,0.879,2005,2019
AUTO001092,P0427,P0429,collaboration,3,,auto,OpenAlex coauthorship between confirmed professors,0.385,2016,2020
AUTO001093,P0427,P0449,collaboration,11,,auto,OpenAlex coauthorship between confirmed professors,1.858,2016,2026
AUTO001094,P0427,P0722,collaboration,2,,auto,OpenAlex coauthorship between confirmed professors,0.22,2014,2015
AUTO001095,P0427,P0755,collaboration,2,,auto,OpenAlex coauthorship between confirmed professors,0.5,2024,2025
AUTO001096,P0428,P0442,collaboration,3,,auto,OpenAlex coauthorship between confirmed professors,0.567,2024,2026
AUTO001097,P0428,P0444,collaboration,2,,auto,OpenAlex coauthorship between confirmed professors,0.116,2007,2017
AUTO001098,P0428,P0445,collaboration,58,,auto,OpenAlex coauthorship between confirmed professors,4.519,2010,2026
AUTO001099,P0428,P0453,collaboration,3,,auto,OpenAlex coauthorship between confirmed professors,0.199,2003,2017
AUTO001100,P0428,P0597,collaboration,11,,auto,OpenAlex coauthorship between confirmed professors,0.477,2016,2025
AUTO001101,P0428,P1113,collaboration,8,,auto,OpenAlex coauthorship between confirmed professors,0.22,2008,2011
AUTO001102,P0428,P1525,collaboration,7,,auto,OpenAlex coauthorship between confirmed professors,0.381,2020,2021
AUTO001103,P0428,P1536,collaboration,2,,auto,OpenAlex coauthorship between confirmed professors,0.064,2019,2019
AUTO001104,P0428,P1550,collaboration,2,,auto,OpenAlex coauthorship between confirmed professors,0.163,2017,2018
AUTO001105,P0428,P1561,collaboration,2,,auto,OpenAlex coauthorship between confirmed professors,0.101,2013,2014
AUTO001106,P0429,P0444,collaboration,3,,auto,OpenAlex coauthorship between confirmed professors,0.364,2016,2026
AUTO001107,P0429,P0449,collaboration,8,,auto,OpenAlex coauthorship between confirmed professors,0.902,2015,2025
AUTO001108,P0429,P1601,collaboration,2,,auto,OpenAlex coauthorship between confirmed professors,0.115,2013,2014
AUTO001109,P0433,P0753,collaboration,2,,auto,OpenAlex coauthorship between confirmed professors,0.138,2015,2021
AUTO001110,P0433,P0848,collaboration,1,,auto,OpenAlex coauthorship between confirmed professors,0.688,2015,2015
AUTO001111,P0434,P0446,collaboration,21,,auto,OpenAlex coauthorship between confirmed professors,7.683,2009,2026
AUTO001112,P0438,P0444,collaboration,2,,auto,OpenAlex coauthorship between confirmed professors,0.153,2022,2023
AUTO001113,P0438,P0453,collaboration,2,,auto,OpenAlex coauthorship between confirmed professors,0.159,2013,2025
AUTO001114,P0439,P0695,collaboration,5,,auto,OpenAlex coauthorship between confirmed professors,0.109,2016,2022
AUTO001115,P0439,P1356,collaboration,2,,auto,OpenAlex coauthorship between confirmed professors,0.042,2022,2022
AUTO001116,P0439,P1522,collaboration,2,,auto,OpenAlex coauthorship between confirmed professors,0.085,2017,2019
AUTO001117,P0440,P0625,collaboration,4,,auto,OpenAlex coauthorship between confirmed professors,0.704,2016,2020
AUTO001118,P0443,P1547,collaboration,3,,auto,OpenAlex coauthorship between confirmed professors,0.76,2023,2026
AUTO001119,P0444,P0453,collaboration,2,,auto,OpenAlex coauthorship between confirmed professors,0.101,1995,2017
AUTO001120,P0444,P0605,collaboration,2,,auto,OpenAlex coauthorship between confirmed professors,0.058,2016,2017
AUTO001121,P0444,P0684,collaboration,3,,auto,OpenAlex coauthorship between confirmed professors,0.44,2023,2025
AUTO001122,P0444,P1102,collaboration,2,,auto,OpenAlex coauthorship between confirmed professors,0.125,2009,2009
AUTO001123,P0444,P1578,collaboration,3,,auto,OpenAlex coauthorship between confirmed professors,0.111,2013,2019
AUTO001124,P0445,P0597,collaboration,4,,auto,OpenAlex coauthorship between confirmed professors,0.147,2020,2022
AUTO001125,P0445,P1517,collaboration,2,,auto,OpenAlex coauthorship between confirmed professors,0.074,2020,2021
AUTO001126,P0445,P1524,collaboration,7,,auto,OpenAlex coauthorship between confirmed professors,0.395,2020,2026
AUTO001127,P0445,P1525,collaboration,5,,auto,OpenAlex coauthorship between confirmed professors,0.201,2020,2021
AUTO001128,P0445,P1551,collaboration,2,,auto,OpenAlex coauthorship between confirmed professors,0.213,2023,2024
AUTO001129,P0445,P1563,collaboration,3,,auto,OpenAlex coauthorship between confirmed professors,0.075,2023,2025
AUTO001130,P0446,P0580,collaboration,2,,auto,OpenAlex coauthorship between confirmed professors,0.035,2015,2015
AUTO001131,P0449,P0456,collaboration,2,,auto,OpenAlex coauthorship between confirmed professors,0.101,1999,2015
AUTO001132,P0449,P0704,collaboration,2,,auto,OpenAlex coauthorship between confirmed professors,0.069,2010,2015
AUTO001133,P0449,P1210,collaboration,2,,auto,OpenAlex coauthorship between confirmed professors,0.038,2012,2012
AUTO001134,P0449,P1527,collaboration,6,,auto,OpenAlex coauthorship between confirmed professors,0.489,2015,2024
AUTO001135,P0451,P1206,collaboration,3,,auto,OpenAlex coauthorship between confirmed professors,0.079,2021,2023
AUTO001136,P0451,P1542,collaboration,3,,auto,OpenAlex coauthorship between confirmed professors,0.107,2023,2025
AUTO001137,P0451,P1583,collaboration,2,,auto,OpenAlex coauthorship between confirmed professors,0.059,2023,2023
AUTO001138,P0451,P1627,collaboration,2,,auto,OpenAlex coauthorship between confirmed professors,0.178,2022,2023
AUTO001139,P0453,P0802,collaboration,2,,auto,OpenAlex coauthorship between confirmed professors,0.067,2002,2018
AUTO001140,P0453,P1251,collaboration,2,,auto,OpenAlex coauthorship between confirmed professors,0.168,2023,2025
AUTO001141,P0456,P0601,collaboration,2,,auto,OpenAlex coauthorship between confirmed professors,0.027,2013,2022
AUTO001142,P0456,P0958,collaboration,12,,auto,OpenAlex coauthorship between confirmed professors,1.083,2014,2024
AUTO001143,P0456,P1575,collaboration,5,,auto,OpenAlex coauthorship between confirmed professors,0.053,2006,2022
AUTO001144,P0461,P0462,collaboration,1,,auto,OpenAlex coauthorship between confirmed professors,0.578,2021,2021
AUTO001145,P0462,P0464,collaboration,1,,auto,OpenAlex coauthorship between confirmed professors,1.5,2026,2026
AUTO001146,P0463,P0493,collaboration,8,,auto,OpenAlex coauthorship between confirmed professors,0.46,2006,2011
AUTO001147,P0463,P1290,collaboration,2,,auto,OpenAlex coauthorship between confirmed professors,0.156,2016,2018
AUTO001148,P0463,P1572,collaboration,2,,auto,OpenAlex coauthorship between confirmed professors,0.143,2020,2020
AUTO001149,P0464,P0925,collaboration,7,,auto,OpenAlex coauthorship between confirmed professors,0.596,2011,2015
AUTO001150,P0466,P0855,collaboration,3,,auto,OpenAlex coauthorship between confirmed professors,0.262,2019,2020
AUTO001151,P0469,P0968,collaboration,2,,auto,OpenAlex coauthorship between confirmed professors,0.058,2016,2016
AUTO001152,P0471,P1170,collaboration,2,,auto,OpenAlex coauthorship between confirmed professors,0.25,2025,2025
AUTO001153,P0471,P1383,collaboration,2,,auto,OpenAlex coauthorship between confirmed professors,0.076,2005,2005
AUTO001154,P0471,P1411,collaboration,4,,auto,OpenAlex coauthorship between confirmed professors,0.249,2010,2013
AUTO001155,P0471,P1415,collaboration,2,,auto,OpenAlex coauthorship between confirmed professors,0.185,2019,2019
AUTO001156,P0473,P1162,collaboration,2,,auto,OpenAlex coauthorship between confirmed professors,0.08,2011,2012
AUTO001157,P0475,P0482,collaboration,4,,auto,OpenAlex coauthorship between confirmed professors,0.225,2011,2019
AUTO001158,P0475,P0485,collaboration,2,,auto,OpenAlex coauthorship between confirmed professors,0.625,2025,2025
AUTO001159,P0480,P1168,collaboration,8,,auto,OpenAlex coauthorship between confirmed professors,0.645,2010,2020
AUTO001160,P0480,P1500,collaboration,2,,auto,OpenAlex coauthorship between confirmed professors,0.14,2014,2014
AUTO001161,P0481,P0485,collaboration,4,,auto,OpenAlex coauthorship between confirmed professors,1.232,2022,2026
AUTO001162,P0482,P1168,collaboration,6,,auto,OpenAlex coauthorship between confirmed professors,0.439,2011,2021
AUTO001163,P0482,P1190,collaboration,2,,auto,OpenAlex coauthorship between confirmed professors,0.182,2015,2017
AUTO001164,P0484,P0485,collaboration,6,,auto,OpenAlex coauthorship between confirmed professors,0.82,2022,2026
AUTO001165,P0484,P0764,collaboration,3,,auto,OpenAlex coauthorship between confirmed professors,0.153,2020,2022
AUTO001166,P0484,P1323,collaboration,9,,auto,OpenAlex coauthorship between confirmed professors,0.544,2021,2023
AUTO001167,P0484,P1520,collaboration,7,,auto,OpenAlex coauthorship between confirmed professors,0.551,2021,2025
AUTO001168,P0485,P0536,collaboration,2,,auto,OpenAlex coauthorship between confirmed professors,0.211,2020,2021
AUTO001169,P0485,P0547,collaboration,2,,auto,OpenAlex coauthorship between confirmed professors,0.211,2020,2021
AUTO001170,P0485,P0878,collaboration,25,,auto,OpenAlex coauthorship between confirmed professors,2.197,2011,2018
AUTO001171,P0486,P0990,collaboration,3,,auto,OpenAlex coauthorship between confirmed professors,0.252,2020,2025
AUTO001172,P0486,P1055,collaboration,2,,auto,OpenAlex coauthorship between confirmed professors,0.141,2020,2021
AUTO001173,P0486,P1062,collaboration,4,,auto,OpenAlex coauthorship between confirmed professors,0.629,2013,2024
AUTO001174,P0486,P1427,collaboration,3,,auto,OpenAlex coauthorship between confirmed professors,0.519,2014,2025
AUTO001175,P0486,P1433,collaboration,2,,auto,OpenAlex coauthorship between confirmed professors,0.163,2003,2014
AUTO001176,P0487,P0837,collaboration,3,,auto,OpenAlex coauthorship between confirmed professors,0.5,2026,2026
AUTO001177,P0487,P1183,collaboration,4,,auto,OpenAlex coauthorship between confirmed professors,0.129,2012,2012
AUTO001178,P0488,P0990,collaboration,3,,auto,OpenAlex coauthorship between confirmed professors,0.133,2018,2018
AUTO001179,P0488,P1039,collaboration,2,,auto,OpenAlex coauthorship between confirmed professors,0.183,2023,2023
AUTO001180,P0488,P1055,collaboration,2,,auto,OpenAlex coauthorship between confirmed professors,0.073,2018,2018
AUTO001181,P0488,P1492,collaboration,2,,auto,OpenAlex coauthorship between confirmed professors,0.153,2018,2020
AUTO001182,P0489,P0745,collaboration,2,,auto,OpenAlex coauthorship between confirmed professors,0.094,2000,2000
AUTO001183,P0489,P1243,collaboration,3,,auto,OpenAlex coauthorship between confirmed professors,0.368,2015,2016
AUTO001184,P0492,P0564,collaboration,6,,auto,OpenAlex coauthorship between confirmed professors,0.283,2012,2015
AUTO001185,P0492,P0700,collaboration,2,,auto,OpenAlex coauthorship between confirmed professors,0.079,2018,2018
AUTO001186,P0492,P0703,collaboration,5,,auto,OpenAlex coauthorship between confirmed professors,0.197,2015,2023
AUTO001187,P0492,P0711,collaboration,9,,auto,OpenAlex coauthorship between confirmed professors,0.349,2012,2026
AUTO001188,P0492,P0964,collaboration,9,,auto,OpenAlex coauthorship between confirmed professors,0.367,2009,2015
AUTO001189,P0492,P0990,collaboration,9,,auto,OpenAlex coauthorship between confirmed professors,0.474,2014,2018
AUTO001190,P0492,P1055,collaboration,4,,auto,OpenAlex coauthorship between confirmed professors,0.167,2017,2018
AUTO001191,P0493,P0568,collaboration,14,,auto,OpenAlex coauthorship between confirmed professors,0.712,2011,2018
AUTO001192,P0493,P1002,collaboration,3,,auto,OpenAlex coauthorship between confirmed professors,0.05,2006,2008
AUTO001193,P0493,P1137,collaboration,9,,auto,OpenAlex coauthorship between confirmed professors,0.515,2003,2019
AUTO001194,P0493,P1157,collaboration,2,,auto,OpenAlex coauthorship between confirmed professors,0.062,1997,1999
AUTO001195,P0493,P1174,collaboration,4,,auto,OpenAlex coauthorship between confirmed professors,0.125,2006,2009
AUTO001196,P0493,P1176,collaboration,18,,auto,OpenAlex coauthorship between confirmed professors,0.705,2005,2018
AUTO001197,P0493,P1199,collaboration,10,,auto,OpenAlex coauthorship between confirmed professors,0.258,2003,2013
AUTO001198,P0493,P1378,collaboration,4,,auto,OpenAlex coauthorship between confirmed professors,0.183,2007,2009
AUTO001199,P0493,P1424,collaboration,2,,auto,OpenAlex coauthorship between confirmed professors,0.306,2023,2023
AUTO001200,P0495,P0496,collaboration,11,,auto,OpenAlex coauthorship between confirmed professors,2.219,2018,2024
AUTO001201,P0495,P0497,collaboration,4,,auto,OpenAlex coauthorship between confirmed professors,0.719,2020,2022
AUTO001202,P0495,P0970,collaboration,4,,auto,OpenAlex coauthorship between confirmed professors,0.59,2020,2023
AUTO001203,P0496,P0497,collaboration,6,,auto,OpenAlex coauthorship between confirmed professors,1.219,2020,2025
AUTO001204,P0496,P0691,collaboration,4,,auto,OpenAlex coauthorship between confirmed professors,0.276,2018,2020
AUTO001205,P0496,P0970,collaboration,26,,auto,OpenAlex coauthorship between confirmed professors,4.049,2018,2026
AUTO001206,P0501,P1134,collaboration,17,,auto,OpenAlex coauthorship between confirmed professors,6.451,2018,2026
AUTO001207,P0503,P0505,collaboration,2,,auto,OpenAlex coauthorship between confirmed professors,0.083,2015,2015
AUTO001208,P0503,P0936,collaboration,4,,auto,OpenAlex coauthorship between confirmed professors,0.558,2017,2024
AUTO001209,P0503,P1559,collaboration,2,,auto,OpenAlex coauthorship between confirmed professors,0.155,2014,2018
AUTO001210,P0505,P0518,collaboration,25,,auto,OpenAlex coauthorship between confirmed professors,2.057,2009,2022
AUTO001211,P0505,P0519,collaboration,11,,auto,OpenAlex coauthorship between confirmed professors,1.212,2016,2025
AUTO001212,P0506,P1000,collaboration,7,,auto,OpenAlex coauthorship between confirmed professors,0.178,2005,2011
AUTO001213,P0506,P1160,collaboration,7,,auto,OpenAlex coauthorship between confirmed professors,0.178,2005,2011
AUTO001214,P0509,P0597,collaboration,2,,auto,OpenAlex coauthorship between confirmed professors,0.126,2021,2023
AUTO001215,P0509,P1220,collaboration,2,,auto,OpenAlex coauthorship between confirmed professors,0.064,2009,2009
AUTO001216,P0510,P0511,collaboration,2,,auto,OpenAlex coauthorship between confirmed professors,0.119,2011,2011
AUTO001217,P0514,P0754,collaboration,10,,auto,OpenAlex coauthorship between confirmed professors,0.853,2019,2024
AUTO001218,P0518,P0519,collaboration,14,,auto,OpenAlex coauthorship between confirmed professors,1.943,2016,2026
AUTO001219,P0521,P1117,collaboration,3,,auto,OpenAlex coauthorship between confirmed professors,0.351,2016,2018
AUTO001220,P0521,P1211,collaboration,2,,auto,OpenAlex coauthorship between confirmed professors,0.134,2016,2016
AUTO001221,P0521,P1253,collaboration,2,,auto,OpenAlex coauthorship between confirmed professors,0.132,2023,2024
AUTO001222,P0526,P1424,collaboration,3,,auto,OpenAlex coauthorship between confirmed professors,0.186,2020,2024
AUTO001223,P0526,P1446,collaboration,2,,auto,OpenAlex coauthorship between confirmed professors,0.121,2020,2024
AUTO001224,P0526,P1540,collaboration,2,,auto,OpenAlex coauthorship between confirmed professors,0.111,2026,2026
AUTO001225,P0526,P1552,collaboration,2,,auto,OpenAlex coauthorship between confirmed professors,0.069,2025,2025
AUTO001226,P0530,P0746,collaboration,2,,auto,OpenAlex coauthorship between confirmed professors,0.143,2024,2025
AUTO001227,P0532,P0535,collaboration,123,,auto,OpenAlex coauthorship between confirmed professors,6.223,2012,2026
AUTO001228,P0532,P1412,collaboration,8,,auto,OpenAlex coauthorship between confirmed professors,0.196,2018,2026
AUTO001229,P0533,P0534,collaboration,5,,auto,OpenAlex coauthorship between confirmed professors,0.719,2015,2021
AUTO001230,P0533,P0635,collaboration,2,,auto,OpenAlex coauthorship between confirmed professors,0.044,2006,2006
AUTO001231,P0533,P1251,collaboration,6,,auto,OpenAlex coauthorship between confirmed professors,0.733,2019,2022
AUTO001232,P0533,P1268,collaboration,5,,auto,OpenAlex coauthorship between confirmed professors,0.591,2019,2022
AUTO001233,P0535,P1412,collaboration,5,,auto,OpenAlex coauthorship between confirmed professors,0.132,2023,2026
AUTO001234,P0536,P0542,collaboration,10,,auto,OpenAlex coauthorship between confirmed professors,1.225,2014,2022
AUTO001235,P0536,P0544,collaboration,2,,auto,OpenAlex coauthorship between confirmed professors,0.168,2022,2022
AUTO001236,P0536,P0547,collaboration,6,,auto,OpenAlex coauthorship between confirmed professors,0.646,2015,2023
AUTO001237,P0536,P0560,collaboration,2,,auto,OpenAlex coauthorship between confirmed professors,0.127,2020,2026
AUTO001238,P0536,P0625,collaboration,2,,auto,OpenAlex coauthorship between confirmed professors,0.222,2022,2023
AUTO001239,P0536,P0673,collaboration,10,,auto,OpenAlex coauthorship between confirmed professors,0.982,2019,2021
AUTO001240,P0536,P1299,collaboration,2,,auto,OpenAlex coauthorship between confirmed professors,0.127,2020,2026
AUTO001241,P0537,P0540,collaboration,3,,auto,OpenAlex coauthorship between confirmed professors,0.288,2016,2020
AUTO001242,P0537,P0899,collaboration,2,,auto,OpenAlex coauthorship between confirmed professors,0.068,2004,2007
AUTO001243,P0540,P0855,collaboration,5,,auto,OpenAlex coauthorship between confirmed professors,0.274,2004,2012
AUTO001244,P0540,P0996,collaboration,6,,auto,OpenAlex coauthorship between confirmed professors,0.354,2011,2025
AUTO001245,P0540,P1000,collaboration,2,,auto,OpenAlex coauthorship between confirmed professors,0.11,2017,2017
AUTO001246,P0540,P1162,collaboration,3,,auto,OpenAlex coauthorship between confirmed professors,0.053,2001,2002
AUTO001247,P0541,P1252,collaboration,2,,auto,OpenAlex coauthorship between confirmed professors,0.039,2005,2008
AUTO001248,P0542,P0547,collaboration,80,,auto,OpenAlex coauthorship between confirmed professors,12.405,2011,2026
AUTO001249,P0542,P0548,collaboration,2,,auto,OpenAlex coauthorship between confirmed professors,0.298,2023,2026
AUTO001250,P0542,P0550,collaboration,11,,auto,OpenAlex coauthorship between confirmed professors,2.697,2021,2026
AUTO001251,P0542,P0558,collaboration,2,,auto,OpenAlex coauthorship between confirmed professors,0.231,2023,2024
AUTO001252,P0542,P0587,collaboration,2,,auto,OpenAlex coauthorship between confirmed professors,0.167,2024,2025
AUTO001253,P0542,P0590,collaboration,3,,auto,OpenAlex coauthorship between confirmed professors,0.39,2016,2025
AUTO001254,P0542,P0610,collaboration,12,,auto,OpenAlex coauthorship between confirmed professors,1.313,2016,2022
AUTO001255,P0542,P0625,collaboration,3,,auto,OpenAlex coauthorship between confirmed professors,0.255,2020,2025
AUTO001256,P0542,P0752,collaboration,2,,auto,OpenAlex coauthorship between confirmed professors,0.082,2020,2021
AUTO001257,P0542,P0773,collaboration,2,,auto,OpenAlex coauthorship between confirmed professors,0.082,2020,2021
AUTO001258,P0542,P1180,collaboration,4,,auto,OpenAlex coauthorship between confirmed professors,0.272,2010,2011
AUTO001259,P0542,P1183,collaboration,2,,auto,OpenAlex coauthorship between confirmed professors,0.036,2014,2015
AUTO001260,P0542,P1457,collaboration,2,,auto,OpenAlex coauthorship between confirmed professors,0.154,2021,2021
AUTO001261,P0547,P0550,collaboration,7,,auto,OpenAlex coauthorship between confirmed professors,1.195,2021,2023
AUTO001262,P0547,P0558,collaboration,4,,auto,OpenAlex coauthorship between confirmed professors,0.482,2022,2024
AUTO001263,P0547,P0587,collaboration,2,,auto,OpenAlex coauthorship between confirmed professors,0.167,2024,2025
AUTO001264,P0547,P0610,collaboration,16,,auto,OpenAlex coauthorship between confirmed professors,1.696,2017,2022
AUTO001265,P0547,P0625,collaboration,4,,auto,OpenAlex coauthorship between confirmed professors,0.357,2020,2025
AUTO001266,P0547,P0752,collaboration,2,,auto,OpenAlex coauthorship between confirmed professors,0.082,2020,2021
AUTO001267,P0547,P0773,collaboration,2,,auto,OpenAlex coauthorship between confirmed professors,0.082,2020,2021
AUTO001268,P0547,P1457,collaboration,2,,auto,OpenAlex coauthorship between confirmed professors,0.154,2021,2021
AUTO001269,P0548,P0550,collaboration,22,,auto,OpenAlex coauthorship between confirmed professors,3.473,2008,2026
AUTO001270,P0548,P0552,collaboration,5,,auto,OpenAlex coauthorship between confirmed professors,0.487,2014,2015
AUTO001271,P0548,P0558,collaboration,8,,auto,OpenAlex coauthorship between confirmed professors,1.305,2023,2026
AUTO001272,P0549,P1210,collaboration,5,,auto,OpenAlex coauthorship between confirmed professors,0.32,2014,2019
AUTO001273,P0550,P0551,collaboration,3,,auto,OpenAlex coauthorship between confirmed professors,0.114,2007,2008
AUTO001274,P0550,P0552,collaboration,7,,auto,OpenAlex coauthorship between confirmed professors,0.691,2015,2021
AUTO001275,P0550,P0558,collaboration,44,,auto,OpenAlex coauthorship between confirmed professors,11.665,2022,2026
AUTO001276,P0550,P0796,collaboration,2,,auto,OpenAlex coauthorship between confirmed professors,0.093,2009,2009
AUTO001277,P0550,P1229,collaboration,2,,auto,OpenAlex coauthorship between confirmed professors,0.261,2016,2017
AUTO001278,P0550,P1472,collaboration,10,,auto,OpenAlex coauthorship between confirmed professors,0.641,2007,2018
AUTO001279,P0550,P1488,collaboration,5,,auto,OpenAlex coauthorship between confirmed professors,0.418,2016,2018
AUTO001280,P0550,P1494,collaboration,2,,auto,OpenAlex coauthorship between confirmed professors,0.11,2016,2018
AUTO001281,P0552,P0558,collaboration,2,,auto,OpenAlex coauthorship between confirmed professors,0.115,2021,2022
AUTO001282,P0552,P0935,collaboration,2,,auto,OpenAlex coauthorship between confirmed professors,0.111,2016,2016
AUTO001283,P0552,P1158,collaboration,12,,auto,OpenAlex coauthorship between confirmed professors,0.633,2019,2023
AUTO001284,P0552,P1170,collaboration,18,,auto,OpenAlex coauthorship between confirmed professors,1.11,2019,2025
AUTO001285,P0552,P1197,collaboration,11,,auto,OpenAlex coauthorship between confirmed professors,0.654,2019,2023
AUTO001286,P0556,P1097,collaboration,2,,auto,OpenAlex coauthorship between confirmed professors,0.161,2014,2015
AUTO001287,P0557,P1189,collaboration,7,,auto,OpenAlex coauthorship between confirmed professors,0.823,2019,2021
AUTO001288,P0557,P1196,collaboration,5,,auto,OpenAlex coauthorship between confirmed professors,0.599,2022,2026
AUTO001289,P0560,P0562,collaboration,6,,auto,OpenAlex coauthorship between confirmed professors,0.658,2019,2024
AUTO001290,P0560,P0582,collaboration,4,,auto,OpenAlex coauthorship between confirmed professors,0.261,2014,2019
AUTO001291,P0560,P0590,collaboration,5,,auto,OpenAlex coauthorship between confirmed professors,0.312,2014,2019
AUTO001292,P0560,P0686,collaboration,3,,auto,OpenAlex coauthorship between confirmed professors,0.403,2014,2014
AUTO001293,P0560,P1299,collaboration,2,,auto,OpenAlex coauthorship between confirmed professors,0.127,2020,2026
AUTO001294,P0560,P1411,collaboration,2,,auto,OpenAlex coauthorship between confirmed professors,0.062,2010,2012
AUTO001295,P0560,P1502,collaboration,9,,auto,OpenAlex coauthorship between confirmed professors,1.425,2015,2019
AUTO001296,P0562,P0620,collaboration,7,,auto,OpenAlex coauthorship between confirmed professors,0.425,2015,2018
AUTO001297,P0562,P1555,collaboration,2,,auto,OpenAlex coauthorship between confirmed professors,0.027,2005,2005
AUTO001298,P0562,P1597,collaboration,2,,auto,OpenAlex coauthorship between confirmed professors,0.063,2008,2012
AUTO001299,P0563,P1064,collaboration,23,,auto,OpenAlex coauthorship between confirmed professors,2.297,2016,2025
AUTO001300,P0564,P0565,collaboration,8,,auto,OpenAlex coauthorship between confirmed professors,0.726,2018,2024
AUTO001301,P0564,P0964,collaboration,3,,auto,OpenAlex coauthorship between confirmed professors,0.113,2012,2015
AUTO001302,P0564,P0985,collaboration,4,,auto,OpenAlex coauthorship between confirmed professors,1.014,2015,2019
AUTO001303,P0564,P0990,collaboration,4,,auto,OpenAlex coauthorship between confirmed professors,0.647,2012,2020
AUTO001304,P0567,P0572,collaboration,2,,auto,OpenAlex coauthorship between confirmed professors,0.792,2019,2023
AUTO001305,P0567,P0590,collaboration,2,,auto,OpenAlex coauthorship between confirmed professors,0.146,2018,2019
AUTO001306,P0568,P0923,collaboration,20,,auto,OpenAlex coauthorship between confirmed professors,4.809,2015,2024
AUTO001307,P0569,P0570,collaboration,2,,auto,OpenAlex coauthorship between confirmed professors,0.228,2015,2017
AUTO001308,P0569,P0574,collaboration,24,,auto,OpenAlex coauthorship between confirmed professors,4.091,2012,2026
AUTO001309,P0570,P0574,collaboration,2,,auto,OpenAlex coauthorship between confirmed professors,0.722,2014,2015
AUTO001310,P0572,P0626,collaboration,2,,auto,OpenAlex coauthorship between confirmed professors,0.456,2017,2023
AUTO001311,P0573,P1209,collaboration,2,,auto,OpenAlex coauthorship between confirmed professors,0.167,2001,2003
AUTO001312,P0576,P1206,collaboration,4,,auto,OpenAlex coauthorship between confirmed professors,0.802,2023,2024
AUTO001313,P0576,P1630,collaboration,39,,auto,OpenAlex coauthorship between confirmed professors,5.205,2017,2022
AUTO001314,P0580,P0600,collaboration,10,,auto,OpenAlex coauthorship between confirmed professors,0.844,2011,2025
AUTO001315,P0580,P0641,collaboration,7,,auto,OpenAlex coauthorship between confirmed professors,0.56,2022,2025
AUTO001316,P0580,P1153,collaboration,7,,auto,OpenAlex coauthorship between confirmed professors,0.133,2000,2006
AUTO001317,P0580,P1181,collaboration,3,,auto,OpenAlex coauthorship between confirmed professors,0.238,2021,2022
AUTO001318,P0582,P0590,collaboration,67,,auto,OpenAlex coauthorship between confirmed professors,7.953,2010,2025
AUTO001319,P0582,P0644,collaboration,27,,auto,OpenAlex coauthorship between confirmed professors,4.13,2014,2026
AUTO001320,P0582,P1160,collaboration,3,,auto,OpenAlex coauthorship between confirmed professors,0.14,2014,2016
AUTO001321,P0585,P0588,collaboration,2,,auto,OpenAlex coauthorship between confirmed professors,0.278,2005,2017
AUTO001322,P0585,P0589,collaboration,2,,auto,OpenAlex coauthorship between confirmed professors,0.471,2013,2017
AUTO001323,P0585,P0597,collaboration,3,,auto,OpenAlex coauthorship between confirmed professors,0.287,2011,2018
AUTO001324,P0585,P0603,collaboration,2,,auto,OpenAlex coauthorship between confirmed professors,0.129,2012,2014
AUTO001325,P0585,P0637,collaboration,4,,auto,OpenAlex coauthorship between confirmed professors,1.2,2024,2026
AUTO001326,P0586,P1557,collaboration,2,,auto,OpenAlex coauthorship between confirmed professors,0.159,2009,2009
AUTO001327,P0587,P0625,collaboration,3,,auto,OpenAlex coauthorship between confirmed professors,0.272,2022,2025
AUTO001328,P0587,P0636,collaboration,29,,auto,OpenAlex coauthorship between confirmed professors,13.009,2020,2026
AUTO001329,P0588,P0606,collaboration,7,,auto,OpenAlex coauthorship between confirmed professors,0.983,2010,2018
AUTO001330,P0588,P1553,collaboration,6,,auto,OpenAlex coauthorship between confirmed professors,0.376,2020,2025
AUTO001331,P0588,P1602,collaboration,12,,auto,OpenAlex coauthorship between confirmed professors,1.174,2020,2026
AUTO001332,P0589,P0746,collaboration,14,,auto,OpenAlex coauthorship between confirmed professors,0.55,2007,2019
AUTO001333,P0589,P0832,collaboration,3,,auto,OpenAlex coauthorship between confirmed professors,0.113,2011,2015
AUTO001334,P0590,P0644,collaboration,29,,auto,OpenAlex coauthorship between confirmed professors,5.492,2014,2025
AUTO001335,P0591,P0618,collaboration,2,,auto,OpenAlex coauthorship between confirmed professors,0.083,2008,2008
AUTO001336,P0591,P0629,collaboration,2,,auto,OpenAlex coauthorship between confirmed professors,0.14,2014,2014
AUTO001337,P0594,P0609,collaboration,14,,auto,OpenAlex coauthorship between confirmed professors,8.081,2013,2024
AUTO001338,P0594,P0616,collaboration,2,,auto,OpenAlex coauthorship between confirmed professors,0.584,2018,2021
AUTO001339,P0594,P0630,collaboration,8,,auto,OpenAlex coauthorship between confirmed professors,3.065,2020,2024
AUTO001340,P0594,P0707,collaboration,3,,auto,OpenAlex coauthorship between confirmed professors,0.06,2003,2004
AUTO001341,P0594,P1315,collaboration,2,,auto,OpenAlex coauthorship between confirmed professors,0.09,2023,2023
AUTO001342,P0596,P0597,collaboration,8,,auto,OpenAlex coauthorship between confirmed professors,0.345,2007,2015
AUTO001343,P0596,P0598,collaboration,5,,auto,OpenAlex coauthorship between confirmed professors,0.215,2008,2013
AUTO001344,P0596,P0603,collaboration,2,,auto,OpenAlex coauthorship between confirmed professors,0.195,2014,2016
AUTO001345,P0596,P0618,collaboration,7,,auto,OpenAlex coauthorship between confirmed professors,3.542,2009,2023
AUTO001346,P0596,P0628,collaboration,2,,auto,OpenAlex coauthorship between confirmed professors,1.806,2023,2025
AUTO001347,P0596,P1559,collaboration,2,,auto,OpenAlex coauthorship between confirmed professors,0.036,2017,2018
AUTO001348,P0597,P0598,collaboration,4,,auto,OpenAlex coauthorship between confirmed professors,0.172,2008,2018
AUTO001349,P0597,P0620,collaboration,10,,auto,OpenAlex coauthorship between confirmed professors,3.457,2017,2026
AUTO001350,P0597,P0832,collaboration,4,,auto,OpenAlex coauthorship between confirmed professors,0.1,2021,2021
AUTO001351,P0597,P1540,collaboration,2,,auto,OpenAlex coauthorship between confirmed professors,0.154,2017,2021
AUTO001352,P0597,P1579,collaboration,2,,auto,OpenAlex coauthorship between confirmed professors,0.079,2020,2020
AUTO001353,P0599,P1263,collaboration,2,,auto,OpenAlex coauthorship between confirmed professors,0.124,2009,2013
AUTO001354,P0600,P0623,collaboration,2,,auto,OpenAlex coauthorship between confirmed professors,0.261,2009,2021
AUTO001355,P0600,P0641,collaboration,5,,auto,OpenAlex coauthorship between confirmed professors,0.435,2022,2025
AUTO001356,P0600,P1181,collaboration,3,,auto,OpenAlex coauthorship between confirmed professors,0.238,2021,2022
AUTO001357,P0601,P1575,collaboration,5,,auto,OpenAlex coauthorship between confirmed professors,0.094,2009,2022
AUTO001358,P0602,P0610,collaboration,9,,auto,OpenAlex coauthorship between confirmed professors,1.051,2007,2026
AUTO001359,P0602,P0624,collaboration,7,,auto,OpenAlex coauthorship between confirmed professors,2.005,2014,2026
AUTO001360,P0602,P0627,collaboration,4,,auto,OpenAlex coauthorship between confirmed professors,0.61,2023,2026
AUTO001361,P0602,P0642,collaboration,7,,auto,OpenAlex coauthorship between confirmed professors,2.016,2018,2026
AUTO001362,P0603,P0998,collaboration,2,,auto,OpenAlex coauthorship between confirmed professors,0.045,2015,2015
AUTO001363,P0603,P1323,collaboration,2,,auto,OpenAlex coauthorship between confirmed professors,0.095,2022,2025
AUTO001364,P0603,P1526,collaboration,10,,auto,OpenAlex coauthorship between confirmed professors,0.254,2010,2025
AUTO001365,P0603,P1531,collaboration,4,,auto,OpenAlex coauthorship between confirmed professors,0.123,2005,2022
AUTO001366,P0603,P1549,collaboration,7,,auto,OpenAlex coauthorship between confirmed professors,0.158,2010,2019
AUTO001367,P0604,P1111,collaboration,4,,auto,OpenAlex coauthorship between confirmed professors,0.087,2018,2020
AUTO001368,P0604,P1518,collaboration,2,,auto,OpenAlex coauthorship between confirmed professors,0.041,2018,2019
AUTO001369,P0605,P0639,collaboration,5,,auto,OpenAlex coauthorship between confirmed professors,1.78,2020,2022
AUTO001370,P0605,P1583,collaboration,2,,auto,OpenAlex coauthorship between confirmed professors,0.086,2021,2024
AUTO001371,P0605,P1586,collaboration,3,,auto,OpenAlex coauthorship between confirmed professors,0.131,2020,2024
AUTO001372,P0609,P0630,collaboration,8,,auto,OpenAlex coauthorship between confirmed professors,3.407,2021,2024
AUTO001373,P0609,P0852,collaboration,2,,auto,OpenAlex coauthorship between confirmed professors,0.976,2010,2012
AUTO001374,P0609,P1524,collaboration,3,,auto,OpenAlex coauthorship between confirmed professors,0.217,2005,2005
AUTO001375,P0609,P1535,collaboration,2,,auto,OpenAlex coauthorship between confirmed professors,0.034,2014,2019
AUTO001376,P0610,P0624,collaboration,4,,auto,OpenAlex coauthorship between confirmed professors,0.725,2015,2026
AUTO001377,P0610,P0627,collaboration,3,,auto,OpenAlex coauthorship between confirmed professors,0.381,2023,2026
AUTO001378,P0610,P0642,collaboration,2,,auto,OpenAlex coauthorship between confirmed professors,0.256,2023,2026
AUTO001379,P0611,P0622,collaboration,1,,auto,OpenAlex coauthorship between confirmed professors,0.892,2018,2018
AUTO001380,P0612,P0619,collaboration,3,,auto,OpenAlex coauthorship between confirmed professors,1.701,2019,2021
AUTO001381,P0612,P0632,collaboration,2,,auto,OpenAlex coauthorship between confirmed professors,0.101,2025,2025
AUTO001382,P0616,P0620,collaboration,5,,auto,OpenAlex coauthorship between confirmed professors,1.113,2020,2023
AUTO001383,P0616,P0706,collaboration,3,,auto,OpenAlex coauthorship between confirmed professors,0.188,2015,2020
AUTO001384,P0617,P0628,collaboration,5,,auto,OpenAlex coauthorship between confirmed professors,1.848,2016,2024
AUTO001385,P0618,P0629,collaboration,1,,auto,OpenAlex coauthorship between confirmed professors,0.688,2023,2023
AUTO001386,P0619,P0632,collaboration,2,,auto,OpenAlex coauthorship between confirmed professors,0.841,2022,2022
AUTO001387,P0619,P1359,collaboration,2,,auto,OpenAlex coauthorship between confirmed professors,0.097,2000,2003
AUTO001388,P0621,P0631,collaboration,3,,auto,OpenAlex coauthorship between confirmed professors,0.386,2018,2018
AUTO001389,P0621,P0643,collaboration,2,,auto,OpenAlex coauthorship between confirmed professors,1.833,2024,2026
AUTO001390,P0623,P1523,collaboration,14,,auto,OpenAlex coauthorship between confirmed professors,1.558,2021,2025
AUTO001391,P0624,P0627,collaboration,4,,auto,OpenAlex coauthorship between confirmed professors,0.61,2023,2026
AUTO001392,P0624,P0642,collaboration,6,,auto,OpenAlex coauthorship between confirmed professors,1.749,2023,2026
AUTO001393,P0625,P1119,collaboration,3,,auto,OpenAlex coauthorship between confirmed professors,0.114,2013,2021
AUTO001394,P0625,P1131,collaboration,2,,auto,OpenAlex coauthorship between confirmed professors,0.085,2017,2021
AUTO001395,P0625,P1394,collaboration,3,,auto,OpenAlex coauthorship between confirmed professors,0.12,2007,2009
AUTO001396,P0627,P0642,collaboration,5,,auto,OpenAlex coauthorship between confirmed professors,1.759,2023,2026
AUTO001397,P0631,P0965,collaboration,5,,auto,OpenAlex coauthorship between confirmed professors,0.477,2021,2024
AUTO001398,P0635,P1555,collaboration,4,,auto,OpenAlex coauthorship between confirmed professors,0.162,2017,2022
AUTO001399,P0639,P1607,collaboration,3,,auto,OpenAlex coauthorship between confirmed professors,0.192,2026,2026
AUTO001400,P0643,P1529,collaboration,2,,auto,OpenAlex coauthorship between confirmed professors,0.101,2020,2021
AUTO001401,P0648,P1148,collaboration,2,,auto,OpenAlex coauthorship between confirmed professors,0.145,2019,2020
AUTO001402,P0649,P0738,collaboration,2,,auto,OpenAlex coauthorship between confirmed professors,0.292,2024,2026
AUTO001403,P0651,P1101,collaboration,1,,auto,OpenAlex coauthorship between confirmed professors,0.5,2025,2025
AUTO001404,P0651,P1167,collaboration,2,,auto,OpenAlex coauthorship between confirmed professors,0.182,2014,2015
AUTO001405,P0651,P1427,collaboration,3,,auto,OpenAlex coauthorship between confirmed professors,0.265,2018,2019
AUTO001406,P0652,P1110,collaboration,2,,auto,OpenAlex coauthorship between confirmed professors,0.4,2024,2025
AUTO001407,P0656,P0659,collaboration,2,,auto,OpenAlex coauthorship between confirmed professors,0.833,2025,2026
AUTO001408,P0656,P1488,collaboration,3,,auto,OpenAlex coauthorship between confirmed professors,0.444,2020,2021
AUTO001409,P0657,P0746,collaboration,2,,auto,OpenAlex coauthorship between confirmed professors,0.067,2008,2017
AUTO001410,P0657,P0748,collaboration,46,,auto,OpenAlex coauthorship between confirmed professors,5.766,2013,2025
AUTO001411,P0665,P0666,collaboration,15,,auto,OpenAlex coauthorship between confirmed professors,0.78,2017,2026
AUTO001412,P0665,P0670,collaboration,8,,auto,OpenAlex coauthorship between confirmed professors,0.374,2014,2021
AUTO001413,P0666,P0670,collaboration,2,,auto,OpenAlex coauthorship between confirmed professors,0.074,2020,2023
AUTO001414,P0669,P0673,collaboration,2,,auto,OpenAlex coauthorship between confirmed professors,0.302,2023,2024
AUTO001415,P0669,P0678,collaboration,2,,auto,OpenAlex coauthorship between confirmed professors,0.325,2024,2025
AUTO001416,P0669,P1118,collaboration,2,,auto,OpenAlex coauthorship between confirmed professors,0.099,2009,2010
AUTO001417,P0669,P1119,collaboration,3,,auto,OpenAlex coauthorship between confirmed professors,0.369,2023,2024
AUTO001418,P0669,P1141,collaboration,3,,auto,OpenAlex coauthorship between confirmed professors,0.398,2022,2024
AUTO001419,P0669,P1255,collaboration,3,,auto,OpenAlex coauthorship between confirmed professors,0.212,2009,2012
AUTO001420,P0669,P1317,collaboration,2,,auto,OpenAlex coauthorship between confirmed professors,0.151,2017,2024
AUTO001421,P0670,P0704,collaboration,2,,auto,OpenAlex coauthorship between confirmed professors,0.067,2010,2010
AUTO001422,P0670,P1199,collaboration,3,,auto,OpenAlex coauthorship between confirmed professors,0.078,2005,2012
AUTO001423,P0670,P1213,collaboration,2,,auto,OpenAlex coauthorship between confirmed professors,0.18,2012,2015
AUTO001424,P0670,P1318,collaboration,9,,auto,OpenAlex coauthorship between confirmed professors,0.291,2011,2015
AUTO001425,P0670,P1526,collaboration,3,,auto,OpenAlex coauthorship between confirmed professors,0.01,2011,2012
AUTO001426,P0673,P0674,collaboration,12,,auto,OpenAlex coauthorship between confirmed professors,1.175,2021,2025
AUTO001427,P0673,P0678,collaboration,2,,auto,OpenAlex coauthorship between confirmed professors,0.261,2023,2024
AUTO001428,P0673,P1271,collaboration,4,,auto,OpenAlex coauthorship between confirmed professors,0.272,2021,2024
AUTO001429,P0673,P1282,collaboration,2,,auto,OpenAlex coauthorship between confirmed professors,0.08,2014,2016
AUTO001430,P0673,P1407,collaboration,2,,auto,OpenAlex coauthorship between confirmed professors,0.237,2019,2021
AUTO001431,P0674,P0677,collaboration,2,,auto,OpenAlex coauthorship between confirmed professors,0.245,2023,2023
AUTO001432,P0674,P0678,collaboration,3,,auto,OpenAlex coauthorship between confirmed professors,0.311,2023,2025
AUTO001433,P0674,P1271,collaboration,5,,auto,OpenAlex coauthorship between confirmed professors,0.339,2021,2025
AUTO001434,P0677,P0678,collaboration,3,,auto,OpenAlex coauthorship between confirmed professors,0.316,2023,2026
AUTO001435,P0678,P1271,collaboration,2,,auto,OpenAlex coauthorship between confirmed professors,0.128,2023,2025
AUTO001436,P0679,P1258,collaboration,6,,auto,OpenAlex coauthorship between confirmed professors,0.316,2018,2024
AUTO001437,P0680,P1017,collaboration,2,,auto,OpenAlex coauthorship between confirmed professors,0.261,2016,2018
AUTO001438,P0681,P0684,collaboration,2,,auto,OpenAlex coauthorship between confirmed professors,0.198,2023,2026
AUTO001439,P0681,P0685,collaboration,3,,auto,OpenAlex coauthorship between confirmed professors,0.397,2018,2019
AUTO001440,P0681,P0687,collaboration,2,,auto,OpenAlex coauthorship between confirmed professors,0.281,2020,2022
AUTO001441,P0681,P1102,collaboration,3,,auto,OpenAlex coauthorship between confirmed professors,0.199,2007,2009
AUTO001442,P0682,P0685,collaboration,3,,auto,OpenAlex coauthorship between confirmed professors,0.598,2022,2026
AUTO001443,P0683,P0685,collaboration,2,,auto,OpenAlex coauthorship between confirmed professors,0.234,2025,2026
AUTO001444,P0683,P0688,collaboration,9,,auto,OpenAlex coauthorship between confirmed professors,1.043,2023,2026
AUTO001445,P0684,P0685,collaboration,5,,auto,OpenAlex coauthorship between confirmed professors,0.655,2020,2024
AUTO001446,P0684,P0687,collaboration,2,,auto,OpenAlex coauthorship between confirmed professors,0.667,2024,2024
AUTO001447,P0684,P0968,collaboration,14,,auto,OpenAlex coauthorship between confirmed professors,1.673,2011,2023
AUTO001448,P0684,P1445,collaboration,2,,auto,OpenAlex coauthorship between confirmed professors,0.072,2015,2015
AUTO001449,P0684,P1464,collaboration,2,,auto,OpenAlex coauthorship between confirmed professors,0.132,2016,2017
AUTO001450,P0684,P1469,collaboration,5,,auto,OpenAlex coauthorship between confirmed professors,0.462,2013,2025
AUTO001451,P0684,P1475,collaboration,2,,auto,OpenAlex coauthorship between confirmed professors,0.132,2016,2017
AUTO001452,P0684,P1476,collaboration,2,,auto,OpenAlex coauthorship between confirmed professors,0.111,2017,2019
AUTO001453,P0684,P1485,collaboration,2,,auto,OpenAlex coauthorship between confirmed professors,0.176,2015,2018
AUTO001454,P0684,P1488,collaboration,2,,auto,OpenAlex coauthorship between confirmed professors,0.154,2013,2018
AUTO001455,P0684,P1494,collaboration,5,,auto,OpenAlex coauthorship between confirmed professors,0.29,2014,2016
AUTO001456,P0684,P1506,collaboration,7,,auto,OpenAlex coauthorship between confirmed professors,0.578,2016,2019
AUTO001457,P0684,P1508,collaboration,2,,auto,OpenAlex coauthorship between confirmed professors,0.132,2016,2017
AUTO001458,P0685,P0686,collaboration,2,,auto,OpenAlex coauthorship between confirmed professors,0.185,2022,2023
AUTO001459,P0685,P0688,collaboration,4,,auto,OpenAlex coauthorship between confirmed professors,0.5,2024,2026
AUTO001460,P0685,P0711,collaboration,3,,auto,OpenAlex coauthorship between confirmed professors,0.349,2007,2008
AUTO001461,P0685,P0783,collaboration,5,,auto,OpenAlex coauthorship between confirmed professors,0.658,2019,2025
AUTO001462,P0685,P0807,collaboration,30,,auto,OpenAlex coauthorship between confirmed professors,2.043,2013,2020
AUTO001463,P0685,P1265,collaboration,3,,auto,OpenAlex coauthorship between confirmed professors,0.042,2000,2000
AUTO001464,P0687,P1175,collaboration,3,,auto,OpenAlex coauthorship between confirmed professors,0.199,2016,2017
AUTO001465,P0687,P1495,collaboration,3,,auto,OpenAlex coauthorship between confirmed professors,0.04,1989,1991
AUTO001466,P0689,P0696,collaboration,4,,auto,OpenAlex coauthorship between confirmed professors,0.402,2018,2023
AUTO001467,P0689,P0698,collaboration,2,,auto,OpenAlex coauthorship between confirmed professors,0.249,2018,2023
AUTO001468,P0689,P0702,collaboration,2,,auto,OpenAlex coauthorship between confirmed professors,0.155,2019,2022
AUTO001469,P0689,P0703,collaboration,2,,auto,OpenAlex coauthorship between confirmed professors,0.133,2025,2025
AUTO001470,P0689,P0713,collaboration,3,,auto,OpenAlex coauthorship between confirmed professors,0.233,2021,2023
AUTO001471,P0689,P0988,collaboration,2,,auto,OpenAlex coauthorship between confirmed professors,0.096,2007,2026
AUTO001472,P0689,P1411,collaboration,2,,auto,OpenAlex coauthorship between confirmed professors,0.096,2021,2021
AUTO001473,P0691,P0700,collaboration,3,,auto,OpenAlex coauthorship between confirmed professors,0.334,2011,2012
AUTO001474,P0691,P0703,collaboration,28,,auto,OpenAlex coauthorship between confirmed professors,1.627,2001,2021
AUTO001475,P0691,P0713,collaboration,2,,auto,OpenAlex coauthorship between confirmed professors,0.105,2004,2007
AUTO001476,P0691,P0778,collaboration,3,,auto,OpenAlex coauthorship between confirmed professors,0.124,2005,2006
AUTO001477,P0691,P0970,collaboration,17,,auto,OpenAlex coauthorship between confirmed professors,1.106,2007,2020
AUTO001478,P0691,P1081,collaboration,4,,auto,OpenAlex coauthorship between confirmed professors,0.454,2007,2012
AUTO001479,P0691,P1113,collaboration,5,,auto,OpenAlex coauthorship between confirmed professors,0.419,2019,2021
AUTO001480,P0691,P1209,collaboration,2,,auto,OpenAlex coauthorship between confirmed professors,0.041,2003,2003
AUTO001481,P0691,P1255,collaboration,2,,auto,OpenAlex coauthorship between confirmed professors,0.161,2021,2024
AUTO001482,P0691,P1260,collaboration,2,,auto,OpenAlex coauthorship between confirmed professors,0.052,1996,1996
AUTO001483,P0691,P1458,collaboration,3,,auto,OpenAlex coauthorship between confirmed professors,0.232,2000,2007
AUTO001484,P0691,P1467,collaboration,20,,auto,OpenAlex coauthorship between confirmed professors,1.683,2002,2023
AUTO001485,P0691,P1491,collaboration,4,,auto,OpenAlex coauthorship between confirmed professors,0.525,2012,2023
AUTO001486,P0691,P1568,collaboration,3,,auto,OpenAlex coauthorship between confirmed professors,0.141,2005,2006
AUTO001487,P0693,P1002,collaboration,2,,auto,OpenAlex coauthorship between confirmed professors,0.16,2022,2023
AUTO001488,P0693,P1011,collaboration,4,,auto,OpenAlex coauthorship between confirmed professors,0.387,2022,2025
AUTO001489,P0693,P1255,collaboration,2,,auto,OpenAlex coauthorship between confirmed professors,0.16,2022,2023
AUTO001490,P0694,P0707,collaboration,2,,auto,OpenAlex coauthorship between confirmed professors,0.09,2017,2020
AUTO001491,P0695,P0754,collaboration,2,,auto,OpenAlex coauthorship between confirmed professors,0.215,2018,2019
AUTO001492,P0695,P1356,collaboration,3,,auto,OpenAlex coauthorship between confirmed professors,0.059,2022,2024
AUTO001493,P0696,P0700,collaboration,6,,auto,OpenAlex coauthorship between confirmed professors,0.364,2012,2015
AUTO001494,P0696,P0703,collaboration,11,,auto,OpenAlex coauthorship between confirmed professors,0.683,2012,2022
AUTO001495,P0696,P0714,collaboration,2,,auto,OpenAlex coauthorship between confirmed professors,0.2,2024,2024
AUTO001496,P0696,P1572,collaboration,5,,auto,OpenAlex coauthorship between confirmed professors,0.33,2017,2024
AUTO001497,P0698,P1135,collaboration,2,,auto,OpenAlex coauthorship between confirmed professors,0.175,2020,2024
AUTO001498,P0699,P1218,collaboration,3,,auto,OpenAlex coauthorship between confirmed professors,0.414,2013,2019
AUTO001499,P0700,P0703,collaboration,79,,auto,OpenAlex coauthorship between confirmed professors,6.352,2011,2026
AUTO001500,P0700,P0716,collaboration,27,,auto,OpenAlex coauthorship between confirmed professors,2.915,2020,2026
AUTO001501,P0700,P0990,collaboration,2,,auto,OpenAlex coauthorship between confirmed professors,0.079,2018,2018
AUTO001502,P0700,P1055,collaboration,4,,auto,OpenAlex coauthorship between confirmed professors,0.222,2017,2018
AUTO001503,P0700,P1130,collaboration,12,,auto,OpenAlex coauthorship between confirmed professors,0.844,2011,2022
AUTO001504,P0700,P1213,collaboration,3,,auto,OpenAlex coauthorship between confirmed professors,0.18,2014,2017
AUTO001505,P0702,P0714,collaboration,11,,auto,OpenAlex coauthorship between confirmed professors,1.403,2004,2026
AUTO001506,P0703,P0711,collaboration,5,,auto,OpenAlex coauthorship between confirmed professors,0.197,2015,2023
AUTO001507,P0703,P0716,collaboration,19,,auto,OpenAlex coauthorship between confirmed professors,1.739,2015,2025
AUTO001508,P0703,P1166,collaboration,2,,auto,OpenAlex coauthorship between confirmed professors,0.129,2017,2017
AUTO001509,P0703,P1189,collaboration,4,,auto,OpenAlex coauthorship between confirmed professors,0.183,2013,2014
AUTO001510,P0703,P1330,collaboration,2,,auto,OpenAlex coauthorship between confirmed professors,0.058,2008,2009
AUTO001511,P0703,P1527,collaboration,9,,auto,OpenAlex coauthorship between confirmed professors,0.991,2023,2025
AUTO001512,P0703,P1545,collaboration,3,,auto,OpenAlex coauthorship between confirmed professors,0.11,2017,2017
AUTO001513,P0703,P1548,collaboration,3,,auto,OpenAlex coauthorship between confirmed professors,0.166,2015,2018
AUTO001514,P0703,P1553,collaboration,9,,auto,OpenAlex coauthorship between confirmed professors,0.991,2023,2025
AUTO001515,P0703,P1568,collaboration,2,,auto,OpenAlex coauthorship between confirmed professors,0.023,1991,1992
AUTO001516,P0704,P0711,collaboration,10,,auto,OpenAlex coauthorship between confirmed professors,0.507,2016,2026
AUTO001517,P0707,P0711,collaboration,2,,auto,OpenAlex coauthorship between confirmed professors,0.084,2013,2015
AUTO001518,P0707,P1038,collaboration,2,,auto,OpenAlex coauthorship between confirmed professors,0.168,2014,2014
AUTO001519,P0707,P1069,collaboration,3,,auto,OpenAlex coauthorship between confirmed professors,0.076,2008,2008
AUTO001520,P0707,P1166,collaboration,2,,auto,OpenAlex coauthorship between confirmed professors,0.064,2008,2011
AUTO001521,P0707,P1316,collaboration,2,,auto,OpenAlex coauthorship between confirmed professors,0.086,2020,2020
AUTO001522,P0707,P1337,collaboration,2,,auto,OpenAlex coauthorship between confirmed professors,0.032,1988,1990
AUTO001523,P0707,P1338,collaboration,3,,auto,OpenAlex coauthorship between confirmed professors,0.085,2010,2012
AUTO001524,P0707,P1537,collaboration,3,,auto,OpenAlex coauthorship between confirmed professors,0.055,2004,2005
AUTO001525,P0707,P1545,collaboration,2,,auto,OpenAlex coauthorship between confirmed professors,0.077,2015,2017
AUTO001526,P0707,P1560,collaboration,4,,auto,OpenAlex coauthorship between confirmed professors,0.184,2004,2019
AUTO001527,P0707,P1597,collaboration,2,,auto,OpenAlex coauthorship between confirmed professors,0.088,2022,2023
AUTO001528,P0707,P1604,collaboration,2,,auto,OpenAlex coauthorship between confirmed professors,0.088,2022,2023
AUTO001529,P0707,P1613,collaboration,2,,auto,OpenAlex coauthorship between confirmed professors,0.088,2022,2023
AUTO001530,P0709,P0761,collaboration,4,,auto,OpenAlex coauthorship between confirmed professors,0.333,2024,2024
AUTO001531,P0709,P0765,collaboration,2,,auto,OpenAlex coauthorship between confirmed professors,0.134,2016,2016
AUTO001532,P0711,P0713,collaboration,2,,auto,OpenAlex coauthorship between confirmed professors,0.055,2015,2015
AUTO001533,P0711,P0716,collaboration,7,,auto,OpenAlex coauthorship between confirmed professors,0.782,2019,2026
AUTO001534,P0711,P0964,collaboration,2,,auto,OpenAlex coauthorship between confirmed professors,0.044,2012,2013
AUTO001535,P0711,P1155,collaboration,13,,auto,OpenAlex coauthorship between confirmed professors,1.217,2023,2025
AUTO001536,P0711,P1156,collaboration,13,,auto,OpenAlex coauthorship between confirmed professors,1.217,2023,2025
AUTO001537,P0711,P1324,collaboration,11,,auto,OpenAlex coauthorship between confirmed professors,0.483,2009,2011
AUTO001538,P0711,P1325,collaboration,20,,auto,OpenAlex coauthorship between confirmed professors,1.104,2008,2014
AUTO001539,P0711,P1335,collaboration,6,,auto,OpenAlex coauthorship between confirmed professors,0.246,2010,2011
AUTO001540,P0711,P1341,collaboration,27,,auto,OpenAlex coauthorship between confirmed professors,1.272,2007,2014
AUTO001541,P0711,P1519,collaboration,4,,auto,OpenAlex coauthorship between confirmed professors,0.159,2005,2006
AUTO001542,P0711,P1527,collaboration,2,,auto,OpenAlex coauthorship between confirmed professors,0.069,2008,2008
AUTO001543,P0711,P1572,collaboration,2,,auto,OpenAlex coauthorship between confirmed professors,0.115,2013,2014
AUTO001544,P0714,P1572,collaboration,2,,auto,OpenAlex coauthorship between confirmed professors,0.2,2024,2024
AUTO001545,P0717,P0719,collaboration,6,,auto,OpenAlex coauthorship between confirmed professors,0.698,2023,2025
AUTO001546,P0717,P0744,collaboration,2,,auto,OpenAlex coauthorship between confirmed professors,0.24,2023,2024
AUTO001547,P0718,P0738,collaboration,3,,auto,OpenAlex coauthorship between confirmed professors,0.125,2017,2018
AUTO001548,P0718,P0746,collaboration,86,,auto,OpenAlex coauthorship between confirmed professors,7.783,2013,2025
AUTO001549,P0718,P0748,collaboration,4,,auto,OpenAlex coauthorship between confirmed professors,0.401,2015,2026
AUTO001550,P0718,P0767,collaboration,2,,auto,OpenAlex coauthorship between confirmed professors,0.102,2023,2023
AUTO001551,P0718,P1139,collaboration,6,,auto,OpenAlex coauthorship between confirmed professors,0.275,2009,2026
AUTO001552,P0718,P1148,collaboration,2,,auto,OpenAlex coauthorship between confirmed professors,0.091,2021,2021
AUTO001553,P0718,P1150,collaboration,5,,auto,OpenAlex coauthorship between confirmed professors,0.126,2011,2013
AUTO001554,P0718,P1162,collaboration,5,,auto,OpenAlex coauthorship between confirmed professors,0.812,2008,2015
AUTO001555,P0718,P1270,collaboration,27,,auto,OpenAlex coauthorship between confirmed professors,2.45,2014,2025
AUTO001556,P0718,P1276,collaboration,3,,auto,OpenAlex coauthorship between confirmed professors,0.135,2021,2022
AUTO001557,P0718,P1424,collaboration,4,,auto,OpenAlex coauthorship between confirmed professors,0.145,2015,2022
AUTO001558,P0719,P0746,collaboration,2,,auto,OpenAlex coauthorship between confirmed professors,0.081,2021,2022
AUTO001559,P0722,P1156,collaboration,4,,auto,OpenAlex coauthorship between confirmed professors,0.113,1995,2023
AUTO001560,P0722,P1251,collaboration,2,,auto,OpenAlex coauthorship between confirmed professors,0.5,2026,2026
AUTO001561,P0722,P1520,collaboration,3,,auto,OpenAlex coauthorship between confirmed professors,0.97,2026,2026
AUTO001562,P0726,P0737,collaboration,6,,auto,OpenAlex coauthorship between confirmed professors,1.655,2021,2024
AUTO001563,P0726,P0744,collaboration,2,,auto,OpenAlex coauthorship between confirmed professors,0.133,2026,2026
AUTO001564,P0726,P0813,collaboration,9,,auto,OpenAlex coauthorship between confirmed professors,0.668,2013,2022
AUTO001565,P0726,P0818,collaboration,8,,auto,OpenAlex coauthorship between confirmed professors,0.978,2013,2019
AUTO001566,P0726,P0820,collaboration,2,,auto,OpenAlex coauthorship between confirmed professors,0.113,2017,2020
AUTO001567,P0734,P0738,collaboration,3,,auto,OpenAlex coauthorship between confirmed professors,0.575,2024,2026
AUTO001568,P0734,P0740,collaboration,15,,auto,OpenAlex coauthorship between confirmed professors,1.024,2005,2017
AUTO001569,P0734,P0745,collaboration,4,,auto,OpenAlex coauthorship between confirmed professors,0.258,2008,2010
AUTO001570,P0735,P0738,collaboration,18,,auto,OpenAlex coauthorship between confirmed professors,3.844,2016,2025
AUTO001571,P0737,P0738,collaboration,3,,auto,OpenAlex coauthorship between confirmed professors,0.316,2020,2026
AUTO001572,P0737,P0740,collaboration,2,,auto,OpenAlex coauthorship between confirmed professors,0.203,2018,2020
AUTO001573,P0737,P0820,collaboration,2,,auto,OpenAlex coauthorship between confirmed professors,0.153,2015,2024
AUTO001574,P0738,P0740,collaboration,5,,auto,OpenAlex coauthorship between confirmed professors,0.548,2012,2026
AUTO001575,P0738,P0743,collaboration,6,,auto,OpenAlex coauthorship between confirmed professors,0.531,2017,2022
AUTO001576,P0738,P0745,collaboration,2,,auto,OpenAlex coauthorship between confirmed professors,0.131,2023,2023
AUTO001577,P0738,P0746,collaboration,7,,auto,OpenAlex coauthorship between confirmed professors,0.354,2017,2023
AUTO001578,P0738,P0810,collaboration,3,,auto,OpenAlex coauthorship between confirmed professors,0.119,2011,2011
AUTO001579,P0738,P0957,collaboration,2,,auto,OpenAlex coauthorship between confirmed professors,0.3,2017,2017
AUTO001580,P0738,P1114,collaboration,2,,auto,OpenAlex coauthorship between confirmed professors,0.148,2020,2022
AUTO001581,P0738,P1116,collaboration,2,,auto,OpenAlex coauthorship between confirmed professors,0.199,2022,2023
AUTO001582,P0738,P1140,collaboration,2,,auto,OpenAlex coauthorship between confirmed professors,0.38,2015,2020
AUTO001583,P0740,P0748,collaboration,2,,auto,OpenAlex coauthorship between confirmed professors,0.174,2017,2025
AUTO001584,P0740,P1413,collaboration,2,,auto,OpenAlex coauthorship between confirmed professors,0.118,2025,2025
AUTO001585,P0742,P0744,collaboration,26,,auto,OpenAlex coauthorship between confirmed professors,2.883,2012,2026
AUTO001586,P0743,P0746,collaboration,7,,auto,OpenAlex coauthorship between confirmed professors,0.581,2016,2023
AUTO001587,P0743,P1524,collaboration,2,,auto,OpenAlex coauthorship between confirmed professors,0.13,2013,2014
AUTO001588,P0745,P0746,collaboration,2,,auto,OpenAlex coauthorship between confirmed professors,0.131,2023,2023
AUTO001589,P0745,P0795,collaboration,2,,auto,OpenAlex coauthorship between confirmed professors,0.114,2010,2012
AUTO001590,P0746,P0748,collaboration,4,,auto,OpenAlex coauthorship between confirmed professors,0.334,2015,2022
AUTO001591,P0746,P0767,collaboration,2,,auto,OpenAlex coauthorship between confirmed professors,0.102,2023,2023
AUTO001592,P0746,P0832,collaboration,18,,auto,OpenAlex coauthorship between confirmed professors,1.171,2011,2022
AUTO001593,P0746,P0836,collaboration,10,,auto,OpenAlex coauthorship between confirmed professors,0.245,2005,2017
AUTO001594,P0746,P1019,collaboration,38,,auto,OpenAlex coauthorship between confirmed professors,1.985,2001,2023
AUTO001595,P0746,P1148,collaboration,4,,auto,OpenAlex coauthorship between confirmed professors,0.186,2021,2026
AUTO001596,P0746,P1162,collaboration,31,,auto,OpenAlex coauthorship between confirmed professors,1.847,2008,2017
AUTO001597,P0746,P1223,collaboration,7,,auto,OpenAlex coauthorship between confirmed professors,0.231,2005,2012
AUTO001598,P0746,P1270,collaboration,14,,auto,OpenAlex coauthorship between confirmed professors,0.547,2014,2022
AUTO001599,P0746,P1276,collaboration,3,,auto,OpenAlex coauthorship between confirmed professors,0.135,2021,2022
AUTO001600,P0746,P1424,collaboration,7,,auto,OpenAlex coauthorship between confirmed professors,0.291,2011,2020
AUTO001601,P0746,P1630,collaboration,2,,auto,OpenAlex coauthorship between confirmed professors,0.097,2023,2023
AUTO001602,P0748,P1124,collaboration,4,,auto,OpenAlex coauthorship between confirmed professors,0.282,2012,2022
AUTO001603,P0748,P1257,collaboration,3,,auto,OpenAlex coauthorship between confirmed professors,0.286,2015,2022
AUTO001604,P0749,P0754,collaboration,4,,auto,OpenAlex coauthorship between confirmed professors,0.341,2020,2024
AUTO001605,P0749,P0755,collaboration,5,,auto,OpenAlex coauthorship between confirmed professors,0.872,2021,2025
AUTO001606,P0749,P0786,collaboration,2,,auto,OpenAlex coauthorship between confirmed professors,0.064,2008,2023
AUTO001607,P0749,P1356,collaboration,3,,auto,OpenAlex coauthorship between confirmed professors,0.239,2020,2022
AUTO001608,P0751,P0764,collaboration,14,,auto,OpenAlex coauthorship between confirmed professors,1.242,2024,2026
AUTO001609,P0751,P0786,collaboration,3,,auto,OpenAlex coauthorship between confirmed professors,0.109,2012,2023
AUTO001610,P0751,P0914,collaboration,2,,auto,OpenAlex coauthorship between confirmed professors,0.177,2012,2012
AUTO001611,P0751,P1255,collaboration,2,,auto,OpenAlex coauthorship between confirmed professors,0.042,2003,2003
AUTO001612,P0751,P1266,collaboration,18,,auto,OpenAlex coauthorship between confirmed professors,0.559,2005,2012
AUTO001613,P0751,P1440,collaboration,2,,auto,OpenAlex coauthorship between confirmed professors,0.134,2005,2006
AUTO001614,P0751,P1541,collaboration,2,,auto,OpenAlex coauthorship between confirmed professors,0.066,2009,2012
AUTO001615,P0752,P0754,collaboration,17,,auto,OpenAlex coauthorship between confirmed professors,1.904,2019,2025
AUTO001616,P0752,P0755,collaboration,3,,auto,OpenAlex coauthorship between confirmed professors,0.201,2019,2025
AUTO001617,P0752,P0758,collaboration,2,,auto,OpenAlex coauthorship between confirmed professors,0.372,2023,2026
AUTO001618,P0752,P0766,collaboration,2,,auto,OpenAlex coauthorship between confirmed professors,0.065,2004,2015
AUTO001619,P0752,P0773,collaboration,4,,auto,OpenAlex coauthorship between confirmed professors,0.239,2018,2025
AUTO001620,P0752,P0785,collaboration,45,,auto,OpenAlex coauthorship between confirmed professors,5.73,2011,2025
AUTO001621,P0752,P1583,collaboration,2,,auto,OpenAlex coauthorship between confirmed professors,0.283,2020,2020
AUTO001622,P0752,P1586,collaboration,2,,auto,OpenAlex coauthorship between confirmed professors,0.283,2020,2020
AUTO001623,P0753,P0754,collaboration,3,,auto,OpenAlex coauthorship between confirmed professors,0.159,2022,2022
AUTO001624,P0753,P0837,collaboration,2,,auto,OpenAlex coauthorship between confirmed professors,0.13,2011,2014
AUTO001625,P0753,P0907,collaboration,2,,auto,OpenAlex coauthorship between confirmed professors,0.133,2024,2024
AUTO001626,P0753,P0914,collaboration,2,,auto,OpenAlex coauthorship between confirmed professors,0.133,2024,2024
AUTO001627,P0753,P0940,collaboration,32,,auto,OpenAlex coauthorship between confirmed professors,4.988,2009,2026
AUTO001628,P0753,P0985,collaboration,3,,auto,OpenAlex coauthorship between confirmed professors,0.333,2024,2026
AUTO001629,P0753,P0988,collaboration,2,,auto,OpenAlex coauthorship between confirmed professors,0.167,2024,2026
AUTO001630,P0753,P1027,collaboration,2,,auto,OpenAlex coauthorship between confirmed professors,0.098,2005,2008
AUTO001631,P0753,P1574,collaboration,2,,auto,OpenAlex coauthorship between confirmed professors,0.061,2001,2003
AUTO001632,P0754,P0755,collaboration,2,,auto,OpenAlex coauthorship between confirmed professors,0.101,2019,2021
AUTO001633,P0754,P0761,collaboration,2,,auto,OpenAlex coauthorship between confirmed professors,0.144,2024,2025
AUTO001634,P0754,P0764,collaboration,2,,auto,OpenAlex coauthorship between confirmed professors,0.174,2025,2025
AUTO001635,P0754,P0766,collaboration,4,,auto,OpenAlex coauthorship between confirmed professors,0.369,2017,2023
AUTO001636,P0754,P0767,collaboration,2,,auto,OpenAlex coauthorship between confirmed professors,0.144,2024,2025
AUTO001637,P0754,P0778,collaboration,2,,auto,OpenAlex coauthorship between confirmed professors,0.383,2023,2024
AUTO001638,P0754,P0940,collaboration,3,,auto,OpenAlex coauthorship between confirmed professors,0.159,2022,2022
AUTO001639,P0754,P1295,collaboration,6,,auto,OpenAlex coauthorship between confirmed professors,0.469,2020,2026
AUTO001640,P0754,P1298,collaboration,3,,auto,OpenAlex coauthorship between confirmed professors,0.825,2024,2026
AUTO001641,P0754,P1303,collaboration,2,,auto,OpenAlex coauthorship between confirmed professors,0.5,2024,2024
AUTO001642,P0754,P1356,collaboration,4,,auto,OpenAlex coauthorship between confirmed professors,0.26,2020,2023
AUTO001643,P0755,P1039,collaboration,3,,auto,OpenAlex coauthorship between confirmed professors,0.058,2002,2003
AUTO001644,P0758,P0761,collaboration,2,,auto,OpenAlex coauthorship between confirmed professors,0.116,2022,2025
AUTO001645,P0758,P0767,collaboration,3,,auto,OpenAlex coauthorship between confirmed professors,0.483,2025,2026
AUTO001646,P0758,P0786,collaboration,2,,auto,OpenAlex coauthorship between confirmed professors,0.393,2025,2026
AUTO001647,P0758,P1384,collaboration,2,,auto,OpenAlex coauthorship between confirmed professors,0.055,2004,2004
AUTO001648,P0760,P1001,collaboration,4,,auto,OpenAlex coauthorship between confirmed professors,1.044,2022,2024
AUTO001649,P0761,P0767,collaboration,2,,auto,OpenAlex coauthorship between confirmed professors,0.144,2024,2025
AUTO001650,P0761,P0783,collaboration,2,,auto,OpenAlex coauthorship between confirmed professors,0.292,2023,2025
AUTO001651,P0764,P0773,collaboration,6,,auto,OpenAlex coauthorship between confirmed professors,0.472,2013,2025
AUTO001652,P0765,P0774,collaboration,2,,auto,OpenAlex coauthorship between confirmed professors,0.217,2024,2026
AUTO001653,P0765,P1006,collaboration,10,,auto,OpenAlex coauthorship between confirmed professors,1.048,2016,2024
AUTO001654,P0765,P1356,collaboration,2,,auto,OpenAlex coauthorship between confirmed professors,0.182,2024,2025
AUTO001655,P0766,P0786,collaboration,2,,auto,OpenAlex coauthorship between confirmed professors,0.059,2011,2012
AUTO001656,P0766,P0920,collaboration,2,,auto,OpenAlex coauthorship between confirmed professors,0.061,2016,2019
AUTO001657,P0766,P1002,collaboration,2,,auto,OpenAlex coauthorship between confirmed professors,0.061,2016,2019
AUTO001658,P0766,P1356,collaboration,2,,auto,OpenAlex coauthorship between confirmed professors,0.141,2020,2023
AUTO001659,P0766,P1548,collaboration,13,,auto,OpenAlex coauthorship between confirmed professors,0.691,2010,2024
AUTO001660,P0767,P0795,collaboration,5,,auto,OpenAlex coauthorship between confirmed professors,0.095,1994,1996
AUTO001661,P0767,P0935,collaboration,6,,auto,OpenAlex coauthorship between confirmed professors,0.338,2006,2019
AUTO001662,P0767,P1195,collaboration,3,,auto,OpenAlex coauthorship between confirmed professors,0.197,2017,2017
AUTO001663,P0767,P1628,collaboration,3,,auto,OpenAlex coauthorship between confirmed professors,0.236,2019,2023
AUTO001664,P0769,P0903,collaboration,2,,auto,OpenAlex coauthorship between confirmed professors,0.093,2019,2019
AUTO001665,P0770,P1094,collaboration,6,,auto,OpenAlex coauthorship between confirmed professors,0.689,2012,2017
AUTO001666,P0773,P0785,collaboration,3,,auto,OpenAlex coauthorship between confirmed professors,0.183,2015,2022
AUTO001667,P0773,P1223,collaboration,10,,auto,OpenAlex coauthorship between confirmed professors,2.0,2024,2024
AUTO001668,P0774,P1014,collaboration,9,,auto,OpenAlex coauthorship between confirmed professors,0.471,2012,2020
AUTO001669,P0774,P1024,collaboration,14,,auto,OpenAlex coauthorship between confirmed professors,1.692,2011,2026
AUTO001670,P0774,P1269,collaboration,2,,auto,OpenAlex coauthorship between confirmed professors,0.101,2015,2016
AUTO001671,P0774,P1356,collaboration,4,,auto,OpenAlex coauthorship between confirmed professors,0.262,2019,2022
AUTO001672,P0774,P1450,collaboration,2,,auto,OpenAlex coauthorship between confirmed professors,0.14,2022,2022
AUTO001673,P0776,P1275,collaboration,4,,auto,OpenAlex coauthorship between confirmed professors,0.685,2022,2026
AUTO001674,P0778,P0792,collaboration,3,,auto,OpenAlex coauthorship between confirmed professors,0.066,2005,2006
AUTO001675,P0778,P0796,collaboration,11,,auto,OpenAlex coauthorship between confirmed professors,1.339,2004,2026
AUTO001676,P0782,P1533,collaboration,2,,auto,OpenAlex coauthorship between confirmed professors,0.03,2001,2002
AUTO001677,P0783,P0912,collaboration,2,,auto,OpenAlex coauthorship between confirmed professors,0.363,2014,2017
AUTO001678,P0785,P0927,collaboration,2,,auto,OpenAlex coauthorship between confirmed professors,0.061,2023,2023
AUTO001679,P0785,P1583,collaboration,2,,auto,OpenAlex coauthorship between confirmed professors,0.283,2020,2020
AUTO001680,P0785,P1586,collaboration,2,,auto,OpenAlex coauthorship between confirmed professors,0.283,2020,2020
AUTO001681,P0791,P1015,collaboration,17,,auto,OpenAlex coauthorship between confirmed professors,0.922,2007,2020
AUTO001682,P0791,P1033,collaboration,14,,auto,OpenAlex coauthorship between confirmed professors,0.75,2007,2020
AUTO001683,P0791,P1253,collaboration,5,,auto,OpenAlex coauthorship between confirmed professors,0.239,2013,2014
AUTO001684,P0791,P1297,collaboration,22,,auto,OpenAlex coauthorship between confirmed professors,1.448,2007,2020
AUTO001685,P0791,P1629,collaboration,4,,auto,OpenAlex coauthorship between confirmed professors,1.206,2019,2026
AUTO001686,P0795,P0872,collaboration,2,,auto,OpenAlex coauthorship between confirmed professors,0.298,2017,2019
AUTO001687,P0795,P1416,collaboration,1,,auto,OpenAlex coauthorship between confirmed professors,0.75,2025,2025
AUTO001688,P0795,P1582,collaboration,3,,auto,OpenAlex coauthorship between confirmed professors,0.056,1998,2002
AUTO001689,P0801,P0804,collaboration,18,,auto,OpenAlex coauthorship between confirmed professors,1.726,2017,2026
AUTO001690,P0801,P0807,collaboration,2,,auto,OpenAlex coauthorship between confirmed professors,0.343,2025,2026
AUTO001691,P0801,P1053,collaboration,6,,auto,OpenAlex coauthorship between confirmed professors,0.2,2012,2013
AUTO001692,P0801,P1430,collaboration,3,,auto,OpenAlex coauthorship between confirmed professors,0.247,2017,2020
AUTO001693,P0801,P1447,collaboration,2,,auto,OpenAlex coauthorship between confirmed professors,0.179,2017,2020
AUTO001694,P0802,P1387,collaboration,4,,auto,OpenAlex coauthorship between confirmed professors,0.216,2009,2013
AUTO001695,P0802,P1389,collaboration,4,,auto,OpenAlex coauthorship between confirmed professors,0.216,2009,2013
AUTO001696,P0802,P1401,collaboration,2,,auto,OpenAlex coauthorship between confirmed professors,0.128,2012,2013
AUTO001697,P0804,P0807,collaboration,2,,auto,OpenAlex coauthorship between confirmed professors,0.22,2026,2026
AUTO001698,P0804,P0962,collaboration,2,,auto,OpenAlex coauthorship between confirmed professors,0.105,2008,2013
AUTO001699,P0804,P0999,collaboration,32,,auto,OpenAlex coauthorship between confirmed professors,2.983,2006,2026
AUTO001700,P0804,P1061,collaboration,3,,auto,OpenAlex coauthorship between confirmed professors,0.611,2015,2023
AUTO001701,P0804,P1326,collaboration,2,,auto,OpenAlex coauthorship between confirmed professors,0.127,2017,2018
AUTO001702,P0808,P0820,collaboration,2,,auto,OpenAlex coauthorship between confirmed professors,0.076,2003,2004
AUTO001703,P0808,P1120,collaboration,8,,auto,OpenAlex coauthorship between confirmed professors,0.664,2020,2025
AUTO001704,P0808,P1136,collaboration,2,,auto,OpenAlex coauthorship between confirmed professors,0.134,2025,2025
AUTO001705,P0808,P1149,collaboration,4,,auto,OpenAlex coauthorship between confirmed professors,0.94,2019,2026
AUTO001706,P0808,P1150,collaboration,1,,auto,OpenAlex coauthorship between confirmed professors,0.53,2020,2020
AUTO001707,P0810,P0813,collaboration,3,,auto,OpenAlex coauthorship between confirmed professors,0.283,2013,2014
AUTO001708,P0810,P0818,collaboration,8,,auto,OpenAlex coauthorship between confirmed professors,1.485,2018,2026
AUTO001709,P0810,P0823,collaboration,7,,auto,OpenAlex coauthorship between confirmed professors,0.493,2013,2018
AUTO001710,P0810,P0824,collaboration,2,,auto,OpenAlex coauthorship between confirmed professors,0.109,2010,2010
AUTO001711,P0810,P0994,collaboration,5,,auto,OpenAlex coauthorship between confirmed professors,0.219,2012,2015
AUTO001712,P0810,P1114,collaboration,4,,auto,OpenAlex coauthorship between confirmed professors,0.483,2016,2026
AUTO001713,P0810,P1120,collaboration,7,,auto,OpenAlex coauthorship between confirmed professors,0.535,2015,2022
AUTO001714,P0810,P1125,collaboration,11,,auto,OpenAlex coauthorship between confirmed professors,1.831,2019,2025
AUTO001715,P0811,P0818,collaboration,3,,auto,OpenAlex coauthorship between confirmed professors,0.339,2016,2017
AUTO001716,P0811,P0829,collaboration,2,,auto,OpenAlex coauthorship between confirmed professors,0.278,2015,2016
AUTO001717,P0811,P1126,collaboration,4,,auto,OpenAlex coauthorship between confirmed professors,0.477,2019,2025
AUTO001718,P0811,P1257,collaboration,2,,auto,OpenAlex coauthorship between confirmed professors,0.216,2019,2019
AUTO001719,P0813,P0820,collaboration,4,,auto,OpenAlex coauthorship between confirmed professors,0.348,2017,2024
AUTO001720,P0813,P0823,collaboration,3,,auto,OpenAlex coauthorship between confirmed professors,0.298,2013,2018
AUTO001721,P0813,P0824,collaboration,2,,auto,OpenAlex coauthorship between confirmed professors,0.353,2015,2024
AUTO001722,P0813,P0957,collaboration,6,,auto,OpenAlex coauthorship between confirmed professors,0.53,2015,2023
AUTO001723,P0813,P1123,collaboration,4,,auto,OpenAlex coauthorship between confirmed professors,0.397,2022,2026
AUTO001724,P0813,P1131,collaboration,2,,auto,OpenAlex coauthorship between confirmed professors,0.185,2020,2022
AUTO001725,P0813,P1135,collaboration,2,,auto,OpenAlex coauthorship between confirmed professors,0.124,2021,2022
AUTO001726,P0813,P1382,collaboration,3,,auto,OpenAlex coauthorship between confirmed professors,0.246,2014,2015
AUTO001727,P0818,P0823,collaboration,8,,auto,OpenAlex coauthorship between confirmed professors,0.673,2016,2023
AUTO001728,P0818,P0824,collaboration,2,,auto,OpenAlex coauthorship between confirmed professors,0.165,2011,2014
AUTO001729,P0818,P0832,collaboration,2,,auto,OpenAlex coauthorship between confirmed professors,0.218,2022,2026
AUTO001730,P0820,P0823,collaboration,4,,auto,OpenAlex coauthorship between confirmed professors,0.433,2024,2026
AUTO001731,P0820,P0824,collaboration,4,,auto,OpenAlex coauthorship between confirmed professors,0.566,2020,2026
AUTO001732,P0820,P0832,collaboration,3,,auto,OpenAlex coauthorship between confirmed professors,0.354,2026,2026
AUTO001733,P0820,P1019,collaboration,3,,auto,OpenAlex coauthorship between confirmed professors,0.273,2021,2026
AUTO001734,P0820,P1114,collaboration,3,,auto,OpenAlex coauthorship between confirmed professors,0.196,2015,2020
AUTO001735,P0820,P1120,collaboration,6,,auto,OpenAlex coauthorship between confirmed professors,0.323,2017,2025
AUTO001736,P0820,P1150,collaboration,2,,auto,OpenAlex coauthorship between confirmed professors,0.134,2019,2022
AUTO001737,P0822,P0829,collaboration,21,,auto,OpenAlex coauthorship between confirmed professors,1.585,2004,2018
AUTO001738,P0822,P0926,collaboration,2,,auto,OpenAlex coauthorship between confirmed professors,0.11,2015,2018
AUTO001739,P0822,P1533,collaboration,3,,auto,OpenAlex coauthorship between confirmed professors,0.107,2007,2011
AUTO001740,P0823,P0830,collaboration,2,,auto,OpenAlex coauthorship between confirmed professors,0.292,2025,2026
AUTO001741,P0823,P1128,collaboration,2,,auto,OpenAlex coauthorship between confirmed professors,0.186,2012,2013
AUTO001742,P0823,P1451,collaboration,4,,auto,OpenAlex coauthorship between confirmed professors,0.365,2012,2015
AUTO001743,P0824,P1123,collaboration,2,,auto,OpenAlex coauthorship between confirmed professors,0.167,2008,2016
AUTO001744,P0829,P1117,collaboration,26,,auto,OpenAlex coauthorship between confirmed professors,2.505,2013,2017
AUTO001745,P0829,P1120,collaboration,2,,auto,OpenAlex coauthorship between confirmed professors,0.216,2016,2017
AUTO001746,P0829,P1133,collaboration,6,,auto,OpenAlex coauthorship between confirmed professors,0.998,2024,2025
AUTO001747,P0832,P1417,collaboration,2,,auto,OpenAlex coauthorship between confirmed professors,0.135,2022,2025
AUTO001748,P0836,P0877,collaboration,9,,auto,OpenAlex coauthorship between confirmed professors,0.393,2004,2013
AUTO001749,P0836,P1183,collaboration,2,,auto,OpenAlex coauthorship between confirmed professors,0.082,2012,2013
AUTO001750,P0836,P1195,collaboration,6,,auto,OpenAlex coauthorship between confirmed professors,1.173,2012,2018
AUTO001751,P0837,P0856,collaboration,4,,auto,OpenAlex coauthorship between confirmed professors,0.361,2021,2026
AUTO001752,P0837,P0859,collaboration,2,,auto,OpenAlex coauthorship between confirmed professors,0.141,2022,2022
AUTO001753,P0837,P1177,collaboration,2,,auto,OpenAlex coauthorship between confirmed professors,0.064,2018,2023
AUTO001754,P0837,P1205,collaboration,2,,auto,OpenAlex coauthorship between confirmed professors,0.137,2016,2018
AUTO001755,P0837,P1304,collaboration,2,,auto,OpenAlex coauthorship between confirmed professors,0.048,2016,2016
AUTO001756,P0837,P1411,collaboration,3,,auto,OpenAlex coauthorship between confirmed professors,0.306,2021,2024
AUTO001757,P0843,P0847,collaboration,5,,auto,OpenAlex coauthorship between confirmed professors,0.304,2014,2024
AUTO001758,P0843,P1143,collaboration,3,,auto,OpenAlex coauthorship between confirmed professors,0.404,2018,2025
AUTO001759,P0843,P1261,collaboration,4,,auto,OpenAlex coauthorship between confirmed professors,0.304,2021,2023
AUTO001760,P0843,P1293,collaboration,2,,auto,OpenAlex coauthorship between confirmed professors,0.081,2006,2023
AUTO001761,P0847,P1253,collaboration,2,,auto,OpenAlex coauthorship between confirmed professors,0.128,2013,2020
AUTO001762,P0852,P1165,collaboration,9,,auto,OpenAlex coauthorship between confirmed professors,0.803,2020,2023
AUTO001763,P0852,P1179,collaboration,7,,auto,OpenAlex coauthorship between confirmed professors,0.841,2020,2026
AUTO001764,P0852,P1191,collaboration,35,,auto,OpenAlex coauthorship between confirmed professors,4.229,2019,2026
AUTO001765,P0852,P1196,collaboration,30,,auto,OpenAlex coauthorship between confirmed professors,2.979,2019,2026
AUTO001766,P0852,P1212,collaboration,2,,auto,OpenAlex coauthorship between confirmed professors,0.146,2022,2023
AUTO001767,P0854,P1536,collaboration,2,,auto,OpenAlex coauthorship between confirmed professors,0.141,2018,2025
AUTO001768,P0855,P0920,collaboration,59,,auto,OpenAlex coauthorship between confirmed professors,7.208,2001,2023
AUTO001769,P0855,P1121,collaboration,4,,auto,OpenAlex coauthorship between confirmed professors,0.545,2020,2024
AUTO001770,P0855,P1420,collaboration,2,,auto,OpenAlex coauthorship between confirmed professors,0.202,2020,2020
AUTO001771,P0855,P1421,collaboration,2,,auto,OpenAlex coauthorship between confirmed professors,0.174,2021,2021
AUTO001772,P0855,P1610,collaboration,2,,auto,OpenAlex coauthorship between confirmed professors,0.13,2014,2014
AUTO001773,P0856,P0858,collaboration,2,,auto,OpenAlex coauthorship between confirmed professors,0.139,2025,2026
AUTO001774,P0858,P1124,collaboration,2,,auto,OpenAlex coauthorship between confirmed professors,0.183,2025,2026
AUTO001775,P0859,P1215,collaboration,3,,auto,OpenAlex coauthorship between confirmed professors,0.232,2011,2025
AUTO001776,P0868,P0920,collaboration,6,,auto,OpenAlex coauthorship between confirmed professors,0.224,2004,2026
AUTO001777,P0868,P1260,collaboration,4,,auto,OpenAlex coauthorship between confirmed professors,0.261,2016,2023
AUTO001778,P0872,P1127,collaboration,10,,auto,OpenAlex coauthorship between confirmed professors,0.627,2014,2024
AUTO001779,P0872,P1142,collaboration,5,,auto,OpenAlex coauthorship between confirmed professors,0.274,2017,2024
AUTO001780,P0872,P1179,collaboration,2,,auto,OpenAlex coauthorship between confirmed professors,0.104,2014,2015
AUTO001781,P0872,P1204,collaboration,3,,auto,OpenAlex coauthorship between confirmed professors,0.236,2012,2020
AUTO001782,P0872,P1444,collaboration,8,,auto,OpenAlex coauthorship between confirmed professors,0.727,2024,2025
AUTO001783,P0877,P1158,collaboration,5,,auto,OpenAlex coauthorship between confirmed professors,0.439,2022,2026
AUTO001784,P0877,P1183,collaboration,2,,auto,OpenAlex coauthorship between confirmed professors,0.082,2012,2013
AUTO001785,P0877,P1195,collaboration,10,,auto,OpenAlex coauthorship between confirmed professors,0.688,2012,2016
AUTO001786,P0877,P1446,collaboration,5,,auto,OpenAlex coauthorship between confirmed professors,0.439,2022,2025
AUTO001787,P0878,P0914,collaboration,20,,auto,OpenAlex coauthorship between confirmed professors,2.408,2019,2024
AUTO001788,P0880,P0905,collaboration,3,,auto,OpenAlex coauthorship between confirmed professors,0.269,2023,2023
AUTO001789,P0880,P1182,collaboration,15,,auto,OpenAlex coauthorship between confirmed professors,1.799,2009,2015
AUTO001790,P0880,P1255,collaboration,2,,auto,OpenAlex coauthorship between confirmed professors,0.373,2019,2019
AUTO001791,P0884,P1576,collaboration,2,,auto,OpenAlex coauthorship between confirmed professors,0.375,2025,2025
AUTO001792,P0890,P1002,collaboration,7,,auto,OpenAlex coauthorship between confirmed professors,0.195,2009,2011
AUTO001793,P0890,P1228,collaboration,3,,auto,OpenAlex coauthorship between confirmed professors,0.099,2003,2006
AUTO001794,P0890,P1253,collaboration,2,,auto,OpenAlex coauthorship between confirmed professors,0.072,2015,2021
AUTO001795,P0890,P1295,collaboration,2,,auto,OpenAlex coauthorship between confirmed professors,0.296,2021,2022
AUTO001796,P0890,P1298,collaboration,2,,auto,OpenAlex coauthorship between confirmed professors,0.072,2015,2021
AUTO001797,P0890,P1489,collaboration,2,,auto,OpenAlex coauthorship between confirmed professors,0.072,2015,2021
AUTO001798,P0899,P1290,collaboration,2,,auto,OpenAlex coauthorship between confirmed professors,0.17,2012,2014
AUTO001799,P0903,P0907,collaboration,5,,auto,OpenAlex coauthorship between confirmed professors,0.211,2023,2025
AUTO001800,P0903,P0914,collaboration,2,,auto,OpenAlex coauthorship between confirmed professors,0.073,2020,2025
AUTO001801,P0905,P0914,collaboration,2,,auto,OpenAlex coauthorship between confirmed professors,0.084,1998,2020
AUTO001802,P0907,P0912,collaboration,13,,auto,OpenAlex coauthorship between confirmed professors,0.5,2025,2026
AUTO001803,P0907,P0914,collaboration,3,,auto,OpenAlex coauthorship between confirmed professors,0.177,2024,2025
AUTO001804,P0907,P0920,collaboration,16,,auto,OpenAlex coauthorship between confirmed professors,1.517,2009,2020
AUTO001805,P0907,P1002,collaboration,2,,auto,OpenAlex coauthorship between confirmed professors,0.057,2009,2010
AUTO001806,P0907,P1137,collaboration,3,,auto,OpenAlex coauthorship between confirmed professors,0.225,2012,2013
AUTO001807,P0914,P1008,collaboration,15,,auto,OpenAlex coauthorship between confirmed professors,1.927,2019,2023
AUTO001808,P0914,P1199,collaboration,2,,auto,OpenAlex coauthorship between confirmed professors,0.082,2017,2017
AUTO001809,P0914,P1252,collaboration,3,,auto,OpenAlex coauthorship between confirmed professors,0.096,2014,2015
AUTO001810,P0914,P1299,collaboration,6,,auto,OpenAlex coauthorship between confirmed professors,0.631,2020,2023
AUTO001811,P0920,P1002,collaboration,8,,auto,OpenAlex coauthorship between confirmed professors,0.223,2004,2019
AUTO001812,P0920,P1082,collaboration,2,,auto,OpenAlex coauthorship between confirmed professors,0.158,2008,2014
AUTO001813,P0920,P1137,collaboration,4,,auto,OpenAlex coauthorship between confirmed professors,0.279,2012,2019
AUTO001814,P0920,P1260,collaboration,2,,auto,OpenAlex coauthorship between confirmed professors,0.104,2016,2018
AUTO001815,P0922,P1018,collaboration,5,,auto,OpenAlex coauthorship between confirmed professors,0.785,2021,2022
AUTO001816,P0922,P1260,collaboration,2,,auto,OpenAlex coauthorship between confirmed professors,0.332,2020,2022
AUTO001817,P0923,P1154,collaboration,2,,auto,OpenAlex coauthorship between confirmed professors,0.131,2023,2023
AUTO001818,P0923,P1177,collaboration,3,,auto,OpenAlex coauthorship between confirmed professors,0.224,2019,2023
AUTO001819,P0923,P1202,collaboration,2,,auto,OpenAlex coauthorship between confirmed professors,0.131,2023,2023
AUTO001820,P0923,P1257,collaboration,2,,auto,OpenAlex coauthorship between confirmed professors,0.113,2022,2023
AUTO001821,P0923,P1323,collaboration,2,,auto,OpenAlex coauthorship between confirmed professors,0.207,2022,2023
AUTO001822,P0927,P1080,collaboration,2,,auto,OpenAlex coauthorship between confirmed professors,0.099,2022,2022
AUTO001823,P0927,P1188,collaboration,4,,auto,OpenAlex coauthorship between confirmed professors,0.083,2022,2024
AUTO001824,P0927,P1548,collaboration,5,,auto,OpenAlex coauthorship between confirmed professors,0.147,2022,2023
AUTO001825,P0928,P0935,collaboration,2,,auto,OpenAlex coauthorship between confirmed professors,0.13,2011,2023
AUTO001826,P0932,P0936,collaboration,2,,auto,OpenAlex coauthorship between confirmed professors,0.311,2018,2019
AUTO001827,P0932,P1196,collaboration,3,,auto,OpenAlex coauthorship between confirmed professors,0.159,1995,2026
AUTO001828,P0936,P1073,collaboration,2,,auto,OpenAlex coauthorship between confirmed professors,0.09,2018,2020
AUTO001829,P0937,P1195,collaboration,2,,auto,OpenAlex coauthorship between confirmed professors,0.135,2017,2018
AUTO001830,P0945,P1121,collaboration,3,,auto,OpenAlex coauthorship between confirmed professors,0.132,2016,2017
AUTO001831,P0959,P1327,collaboration,2,,auto,OpenAlex coauthorship between confirmed professors,0.176,2014,2019
AUTO001832,P0959,P1333,collaboration,2,,auto,OpenAlex coauthorship between confirmed professors,0.181,2012,2013
AUTO001833,P0959,P1342,collaboration,2,,auto,OpenAlex coauthorship between confirmed professors,0.176,2014,2019
AUTO001834,P0961,P0962,collaboration,2,,auto,OpenAlex coauthorship between confirmed professors,0.348,2018,2023
AUTO001835,P0961,P0964,collaboration,2,,auto,OpenAlex coauthorship between confirmed professors,0.391,2016,2020
AUTO001836,P0961,P1220,collaboration,10,,auto,OpenAlex coauthorship between confirmed professors,0.772,2012,2019
AUTO001837,P0962,P0969,collaboration,5,,auto,OpenAlex coauthorship between confirmed professors,0.637,2024,2026
AUTO001838,P0962,P0989,collaboration,2,,auto,OpenAlex coauthorship between confirmed professors,0.764,2023,2023
AUTO001839,P0962,P1179,collaboration,2,,auto,OpenAlex coauthorship between confirmed professors,0.096,2014,2015
AUTO001840,P0965,P1143,collaboration,5,,auto,OpenAlex coauthorship between confirmed professors,0.225,2009,2014
AUTO001841,P0965,P1407,collaboration,2,,auto,OpenAlex coauthorship between confirmed professors,0.055,2013,2013
AUTO001842,P0966,P1253,collaboration,5,,auto,OpenAlex coauthorship between confirmed professors,0.678,2013,2024
AUTO001843,P0966,P1392,collaboration,2,,auto,OpenAlex coauthorship between confirmed professors,0.035,2020,2021
AUTO001844,P0966,P1489,collaboration,4,,auto,OpenAlex coauthorship between confirmed professors,0.737,2013,2026
AUTO001845,P0968,P0969,collaboration,27,,auto,OpenAlex coauthorship between confirmed professors,3.043,2022,2026
AUTO001846,P0968,P0972,collaboration,2,,auto,OpenAlex coauthorship between confirmed professors,0.202,2025,2025
AUTO001847,P0968,P0996,collaboration,3,,auto,OpenAlex coauthorship between confirmed professors,0.214,2006,2025
AUTO001848,P0968,P1000,collaboration,4,,auto,OpenAlex coauthorship between confirmed professors,0.349,2014,2025
AUTO001849,P0968,P1038,collaboration,7,,auto,OpenAlex coauthorship between confirmed professors,0.391,2011,2013
AUTO001850,P0968,P1039,collaboration,2,,auto,OpenAlex coauthorship between confirmed professors,0.089,2011,2013
AUTO001851,P0968,P1176,collaboration,3,,auto,OpenAlex coauthorship between confirmed professors,0.059,2004,2008
AUTO001852,P0968,P1410,collaboration,22,,auto,OpenAlex coauthorship between confirmed professors,2.101,2016,2025
AUTO001853,P0968,P1445,collaboration,2,,auto,OpenAlex coauthorship between confirmed professors,0.194,2023,2025
AUTO001854,P0969,P0972,collaboration,2,,auto,OpenAlex coauthorship between confirmed professors,0.202,2025,2025
AUTO001855,P0969,P1219,collaboration,6,,auto,OpenAlex coauthorship between confirmed professors,1.154,2023,2025
AUTO001856,P0975,P0977,collaboration,5,,auto,OpenAlex coauthorship between confirmed professors,0.339,2012,2016
AUTO001857,P0975,P0995,collaboration,3,,auto,OpenAlex coauthorship between confirmed professors,0.123,2011,2013
AUTO001858,P0975,P1172,collaboration,3,,auto,OpenAlex coauthorship between confirmed professors,0.344,2023,2023
AUTO001859,P0977,P0978,collaboration,15,,auto,OpenAlex coauthorship between confirmed professors,1.028,2014,2024
AUTO001860,P0977,P0981,collaboration,2,,auto,OpenAlex coauthorship between confirmed professors,0.12,2018,2021
AUTO001861,P0977,P0983,collaboration,40,,auto,OpenAlex coauthorship between confirmed professors,6.015,2016,2026
AUTO001862,P0977,P0995,collaboration,8,,auto,OpenAlex coauthorship between confirmed professors,0.586,2010,2018
AUTO001863,P0977,P1000,collaboration,2,,auto,OpenAlex coauthorship between confirmed professors,0.059,2011,2011
AUTO001864,P0977,P1252,collaboration,3,,auto,OpenAlex coauthorship between confirmed professors,0.239,2021,2023
AUTO001865,P0978,P0983,collaboration,2,,auto,OpenAlex coauthorship between confirmed professors,0.213,2019,2026
AUTO001866,P0979,P0980,collaboration,3,,auto,OpenAlex coauthorship between confirmed professors,0.116,2007,2012
AUTO001867,P0980,P0982,collaboration,2,,auto,OpenAlex coauthorship between confirmed professors,0.473,2021,2022
AUTO001868,P0981,P0982,collaboration,4,,auto,OpenAlex coauthorship between confirmed professors,0.229,2006,2018
AUTO001869,P0982,P0983,collaboration,2,,auto,OpenAlex coauthorship between confirmed professors,0.25,2024,2025
AUTO001870,P0984,P1152,collaboration,3,,auto,OpenAlex coauthorship between confirmed professors,0.6,2025,2025
AUTO001871,P0984,P1164,collaboration,2,,auto,OpenAlex coauthorship between confirmed professors,0.35,2025,2025
AUTO001872,P0984,P1176,collaboration,10,,auto,OpenAlex coauthorship between confirmed professors,1.131,2022,2025
AUTO001873,P0984,P1199,collaboration,2,,auto,OpenAlex coauthorship between confirmed professors,0.205,2022,2025
AUTO001874,P0984,P1261,collaboration,7,,auto,OpenAlex coauthorship between confirmed professors,0.665,2017,2022
AUTO001875,P0984,P1331,collaboration,4,,auto,OpenAlex coauthorship between confirmed professors,0.715,2023,2025
AUTO001876,P0984,P1364,collaboration,2,,auto,OpenAlex coauthorship between confirmed professors,0.321,2022,2023
AUTO001877,P0984,P1373,collaboration,8,,auto,OpenAlex coauthorship between confirmed professors,1.764,2020,2025
AUTO001878,P0984,P1376,collaboration,2,,auto,OpenAlex coauthorship between confirmed professors,0.245,2022,2023
AUTO001879,P0984,P1381,collaboration,3,,auto,OpenAlex coauthorship between confirmed professors,0.269,2021,2023
AUTO001880,P0984,P1384,collaboration,3,,auto,OpenAlex coauthorship between confirmed professors,0.282,2021,2025
AUTO001881,P0984,P1388,collaboration,2,,auto,OpenAlex coauthorship between confirmed professors,0.148,2024,2024
AUTO001882,P0984,P1461,collaboration,2,,auto,OpenAlex coauthorship between confirmed professors,0.124,2010,2011
AUTO001883,P0984,P1502,collaboration,2,,auto,OpenAlex coauthorship between confirmed professors,0.236,2024,2025
AUTO001884,P0984,P1514,collaboration,5,,auto,OpenAlex coauthorship between confirmed professors,0.575,2023,2024
AUTO001885,P0985,P0988,collaboration,13,,auto,OpenAlex coauthorship between confirmed professors,1.465,2019,2026
AUTO001886,P0985,P0990,collaboration,2,,auto,OpenAlex coauthorship between confirmed professors,0.274,2023,2025
AUTO001887,P0985,P1296,collaboration,2,,auto,OpenAlex coauthorship between confirmed professors,0.115,2021,2022
AUTO001888,P0986,P1306,collaboration,2,,auto,OpenAlex coauthorship between confirmed professors,0.051,2025,2026
AUTO001889,P0986,P1522,collaboration,6,,auto,OpenAlex coauthorship between confirmed professors,0.315,2013,2020
AUTO001890,P0986,P1534,collaboration,2,,auto,OpenAlex coauthorship between confirmed professors,0.051,2025,2026
AUTO001891,P0989,P0990,collaboration,2,,auto,OpenAlex coauthorship between confirmed professors,0.226,2023,2024
AUTO001892,P0989,P0998,collaboration,6,,auto,OpenAlex coauthorship between confirmed professors,0.985,2020,2026
AUTO001893,P0990,P1055,collaboration,10,,auto,OpenAlex coauthorship between confirmed professors,0.66,2017,2021
AUTO001894,P0991,P1111,collaboration,4,,auto,OpenAlex coauthorship between confirmed professors,0.997,2009,2018
AUTO001895,P0991,P1333,collaboration,2,,auto,OpenAlex coauthorship between confirmed professors,0.178,2019,2022
AUTO001896,P0991,P1517,collaboration,2,,auto,OpenAlex coauthorship between confirmed professors,0.161,2013,2014
AUTO001897,P0994,P1151,collaboration,3,,auto,OpenAlex coauthorship between confirmed professors,0.124,2010,2011
AUTO001898,P0994,P1224,collaboration,4,,auto,OpenAlex coauthorship between confirmed professors,0.394,2010,2014
AUTO001899,P0995,P0996,collaboration,3,,auto,OpenAlex coauthorship between confirmed professors,0.303,2023,2025
AUTO001900,P0995,P1000,collaboration,11,,auto,OpenAlex coauthorship between confirmed professors,0.918,2011,2025
AUTO001901,P0996,P1000,collaboration,74,,auto,OpenAlex coauthorship between confirmed professors,6.63,2008,2026
AUTO001902,P0996,P1069,collaboration,2,,auto,OpenAlex coauthorship between confirmed professors,0.137,2015,2023
AUTO001903,P0996,P1456,collaboration,2,,auto,OpenAlex coauthorship between confirmed professors,0.078,2005,2006
AUTO001904,P0996,P1574,collaboration,3,,auto,OpenAlex coauthorship between confirmed professors,0.21,2021,2021
AUTO001905,P0997,P1521,collaboration,4,,auto,OpenAlex coauthorship between confirmed professors,0.768,2017,2019
AUTO001906,P0997,P1529,collaboration,5,,auto,OpenAlex coauthorship between confirmed professors,0.768,2017,2019
AUTO001907,P0998,P1310,collaboration,8,,auto,OpenAlex coauthorship between confirmed professors,0.496,2010,2023
AUTO001908,P0998,P1533,collaboration,2,,auto,OpenAlex coauthorship between confirmed professors,0.166,2010,2013
AUTO001909,P0998,P1591,collaboration,9,,auto,OpenAlex coauthorship between confirmed professors,0.496,2011,2018
AUTO001910,P0999,P1000,collaboration,17,,auto,OpenAlex coauthorship between confirmed professors,0.834,2010,2016
AUTO001911,P0999,P1153,collaboration,2,,auto,OpenAlex coauthorship between confirmed professors,0.236,2024,2024
AUTO001912,P0999,P1155,collaboration,8,,auto,OpenAlex coauthorship between confirmed professors,0.563,2015,2023
AUTO001913,P0999,P1156,collaboration,3,,auto,OpenAlex coauthorship between confirmed professors,0.207,2018,2020
AUTO001914,P0999,P1160,collaboration,2,,auto,OpenAlex coauthorship between confirmed professors,0.075,2010,2014
AUTO001915,P0999,P1162,collaboration,2,,auto,OpenAlex coauthorship between confirmed professors,0.236,2024,2024
AUTO001916,P0999,P1166,collaboration,8,,auto,OpenAlex coauthorship between confirmed professors,0.563,2015,2023
AUTO001917,P0999,P1208,collaboration,2,,auto,OpenAlex coauthorship between confirmed professors,0.181,2018,2023
AUTO001918,P0999,P1326,collaboration,4,,auto,OpenAlex coauthorship between confirmed professors,0.59,2016,2019
AUTO001919,P0999,P1370,collaboration,3,,auto,OpenAlex coauthorship between confirmed professors,0.168,2017,2019
AUTO001920,P1000,P1069,collaboration,14,,auto,OpenAlex coauthorship between confirmed professors,0.765,2010,2023
AUTO001921,P1000,P1155,collaboration,12,,auto,OpenAlex coauthorship between confirmed professors,0.931,2011,2024
AUTO001922,P1000,P1156,collaboration,3,,auto,OpenAlex coauthorship between confirmed professors,0.202,2017,2024
AUTO001923,P1000,P1160,collaboration,121,,auto,OpenAlex coauthorship between confirmed professors,6.21,2003,2026
AUTO001924,P1000,P1166,collaboration,4,,auto,OpenAlex coauthorship between confirmed professors,0.256,2018,2021
AUTO001925,P1000,P1187,collaboration,17,,auto,OpenAlex coauthorship between confirmed professors,1.511,1998,2025
AUTO001926,P1000,P1222,collaboration,15,,auto,OpenAlex coauthorship between confirmed professors,0.463,2015,2016
AUTO001927,P1000,P1242,collaboration,16,,auto,OpenAlex coauthorship between confirmed professors,0.493,2014,2016
AUTO001928,P1000,P1249,collaboration,3,,auto,OpenAlex coauthorship between confirmed professors,0.088,2015,2016
AUTO001929,P1000,P1324,collaboration,2,,auto,OpenAlex coauthorship between confirmed professors,0.077,2009,2011
AUTO001930,P1000,P1435,collaboration,12,,auto,OpenAlex coauthorship between confirmed professors,0.77,2013,2025
AUTO001931,P1000,P1574,collaboration,3,,auto,OpenAlex coauthorship between confirmed professors,0.21,2021,2021
AUTO001932,P1001,P1358,collaboration,2,,auto,OpenAlex coauthorship between confirmed professors,0.234,2016,2017
AUTO001933,P1002,P1011,collaboration,4,,auto,OpenAlex coauthorship between confirmed professors,0.245,2021,2026
AUTO001934,P1002,P1013,collaboration,4,,auto,OpenAlex coauthorship between confirmed professors,0.119,2003,2021
AUTO001935,P1002,P1014,collaboration,7,,auto,OpenAlex coauthorship between confirmed professors,0.317,2009,2024
AUTO001936,P1002,P1226,collaboration,3,,auto,OpenAlex coauthorship between confirmed professors,0.144,2021,2024
AUTO001937,P1002,P1253,collaboration,2,,auto,OpenAlex coauthorship between confirmed professors,0.123,2023,2025
AUTO001938,P1002,P1255,collaboration,7,,auto,OpenAlex coauthorship between confirmed professors,0.374,2003,2023
AUTO001939,P1002,P1265,collaboration,9,,auto,OpenAlex coauthorship between confirmed professors,1.744,2015,2022
AUTO001940,P1002,P1269,collaboration,5,,auto,OpenAlex coauthorship between confirmed professors,0.18,2014,2017
AUTO001941,P1002,P1284,collaboration,21,,auto,OpenAlex coauthorship between confirmed professors,1.253,2018,2026
AUTO001942,P1002,P1293,collaboration,2,,auto,OpenAlex coauthorship between confirmed professors,0.058,1999,2005
AUTO001943,P1002,P1301,collaboration,3,,auto,OpenAlex coauthorship between confirmed professors,0.096,2020,2025
AUTO001944,P1002,P1438,collaboration,2,,auto,OpenAlex coauthorship between confirmed professors,0.072,2025,2025
AUTO001945,P1003,P1154,collaboration,4,,auto,OpenAlex coauthorship between confirmed professors,0.21,2020,2023
AUTO001946,P1003,P1177,collaboration,4,,auto,OpenAlex coauthorship between confirmed professors,0.21,2020,2023
AUTO001947,P1003,P1183,collaboration,2,,auto,OpenAlex coauthorship between confirmed professors,0.093,2021,2023
AUTO001948,P1003,P1188,collaboration,2,,auto,OpenAlex coauthorship between confirmed professors,0.197,2006,2011
AUTO001949,P1003,P1200,collaboration,2,,auto,OpenAlex coauthorship between confirmed professors,0.093,2021,2023
AUTO001950,P1003,P1295,collaboration,2,,auto,OpenAlex coauthorship between confirmed professors,0.093,2021,2023
AUTO001951,P1008,P1234,collaboration,17,,auto,OpenAlex coauthorship between confirmed professors,3.099,2018,2026
AUTO001952,P1009,P1271,collaboration,3,,auto,OpenAlex coauthorship between confirmed professors,0.6,2024,2024
AUTO001953,P1010,P1246,collaboration,24,,auto,OpenAlex coauthorship between confirmed professors,1.847,2013,2018
AUTO001954,P1010,P1412,collaboration,2,,auto,OpenAlex coauthorship between confirmed professors,0.115,2007,2007
AUTO001955,P1010,P1433,collaboration,4,,auto,OpenAlex coauthorship between confirmed professors,0.21,2014,2014
AUTO001956,P1011,P1252,collaboration,2,,auto,OpenAlex coauthorship between confirmed professors,0.128,2023,2026
AUTO001957,P1011,P1255,collaboration,4,,auto,OpenAlex coauthorship between confirmed professors,0.499,2020,2023
AUTO001958,P1011,P1295,collaboration,2,,auto,OpenAlex coauthorship between confirmed professors,0.206,2020,2022
AUTO001959,P1011,P1298,collaboration,5,,auto,OpenAlex coauthorship between confirmed professors,1.43,2019,2025
AUTO001960,P1011,P1319,collaboration,5,,auto,OpenAlex coauthorship between confirmed professors,1.263,2019,2025
AUTO001961,P1013,P1255,collaboration,5,,auto,OpenAlex coauthorship between confirmed professors,0.132,2003,2016
AUTO001962,P1013,P1298,collaboration,5,,auto,OpenAlex coauthorship between confirmed professors,0.313,2005,2019
AUTO001963,P1014,P1020,collaboration,7,,auto,OpenAlex coauthorship between confirmed professors,0.074,1999,2004
AUTO001964,P1014,P1116,collaboration,2,,auto,OpenAlex coauthorship between confirmed professors,0.241,2025,2025
AUTO001965,P1014,P1194,collaboration,2,,auto,OpenAlex coauthorship between confirmed professors,0.018,1999,2002
AUTO001966,P1014,P1252,collaboration,19,,auto,OpenAlex coauthorship between confirmed professors,0.647,2014,2026
AUTO001967,P1014,P1253,collaboration,4,,auto,OpenAlex coauthorship between confirmed professors,0.407,2021,2025
AUTO001968,P1014,P1264,collaboration,3,,auto,OpenAlex coauthorship between confirmed professors,0.241,2019,2024
AUTO001969,P1014,P1269,collaboration,5,,auto,OpenAlex coauthorship between confirmed professors,0.281,2014,2025
AUTO001970,P1014,P1284,collaboration,3,,auto,OpenAlex coauthorship between confirmed professors,0.122,2020,2022
AUTO001971,P1014,P1331,collaboration,3,,auto,OpenAlex coauthorship between confirmed professors,0.029,2002,2004
AUTO001972,P1014,P1465,collaboration,2,,auto,OpenAlex coauthorship between confirmed professors,0.296,2013,2021
AUTO001973,P1015,P1033,collaboration,14,,auto,OpenAlex coauthorship between confirmed professors,0.518,2007,2020
AUTO001974,P1015,P1253,collaboration,4,,auto,OpenAlex coauthorship between confirmed professors,0.117,2010,2014
AUTO001975,P1015,P1294,collaboration,2,,auto,OpenAlex coauthorship between confirmed professors,0.091,2023,2024
AUTO001976,P1015,P1297,collaboration,17,,auto,OpenAlex coauthorship between confirmed professors,0.651,2007,2020
AUTO001977,P1017,P1261,collaboration,3,,auto,OpenAlex coauthorship between confirmed professors,0.27,2019,2023
AUTO001978,P1017,P1271,collaboration,9,,auto,OpenAlex coauthorship between confirmed professors,0.927,2020,2026
AUTO001979,P1017,P1291,collaboration,3,,auto,OpenAlex coauthorship between confirmed professors,0.464,2018,2019
AUTO001980,P1019,P1216,collaboration,3,,auto,OpenAlex coauthorship between confirmed professors,0.366,2021,2023
AUTO001981,P1019,P1274,collaboration,3,,auto,OpenAlex coauthorship between confirmed professors,0.215,2024,2025
AUTO001982,P1020,P1194,collaboration,3,,auto,OpenAlex coauthorship between confirmed professors,0.029,1999,2003
AUTO001983,P1020,P1261,collaboration,15,,auto,OpenAlex coauthorship between confirmed professors,0.891,2016,2025
AUTO001984,P1020,P1271,collaboration,5,,auto,OpenAlex coauthorship between confirmed professors,0.386,2018,2025
AUTO001985,P1020,P1331,collaboration,9,,auto,OpenAlex coauthorship between confirmed professors,0.108,2002,2005
AUTO001986,P1020,P1514,collaboration,2,,auto,OpenAlex coauthorship between confirmed professors,0.086,2018,2021
AUTO001987,P1022,P1203,collaboration,4,,auto,OpenAlex coauthorship between confirmed professors,0.016,2012,2012
AUTO001988,P1022,P1285,collaboration,15,,auto,OpenAlex coauthorship between confirmed professors,4.095,2015,2025
AUTO001989,P1022,P1295,collaboration,2,,auto,OpenAlex coauthorship between confirmed professors,0.234,2022,2022
AUTO001990,P1022,P1470,collaboration,47,,auto,OpenAlex coauthorship between confirmed professors,5.642,2012,2025
AUTO001991,P1022,P1509,collaboration,7,,auto,OpenAlex coauthorship between confirmed professors,0.467,2010,2013
AUTO001992,P1022,P1617,collaboration,3,,auto,OpenAlex coauthorship between confirmed professors,0.188,2019,2021
AUTO001993,P1023,P1261,collaboration,4,,auto,OpenAlex coauthorship between confirmed professors,0.287,2021,2022
AUTO001994,P1024,P1261,collaboration,3,,auto,OpenAlex coauthorship between confirmed professors,0.181,2024,2024
AUTO001995,P1024,P1282,collaboration,3,,auto,OpenAlex coauthorship between confirmed professors,0.181,2024,2024
AUTO001996,P1027,P1273,collaboration,5,,auto,OpenAlex coauthorship between confirmed professors,0.281,2005,2012
AUTO001997,P1027,P1299,collaboration,5,,auto,OpenAlex coauthorship between confirmed professors,0.526,2017,2022
AUTO001998,P1029,P1227,collaboration,2,,auto,OpenAlex coauthorship between confirmed professors,0.141,2021,2023
AUTO001999,P1030,P1293,collaboration,2,,auto,OpenAlex coauthorship between confirmed professors,0.101,2017,2019
AUTO002000,P1030,P1514,collaboration,2,,auto,OpenAlex coauthorship between confirmed professors,0.113,2019,2019
AUTO002001,P1031,P1032,collaboration,8,,auto,OpenAlex coauthorship between confirmed professors,0.81,2016,2025
AUTO002002,P1031,P1033,collaboration,4,,auto,OpenAlex coauthorship between confirmed professors,0.817,2024,2026
AUTO002003,P1031,P1034,collaboration,1,,auto,OpenAlex coauthorship between confirmed professors,0.5,2026,2026
AUTO002004,P1033,P1253,collaboration,4,,auto,OpenAlex coauthorship between confirmed professors,0.117,2010,2014
AUTO002005,P1033,P1297,collaboration,14,,auto,OpenAlex coauthorship between confirmed professors,0.518,2007,2020
AUTO002006,P1035,P1186,collaboration,2,,auto,OpenAlex coauthorship between confirmed professors,0.074,2013,2014
AUTO002007,P1036,P1186,collaboration,4,,auto,OpenAlex coauthorship between confirmed professors,1.099,2021,2024
AUTO002008,P1036,P1365,collaboration,2,,auto,OpenAlex coauthorship between confirmed professors,0.068,2011,2011
AUTO002009,P1038,P1039,collaboration,32,,auto,OpenAlex coauthorship between confirmed professors,8.348,2010,2026
AUTO002010,P1039,P1424,collaboration,4,,auto,OpenAlex coauthorship between confirmed professors,0.611,2023,2023
AUTO002011,P1041,P1042,collaboration,5,,auto,OpenAlex coauthorship between confirmed professors,0.758,2023,2026
AUTO002012,P1043,P1526,collaboration,2,,auto,OpenAlex coauthorship between confirmed professors,0.135,2020,2023
AUTO002013,P1046,P1230,collaboration,5,,auto,OpenAlex coauthorship between confirmed professors,0.25,2005,2009
AUTO002014,P1053,P1358,collaboration,2,,auto,OpenAlex coauthorship between confirmed professors,0.061,2017,2017
AUTO002015,P1053,P1476,collaboration,1,,auto,OpenAlex coauthorship between confirmed professors,0.973,2019,2019
AUTO002016,P1057,P1113,collaboration,2,,auto,OpenAlex coauthorship between confirmed professors,0.828,2013,2016
AUTO002017,P1058,P1346,collaboration,3,,auto,OpenAlex coauthorship between confirmed professors,0.348,2019,2020
AUTO002018,P1059,P1293,collaboration,8,,auto,OpenAlex coauthorship between confirmed professors,0.348,2004,2017
AUTO002019,P1060,P1119,collaboration,2,,auto,OpenAlex coauthorship between confirmed professors,0.117,2016,2017
AUTO002020,P1060,P1131,collaboration,14,,auto,OpenAlex coauthorship between confirmed professors,1.3,2007,2018
AUTO002021,P1061,P1158,collaboration,2,,auto,OpenAlex coauthorship between confirmed professors,0.672,2016,2018
AUTO002022,P1061,P1163,collaboration,2,,auto,OpenAlex coauthorship between confirmed professors,0.37,2012,2013
AUTO002023,P1062,P1064,collaboration,2,,auto,OpenAlex coauthorship between confirmed professors,0.167,2014,2016
AUTO002024,P1064,P1065,collaboration,2,,auto,OpenAlex coauthorship between confirmed professors,0.178,2018,2019
AUTO002025,P1065,P1536,collaboration,2,,auto,OpenAlex coauthorship between confirmed professors,0.333,2025,2025
AUTO002026,P1067,P1110,collaboration,5,,auto,OpenAlex coauthorship between confirmed professors,1.177,2025,2026
AUTO002027,P1069,P1160,collaboration,4,,auto,OpenAlex coauthorship between confirmed professors,0.176,2010,2013
AUTO002028,P1069,P1564,collaboration,2,,auto,OpenAlex coauthorship between confirmed professors,0.1,2013,2015
AUTO002029,P1075,P1102,collaboration,5,,auto,OpenAlex coauthorship between confirmed professors,0.431,2022,2025
AUTO002030,P1076,P1559,collaboration,2,,auto,OpenAlex coauthorship between confirmed professors,0.262,2008,2010
AUTO002031,P1077,P1191,collaboration,2,,auto,OpenAlex coauthorship between confirmed professors,0.157,2019,2019
AUTO002032,P1077,P1192,collaboration,9,,auto,OpenAlex coauthorship between confirmed professors,1.388,2019,2025
AUTO002033,P1077,P1196,collaboration,2,,auto,OpenAlex coauthorship between confirmed professors,0.157,2019,2019
AUTO002034,P1078,P1163,collaboration,4,,auto,OpenAlex coauthorship between confirmed professors,0.761,2022,2024
AUTO002035,P1078,P1232,collaboration,2,,auto,OpenAlex coauthorship between confirmed professors,0.284,2020,2024
AUTO002036,P1078,P1241,collaboration,11,,auto,OpenAlex coauthorship between confirmed professors,1.193,2017,2024
AUTO002037,P1080,P1411,collaboration,2,,auto,OpenAlex coauthorship between confirmed professors,0.089,2021,2023
AUTO002038,P1082,P1162,collaboration,4,,auto,OpenAlex coauthorship between confirmed professors,0.832,2014,2017
AUTO002039,P1082,P1361,collaboration,4,,auto,OpenAlex coauthorship between confirmed professors,0.208,2003,2014
AUTO002040,P1083,P1420,collaboration,7,,auto,OpenAlex coauthorship between confirmed professors,0.39,2008,2019
AUTO002041,P1084,P1459,collaboration,2,,auto,OpenAlex coauthorship between confirmed professors,0.25,2021,2022
AUTO002042,P1087,P1089,collaboration,1,,auto,OpenAlex coauthorship between confirmed professors,0.5,2026,2026
AUTO002043,P1091,P1458,collaboration,3,,auto,OpenAlex coauthorship between confirmed professors,0.354,2020,2020
AUTO002044,P1091,P1462,collaboration,45,,auto,OpenAlex coauthorship between confirmed professors,6.311,2019,2026
AUTO002045,P1091,P1465,collaboration,4,,auto,OpenAlex coauthorship between confirmed professors,0.604,2019,2025
AUTO002046,P1091,P1468,collaboration,12,,auto,OpenAlex coauthorship between confirmed professors,1.668,2020,2026
AUTO002047,P1091,P1474,collaboration,5,,auto,OpenAlex coauthorship between confirmed professors,0.816,2021,2023
AUTO002048,P1091,P1479,collaboration,8,,auto,OpenAlex coauthorship between confirmed professors,1.033,2020,2021
AUTO002049,P1091,P1511,collaboration,2,,auto,OpenAlex coauthorship between confirmed professors,0.236,2020,2020
AUTO002050,P1091,P1515,collaboration,6,,auto,OpenAlex coauthorship between confirmed professors,0.808,2021,2026
AUTO002051,P1093,P1210,collaboration,6,,auto,OpenAlex coauthorship between confirmed professors,0.259,2013,2018
AUTO002052,P1093,P1387,collaboration,2,,auto,OpenAlex coauthorship between confirmed professors,0.048,2006,2009
AUTO002053,P1093,P1413,collaboration,3,,auto,OpenAlex coauthorship between confirmed professors,0.118,2010,2013
AUTO002054,P1094,P1516,collaboration,2,,auto,OpenAlex coauthorship between confirmed professors,0.334,2020,2021
AUTO002055,P1095,P1165,collaboration,2,,auto,OpenAlex coauthorship between confirmed professors,0.256,2023,2024
AUTO002056,P1095,P1179,collaboration,2,,auto,OpenAlex coauthorship between confirmed professors,0.256,2023,2024
AUTO002057,P1097,P1498,collaboration,4,,auto,OpenAlex coauthorship between confirmed professors,0.655,2020,2020
AUTO002058,P1098,P1288,collaboration,2,,auto,OpenAlex coauthorship between confirmed professors,0.196,2014,2017
AUTO002059,P1098,P1327,collaboration,2,,auto,OpenAlex coauthorship between confirmed professors,0.146,2011,2011
AUTO002060,P1098,P1526,collaboration,5,,auto,OpenAlex coauthorship between confirmed professors,0.147,2009,2025
AUTO002061,P1098,P1549,collaboration,9,,auto,OpenAlex coauthorship between confirmed professors,0.283,2007,2025
AUTO002062,P1101,P1217,collaboration,3,,auto,OpenAlex coauthorship between confirmed professors,0.551,2016,2021
AUTO002063,P1101,P1459,collaboration,4,,auto,OpenAlex coauthorship between confirmed professors,0.458,2016,2016
AUTO002064,P1102,P1152,collaboration,2,,auto,OpenAlex coauthorship between confirmed professors,0.108,2018,2019
AUTO002065,P1102,P1192,collaboration,5,,auto,OpenAlex coauthorship between confirmed professors,0.363,2021,2023
AUTO002066,P1102,P1203,collaboration,4,,auto,OpenAlex coauthorship between confirmed professors,0.237,2018,2018
AUTO002067,P1102,P1232,collaboration,4,,auto,OpenAlex coauthorship between confirmed professors,0.197,2020,2021
AUTO002068,P1102,P1238,collaboration,12,,auto,OpenAlex coauthorship between confirmed professors,0.768,2018,2022
AUTO002069,P1102,P1241,collaboration,2,,auto,OpenAlex coauthorship between confirmed professors,0.105,2026,2026
AUTO002070,P1110,P1523,collaboration,2,,auto,OpenAlex coauthorship between confirmed professors,0.161,2014,2017
AUTO002071,P1113,P1145,collaboration,5,,auto,OpenAlex coauthorship between confirmed professors,0.334,2012,2016
AUTO002072,P1113,P1154,collaboration,2,,auto,OpenAlex coauthorship between confirmed professors,0.136,2008,2024
AUTO002073,P1113,P1206,collaboration,2,,auto,OpenAlex coauthorship between confirmed professors,0.147,2017,2020
AUTO002074,P1113,P1412,collaboration,6,,auto,OpenAlex coauthorship between confirmed professors,0.392,2010,2016
AUTO002075,P1114,P1262,collaboration,2,,auto,OpenAlex coauthorship between confirmed professors,0.1,2019,2019
AUTO002076,P1115,P1117,collaboration,2,,auto,OpenAlex coauthorship between confirmed professors,0.146,2013,2025
AUTO002077,P1115,P1123,collaboration,31,,auto,OpenAlex coauthorship between confirmed professors,4.777,2018,2025
AUTO002078,P1116,P1124,collaboration,5,,auto,OpenAlex coauthorship between confirmed professors,0.424,2015,2026
AUTO002079,P1116,P1126,collaboration,9,,auto,OpenAlex coauthorship between confirmed professors,1.161,2010,2025
AUTO002080,P1116,P1183,collaboration,2,,auto,OpenAlex coauthorship between confirmed professors,0.2,2024,2025
AUTO002081,P1116,P1198,collaboration,2,,auto,OpenAlex coauthorship between confirmed professors,0.2,2024,2025
AUTO002082,P1116,P1257,collaboration,11,,auto,OpenAlex coauthorship between confirmed professors,0.776,2012,2019
AUTO002083,P1116,P1288,collaboration,33,,auto,OpenAlex coauthorship between confirmed professors,3.072,2010,2019
AUTO002084,P1116,P1522,collaboration,2,,auto,OpenAlex coauthorship between confirmed professors,0.072,2000,2003
AUTO002085,P1118,P1120,collaboration,2,,auto,OpenAlex coauthorship between confirmed professors,0.17,2015,2021
AUTO002086,P1118,P1121,collaboration,3,,auto,OpenAlex coauthorship between confirmed professors,0.149,2013,2020
AUTO002087,P1118,P1147,collaboration,2,,auto,OpenAlex coauthorship between confirmed professors,0.042,2007,2007
AUTO002088,P1118,P1255,collaboration,2,,auto,OpenAlex coauthorship between confirmed professors,0.099,2009,2010
AUTO002089,P1118,P1412,collaboration,2,,auto,OpenAlex coauthorship between confirmed professors,0.183,2023,2023
AUTO002090,P1118,P1450,collaboration,2,,auto,OpenAlex coauthorship between confirmed professors,0.183,2023,2023
AUTO002091,P1119,P1127,collaboration,10,,auto,OpenAlex coauthorship between confirmed professors,0.38,2019,2025
AUTO002092,P1119,P1131,collaboration,5,,auto,OpenAlex coauthorship between confirmed professors,0.25,2016,2021
AUTO002093,P1119,P1137,collaboration,2,,auto,OpenAlex coauthorship between confirmed professors,0.099,2022,2022
AUTO002094,P1119,P1141,collaboration,16,,auto,OpenAlex coauthorship between confirmed professors,1.223,2017,2026
AUTO002095,P1119,P1143,collaboration,12,,auto,OpenAlex coauthorship between confirmed professors,0.8,2015,2023
AUTO002096,P1119,P1144,collaboration,4,,auto,OpenAlex coauthorship between confirmed professors,0.48,2021,2026
AUTO002097,P1119,P1211,collaboration,3,,auto,OpenAlex coauthorship between confirmed professors,0.276,2021,2024
AUTO002098,P1119,P1253,collaboration,20,,auto,OpenAlex coauthorship between confirmed professors,0.993,2014,2025
AUTO002099,P1119,P1306,collaboration,2,,auto,OpenAlex coauthorship between confirmed professors,0.138,2020,2022
AUTO002100,P1119,P1307,collaboration,2,,auto,OpenAlex coauthorship between confirmed professors,0.123,2015,2026
AUTO002101,P1119,P1322,collaboration,24,,auto,OpenAlex coauthorship between confirmed professors,1.416,1996,2006
AUTO002102,P1119,P1392,collaboration,3,,auto,OpenAlex coauthorship between confirmed professors,0.049,2014,2020
AUTO002103,P1119,P1401,collaboration,2,,auto,OpenAlex coauthorship between confirmed professors,0.091,2020,2022
AUTO002104,P1119,P1423,collaboration,3,,auto,OpenAlex coauthorship between confirmed professors,0.113,2011,2023
AUTO002105,P1119,P1489,collaboration,9,,auto,OpenAlex coauthorship between confirmed professors,0.413,2014,2026
AUTO002106,P1120,P1149,collaboration,3,,auto,OpenAlex coauthorship between confirmed professors,0.811,2019,2019
AUTO002107,P1120,P1150,collaboration,3,,auto,OpenAlex coauthorship between confirmed professors,0.235,2019,2022
AUTO002108,P1120,P1257,collaboration,2,,auto,OpenAlex coauthorship between confirmed professors,0.042,2022,2022
AUTO002109,P1121,P1148,collaboration,2,,auto,OpenAlex coauthorship between confirmed professors,0.118,2026,2026
AUTO002110,P1121,P1383,collaboration,4,,auto,OpenAlex coauthorship between confirmed professors,0.229,2013,2022
AUTO002111,P1122,P1155,collaboration,2,,auto,OpenAlex coauthorship between confirmed professors,0.134,2012,2016
AUTO002112,P1124,P1126,collaboration,3,,auto,OpenAlex coauthorship between confirmed professors,0.249,2015,2025
AUTO002113,P1124,P1135,collaboration,2,,auto,OpenAlex coauthorship between confirmed professors,0.177,2021,2025
AUTO002114,P1124,P1138,collaboration,2,,auto,OpenAlex coauthorship between confirmed professors,0.2,2020,2020
AUTO002115,P1124,P1257,collaboration,7,,auto,OpenAlex coauthorship between confirmed professors,1.134,2022,2025
AUTO002116,P1125,P1570,collaboration,3,,auto,OpenAlex coauthorship between confirmed professors,0.121,2003,2015
AUTO002117,P1126,P1147,collaboration,3,,auto,OpenAlex coauthorship between confirmed professors,0.13,2012,2013
AUTO002118,P1127,P1131,collaboration,4,,auto,OpenAlex coauthorship between confirmed professors,0.195,2013,2019
AUTO002119,P1127,P1141,collaboration,2,,auto,OpenAlex coauthorship between confirmed professors,0.09,2016,2020
AUTO002120,P1127,P1142,collaboration,22,,auto,OpenAlex coauthorship between confirmed professors,1.438,2017,2026
AUTO002121,P1127,P1143,collaboration,2,,auto,OpenAlex coauthorship between confirmed professors,0.11,2015,2018
AUTO002122,P1127,P1179,collaboration,7,,auto,OpenAlex coauthorship between confirmed professors,0.342,2005,2017
AUTO002123,P1127,P1253,collaboration,37,,auto,OpenAlex coauthorship between confirmed professors,2.26,2013,2025
AUTO002124,P1127,P1293,collaboration,3,,auto,OpenAlex coauthorship between confirmed professors,0.145,2021,2023
AUTO002125,P1127,P1297,collaboration,3,,auto,OpenAlex coauthorship between confirmed professors,0.133,2019,2020
AUTO002126,P1127,P1329,collaboration,2,,auto,OpenAlex coauthorship between confirmed professors,0.107,2009,2017
AUTO002127,P1127,P1392,collaboration,2,,auto,OpenAlex coauthorship between confirmed professors,0.161,2020,2025
AUTO002128,P1127,P1472,collaboration,2,,auto,OpenAlex coauthorship between confirmed professors,0.072,2018,2019
AUTO002129,P1127,P1489,collaboration,4,,auto,OpenAlex coauthorship between confirmed professors,0.136,2019,2020
AUTO002130,P1127,P1514,collaboration,4,,auto,OpenAlex coauthorship between confirmed professors,0.237,2019,2023
AUTO002131,P1128,P1130,collaboration,5,,auto,OpenAlex coauthorship between confirmed professors,0.447,2009,2015
AUTO002132,P1130,P1160,collaboration,2,,auto,OpenAlex coauthorship between confirmed professors,0.147,2018,2019
AUTO002133,P1130,P1213,collaboration,12,,auto,OpenAlex coauthorship between confirmed professors,0.475,1999,2008
AUTO002134,P1130,P1253,collaboration,2,,auto,OpenAlex coauthorship between confirmed professors,0.248,2022,2024
AUTO002135,P1130,P1330,collaboration,2,,auto,OpenAlex coauthorship between confirmed professors,0.167,2018,2020
AUTO002136,P1130,P1530,collaboration,4,,auto,OpenAlex coauthorship between confirmed professors,0.363,2011,2018
AUTO002137,P1131,P1143,collaboration,5,,auto,OpenAlex coauthorship between confirmed professors,0.321,2015,2026
AUTO002138,P1131,P1253,collaboration,2,,auto,OpenAlex coauthorship between confirmed professors,0.077,2013,2017
AUTO002139,P1131,P1258,collaboration,2,,auto,OpenAlex coauthorship between confirmed professors,0.139,2025,2025
AUTO002140,P1133,P1143,collaboration,3,,auto,OpenAlex coauthorship between confirmed professors,0.384,2020,2022
AUTO002141,P1133,P1151,collaboration,2,,auto,OpenAlex coauthorship between confirmed professors,0.101,2022,2023
AUTO002142,P1133,P1159,collaboration,3,,auto,OpenAlex coauthorship between confirmed professors,0.138,2020,2023
AUTO002143,P1133,P1206,collaboration,3,,auto,OpenAlex coauthorship between confirmed professors,0.158,2023,2023
AUTO002144,P1133,P1284,collaboration,2,,auto,OpenAlex coauthorship between confirmed professors,0.124,2020,2021
AUTO002145,P1133,P1333,collaboration,7,,auto,OpenAlex coauthorship between confirmed professors,0.434,2008,2014
AUTO002146,P1133,P1418,collaboration,2,,auto,OpenAlex coauthorship between confirmed professors,0.112,2018,2018
AUTO002147,P1133,P1426,collaboration,3,,auto,OpenAlex coauthorship between confirmed professors,0.178,2018,2018
AUTO002148,P1133,P1440,collaboration,4,,auto,OpenAlex coauthorship between confirmed professors,0.233,2018,2024
AUTO002149,P1133,P1441,collaboration,3,,auto,OpenAlex coauthorship between confirmed professors,0.204,2018,2024
AUTO002150,P1133,P1443,collaboration,2,,auto,OpenAlex coauthorship between confirmed professors,0.112,2018,2018
AUTO002151,P1134,P1136,collaboration,10,,auto,OpenAlex coauthorship between confirmed professors,0.761,2010,2017
AUTO002152,P1134,P1382,collaboration,2,,auto,OpenAlex coauthorship between confirmed professors,0.308,2020,2024
AUTO002153,P1135,P1138,collaboration,2,,auto,OpenAlex coauthorship between confirmed professors,0.258,2025,2026
AUTO002154,P1135,P1147,collaboration,2,,auto,OpenAlex coauthorship between confirmed professors,0.275,2020,2022
AUTO002155,P1135,P1148,collaboration,2,,auto,OpenAlex coauthorship between confirmed professors,0.189,2022,2022
AUTO002156,P1135,P1270,collaboration,2,,auto,OpenAlex coauthorship between confirmed professors,0.179,2020,2023
AUTO002157,P1136,P1148,collaboration,2,,auto,OpenAlex coauthorship between confirmed professors,0.222,2023,2026
AUTO002158,P1137,P1141,collaboration,6,,auto,OpenAlex coauthorship between confirmed professors,0.373,2008,2024
AUTO002159,P1138,P1274,collaboration,3,,auto,OpenAlex coauthorship between confirmed professors,0.287,2023,2024
AUTO002160,P1138,P1276,collaboration,3,,auto,OpenAlex coauthorship between confirmed professors,0.646,2024,2025
AUTO002161,P1139,P1146,collaboration,2,,auto,OpenAlex coauthorship between confirmed professors,0.127,2020,2024
AUTO002162,P1139,P1148,collaboration,3,,auto,OpenAlex coauthorship between confirmed professors,0.129,2021,2024
AUTO002163,P1139,P1150,collaboration,3,,auto,OpenAlex coauthorship between confirmed professors,0.075,2012,2016
AUTO002164,P1139,P1267,collaboration,2,,auto,OpenAlex coauthorship between confirmed professors,0.062,2022,2022
AUTO002165,P1139,P1270,collaboration,4,,auto,OpenAlex coauthorship between confirmed professors,0.318,2020,2024
AUTO002166,P1139,P1382,collaboration,2,,auto,OpenAlex coauthorship between confirmed professors,0.183,2022,2024
AUTO002167,P1141,P1253,collaboration,15,,auto,OpenAlex coauthorship between confirmed professors,0.86,2010,2024
AUTO002168,P1141,P1294,collaboration,3,,auto,OpenAlex coauthorship between confirmed professors,0.382,2021,2025
AUTO002169,P1141,P1307,collaboration,6,,auto,OpenAlex coauthorship between confirmed professors,0.313,2008,2026
AUTO002170,P1141,P1392,collaboration,18,,auto,OpenAlex coauthorship between confirmed professors,0.824,2010,2023
AUTO002171,P1141,P1424,collaboration,3,,auto,OpenAlex coauthorship between confirmed professors,0.32,2021,2026
AUTO002172,P1141,P1489,collaboration,11,,auto,OpenAlex coauthorship between confirmed professors,0.995,2015,2026
AUTO002173,P1142,P1253,collaboration,3,,auto,OpenAlex coauthorship between confirmed professors,0.105,2019,2025
AUTO002174,P1142,P1472,collaboration,2,,auto,OpenAlex coauthorship between confirmed professors,0.072,2018,2019
AUTO002175,P1143,P1211,collaboration,2,,auto,OpenAlex coauthorship between confirmed professors,0.193,2021,2021
AUTO002176,P1143,P1273,collaboration,2,,auto,OpenAlex coauthorship between confirmed professors,0.13,2024,2025
AUTO002177,P1143,P1414,collaboration,3,,auto,OpenAlex coauthorship between confirmed professors,0.357,2023,2025
AUTO002178,P1144,P1263,collaboration,2,,auto,OpenAlex coauthorship between confirmed professors,0.01,2016,2016
AUTO002179,P1144,P1264,collaboration,8,,auto,OpenAlex coauthorship between confirmed professors,1.027,2007,2023
AUTO002180,P1145,P1220,collaboration,2,,auto,OpenAlex coauthorship between confirmed professors,0.125,2021,2021
AUTO002181,P1145,P1424,collaboration,2,,auto,OpenAlex coauthorship between confirmed professors,0.223,2023,2023
AUTO002182,P1146,P1147,collaboration,5,,auto,OpenAlex coauthorship between confirmed professors,0.286,2012,2020
AUTO002183,P1146,P1270,collaboration,5,,auto,OpenAlex coauthorship between confirmed professors,0.348,2018,2024
AUTO002184,P1147,P1253,collaboration,2,,auto,OpenAlex coauthorship between confirmed professors,0.08,2019,2020
AUTO002185,P1147,P1270,collaboration,3,,auto,OpenAlex coauthorship between confirmed professors,0.148,2019,2021
AUTO002186,P1147,P1382,collaboration,9,,auto,OpenAlex coauthorship between confirmed professors,1.151,2015,2018
AUTO002187,P1147,P1392,collaboration,2,,auto,OpenAlex coauthorship between confirmed professors,0.08,2019,2020
AUTO002188,P1148,P1150,collaboration,9,,auto,OpenAlex coauthorship between confirmed professors,0.925,2022,2025
AUTO002189,P1148,P1270,collaboration,2,,auto,OpenAlex coauthorship between confirmed professors,0.091,2021,2021
AUTO002190,P1148,P1276,collaboration,2,,auto,OpenAlex coauthorship between confirmed professors,0.091,2021,2021
AUTO002191,P1148,P1395,collaboration,3,,auto,OpenAlex coauthorship between confirmed professors,0.177,2016,2017
AUTO002192,P1149,P1589,collaboration,2,,auto,OpenAlex coauthorship between confirmed professors,0.202,2024,2024
AUTO002193,P1151,P1256,collaboration,8,,auto,OpenAlex coauthorship between confirmed professors,0.603,2006,2013
AUTO002194,P1151,P1382,collaboration,3,,auto,OpenAlex coauthorship between confirmed professors,0.272,2020,2025
AUTO002195,P1152,P1164,collaboration,68,,auto,OpenAlex coauthorship between confirmed professors,7.011,2013,2026
AUTO002196,P1152,P1170,collaboration,2,,auto,OpenAlex coauthorship between confirmed professors,0.202,1998,2016
AUTO002197,P1152,P1186,collaboration,2,,auto,OpenAlex coauthorship between confirmed professors,0.166,2018,2019
AUTO002198,P1152,P1192,collaboration,19,,auto,OpenAlex coauthorship between confirmed professors,1.62,2012,2026
AUTO002199,P1152,P1195,collaboration,4,,auto,OpenAlex coauthorship between confirmed professors,0.297,2012,2016
AUTO002200,P1152,P1200,collaboration,3,,auto,OpenAlex coauthorship between confirmed professors,0.261,2017,2018
AUTO002201,P1152,P1456,collaboration,2,,auto,OpenAlex coauthorship between confirmed professors,0.217,2013,2022
AUTO002202,P1152,P1460,collaboration,2,,auto,OpenAlex coauthorship between confirmed professors,0.217,2013,2022
AUTO002203,P1152,P1469,collaboration,4,,auto,OpenAlex coauthorship between confirmed professors,0.512,2012,2022
AUTO002204,P1152,P1518,collaboration,5,,auto,OpenAlex coauthorship between confirmed professors,1.11,2020,2025
AUTO002205,P1153,P1162,collaboration,4,,auto,OpenAlex coauthorship between confirmed professors,0.504,2024,2025
AUTO002206,P1154,P1177,collaboration,29,,auto,OpenAlex coauthorship between confirmed professors,2.002,2017,2026
AUTO002207,P1154,P1183,collaboration,2,,auto,OpenAlex coauthorship between confirmed professors,0.093,2021,2023
AUTO002208,P1154,P1190,collaboration,4,,auto,OpenAlex coauthorship between confirmed professors,0.34,2019,2022
AUTO002209,P1154,P1200,collaboration,2,,auto,OpenAlex coauthorship between confirmed professors,0.093,2021,2023
AUTO002210,P1154,P1202,collaboration,2,,auto,OpenAlex coauthorship between confirmed professors,0.131,2023,2023
AUTO002211,P1154,P1295,collaboration,2,,auto,OpenAlex coauthorship between confirmed professors,0.093,2021,2023
AUTO002212,P1154,P1411,collaboration,4,,auto,OpenAlex coauthorship between confirmed professors,0.161,2020,2023
AUTO002213,P1154,P1438,collaboration,4,,auto,OpenAlex coauthorship between confirmed professors,0.161,2020,2023
AUTO002214,P1154,P1487,collaboration,2,,auto,OpenAlex coauthorship between confirmed professors,0.222,2024,2025
AUTO002215,P1154,P1547,collaboration,12,,auto,OpenAlex coauthorship between confirmed professors,0.706,2026,2026
AUTO002216,P1154,P1548,collaboration,12,,auto,OpenAlex coauthorship between confirmed professors,0.706,2026,2026
AUTO002217,P1154,P1555,collaboration,12,,auto,OpenAlex coauthorship between confirmed professors,0.706,2026,2026
AUTO002218,P1154,P1572,collaboration,13,,auto,OpenAlex coauthorship between confirmed professors,0.772,2018,2026
AUTO002219,P1155,P1156,collaboration,49,,auto,OpenAlex coauthorship between confirmed professors,3.636,2015,2025
AUTO002220,P1155,P1163,collaboration,3,,auto,OpenAlex coauthorship between confirmed professors,0.223,2019,2022
AUTO002221,P1155,P1166,collaboration,123,,auto,OpenAlex coauthorship between confirmed professors,9.968,2013,2026
AUTO002222,P1155,P1174,collaboration,8,,auto,OpenAlex coauthorship between confirmed professors,0.54,2012,2015
AUTO002223,P1155,P1181,collaboration,4,,auto,OpenAlex coauthorship between confirmed professors,0.354,2023,2026
AUTO002224,P1155,P1186,collaboration,3,,auto,OpenAlex coauthorship between confirmed professors,0.174,2011,2017
AUTO002225,P1155,P1187,collaboration,131,,auto,OpenAlex coauthorship between confirmed professors,7.894,2000,2024
AUTO002226,P1155,P1205,collaboration,2,,auto,OpenAlex coauthorship between confirmed professors,0.035,2005,2006
AUTO002227,P1155,P1206,collaboration,2,,auto,OpenAlex coauthorship between confirmed professors,0.033,2001,2001
AUTO002228,P1155,P1208,collaboration,43,,auto,OpenAlex coauthorship between confirmed professors,3.357,2004,2026
AUTO002229,P1155,P1219,collaboration,2,,auto,OpenAlex coauthorship between confirmed professors,0.139,2018,2019
AUTO002230,P1155,P1335,collaboration,8,,auto,OpenAlex coauthorship between confirmed professors,0.399,2008,2015
AUTO002231,P1155,P1370,collaboration,23,,auto,OpenAlex coauthorship between confirmed professors,1.611,2016,2025
AUTO002232,P1155,P1445,collaboration,5,,auto,OpenAlex coauthorship between confirmed professors,0.271,2013,2021
AUTO002233,P1156,P1166,collaboration,25,,auto,OpenAlex coauthorship between confirmed professors,1.622,2016,2025
AUTO002234,P1156,P1187,collaboration,35,,auto,OpenAlex coauthorship between confirmed professors,2.438,2015,2025
AUTO002235,P1156,P1208,collaboration,12,,auto,OpenAlex coauthorship between confirmed professors,0.808,2017,2025
AUTO002236,P1156,P1285,collaboration,2,,auto,OpenAlex coauthorship between confirmed professors,0.104,2012,2014
AUTO002237,P1156,P1370,collaboration,6,,auto,OpenAlex coauthorship between confirmed professors,0.365,2016,2019
AUTO002238,P1157,P1167,collaboration,2,,auto,OpenAlex coauthorship between confirmed professors,0.129,2024,2025
AUTO002239,P1157,P1173,collaboration,3,,auto,OpenAlex coauthorship between confirmed professors,0.212,2024,2026
AUTO002240,P1157,P1178,collaboration,2,,auto,OpenAlex coauthorship between confirmed professors,0.129,2024,2025
AUTO002241,P1157,P1200,collaboration,3,,auto,OpenAlex coauthorship between confirmed professors,0.212,2024,2026
AUTO002242,P1157,P1222,collaboration,10,,auto,OpenAlex coauthorship between confirmed professors,1.156,1995,2020
AUTO002243,P1157,P1229,collaboration,2,,auto,OpenAlex coauthorship between confirmed professors,0.318,2020,2020
AUTO002244,P1157,P1269,collaboration,2,,auto,OpenAlex coauthorship between confirmed professors,0.125,2016,2016
AUTO002245,P1157,P1416,collaboration,3,,auto,OpenAlex coauthorship between confirmed professors,0.11,2009,2016
AUTO002246,P1158,P1163,collaboration,11,,auto,OpenAlex coauthorship between confirmed professors,0.602,2014,2021
AUTO002247,P1158,P1170,collaboration,30,,auto,OpenAlex coauthorship between confirmed professors,1.773,2019,2025
AUTO002248,P1158,P1171,collaboration,10,,auto,OpenAlex coauthorship between confirmed professors,0.568,2014,2021
AUTO002249,P1158,P1195,collaboration,3,,auto,OpenAlex coauthorship between confirmed professors,0.143,2008,2012
AUTO002250,P1158,P1197,collaboration,30,,auto,OpenAlex coauthorship between confirmed professors,1.747,2019,2024
AUTO002251,P1158,P1207,collaboration,3,,auto,OpenAlex coauthorship between confirmed professors,0.244,2019,2025
AUTO002252,P1158,P1457,collaboration,3,,auto,OpenAlex coauthorship between confirmed professors,0.094,2007,2007
AUTO002253,P1158,P1492,collaboration,2,,auto,OpenAlex coauthorship between confirmed professors,0.114,2009,2010
AUTO002254,P1159,P1164,collaboration,3,,auto,OpenAlex coauthorship between confirmed professors,0.261,2012,2025
AUTO002255,P1159,P1167,collaboration,2,,auto,OpenAlex coauthorship between confirmed professors,0.216,2019,2020
AUTO002256,P1159,P1170,collaboration,15,,auto,OpenAlex coauthorship between confirmed professors,0.962,2005,2020
AUTO002257,P1159,P1193,collaboration,4,,auto,OpenAlex coauthorship between confirmed professors,0.189,2007,2024
AUTO002258,P1159,P1195,collaboration,17,,auto,OpenAlex coauthorship between confirmed professors,2.521,2010,2026
AUTO002259,P1159,P1198,collaboration,4,,auto,OpenAlex coauthorship between confirmed professors,0.22,2020,2024
AUTO002260,P1159,P1206,collaboration,9,,auto,OpenAlex coauthorship between confirmed professors,0.699,2020,2025
AUTO002261,P1159,P1211,collaboration,3,,auto,OpenAlex coauthorship between confirmed professors,0.18,2022,2022
AUTO002262,P1159,P1225,collaboration,3,,auto,OpenAlex coauthorship between confirmed professors,0.294,2011,2017
AUTO002263,P1159,P1258,collaboration,2,,auto,OpenAlex coauthorship between confirmed professors,0.034,2020,2021
AUTO002264,P1159,P1273,collaboration,3,,auto,OpenAlex coauthorship between confirmed professors,0.18,2022,2022
AUTO002265,P1159,P1441,collaboration,2,,auto,OpenAlex coauthorship between confirmed professors,0.153,2023,2025
AUTO002266,P1159,P1581,collaboration,2,,auto,OpenAlex coauthorship between confirmed professors,0.034,2020,2021
AUTO002267,P1159,P1583,collaboration,2,,auto,OpenAlex coauthorship between confirmed professors,0.034,2020,2021
AUTO002268,P1159,P1586,collaboration,2,,auto,OpenAlex coauthorship between confirmed professors,0.034,2020,2021
AUTO002269,P1160,P1186,collaboration,2,,auto,OpenAlex coauthorship between confirmed professors,0.21,2021,2025
AUTO002270,P1160,P1205,collaboration,3,,auto,OpenAlex coauthorship between confirmed professors,0.09,2011,2014
AUTO002271,P1160,P1485,collaboration,2,,auto,OpenAlex coauthorship between confirmed professors,0.145,2014,2018
AUTO002272,P1161,P1165,collaboration,41,,auto,OpenAlex coauthorship between confirmed professors,1.468,1998,2011
AUTO002273,P1161,P1186,collaboration,2,,auto,OpenAlex coauthorship between confirmed professors,0.063,2006,2007
AUTO002274,P1161,P1194,collaboration,13,,auto,OpenAlex coauthorship between confirmed professors,0.657,2007,2015
AUTO002275,P1161,P1216,collaboration,2,,auto,OpenAlex coauthorship between confirmed professors,0.13,2021,2022
AUTO002276,P1161,P1225,collaboration,2,,auto,OpenAlex coauthorship between confirmed professors,0.062,2004,2006
AUTO002277,P1161,P1275,collaboration,2,,auto,OpenAlex coauthorship between confirmed professors,0.177,2019,2021
AUTO002278,P1161,P1399,collaboration,2,,auto,OpenAlex coauthorship between confirmed professors,0.098,2012,2017
AUTO002279,P1163,P1166,collaboration,3,,auto,OpenAlex coauthorship between confirmed professors,0.223,2019,2022
AUTO002280,P1163,P1171,collaboration,42,,auto,OpenAlex coauthorship between confirmed professors,3.474,2011,2026
AUTO002281,P1163,P1176,collaboration,3,,auto,OpenAlex coauthorship between confirmed professors,0.101,2017,2019
AUTO002282,P1163,P1432,collaboration,2,,auto,OpenAlex coauthorship between confirmed professors,0.129,2020,2021
AUTO002283,P1164,P1171,collaboration,3,,auto,OpenAlex coauthorship between confirmed professors,0.273,2024,2026
AUTO002284,P1164,P1192,collaboration,25,,auto,OpenAlex coauthorship between confirmed professors,2.48,2011,2026
AUTO002285,P1164,P1200,collaboration,7,,auto,OpenAlex coauthorship between confirmed professors,0.708,2010,2020
AUTO002286,P1164,P1203,collaboration,4,,auto,OpenAlex coauthorship between confirmed professors,0.209,2008,2010
AUTO002287,P1164,P1204,collaboration,3,,auto,OpenAlex coauthorship between confirmed professors,0.187,2011,2015
AUTO002288,P1164,P1433,collaboration,2,,auto,OpenAlex coauthorship between confirmed professors,0.055,2012,2014
AUTO002289,P1164,P1518,collaboration,4,,auto,OpenAlex coauthorship between confirmed professors,0.319,2020,2025
AUTO002290,P1165,P1179,collaboration,26,,auto,OpenAlex coauthorship between confirmed professors,3.305,2013,2024
AUTO002291,P1165,P1186,collaboration,2,,auto,OpenAlex coauthorship between confirmed professors,0.063,2006,2007
AUTO002292,P1165,P1191,collaboration,14,,auto,OpenAlex coauthorship between confirmed professors,1.233,2014,2025
AUTO002293,P1165,P1194,collaboration,5,,auto,OpenAlex coauthorship between confirmed professors,0.182,2007,2009
AUTO002294,P1165,P1195,collaboration,2,,auto,OpenAlex coauthorship between confirmed professors,0.111,2012,2016
AUTO002295,P1165,P1196,collaboration,22,,auto,OpenAlex coauthorship between confirmed professors,1.733,1994,2025
AUTO002296,P1165,P1207,collaboration,7,,auto,OpenAlex coauthorship between confirmed professors,0.16,1995,2012
AUTO002297,P1165,P1212,collaboration,2,,auto,OpenAlex coauthorship between confirmed professors,0.178,2013,2020
AUTO002298,P1166,P1174,collaboration,2,,auto,OpenAlex coauthorship between confirmed professors,0.143,2015,2015
AUTO002299,P1166,P1181,collaboration,9,,auto,OpenAlex coauthorship between confirmed professors,1.061,2023,2026
AUTO002300,P1166,P1187,collaboration,24,,auto,OpenAlex coauthorship between confirmed professors,1.571,2014,2022
AUTO002301,P1166,P1208,collaboration,46,,auto,OpenAlex coauthorship between confirmed professors,4.244,2015,2026
AUTO002302,P1166,P1219,collaboration,2,,auto,OpenAlex coauthorship between confirmed professors,0.139,2018,2019
AUTO002303,P1166,P1343,collaboration,2,,auto,OpenAlex coauthorship between confirmed professors,0.607,2018,2023
AUTO002304,P1166,P1370,collaboration,34,,auto,OpenAlex coauthorship between confirmed professors,2.748,2010,2025
AUTO002305,P1166,P1423,collaboration,2,,auto,OpenAlex coauthorship between confirmed professors,0.191,2023,2024
AUTO002306,P1166,P1445,collaboration,4,,auto,OpenAlex coauthorship between confirmed professors,0.185,2013,2015
AUTO002307,P1167,P1173,collaboration,86,,auto,OpenAlex coauthorship between confirmed professors,6.923,2016,2026
AUTO002308,P1167,P1178,collaboration,90,,auto,OpenAlex coauthorship between confirmed professors,7.247,2016,2026
AUTO002309,P1167,P1200,collaboration,5,,auto,OpenAlex coauthorship between confirmed professors,0.394,2021,2025
AUTO002310,P1167,P1329,collaboration,2,,auto,OpenAlex coauthorship between confirmed professors,0.109,2017,2017
AUTO002311,P1167,P1423,collaboration,2,,auto,OpenAlex coauthorship between confirmed professors,0.155,2018,2019
AUTO002312,P1167,P1624,collaboration,18,,auto,OpenAlex coauthorship between confirmed professors,1.299,2019,2025
AUTO002313,P1168,P1174,collaboration,2,,auto,OpenAlex coauthorship between confirmed professors,0.318,2020,2020
AUTO002314,P1168,P1175,collaboration,2,,auto,OpenAlex coauthorship between confirmed professors,0.558,2023,2026
AUTO002315,P1168,P1518,collaboration,2,,auto,OpenAlex coauthorship between confirmed professors,0.136,2014,2015
AUTO002316,P1169,P1176,collaboration,2,,auto,OpenAlex coauthorship between confirmed professors,0.058,2010,2010
AUTO002317,P1169,P1181,collaboration,2,,auto,OpenAlex coauthorship between confirmed professors,0.155,2022,2023
AUTO002318,P1169,P1183,collaboration,6,,auto,OpenAlex coauthorship between confirmed professors,0.369,2017,2023
AUTO002319,P1169,P1184,collaboration,2,,auto,OpenAlex coauthorship between confirmed professors,0.129,2025,2025
AUTO002320,P1169,P1193,collaboration,8,,auto,OpenAlex coauthorship between confirmed professors,0.542,2017,2023
AUTO002321,P1169,P1198,collaboration,4,,auto,OpenAlex coauthorship between confirmed professors,0.321,2017,2021
AUTO002322,P1169,P1202,collaboration,3,,auto,OpenAlex coauthorship between confirmed professors,0.19,2014,2016
AUTO002323,P1169,P1255,collaboration,3,,auto,OpenAlex coauthorship between confirmed professors,0.058,2005,2008
AUTO002324,P1169,P1387,collaboration,2,,auto,OpenAlex coauthorship between confirmed professors,0.055,2007,2017
AUTO002325,P1169,P1464,collaboration,7,,auto,OpenAlex coauthorship between confirmed professors,0.662,2012,2025
AUTO002326,P1169,P1467,collaboration,4,,auto,OpenAlex coauthorship between confirmed professors,0.354,2012,2025
AUTO002327,P1169,P1475,collaboration,4,,auto,OpenAlex coauthorship between confirmed professors,0.388,2021,2024
AUTO002328,P1169,P1483,collaboration,2,,auto,OpenAlex coauthorship between confirmed professors,0.181,2021,2025
AUTO002329,P1169,P1508,collaboration,9,,auto,OpenAlex coauthorship between confirmed professors,0.838,2012,2025
AUTO002330,P1169,P1618,collaboration,16,,auto,OpenAlex coauthorship between confirmed professors,1.542,2020,2025
AUTO002331,P1170,P1195,collaboration,17,,auto,OpenAlex coauthorship between confirmed professors,2.93,2001,2019
AUTO002332,P1170,P1197,collaboration,35,,auto,OpenAlex coauthorship between confirmed professors,1.916,2016,2025
AUTO002333,P1171,P1194,collaboration,2,,auto,OpenAlex coauthorship between confirmed professors,0.121,2014,2015
AUTO002334,P1171,P1433,collaboration,2,,auto,OpenAlex coauthorship between confirmed professors,0.081,2013,2014
AUTO002335,P1171,P1445,collaboration,2,,auto,OpenAlex coauthorship between confirmed professors,0.132,2024,2024
AUTO002336,P1171,P1447,collaboration,2,,auto,OpenAlex coauthorship between confirmed professors,0.081,2013,2014
AUTO002337,P1172,P1184,collaboration,10,,auto,OpenAlex coauthorship between confirmed professors,1.931,2019,2026
AUTO002338,P1172,P1231,collaboration,2,,auto,OpenAlex coauthorship between confirmed professors,0.253,1999,2003
AUTO002339,P1173,P1178,collaboration,87,,auto,OpenAlex coauthorship between confirmed professors,7.279,2015,2026
AUTO002340,P1173,P1182,collaboration,3,,auto,OpenAlex coauthorship between confirmed professors,1.777,2025,2026
AUTO002341,P1173,P1200,collaboration,5,,auto,OpenAlex coauthorship between confirmed professors,0.367,2022,2026
AUTO002342,P1173,P1269,collaboration,2,,auto,OpenAlex coauthorship between confirmed professors,0.198,2018,2018
AUTO002343,P1173,P1624,collaboration,18,,auto,OpenAlex coauthorship between confirmed professors,1.299,2019,2025
AUTO002344,P1174,P1176,collaboration,41,,auto,OpenAlex coauthorship between confirmed professors,1.196,1995,2023
AUTO002345,P1174,P1187,collaboration,4,,auto,OpenAlex coauthorship between confirmed professors,0.271,2005,2015
AUTO002346,P1174,P1199,collaboration,5,,auto,OpenAlex coauthorship between confirmed professors,0.166,2007,2016
AUTO002347,P1174,P1428,collaboration,2,,auto,OpenAlex coauthorship between confirmed professors,0.047,2006,2006
AUTO002348,P1175,P1201,collaboration,2,,auto,OpenAlex coauthorship between confirmed professors,0.076,2011,2012
AUTO002349,P1175,P1463,collaboration,2,,auto,OpenAlex coauthorship between confirmed professors,0.1,2015,2017
AUTO002350,P1175,P1471,collaboration,4,,auto,OpenAlex coauthorship between confirmed professors,0.242,2014,2017
AUTO002351,P1175,P1473,collaboration,2,,auto,OpenAlex coauthorship between confirmed professors,0.1,2015,2017
AUTO002352,P1175,P1482,collaboration,3,,auto,OpenAlex coauthorship between confirmed professors,0.226,2014,2018
AUTO002353,P1175,P1496,collaboration,5,,auto,OpenAlex coauthorship between confirmed professors,0.327,2014,2018
AUTO002354,P1176,P1177,collaboration,6,,auto,OpenAlex coauthorship between confirmed professors,0.18,2015,2022
AUTO002355,P1176,P1193,collaboration,2,,auto,OpenAlex coauthorship between confirmed professors,0.063,2019,2022
AUTO002356,P1176,P1199,collaboration,30,,auto,OpenAlex coauthorship between confirmed professors,2.227,2007,2025
AUTO002357,P1176,P1378,collaboration,5,,auto,OpenAlex coauthorship between confirmed professors,0.343,2003,2023
AUTO002358,P1176,P1388,collaboration,2,,auto,OpenAlex coauthorship between confirmed professors,0.148,2024,2024
AUTO002359,P1176,P1411,collaboration,2,,auto,OpenAlex coauthorship between confirmed professors,0.062,2014,2022
AUTO002360,P1176,P1419,collaboration,2,,auto,OpenAlex coauthorship between confirmed professors,0.052,2013,2013
AUTO002361,P1176,P1420,collaboration,4,,auto,OpenAlex coauthorship between confirmed professors,0.18,2013,2018
AUTO002362,P1176,P1428,collaboration,4,,auto,OpenAlex coauthorship between confirmed professors,0.137,2004,2019
AUTO002363,P1176,P1514,collaboration,3,,auto,OpenAlex coauthorship between confirmed professors,0.331,2023,2024
AUTO002364,P1177,P1183,collaboration,2,,auto,OpenAlex coauthorship between confirmed professors,0.093,2021,2023
AUTO002365,P1177,P1188,collaboration,2,,auto,OpenAlex coauthorship between confirmed professors,0.061,2008,2011
AUTO002366,P1177,P1190,collaboration,9,,auto,OpenAlex coauthorship between confirmed professors,0.491,2009,2020
AUTO002367,P1177,P1193,collaboration,2,,auto,OpenAlex coauthorship between confirmed professors,0.063,2019,2022
AUTO002368,P1177,P1198,collaboration,2,,auto,OpenAlex coauthorship between confirmed professors,0.125,2019,2022
AUTO002369,P1177,P1199,collaboration,2,,auto,OpenAlex coauthorship between confirmed professors,0.046,2009,2014
AUTO002370,P1177,P1200,collaboration,2,,auto,OpenAlex coauthorship between confirmed professors,0.093,2021,2023
AUTO002371,P1177,P1202,collaboration,2,,auto,OpenAlex coauthorship between confirmed professors,0.131,2023,2023
AUTO002372,P1177,P1295,collaboration,2,,auto,OpenAlex coauthorship between confirmed professors,0.093,2021,2023
AUTO002373,P1177,P1411,collaboration,5,,auto,OpenAlex coauthorship between confirmed professors,0.193,2020,2023
AUTO002374,P1177,P1427,collaboration,2,,auto,OpenAlex coauthorship between confirmed professors,0.093,2011,2015
AUTO002375,P1177,P1438,collaboration,4,,auto,OpenAlex coauthorship between confirmed professors,0.161,2020,2023
AUTO002376,P1178,P1200,collaboration,4,,auto,OpenAlex coauthorship between confirmed professors,0.284,2022,2025
AUTO002377,P1178,P1624,collaboration,21,,auto,OpenAlex coauthorship between confirmed professors,1.776,2019,2026
AUTO002378,P1179,P1191,collaboration,10,,auto,OpenAlex coauthorship between confirmed professors,1.041,2012,2026
AUTO002379,P1179,P1196,collaboration,14,,auto,OpenAlex coauthorship between confirmed professors,1.298,2006,2026
AUTO002380,P1179,P1212,collaboration,2,,auto,OpenAlex coauthorship between confirmed professors,0.14,2009,2020
AUTO002381,P1179,P1218,collaboration,6,,auto,OpenAlex coauthorship between confirmed professors,0.24,2009,2017
AUTO002382,P1179,P1329,collaboration,2,,auto,OpenAlex coauthorship between confirmed professors,0.107,2009,2017
AUTO002383,P1180,P1183,collaboration,29,,auto,OpenAlex coauthorship between confirmed professors,1.505,2004,2012
AUTO002384,P1180,P1184,collaboration,37,,auto,OpenAlex coauthorship between confirmed professors,1.381,2010,2022
AUTO002385,P1180,P1205,collaboration,2,,auto,OpenAlex coauthorship between confirmed professors,0.092,2021,2022
AUTO002386,P1180,P1206,collaboration,7,,auto,OpenAlex coauthorship between confirmed professors,0.213,2017,2020
AUTO002387,P1181,P1208,collaboration,2,,auto,OpenAlex coauthorship between confirmed professors,0.128,2023,2025
AUTO002388,P1181,P1461,collaboration,15,,auto,OpenAlex coauthorship between confirmed professors,1.106,2011,2015
AUTO002389,P1181,P1632,collaboration,7,,auto,OpenAlex coauthorship between confirmed professors,1.122,2018,2023
AUTO002390,P1181,P1633,collaboration,6,,auto,OpenAlex coauthorship between confirmed professors,0.592,2018,2025
AUTO002391,P1183,P1184,collaboration,2,,auto,OpenAlex coauthorship between confirmed professors,0.059,2010,2012
AUTO002392,P1183,P1186,collaboration,2,,auto,OpenAlex coauthorship between confirmed professors,0.101,2012,2020
AUTO002393,P1183,P1193,collaboration,40,,auto,OpenAlex coauthorship between confirmed professors,3.412,2017,2026
AUTO002394,P1183,P1198,collaboration,44,,auto,OpenAlex coauthorship between confirmed professors,3.709,2017,2026
AUTO002395,P1183,P1200,collaboration,2,,auto,OpenAlex coauthorship between confirmed professors,0.093,2021,2023
AUTO002396,P1183,P1202,collaboration,3,,auto,OpenAlex coauthorship between confirmed professors,0.172,2025,2025
AUTO002397,P1183,P1264,collaboration,3,,auto,OpenAlex coauthorship between confirmed professors,0.078,1996,2007
AUTO002398,P1183,P1295,collaboration,2,,auto,OpenAlex coauthorship between confirmed professors,0.093,2021,2023
AUTO002399,P1183,P1387,collaboration,8,,auto,OpenAlex coauthorship between confirmed professors,0.466,2017,2026
AUTO002400,P1183,P1455,collaboration,2,,auto,OpenAlex coauthorship between confirmed professors,0.138,2018,2019
AUTO002401,P1184,P1206,collaboration,7,,auto,OpenAlex coauthorship between confirmed professors,0.222,2017,2025
AUTO002402,P1184,P1419,collaboration,2,,auto,OpenAlex coauthorship between confirmed professors,0.03,2005,2009
AUTO002403,P1185,P1480,collaboration,2,,auto,OpenAlex coauthorship between confirmed professors,0.336,2022,2022
AUTO002404,P1186,P1193,collaboration,2,,auto,OpenAlex coauthorship between confirmed professors,0.109,2020,2020
AUTO002405,P1186,P1198,collaboration,2,,auto,OpenAlex coauthorship between confirmed professors,0.109,2020,2020
AUTO002406,P1187,P1208,collaboration,11,,auto,OpenAlex coauthorship between confirmed professors,0.604,2004,2022
AUTO002407,P1187,P1335,collaboration,9,,auto,OpenAlex coauthorship between confirmed professors,0.53,2008,2015
AUTO002408,P1187,P1370,collaboration,6,,auto,OpenAlex coauthorship between confirmed professors,0.381,2016,2017
AUTO002409,P1188,P1190,collaboration,25,,auto,OpenAlex coauthorship between confirmed professors,1.035,2003,2014
AUTO002410,P1188,P1200,collaboration,7,,auto,OpenAlex coauthorship between confirmed professors,0.305,2004,2015
AUTO002411,P1188,P1206,collaboration,2,,auto,OpenAlex coauthorship between confirmed professors,0.064,2020,2020
AUTO002412,P1188,P1548,collaboration,2,,auto,OpenAlex coauthorship between confirmed professors,0.034,2022,2023
AUTO002413,P1188,P1623,collaboration,3,,auto,OpenAlex coauthorship between confirmed professors,0.249,2021,2025
AUTO002414,P1189,P1194,collaboration,6,,auto,OpenAlex coauthorship between confirmed professors,0.707,2019,2024
AUTO002415,P1189,P1207,collaboration,2,,auto,OpenAlex coauthorship between confirmed professors,0.131,2019,2020
AUTO002416,P1189,P1502,collaboration,2,,auto,OpenAlex coauthorship between confirmed professors,0.074,2010,2010
AUTO002417,P1190,P1200,collaboration,3,,auto,OpenAlex coauthorship between confirmed professors,0.104,2007,2013
AUTO002418,P1190,P1204,collaboration,2,,auto,OpenAlex coauthorship between confirmed professors,0.197,2022,2023
AUTO002419,P1190,P1239,collaboration,2,,auto,OpenAlex coauthorship between confirmed professors,0.044,2006,2006
AUTO002420,P1190,P1387,collaboration,6,,auto,OpenAlex coauthorship between confirmed professors,0.215,2010,2011
AUTO002421,P1190,P1389,collaboration,3,,auto,OpenAlex coauthorship between confirmed professors,0.106,2010,2011
AUTO002422,P1190,P1401,collaboration,2,,auto,OpenAlex coauthorship between confirmed professors,0.069,2010,2011
AUTO002423,P1190,P1430,collaboration,4,,auto,OpenAlex coauthorship between confirmed professors,0.172,2014,2021
AUTO002424,P1191,P1194,collaboration,3,,auto,OpenAlex coauthorship between confirmed professors,0.171,2018,2020
AUTO002425,P1191,P1196,collaboration,45,,auto,OpenAlex coauthorship between confirmed professors,4.104,2014,2026
AUTO002426,P1191,P1207,collaboration,5,,auto,OpenAlex coauthorship between confirmed professors,0.404,2018,2023
AUTO002427,P1191,P1212,collaboration,4,,auto,OpenAlex coauthorship between confirmed professors,0.302,2017,2023
AUTO002428,P1191,P1455,collaboration,2,,auto,OpenAlex coauthorship between confirmed professors,0.105,2018,2020
AUTO002429,P1192,P1195,collaboration,4,,auto,OpenAlex coauthorship between confirmed professors,0.275,2012,2018
AUTO002430,P1192,P1232,collaboration,2,,auto,OpenAlex coauthorship between confirmed professors,0.204,2023,2023
AUTO002431,P1192,P1518,collaboration,2,,auto,OpenAlex coauthorship between confirmed professors,0.171,2020,2025
AUTO002432,P1193,P1198,collaboration,51,,auto,OpenAlex coauthorship between confirmed professors,5.849,2017,2026
AUTO002433,P1193,P1202,collaboration,7,,auto,OpenAlex coauthorship between confirmed professors,1.421,2018,2026
AUTO002434,P1193,P1387,collaboration,12,,auto,OpenAlex coauthorship between confirmed professors,0.696,2017,2026
AUTO002435,P1194,P1197,collaboration,2,,auto,OpenAlex coauthorship between confirmed professors,0.147,2019,2019
AUTO002436,P1194,P1207,collaboration,16,,auto,OpenAlex coauthorship between confirmed professors,1.476,2018,2021
AUTO002437,P1194,P1331,collaboration,9,,auto,OpenAlex coauthorship between confirmed professors,0.222,2000,2013
AUTO002438,P1194,P1370,collaboration,2,,auto,OpenAlex coauthorship between confirmed professors,0.125,2016,2016
AUTO002439,P1194,P1455,collaboration,2,,auto,OpenAlex coauthorship between confirmed professors,0.105,2018,2020
AUTO002440,P1195,P1352,collaboration,2,,auto,OpenAlex coauthorship between confirmed professors,0.027,2025,2026
AUTO002441,P1196,P1207,collaboration,3,,auto,OpenAlex coauthorship between confirmed professors,0.388,2021,2023
AUTO002442,P1196,P1212,collaboration,5,,auto,OpenAlex coauthorship between confirmed professors,0.331,2007,2023
AUTO002443,P1197,P1207,collaboration,2,,auto,OpenAlex coauthorship between confirmed professors,0.147,2019,2019
AUTO002444,P1198,P1202,collaboration,4,,auto,OpenAlex coauthorship between confirmed professors,0.208,2025,2026
AUTO002445,P1198,P1205,collaboration,2,,auto,OpenAlex coauthorship between confirmed professors,0.076,2011,2022
AUTO002446,P1198,P1323,collaboration,3,,auto,OpenAlex coauthorship between confirmed professors,0.157,2006,2015
AUTO002447,P1198,P1387,collaboration,17,,auto,OpenAlex coauthorship between confirmed professors,1.291,2015,2026
AUTO002448,P1198,P1401,collaboration,2,,auto,OpenAlex coauthorship between confirmed professors,0.137,2015,2021
AUTO002449,P1198,P1406,collaboration,2,,auto,OpenAlex coauthorship between confirmed professors,0.164,2019,2026
AUTO002450,P1198,P1412,collaboration,2,,auto,OpenAlex coauthorship between confirmed professors,0.194,2019,2020
AUTO002451,P1199,P1216,collaboration,6,,auto,OpenAlex coauthorship between confirmed professors,0.459,2023,2023
AUTO002452,P1199,P1419,collaboration,4,,auto,OpenAlex coauthorship between confirmed professors,0.094,2005,2013
AUTO002453,P1199,P1420,collaboration,4,,auto,OpenAlex coauthorship between confirmed professors,0.162,2014,2023
AUTO002454,P1199,P1428,collaboration,2,,auto,OpenAlex coauthorship between confirmed professors,0.089,2020,2023
AUTO002455,P1200,P1295,collaboration,2,,auto,OpenAlex coauthorship between confirmed professors,0.093,2021,2023
AUTO002456,P1202,P1411,collaboration,3,,auto,OpenAlex coauthorship between confirmed professors,0.159,2017,2021
AUTO002457,P1203,P1238,collaboration,2,,auto,OpenAlex coauthorship between confirmed professors,0.109,2018,2018
AUTO002458,P1204,P1329,collaboration,4,,auto,OpenAlex coauthorship between confirmed professors,0.174,2008,2010
AUTO002459,P1204,P1516,collaboration,2,,auto,OpenAlex coauthorship between confirmed professors,0.184,2013,2013
AUTO002460,P1206,P1258,collaboration,3,,auto,OpenAlex coauthorship between confirmed professors,0.092,2020,2025
AUTO002461,P1206,P1581,collaboration,2,,auto,OpenAlex coauthorship between confirmed professors,0.034,2020,2021
AUTO002462,P1206,P1583,collaboration,4,,auto,OpenAlex coauthorship between confirmed professors,0.093,2020,2023
AUTO002463,P1206,P1586,collaboration,2,,auto,OpenAlex coauthorship between confirmed professors,0.034,2020,2021
AUTO002464,P1207,P1331,collaboration,3,,auto,OpenAlex coauthorship between confirmed professors,0.189,2015,2018
AUTO002465,P1207,P1455,collaboration,2,,auto,OpenAlex coauthorship between confirmed professors,0.094,2013,2020
AUTO002466,P1208,P1370,collaboration,6,,auto,OpenAlex coauthorship between confirmed professors,0.5,2016,2022
AUTO002467,P1209,P1321,collaboration,2,,auto,OpenAlex coauthorship between confirmed professors,0.075,2003,2007
AUTO002468,P1210,P1502,collaboration,2,,auto,OpenAlex coauthorship between confirmed professors,0.092,2014,2014
AUTO002469,P1211,P1273,collaboration,20,,auto,OpenAlex coauthorship between confirmed professors,0.832,2017,2022
AUTO002470,P1211,P1423,collaboration,2,,auto,OpenAlex coauthorship between confirmed professors,0.141,2018,2019
AUTO002471,P1212,P1217,collaboration,69,,auto,OpenAlex coauthorship between confirmed professors,9.765,2014,2026
AUTO002472,P1212,P1237,collaboration,12,,auto,OpenAlex coauthorship between confirmed professors,1.631,2020,2025
AUTO002473,P1212,P1244,collaboration,42,,auto,OpenAlex coauthorship between confirmed professors,5.991,2016,2026
AUTO002474,P1213,P1224,collaboration,3,,auto,OpenAlex coauthorship between confirmed professors,0.371,2019,2020
AUTO002475,P1213,P1228,collaboration,5,,auto,OpenAlex coauthorship between confirmed professors,0.258,2014,2020
AUTO002476,P1213,P1233,collaboration,19,,auto,OpenAlex coauthorship between confirmed professors,1.79,2012,2026
AUTO002477,P1213,P1461,collaboration,5,,auto,OpenAlex coauthorship between confirmed professors,0.347,2009,2014
AUTO002478,P1214,P1215,collaboration,9,,auto,OpenAlex coauthorship between confirmed professors,0.633,2012,2024
AUTO002479,P1214,P1226,collaboration,4,,auto,OpenAlex coauthorship between confirmed professors,0.421,2023,2024
AUTO002480,P1214,P1239,collaboration,25,,auto,OpenAlex coauthorship between confirmed professors,2.23,2007,2025
AUTO002481,P1214,P1240,collaboration,15,,auto,OpenAlex coauthorship between confirmed professors,2.096,2019,2025
AUTO002482,P1215,P1220,collaboration,3,,auto,OpenAlex coauthorship between confirmed professors,0.717,2008,2025
AUTO002483,P1215,P1222,collaboration,2,,auto,OpenAlex coauthorship between confirmed professors,0.158,2023,2024
AUTO002484,P1215,P1226,collaboration,55,,auto,OpenAlex coauthorship between confirmed professors,6.066,2017,2026
AUTO002485,P1215,P1236,collaboration,31,,auto,OpenAlex coauthorship between confirmed professors,2.637,2012,2026
AUTO002486,P1215,P1239,collaboration,9,,auto,OpenAlex coauthorship between confirmed professors,0.777,2010,2026
AUTO002487,P1215,P1240,collaboration,5,,auto,OpenAlex coauthorship between confirmed professors,0.597,2023,2026
AUTO002488,P1215,P1407,collaboration,7,,auto,OpenAlex coauthorship between confirmed professors,0.614,2012,2019
AUTO002489,P1217,P1237,collaboration,13,,auto,OpenAlex coauthorship between confirmed professors,1.983,2020,2025
AUTO002490,P1217,P1244,collaboration,35,,auto,OpenAlex coauthorship between confirmed professors,5.304,2016,2026
AUTO002491,P1218,P1219,collaboration,4,,auto,OpenAlex coauthorship between confirmed professors,0.457,2019,2025
AUTO002492,P1218,P1234,collaboration,7,,auto,OpenAlex coauthorship between confirmed professors,0.323,2020,2021
AUTO002493,P1218,P1246,collaboration,5,,auto,OpenAlex coauthorship between confirmed professors,0.367,2019,2020
AUTO002494,P1218,P1417,collaboration,6,,auto,OpenAlex coauthorship between confirmed professors,0.252,2020,2021
AUTO002495,P1218,P1418,collaboration,6,,auto,OpenAlex coauthorship between confirmed professors,0.323,2020,2020
AUTO002496,P1218,P1426,collaboration,2,,auto,OpenAlex coauthorship between confirmed professors,0.19,2020,2024
AUTO002497,P1218,P1441,collaboration,3,,auto,OpenAlex coauthorship between confirmed professors,0.167,2020,2020
AUTO002498,P1218,P1581,collaboration,2,,auto,OpenAlex coauthorship between confirmed professors,0.251,2022,2023
AUTO002499,P1218,P1608,collaboration,3,,auto,OpenAlex coauthorship between confirmed professors,0.385,2023,2025
AUTO002500,P1218,P1610,collaboration,6,,auto,OpenAlex coauthorship between confirmed professors,0.699,2019,2025
AUTO002501,P1219,P1221,collaboration,3,,auto,OpenAlex coauthorship between confirmed professors,0.336,2025,2026
AUTO002502,P1219,P1359,collaboration,6,,auto,OpenAlex coauthorship between confirmed professors,0.459,2019,2022
AUTO002503,P1219,P1384,collaboration,2,,auto,OpenAlex coauthorship between confirmed professors,0.196,2021,2021
AUTO002504,P1219,P1403,collaboration,10,,auto,OpenAlex coauthorship between confirmed professors,0.78,2019,2023
AUTO002505,P1219,P1610,collaboration,4,,auto,OpenAlex coauthorship between confirmed professors,0.457,2019,2025
AUTO002506,P1219,P1623,collaboration,12,,auto,OpenAlex coauthorship between confirmed professors,1.037,2019,2024
AUTO002507,P1219,P1631,collaboration,11,,auto,OpenAlex coauthorship between confirmed professors,0.958,2019,2024
AUTO002508,P1220,P1226,collaboration,2,,auto,OpenAlex coauthorship between confirmed professors,0.667,2024,2025
AUTO002509,P1222,P1224,collaboration,4,,auto,OpenAlex coauthorship between confirmed professors,0.193,2013,2016
AUTO002510,P1222,P1226,collaboration,3,,auto,OpenAlex coauthorship between confirmed professors,0.219,2017,2024
AUTO002511,P1222,P1229,collaboration,32,,auto,OpenAlex coauthorship between confirmed professors,3.792,2016,2026
AUTO002512,P1222,P1234,collaboration,3,,auto,OpenAlex coauthorship between confirmed professors,0.174,2017,2017
AUTO002513,P1222,P1242,collaboration,20,,auto,OpenAlex coauthorship between confirmed professors,0.907,2015,2019
AUTO002514,P1222,P1243,collaboration,3,,auto,OpenAlex coauthorship between confirmed professors,0.224,2023,2025
AUTO002515,P1222,P1249,collaboration,18,,auto,OpenAlex coauthorship between confirmed professors,1.38,2013,2022
AUTO002516,P1222,P1250,collaboration,5,,auto,OpenAlex coauthorship between confirmed professors,0.827,2021,2026
AUTO002517,P1222,P1323,collaboration,6,,auto,OpenAlex coauthorship between confirmed professors,0.434,2014,2020
AUTO002518,P1222,P1441,collaboration,3,,auto,OpenAlex coauthorship between confirmed professors,0.324,2019,2021
AUTO002519,P1223,P1256,collaboration,3,,auto,OpenAlex coauthorship between confirmed professors,0.252,2006,2009
AUTO002520,P1224,P1242,collaboration,3,,auto,OpenAlex coauthorship between confirmed professors,0.162,2016,2017
AUTO002521,P1224,P1249,collaboration,16,,auto,OpenAlex coauthorship between confirmed professors,1.822,2013,2025
AUTO002522,P1224,P1323,collaboration,2,,auto,OpenAlex coauthorship between confirmed professors,0.102,2014,2016
AUTO002523,P1225,P1231,collaboration,6,,auto,OpenAlex coauthorship between confirmed professors,1.936,2018,2025
AUTO002524,P1225,P1332,collaboration,12,,auto,OpenAlex coauthorship between confirmed professors,1.49,2013,2023
AUTO002525,P1226,P1229,collaboration,2,,auto,OpenAlex coauthorship between confirmed professors,0.152,2017,2023
AUTO002526,P1226,P1236,collaboration,21,,auto,OpenAlex coauthorship between confirmed professors,1.713,2017,2026
AUTO002527,P1226,P1239,collaboration,3,,auto,OpenAlex coauthorship between confirmed professors,0.4,2023,2026
AUTO002528,P1226,P1240,collaboration,8,,auto,OpenAlex coauthorship between confirmed professors,0.771,2023,2026
AUTO002529,P1226,P1284,collaboration,2,,auto,OpenAlex coauthorship between confirmed professors,0.074,2021,2024
AUTO002530,P1228,P1233,collaboration,18,,auto,OpenAlex coauthorship between confirmed professors,1.013,2014,2022
AUTO002531,P1229,P1249,collaboration,11,,auto,OpenAlex coauthorship between confirmed professors,0.856,2016,2022
AUTO002532,P1229,P1323,collaboration,3,,auto,OpenAlex coauthorship between confirmed professors,0.198,2016,2018
AUTO002533,P1230,P1234,collaboration,7,,auto,OpenAlex coauthorship between confirmed professors,0.538,2026,2026
AUTO002534,P1230,P1417,collaboration,4,,auto,OpenAlex coauthorship between confirmed professors,0.328,2023,2024
AUTO002535,P1230,P1581,collaboration,4,,auto,OpenAlex coauthorship between confirmed professors,0.328,2023,2024
AUTO002536,P1230,P1583,collaboration,4,,auto,OpenAlex coauthorship between confirmed professors,0.328,2023,2024
AUTO002537,P1230,P1586,collaboration,4,,auto,OpenAlex coauthorship between confirmed professors,0.328,2023,2024
AUTO002538,P1232,P1238,collaboration,2,,auto,OpenAlex coauthorship between confirmed professors,0.102,2020,2021
AUTO002539,P1232,P1241,collaboration,26,,auto,OpenAlex coauthorship between confirmed professors,4.127,2019,2026
AUTO002540,P1233,P1245,collaboration,5,,auto,OpenAlex coauthorship between confirmed professors,0.728,2021,2025
AUTO002541,P1233,P1430,collaboration,2,,auto,OpenAlex coauthorship between confirmed professors,0.104,2011,2015
AUTO002542,P1234,P1242,collaboration,15,,auto,OpenAlex coauthorship between confirmed professors,1.36,2017,2026
AUTO002543,P1234,P1246,collaboration,3,,auto,OpenAlex coauthorship between confirmed professors,0.159,2020,2020
AUTO002544,P1234,P1249,collaboration,4,,auto,OpenAlex coauthorship between confirmed professors,0.224,2008,2017
AUTO002545,P1234,P1417,collaboration,21,,auto,OpenAlex coauthorship between confirmed professors,1.704,2020,2024
AUTO002546,P1234,P1418,collaboration,8,,auto,OpenAlex coauthorship between confirmed professors,0.592,2020,2025
AUTO002547,P1234,P1441,collaboration,3,,auto,OpenAlex coauthorship between confirmed professors,0.172,2020,2024
AUTO002548,P1236,P1407,collaboration,4,,auto,OpenAlex coauthorship between confirmed professors,0.237,2012,2019
AUTO002549,P1237,P1244,collaboration,12,,auto,OpenAlex coauthorship between confirmed professors,1.631,2020,2025
AUTO002550,P1237,P1457,collaboration,4,,auto,OpenAlex coauthorship between confirmed professors,0.506,2019,2022
AUTO002551,P1237,P1464,collaboration,2,,auto,OpenAlex coauthorship between confirmed professors,0.138,2017,2020
AUTO002552,P1237,P1475,collaboration,2,,auto,OpenAlex coauthorship between confirmed professors,0.138,2017,2020
AUTO002553,P1237,P1508,collaboration,2,,auto,OpenAlex coauthorship between confirmed professors,0.138,2017,2020
AUTO002554,P1239,P1240,collaboration,14,,auto,OpenAlex coauthorship between confirmed professors,1.968,2019,2026
AUTO002555,P1242,P1249,collaboration,7,,auto,OpenAlex coauthorship between confirmed professors,0.318,2015,2017
AUTO002556,P1242,P1417,collaboration,19,,auto,OpenAlex coauthorship between confirmed professors,1.653,2017,2024
AUTO002557,P1246,P1413,collaboration,2,,auto,OpenAlex coauthorship between confirmed professors,0.196,2024,2026
AUTO002558,P1246,P1417,collaboration,2,,auto,OpenAlex coauthorship between confirmed professors,0.088,2020,2020
AUTO002559,P1246,P1418,collaboration,3,,auto,OpenAlex coauthorship between confirmed professors,0.159,2020,2020
AUTO002560,P1246,P1441,collaboration,2,,auto,OpenAlex coauthorship between confirmed professors,0.088,2020,2020
AUTO002561,P1249,P1323,collaboration,2,,auto,OpenAlex coauthorship between confirmed professors,0.13,2016,2018
AUTO002562,P1250,P1623,collaboration,2,,auto,OpenAlex coauthorship between confirmed professors,0.161,2013,2014
AUTO002563,P1251,P1267,collaboration,8,,auto,OpenAlex coauthorship between confirmed professors,1.101,2022,2025
AUTO002564,P1251,P1268,collaboration,66,,auto,OpenAlex coauthorship between confirmed professors,13.961,2015,2026
AUTO002565,P1251,P1272,collaboration,2,,auto,OpenAlex coauthorship between confirmed professors,0.262,2020,2021
AUTO002566,P1251,P1279,collaboration,7,,auto,OpenAlex coauthorship between confirmed professors,1.603,2017,2021
AUTO002567,P1252,P1269,collaboration,14,,auto,OpenAlex coauthorship between confirmed professors,0.916,2009,2023
AUTO002568,P1252,P1294,collaboration,2,,auto,OpenAlex coauthorship between confirmed professors,0.04,2003,2004
AUTO002569,P1252,P1411,collaboration,2,,auto,OpenAlex coauthorship between confirmed professors,0.311,2022,2023
AUTO002570,P1252,P1482,collaboration,3,,auto,OpenAlex coauthorship between confirmed professors,0.058,2002,2006
AUTO002571,P1253,P1264,collaboration,3,,auto,OpenAlex coauthorship between confirmed professors,1.017,2023,2024
AUTO002572,P1253,P1269,collaboration,6,,auto,OpenAlex coauthorship between confirmed professors,0.534,2021,2024
AUTO002573,P1253,P1292,collaboration,6,,auto,OpenAlex coauthorship between confirmed professors,0.423,2014,2025
AUTO002574,P1253,P1293,collaboration,4,,auto,OpenAlex coauthorship between confirmed professors,0.355,2021,2023
AUTO002575,P1253,P1294,collaboration,2,,auto,OpenAlex coauthorship between confirmed professors,0.052,2008,2010
AUTO002576,P1253,P1297,collaboration,14,,auto,OpenAlex coauthorship between confirmed professors,0.794,2010,2022
AUTO002577,P1253,P1298,collaboration,9,,auto,OpenAlex coauthorship between confirmed professors,0.555,2009,2024
AUTO002578,P1253,P1383,collaboration,4,,auto,OpenAlex coauthorship between confirmed professors,0.562,2022,2024
AUTO002579,P1253,P1392,collaboration,24,,auto,OpenAlex coauthorship between confirmed professors,1.601,2007,2024
AUTO002580,P1253,P1489,collaboration,34,,auto,OpenAlex coauthorship between confirmed professors,2.365,2011,2026
AUTO002581,P1253,P1507,collaboration,2,,auto,OpenAlex coauthorship between confirmed professors,0.164,2016,2019
AUTO002582,P1253,P1514,collaboration,3,,auto,OpenAlex coauthorship between confirmed professors,0.145,2021,2023
AUTO002583,P1253,P1623,collaboration,4,,auto,OpenAlex coauthorship between confirmed professors,0.397,2021,2022
AUTO002584,P1253,P1631,collaboration,5,,auto,OpenAlex coauthorship between confirmed professors,0.444,2020,2022
AUTO002585,P1254,P1318,collaboration,2,,auto,OpenAlex coauthorship between confirmed professors,0.116,2014,2015
AUTO002586,P1254,P1518,collaboration,2,,auto,OpenAlex coauthorship between confirmed professors,0.077,2006,2006
AUTO002587,P1255,P1298,collaboration,4,,auto,OpenAlex coauthorship between confirmed professors,0.092,2005,2009
AUTO002588,P1257,P1262,collaboration,9,,auto,OpenAlex coauthorship between confirmed professors,0.867,2022,2025
AUTO002589,P1257,P1276,collaboration,4,,auto,OpenAlex coauthorship between confirmed professors,0.429,2018,2025
AUTO002590,P1257,P1288,collaboration,7,,auto,OpenAlex coauthorship between confirmed professors,0.47,2012,2014
AUTO002591,P1257,P1383,collaboration,5,,auto,OpenAlex coauthorship between confirmed professors,0.152,2003,2009
AUTO002592,P1257,P1389,collaboration,2,,auto,OpenAlex coauthorship between confirmed professors,0.128,2020,2021
AUTO002593,P1257,P1395,collaboration,3,,auto,OpenAlex coauthorship between confirmed professors,0.128,2012,2017
AUTO002594,P1258,P1266,collaboration,2,,auto,OpenAlex coauthorship between confirmed professors,0.531,2025,2025
AUTO002595,P1258,P1281,collaboration,70,,auto,OpenAlex coauthorship between confirmed professors,4.807,2011,2025
AUTO002596,P1258,P1581,collaboration,2,,auto,OpenAlex coauthorship between confirmed professors,0.034,2020,2021
AUTO002597,P1258,P1583,collaboration,9,,auto,OpenAlex coauthorship between confirmed professors,0.544,2019,2024
AUTO002598,P1258,P1586,collaboration,4,,auto,OpenAlex coauthorship between confirmed professors,0.182,2020,2024
AUTO002599,P1258,P1593,collaboration,3,,auto,OpenAlex coauthorship between confirmed professors,0.17,2017,2018
AUTO002600,P1258,P1601,collaboration,3,,auto,OpenAlex coauthorship between confirmed professors,0.17,2017,2018
AUTO002601,P1259,P1280,collaboration,44,,auto,OpenAlex coauthorship between confirmed professors,6.471,2017,2026
AUTO002602,P1259,P1289,collaboration,44,,auto,OpenAlex coauthorship between confirmed professors,7.95,2015,2026
AUTO002603,P1260,P1487,collaboration,2,,auto,OpenAlex coauthorship between confirmed professors,0.115,2007,2007
AUTO002604,P1261,P1262,collaboration,4,,auto,OpenAlex coauthorship between confirmed professors,0.241,2017,2017
AUTO002605,P1261,P1271,collaboration,39,,auto,OpenAlex coauthorship between confirmed professors,2.355,2018,2026
AUTO002606,P1261,P1274,collaboration,21,,auto,OpenAlex coauthorship between confirmed professors,0.778,2025,2025
AUTO002607,P1261,P1282,collaboration,23,,auto,OpenAlex coauthorship between confirmed professors,1.786,2019,2025
AUTO002608,P1261,P1283,collaboration,7,,auto,OpenAlex coauthorship between confirmed professors,0.763,2020,2025
AUTO002609,P1261,P1291,collaboration,15,,auto,OpenAlex coauthorship between confirmed professors,2.047,2017,2024
AUTO002610,P1261,P1293,collaboration,6,,auto,OpenAlex coauthorship between confirmed professors,0.336,2016,2023
AUTO002611,P1261,P1412,collaboration,4,,auto,OpenAlex coauthorship between confirmed professors,0.511,2024,2025
AUTO002612,P1261,P1514,collaboration,4,,auto,OpenAlex coauthorship between confirmed professors,0.184,2016,2023
AUTO002613,P1264,P1269,collaboration,2,,auto,OpenAlex coauthorship between confirmed professors,0.113,2017,2020
AUTO002614,P1264,P1292,collaboration,6,,auto,OpenAlex coauthorship between confirmed professors,0.59,2017,2024
AUTO002615,P1264,P1293,collaboration,2,,auto,OpenAlex coauthorship between confirmed professors,0.042,2001,2001
AUTO002616,P1264,P1444,collaboration,2,,auto,OpenAlex coauthorship between confirmed professors,0.144,2020,2024
AUTO002617,P1264,P1489,collaboration,4,,auto,OpenAlex coauthorship between confirmed professors,0.174,2005,2007
AUTO002618,P1266,P1541,collaboration,2,,auto,OpenAlex coauthorship between confirmed professors,0.066,2009,2012
AUTO002619,P1267,P1268,collaboration,32,,auto,OpenAlex coauthorship between confirmed professors,2.978,2020,2024
AUTO002620,P1267,P1272,collaboration,6,,auto,OpenAlex coauthorship between confirmed professors,1.152,2024,2026
AUTO002621,P1268,P1272,collaboration,2,,auto,OpenAlex coauthorship between confirmed professors,0.262,2020,2021
AUTO002622,P1268,P1279,collaboration,7,,auto,OpenAlex coauthorship between confirmed professors,1.603,2017,2021
AUTO002623,P1269,P1273,collaboration,2,,auto,OpenAlex coauthorship between confirmed professors,0.321,2024,2024
AUTO002624,P1269,P1292,collaboration,3,,auto,OpenAlex coauthorship between confirmed professors,0.168,2017,2024
AUTO002625,P1270,P1276,collaboration,50,,auto,OpenAlex coauthorship between confirmed professors,8.155,2021,2026
AUTO002626,P1270,P1382,collaboration,4,,auto,OpenAlex coauthorship between confirmed professors,0.345,2022,2025
AUTO002627,P1270,P1424,collaboration,2,,auto,OpenAlex coauthorship between confirmed professors,0.077,2017,2022
AUTO002628,P1271,P1274,collaboration,24,,auto,OpenAlex coauthorship between confirmed professors,1.033,2024,2026
AUTO002629,P1271,P1282,collaboration,4,,auto,OpenAlex coauthorship between confirmed professors,0.265,2020,2025
AUTO002630,P1271,P1293,collaboration,3,,auto,OpenAlex coauthorship between confirmed professors,0.16,2020,2023
AUTO002631,P1271,P1423,collaboration,2,,auto,OpenAlex coauthorship between confirmed professors,0.086,2018,2023
AUTO002632,P1271,P1527,collaboration,2,,auto,OpenAlex coauthorship between confirmed professors,0.149,2023,2026
AUTO002633,P1273,P1423,collaboration,3,,auto,OpenAlex coauthorship between confirmed professors,0.215,2018,2019
AUTO002634,P1276,P1382,collaboration,2,,auto,OpenAlex coauthorship between confirmed professors,0.235,2022,2023
AUTO002635,P1278,P1280,collaboration,3,,auto,OpenAlex coauthorship between confirmed professors,0.087,2008,2008
AUTO002636,P1278,P1527,collaboration,2,,auto,OpenAlex coauthorship between confirmed professors,0.196,2020,2020
AUTO002637,P1279,P1286,collaboration,5,,auto,OpenAlex coauthorship between confirmed professors,0.925,2021,2026
AUTO002638,P1280,P1289,collaboration,21,,auto,OpenAlex coauthorship between confirmed professors,3.046,2017,2026
AUTO002639,P1280,P1308,collaboration,3,,auto,OpenAlex coauthorship between confirmed professors,0.146,2008,2008
AUTO002640,P1282,P1291,collaboration,4,,auto,OpenAlex coauthorship between confirmed professors,0.33,2019,2024
AUTO002641,P1282,P1293,collaboration,3,,auto,OpenAlex coauthorship between confirmed professors,0.175,2019,2020
AUTO002642,P1282,P1295,collaboration,2,,auto,OpenAlex coauthorship between confirmed professors,0.093,2022,2023
AUTO002643,P1283,P1291,collaboration,3,,auto,OpenAlex coauthorship between confirmed professors,0.212,2020,2023
AUTO002644,P1285,P1470,collaboration,7,,auto,OpenAlex coauthorship between confirmed professors,1.011,2017,2025
AUTO002645,P1288,P1323,collaboration,2,,auto,OpenAlex coauthorship between confirmed professors,0.083,2016,2016
AUTO002646,P1290,P1427,collaboration,2,,auto,OpenAlex coauthorship between confirmed professors,0.139,2020,2020
AUTO002647,P1290,P1433,collaboration,2,,auto,OpenAlex coauthorship between confirmed professors,0.123,2012,2013
AUTO002648,P1291,P1548,collaboration,3,,auto,OpenAlex coauthorship between confirmed professors,0.113,1999,2003
AUTO002649,P1291,P1574,collaboration,2,,auto,OpenAlex coauthorship between confirmed professors,0.073,2003,2007
AUTO002650,P1293,P1299,collaboration,2,,auto,OpenAlex coauthorship between confirmed professors,0.171,2018,2024
AUTO002651,P1293,P1300,collaboration,2,,auto,OpenAlex coauthorship between confirmed professors,0.17,2019,2026
AUTO002652,P1293,P1306,collaboration,6,,auto,OpenAlex coauthorship between confirmed professors,0.507,2011,2024
AUTO002653,P1293,P1501,collaboration,2,,auto,OpenAlex coauthorship between confirmed professors,0.183,2019,2021
AUTO002654,P1293,P1514,collaboration,28,,auto,OpenAlex coauthorship between confirmed professors,3.024,2011,2023
AUTO002655,P1293,P1548,collaboration,6,,auto,OpenAlex coauthorship between confirmed professors,0.35,2012,2025
AUTO002656,P1295,P1298,collaboration,4,,auto,OpenAlex coauthorship between confirmed professors,0.277,2020,2025
AUTO002657,P1295,P1299,collaboration,3,,auto,OpenAlex coauthorship between confirmed professors,0.504,2021,2026
AUTO002658,P1295,P1310,collaboration,15,,auto,OpenAlex coauthorship between confirmed professors,4.058,2016,2026
AUTO002659,P1295,P1319,collaboration,2,,auto,OpenAlex coauthorship between confirmed professors,0.16,2020,2020
AUTO002660,P1295,P1533,collaboration,8,,auto,OpenAlex coauthorship between confirmed professors,0.494,2004,2017
AUTO002661,P1296,P1301,collaboration,3,,auto,OpenAlex coauthorship between confirmed professors,0.117,2016,2019
AUTO002662,P1296,P1306,collaboration,2,,auto,OpenAlex coauthorship between confirmed professors,0.192,2019,2024
AUTO002663,P1296,P1307,collaboration,3,,auto,OpenAlex coauthorship between confirmed professors,0.191,2019,2024
AUTO002664,P1296,P1321,collaboration,13,,auto,OpenAlex coauthorship between confirmed professors,2.461,2019,2026
AUTO002665,P1297,P1300,collaboration,4,,auto,OpenAlex coauthorship between confirmed professors,0.381,2018,2021
AUTO002666,P1298,P1303,collaboration,8,,auto,OpenAlex coauthorship between confirmed professors,4.833,2020,2025
AUTO002667,P1298,P1319,collaboration,7,,auto,OpenAlex coauthorship between confirmed professors,2.236,2019,2025
AUTO002668,P1298,P1392,collaboration,2,,auto,OpenAlex coauthorship between confirmed professors,0.098,2009,2012
AUTO002669,P1298,P1489,collaboration,2,,auto,OpenAlex coauthorship between confirmed professors,0.072,2015,2021
AUTO002670,P1299,P1306,collaboration,2,,auto,OpenAlex coauthorship between confirmed professors,0.171,2018,2024
AUTO002671,P1300,P1316,collaboration,2,,auto,OpenAlex coauthorship between confirmed professors,0.211,2026,2026
AUTO002672,P1301,P1302,collaboration,3,,auto,OpenAlex coauthorship between confirmed professors,0.149,2018,2019
AUTO002673,P1301,P1308,collaboration,4,,auto,OpenAlex coauthorship between confirmed professors,0.683,2025,2026
AUTO002674,P1301,P1320,collaboration,2,,auto,OpenAlex coauthorship between confirmed professors,0.144,2019,2019
AUTO002675,P1301,P1423,collaboration,7,,auto,OpenAlex coauthorship between confirmed professors,0.909,2017,2026
AUTO002676,P1301,P1438,collaboration,2,,auto,OpenAlex coauthorship between confirmed professors,0.072,2025,2025
AUTO002677,P1302,P1307,collaboration,3,,auto,OpenAlex coauthorship between confirmed professors,0.199,2019,2021
AUTO002678,P1302,P1311,collaboration,5,,auto,OpenAlex coauthorship between confirmed professors,0.819,2020,2025
AUTO002679,P1304,P1305,collaboration,2,,auto,OpenAlex coauthorship between confirmed professors,0.158,2018,2023
AUTO002680,P1305,P1313,collaboration,10,,auto,OpenAlex coauthorship between confirmed professors,1.177,2009,2025
AUTO002681,P1305,P1317,collaboration,5,,auto,OpenAlex coauthorship between confirmed professors,0.46,2022,2025
AUTO002682,P1306,P1307,collaboration,3,,auto,OpenAlex coauthorship between confirmed professors,0.275,2019,2024
AUTO002683,P1306,P1309,collaboration,3,,auto,OpenAlex coauthorship between confirmed professors,0.295,2022,2024
AUTO002684,P1306,P1314,collaboration,2,,auto,OpenAlex coauthorship between confirmed professors,0.254,2024,2024
AUTO002685,P1306,P1534,collaboration,2,,auto,OpenAlex coauthorship between confirmed professors,0.051,2025,2026
AUTO002686,P1307,P1320,collaboration,2,,auto,OpenAlex coauthorship between confirmed professors,0.137,2019,2020
AUTO002687,P1310,P1533,collaboration,3,,auto,OpenAlex coauthorship between confirmed professors,0.201,2009,2017
AUTO002688,P1311,P1315,collaboration,3,,auto,OpenAlex coauthorship between confirmed professors,1.813,2023,2025
AUTO002689,P1311,P1320,collaboration,3,,auto,OpenAlex coauthorship between confirmed professors,0.35,2025,2026
AUTO002690,P1314,P1316,collaboration,1,,auto,OpenAlex coauthorship between confirmed professors,1.157,2021,2021
AUTO002691,P1316,P1548,collaboration,5,,auto,OpenAlex coauthorship between confirmed professors,0.337,2020,2023
AUTO002692,P1320,P1584,collaboration,3,,auto,OpenAlex coauthorship between confirmed professors,0.38,2021,2026
AUTO002693,P1322,P1323,collaboration,9,,auto,OpenAlex coauthorship between confirmed professors,2.505,2021,2026
AUTO002694,P1322,P1325,collaboration,3,,auto,OpenAlex coauthorship between confirmed professors,0.483,2013,2014
AUTO002695,P1322,P1327,collaboration,24,,auto,OpenAlex coauthorship between confirmed professors,1.623,2007,2012
AUTO002696,P1322,P1328,collaboration,13,,auto,OpenAlex coauthorship between confirmed professors,2.14,2020,2025
AUTO002697,P1322,P1336,collaboration,3,,auto,OpenAlex coauthorship between confirmed professors,0.656,2012,2024
AUTO002698,P1322,P1338,collaboration,3,,auto,OpenAlex coauthorship between confirmed professors,0.365,2013,2014
AUTO002699,P1322,P1340,collaboration,9,,auto,OpenAlex coauthorship between confirmed professors,0.234,2009,2011
AUTO002700,P1322,P1342,collaboration,6,,auto,OpenAlex coauthorship between confirmed professors,0.497,2009,2010
AUTO002701,P1322,P1344,collaboration,9,,auto,OpenAlex coauthorship between confirmed professors,1.363,2020,2026
AUTO002702,P1322,P1349,collaboration,122,,auto,OpenAlex coauthorship between confirmed professors,15.469,2009,2026
AUTO002703,P1322,P1353,collaboration,3,,auto,OpenAlex coauthorship between confirmed professors,0.29,2020,2024
AUTO002704,P1322,P1355,collaboration,21,,auto,OpenAlex coauthorship between confirmed professors,1.865,2014,2024
AUTO002705,P1322,P1363,collaboration,3,,auto,OpenAlex coauthorship between confirmed professors,0.57,2020,2021
AUTO002706,P1322,P1366,collaboration,6,,auto,OpenAlex coauthorship between confirmed professors,0.203,2009,2012
AUTO002707,P1322,P1371,collaboration,2,,auto,OpenAlex coauthorship between confirmed professors,0.277,2014,2021
AUTO002708,P1322,P1372,collaboration,35,,auto,OpenAlex coauthorship between confirmed professors,3.754,2011,2026
AUTO002709,P1322,P1375,collaboration,65,,auto,OpenAlex coauthorship between confirmed professors,9.216,2014,2026
AUTO002710,P1322,P1377,collaboration,28,,auto,OpenAlex coauthorship between confirmed professors,2.352,2012,2021
AUTO002711,P1322,P1382,collaboration,2,,auto,OpenAlex coauthorship between confirmed professors,0.072,1996,2015
AUTO002712,P1322,P1463,collaboration,2,,auto,OpenAlex coauthorship between confirmed professors,0.226,2013,2018
AUTO002713,P1322,P1471,collaboration,11,,auto,OpenAlex coauthorship between confirmed professors,1.513,2006,2023
AUTO002714,P1323,P1326,collaboration,4,,auto,OpenAlex coauthorship between confirmed professors,0.34,2016,2022
AUTO002715,P1323,P1328,collaboration,4,,auto,OpenAlex coauthorship between confirmed professors,0.462,2023,2025
AUTO002716,P1323,P1349,collaboration,3,,auto,OpenAlex coauthorship between confirmed professors,0.469,2021,2026
AUTO002717,P1323,P1350,collaboration,2,,auto,OpenAlex coauthorship between confirmed professors,0.071,2007,2013
AUTO002718,P1323,P1375,collaboration,2,,auto,OpenAlex coauthorship between confirmed professors,0.341,2025,2026
AUTO002719,P1323,P1525,collaboration,2,,auto,OpenAlex coauthorship between confirmed professors,0.119,2014,2018
AUTO002720,P1323,P1526,collaboration,28,,auto,OpenAlex coauthorship between confirmed professors,1.809,2011,2025
AUTO002721,P1323,P1527,collaboration,5,,auto,OpenAlex coauthorship between confirmed professors,0.333,2012,2018
AUTO002722,P1323,P1531,collaboration,2,,auto,OpenAlex coauthorship between confirmed professors,0.082,2012,2021
AUTO002723,P1323,P1554,collaboration,6,,auto,OpenAlex coauthorship between confirmed professors,2.2,2021,2025
AUTO002724,P1323,P1568,collaboration,10,,auto,OpenAlex coauthorship between confirmed professors,0.683,2011,2022
AUTO002725,P1323,P1575,collaboration,5,,auto,OpenAlex coauthorship between confirmed professors,0.292,2011,2019
AUTO002726,P1323,P1623,collaboration,4,,auto,OpenAlex coauthorship between confirmed professors,0.302,2017,2024
AUTO002727,P1324,P1325,collaboration,228,,auto,OpenAlex coauthorship between confirmed professors,54.606,2009,2026
AUTO002728,P1324,P1331,collaboration,3,,auto,OpenAlex coauthorship between confirmed professors,0.312,2018,2025
AUTO002729,P1324,P1334,collaboration,3,,auto,OpenAlex coauthorship between confirmed professors,0.402,2017,2024
AUTO002730,P1324,P1335,collaboration,92,,auto,OpenAlex coauthorship between confirmed professors,15.972,2010,2026
AUTO002731,P1324,P1338,collaboration,35,,auto,OpenAlex coauthorship between confirmed professors,3.876,2012,2018
AUTO002732,P1324,P1340,collaboration,2,,auto,OpenAlex coauthorship between confirmed professors,0.237,2022,2024
AUTO002733,P1324,P1341,collaboration,94,,auto,OpenAlex coauthorship between confirmed professors,9.081,2009,2025
AUTO002734,P1324,P1343,collaboration,3,,auto,OpenAlex coauthorship between confirmed professors,1.028,2024,2025
AUTO002735,P1324,P1344,collaboration,3,,auto,OpenAlex coauthorship between confirmed professors,0.263,2018,2026
AUTO002736,P1324,P1345,collaboration,2,,auto,OpenAlex coauthorship between confirmed professors,0.353,2023,2026
AUTO002737,P1324,P1351,collaboration,4,,auto,OpenAlex coauthorship between confirmed professors,0.528,2022,2025
AUTO002738,P1324,P1354,collaboration,2,,auto,OpenAlex coauthorship between confirmed professors,0.187,2018,2020
AUTO002739,P1324,P1355,collaboration,4,,auto,OpenAlex coauthorship between confirmed professors,0.899,2020,2025
AUTO002740,P1324,P1373,collaboration,6,,auto,OpenAlex coauthorship between confirmed professors,0.223,2008,2009
AUTO002741,P1324,P1378,collaboration,4,,auto,OpenAlex coauthorship between confirmed professors,0.838,2020,2025
AUTO002742,P1324,P1379,collaboration,2,,auto,OpenAlex coauthorship between confirmed professors,0.258,2020,2022
AUTO002743,P1324,P1388,collaboration,4,,auto,OpenAlex coauthorship between confirmed professors,0.423,2012,2026
AUTO002744,P1325,P1335,collaboration,96,,auto,OpenAlex coauthorship between confirmed professors,11.543,2010,2026
AUTO002745,P1325,P1338,collaboration,45,,auto,OpenAlex coauthorship between confirmed professors,5.668,2012,2018
AUTO002746,P1325,P1340,collaboration,2,,auto,OpenAlex coauthorship between confirmed professors,0.237,2022,2024
AUTO002747,P1325,P1341,collaboration,111,,auto,OpenAlex coauthorship between confirmed professors,12.475,2008,2026
AUTO002748,P1325,P1345,collaboration,2,,auto,OpenAlex coauthorship between confirmed professors,0.353,2023,2026
AUTO002749,P1325,P1351,collaboration,3,,auto,OpenAlex coauthorship between confirmed professors,0.403,2022,2025
AUTO002750,P1325,P1353,collaboration,3,,auto,OpenAlex coauthorship between confirmed professors,2.5,2024,2026
AUTO002751,P1325,P1373,collaboration,3,,auto,OpenAlex coauthorship between confirmed professors,0.133,2009,2013
AUTO002752,P1325,P1377,collaboration,4,,auto,OpenAlex coauthorship between confirmed professors,0.493,2013,2023
AUTO002753,P1325,P1388,collaboration,3,,auto,OpenAlex coauthorship between confirmed professors,0.323,2012,2018
AUTO002754,P1326,P1351,collaboration,2,,auto,OpenAlex coauthorship between confirmed professors,0.278,2024,2026
AUTO002755,P1326,P1417,collaboration,3,,auto,OpenAlex coauthorship between confirmed professors,0.14,2014,2018
AUTO002756,P1326,P1547,collaboration,2,,auto,OpenAlex coauthorship between confirmed professors,0.059,2012,2012
AUTO002757,P1327,P1333,collaboration,25,,auto,OpenAlex coauthorship between confirmed professors,3.39,2011,2026
AUTO002758,P1327,P1336,collaboration,3,,auto,OpenAlex coauthorship between confirmed professors,0.496,2019,2023
AUTO002759,P1327,P1339,collaboration,18,,auto,OpenAlex coauthorship between confirmed professors,1.065,2007,2016
AUTO002760,P1327,P1340,collaboration,35,,auto,OpenAlex coauthorship between confirmed professors,2.0,2009,2022
AUTO002761,P1327,P1342,collaboration,26,,auto,OpenAlex coauthorship between confirmed professors,2.168,2007,2019
AUTO002762,P1327,P1347,collaboration,6,,auto,OpenAlex coauthorship between confirmed professors,0.459,2006,2008
AUTO002763,P1327,P1348,collaboration,5,,auto,OpenAlex coauthorship between confirmed professors,0.395,2006,2019
AUTO002764,P1327,P1349,collaboration,2,,auto,OpenAlex coauthorship between confirmed professors,0.159,2010,2010
AUTO002765,P1327,P1351,collaboration,6,,auto,OpenAlex coauthorship between confirmed professors,0.538,2017,2022
AUTO002766,P1327,P1357,collaboration,9,,auto,OpenAlex coauthorship between confirmed professors,0.61,2011,2016
AUTO002767,P1327,P1366,collaboration,32,,auto,OpenAlex coauthorship between confirmed professors,1.396,2008,2019
AUTO002768,P1327,P1374,collaboration,3,,auto,OpenAlex coauthorship between confirmed professors,0.114,2013,2015
AUTO002769,P1327,P1377,collaboration,3,,auto,OpenAlex coauthorship between confirmed professors,0.116,2008,2009
AUTO002770,P1328,P1336,collaboration,8,,auto,OpenAlex coauthorship between confirmed professors,1.305,2020,2025
AUTO002771,P1328,P1340,collaboration,6,,auto,OpenAlex coauthorship between confirmed professors,0.613,2020,2023
AUTO002772,P1328,P1344,collaboration,13,,auto,OpenAlex coauthorship between confirmed professors,3.283,2020,2026
AUTO002773,P1328,P1349,collaboration,4,,auto,OpenAlex coauthorship between confirmed professors,0.347,2023,2025
AUTO002774,P1328,P1351,collaboration,11,,auto,OpenAlex coauthorship between confirmed professors,1.242,2020,2026
AUTO002775,P1328,P1353,collaboration,8,,auto,OpenAlex coauthorship between confirmed professors,0.94,2020,2026
AUTO002776,P1328,P1372,collaboration,5,,auto,OpenAlex coauthorship between confirmed professors,1.066,2022,2025
AUTO002777,P1328,P1375,collaboration,4,,auto,OpenAlex coauthorship between confirmed professors,0.347,2023,2025
AUTO002778,P1328,P1550,collaboration,3,,auto,OpenAlex coauthorship between confirmed professors,0.151,2014,2018
AUTO002779,P1329,P1330,collaboration,6,,auto,OpenAlex coauthorship between confirmed professors,0.26,2009,2012
AUTO002780,P1329,P1332,collaboration,31,,auto,OpenAlex coauthorship between confirmed professors,1.401,2005,2019
AUTO002781,P1329,P1343,collaboration,21,,auto,OpenAlex coauthorship between confirmed professors,6.772,2017,2026
AUTO002782,P1329,P1361,collaboration,34,,auto,OpenAlex coauthorship between confirmed professors,2.133,2005,2026
AUTO002783,P1329,P1362,collaboration,5,,auto,OpenAlex coauthorship between confirmed professors,0.348,2013,2019
AUTO002784,P1329,P1369,collaboration,4,,auto,OpenAlex coauthorship between confirmed professors,0.217,2011,2013
AUTO002785,P1329,P1370,collaboration,2,,auto,OpenAlex coauthorship between confirmed professors,0.337,2019,2023
AUTO002786,P1329,P1380,collaboration,21,,auto,OpenAlex coauthorship between confirmed professors,1.274,2011,2016
AUTO002787,P1330,P1331,collaboration,15,,auto,OpenAlex coauthorship between confirmed professors,1.496,2019,2025
AUTO002788,P1330,P1332,collaboration,3,,auto,OpenAlex coauthorship between confirmed professors,0.174,2010,2011
AUTO002789,P1330,P1334,collaboration,5,,auto,OpenAlex coauthorship between confirmed professors,0.773,2013,2017
AUTO002790,P1330,P1338,collaboration,3,,auto,OpenAlex coauthorship between confirmed professors,0.385,2016,2017
AUTO002791,P1330,P1350,collaboration,8,,auto,OpenAlex coauthorship between confirmed professors,0.685,2019,2025
AUTO002792,P1330,P1354,collaboration,3,,auto,OpenAlex coauthorship between confirmed professors,0.29,2022,2026
AUTO002793,P1330,P1364,collaboration,8,,auto,OpenAlex coauthorship between confirmed professors,1.274,2020,2024
AUTO002794,P1330,P1376,collaboration,4,,auto,OpenAlex coauthorship between confirmed professors,0.363,2020,2023
AUTO002795,P1330,P1381,collaboration,3,,auto,OpenAlex coauthorship between confirmed professors,0.27,2022,2025
AUTO002796,P1331,P1350,collaboration,57,,auto,OpenAlex coauthorship between confirmed professors,6.831,2007,2026
AUTO002797,P1331,P1351,collaboration,2,,auto,OpenAlex coauthorship between confirmed professors,0.245,2022,2025
AUTO002798,P1331,P1354,collaboration,57,,auto,OpenAlex coauthorship between confirmed professors,8.711,2016,2026
AUTO002799,P1331,P1364,collaboration,17,,auto,OpenAlex coauthorship between confirmed professors,1.809,2013,2023
AUTO002800,P1331,P1373,collaboration,32,,auto,OpenAlex coauthorship between confirmed professors,2.588,2009,2025
AUTO002801,P1331,P1376,collaboration,40,,auto,OpenAlex coauthorship between confirmed professors,3.072,2007,2024
AUTO002802,P1331,P1381,collaboration,19,,auto,OpenAlex coauthorship between confirmed professors,1.983,2019,2025
AUTO002803,P1331,P1411,collaboration,4,,auto,OpenAlex coauthorship between confirmed professors,0.275,2011,2015
AUTO002804,P1331,P1438,collaboration,4,,auto,OpenAlex coauthorship between confirmed professors,0.275,2011,2015
AUTO002805,P1332,P1343,collaboration,4,,auto,OpenAlex coauthorship between confirmed professors,1.461,2020,2025
AUTO002806,P1332,P1346,collaboration,2,,auto,OpenAlex coauthorship between confirmed professors,0.251,2022,2023
AUTO002807,P1332,P1361,collaboration,19,,auto,OpenAlex coauthorship between confirmed professors,1.168,2005,2024
AUTO002808,P1332,P1362,collaboration,19,,auto,OpenAlex coauthorship between confirmed professors,3.329,2012,2026
AUTO002809,P1332,P1369,collaboration,2,,auto,OpenAlex coauthorship between confirmed professors,0.063,2011,2012
AUTO002810,P1332,P1370,collaboration,4,,auto,OpenAlex coauthorship between confirmed professors,1.203,2020,2025
AUTO002811,P1332,P1380,collaboration,5,,auto,OpenAlex coauthorship between confirmed professors,0.231,2009,2014
AUTO002812,P1332,P1517,collaboration,2,,auto,OpenAlex coauthorship between confirmed professors,0.061,2017,2018
AUTO002813,P1332,P1528,collaboration,2,,auto,OpenAlex coauthorship between confirmed professors,0.061,2017,2018
AUTO002814,P1332,P1545,collaboration,2,,auto,OpenAlex coauthorship between confirmed professors,0.061,2017,2018
AUTO002815,P1333,P1336,collaboration,6,,auto,OpenAlex coauthorship between confirmed professors,0.784,2013,2021
AUTO002816,P1333,P1339,collaboration,12,,auto,OpenAlex coauthorship between confirmed professors,1.039,2010,2019
AUTO002817,P1333,P1340,collaboration,5,,auto,OpenAlex coauthorship between confirmed professors,0.31,2011,2014
AUTO002818,P1333,P1348,collaboration,3,,auto,OpenAlex coauthorship between confirmed professors,0.383,2012,2019
AUTO002819,P1333,P1357,collaboration,6,,auto,OpenAlex coauthorship between confirmed professors,0.487,2012,2019
AUTO002820,P1333,P1363,collaboration,3,,auto,OpenAlex coauthorship between confirmed professors,0.339,2020,2024
AUTO002821,P1333,P1366,collaboration,2,,auto,OpenAlex coauthorship between confirmed professors,0.055,2012,2013
AUTO002822,P1333,P1369,collaboration,2,,auto,OpenAlex coauthorship between confirmed professors,0.236,2024,2024
AUTO002823,P1334,P1335,collaboration,2,,auto,OpenAlex coauthorship between confirmed professors,0.244,2024,2025
AUTO002824,P1334,P1338,collaboration,24,,auto,OpenAlex coauthorship between confirmed professors,3.874,2016,2025
AUTO002825,P1334,P1345,collaboration,2,,auto,OpenAlex coauthorship between confirmed professors,0.22,2025,2025
AUTO002826,P1334,P1378,collaboration,2,,auto,OpenAlex coauthorship between confirmed professors,0.402,2020,2024
AUTO002827,P1334,P1380,collaboration,15,,auto,OpenAlex coauthorship between confirmed professors,2.381,2018,2025
AUTO002828,P1335,P1338,collaboration,12,,auto,OpenAlex coauthorship between confirmed professors,1.203,2012,2025
AUTO002829,P1335,P1341,collaboration,54,,auto,OpenAlex coauthorship between confirmed professors,4.431,2010,2024
AUTO002830,P1335,P1345,collaboration,4,,auto,OpenAlex coauthorship between confirmed professors,0.727,2021,2026
AUTO002831,P1335,P1380,collaboration,5,,auto,OpenAlex coauthorship between confirmed professors,0.721,2023,2025
AUTO002832,P1335,P1388,collaboration,2,,auto,OpenAlex coauthorship between confirmed professors,0.252,2015,2018
AUTO002833,P1335,P1533,collaboration,2,,auto,OpenAlex coauthorship between confirmed professors,0.177,2019,2022
AUTO002834,P1335,P1535,collaboration,2,,auto,OpenAlex coauthorship between confirmed professors,0.177,2019,2022
AUTO002835,P1336,P1340,collaboration,22,,auto,OpenAlex coauthorship between confirmed professors,2.177,2013,2025
AUTO002836,P1336,P1344,collaboration,12,,auto,OpenAlex coauthorship between confirmed professors,1.012,2016,2023
AUTO002837,P1336,P1347,collaboration,2,,auto,OpenAlex coauthorship between confirmed professors,0.15,2020,2021
AUTO002838,P1336,P1348,collaboration,2,,auto,OpenAlex coauthorship between confirmed professors,0.18,2020,2020
AUTO002839,P1336,P1351,collaboration,48,,auto,OpenAlex coauthorship between confirmed professors,4.797,2016,2025
AUTO002840,P1336,P1353,collaboration,7,,auto,OpenAlex coauthorship between confirmed professors,0.849,2020,2025
AUTO002841,P1336,P1366,collaboration,15,,auto,OpenAlex coauthorship between confirmed professors,1.159,2017,2023
AUTO002842,P1336,P1371,collaboration,8,,auto,OpenAlex coauthorship between confirmed professors,0.638,2015,2018
AUTO002843,P1336,P1457,collaboration,4,,auto,OpenAlex coauthorship between confirmed professors,0.328,2020,2022
AUTO002844,P1336,P1513,collaboration,4,,auto,OpenAlex coauthorship between confirmed professors,0.328,2020,2022
AUTO002845,P1337,P1345,collaboration,5,,auto,OpenAlex coauthorship between confirmed professors,0.498,2019,2022
AUTO002846,P1337,P1358,collaboration,2,,auto,OpenAlex coauthorship between confirmed professors,0.206,2016,2019
AUTO002847,P1337,P1365,collaboration,24,,auto,OpenAlex coauthorship between confirmed professors,3.671,2019,2025
AUTO002848,P1337,P1368,collaboration,13,,auto,OpenAlex coauthorship between confirmed professors,1.926,2019,2024
AUTO002849,P1337,P1370,collaboration,2,,auto,OpenAlex coauthorship between confirmed professors,0.081,2011,2011
AUTO002850,P1337,P1532,collaboration,4,,auto,OpenAlex coauthorship between confirmed professors,0.062,2007,2018
AUTO002851,P1338,P1341,collaboration,12,,auto,OpenAlex coauthorship between confirmed professors,1.303,2012,2018
AUTO002852,P1338,P1359,collaboration,2,,auto,OpenAlex coauthorship between confirmed professors,0.034,2001,2005
AUTO002853,P1338,P1377,collaboration,3,,auto,OpenAlex coauthorship between confirmed professors,0.362,2013,2016
AUTO002854,P1338,P1380,collaboration,27,,auto,OpenAlex coauthorship between confirmed professors,6.528,2018,2025
AUTO002855,P1339,P1342,collaboration,8,,auto,OpenAlex coauthorship between confirmed professors,2.077,2013,2019
AUTO002856,P1339,P1349,collaboration,3,,auto,OpenAlex coauthorship between confirmed professors,0.459,2015,2015
AUTO002857,P1339,P1357,collaboration,35,,auto,OpenAlex coauthorship between confirmed professors,4.273,2012,2026
AUTO002858,P1339,P1374,collaboration,2,,auto,OpenAlex coauthorship between confirmed professors,0.088,2014,2015
AUTO002859,P1339,P1400,collaboration,7,,auto,OpenAlex coauthorship between confirmed professors,0.323,2014,2018
AUTO002860,P1340,P1342,collaboration,11,,auto,OpenAlex coauthorship between confirmed professors,0.809,2009,2019
AUTO002861,P1340,P1344,collaboration,14,,auto,OpenAlex coauthorship between confirmed professors,1.495,2018,2025
AUTO002862,P1340,P1347,collaboration,2,,auto,OpenAlex coauthorship between confirmed professors,0.205,2021,2023
AUTO002863,P1340,P1351,collaboration,37,,auto,OpenAlex coauthorship between confirmed professors,3.516,2017,2025
AUTO002864,P1340,P1353,collaboration,8,,auto,OpenAlex coauthorship between confirmed professors,1.026,2020,2025
AUTO002865,P1340,P1366,collaboration,37,,auto,OpenAlex coauthorship between confirmed professors,1.973,2009,2023
AUTO002866,P1340,P1374,collaboration,2,,auto,OpenAlex coauthorship between confirmed professors,0.151,2013,2024
AUTO002867,P1340,P1377,collaboration,5,,auto,OpenAlex coauthorship between confirmed professors,0.553,2022,2025
AUTO002868,P1342,P1344,collaboration,3,,auto,OpenAlex coauthorship between confirmed professors,0.384,2017,2019
AUTO002869,P1342,P1347,collaboration,2,,auto,OpenAlex coauthorship between confirmed professors,0.273,2017,2017
AUTO002870,P1342,P1349,collaboration,3,,auto,OpenAlex coauthorship between confirmed professors,0.326,2010,2015
AUTO002871,P1342,P1351,collaboration,2,,auto,OpenAlex coauthorship between confirmed professors,0.21,2017,2018
AUTO002872,P1342,P1352,collaboration,3,,auto,OpenAlex coauthorship between confirmed professors,0.76,2022,2024
AUTO002873,P1342,P1357,collaboration,2,,auto,OpenAlex coauthorship between confirmed professors,0.424,2018,2023
AUTO002874,P1342,P1366,collaboration,15,,auto,OpenAlex coauthorship between confirmed professors,1.103,2008,2019
AUTO002875,P1343,P1350,collaboration,2,,auto,OpenAlex coauthorship between confirmed professors,0.189,2014,2014
AUTO002876,P1343,P1361,collaboration,2,,auto,OpenAlex coauthorship between confirmed professors,0.31,2025,2026
AUTO002877,P1343,P1370,collaboration,29,,auto,OpenAlex coauthorship between confirmed professors,7.579,2018,2026
AUTO002878,P1343,P1373,collaboration,3,,auto,OpenAlex coauthorship between confirmed professors,0.55,2013,2025
AUTO002879,P1344,P1347,collaboration,30,,auto,OpenAlex coauthorship between confirmed professors,4.005,2020,2026
AUTO002880,P1344,P1349,collaboration,3,,auto,OpenAlex coauthorship between confirmed professors,0.363,2023,2026
AUTO002881,P1344,P1351,collaboration,22,,auto,OpenAlex coauthorship between confirmed professors,2.578,2016,2026
AUTO002882,P1344,P1353,collaboration,16,,auto,OpenAlex coauthorship between confirmed professors,2.171,2020,2026
AUTO002883,P1344,P1364,collaboration,2,,auto,OpenAlex coauthorship between confirmed professors,0.37,2020,2021
AUTO002884,P1344,P1366,collaboration,10,,auto,OpenAlex coauthorship between confirmed professors,1.14,2019,2023
AUTO002885,P1344,P1372,collaboration,6,,auto,OpenAlex coauthorship between confirmed professors,1.24,2022,2026
AUTO002886,P1344,P1375,collaboration,3,,auto,OpenAlex coauthorship between confirmed professors,0.363,2023,2026
AUTO002887,P1344,P1377,collaboration,13,,auto,OpenAlex coauthorship between confirmed professors,1.461,2022,2026
AUTO002888,P1345,P1358,collaboration,13,,auto,OpenAlex coauthorship between confirmed professors,1.078,2011,2019
AUTO002889,P1345,P1360,collaboration,32,,auto,OpenAlex coauthorship between confirmed professors,6.042,2012,2025
AUTO002890,P1345,P1361,collaboration,3,,auto,OpenAlex coauthorship between confirmed professors,0.403,2023,2025
AUTO002891,P1345,P1365,collaboration,7,,auto,OpenAlex coauthorship between confirmed professors,0.789,2017,2022
AUTO002892,P1345,P1378,collaboration,4,,auto,OpenAlex coauthorship between confirmed professors,0.328,2012,2015
AUTO002893,P1345,P1464,collaboration,6,,auto,OpenAlex coauthorship between confirmed professors,0.727,2018,2021
AUTO002894,P1345,P1475,collaboration,5,,auto,OpenAlex coauthorship between confirmed professors,0.51,2018,2021
AUTO002895,P1345,P1483,collaboration,2,,auto,OpenAlex coauthorship between confirmed professors,0.211,2020,2021
AUTO002896,P1345,P1508,collaboration,2,,auto,OpenAlex coauthorship between confirmed professors,0.211,2020,2021
AUTO002897,P1346,P1361,collaboration,17,,auto,OpenAlex coauthorship between confirmed professors,3.042,2018,2024
AUTO002898,P1346,P1362,collaboration,6,,auto,OpenAlex coauthorship between confirmed professors,0.661,2018,2019
AUTO002899,P1346,P1586,collaboration,5,,auto,OpenAlex coauthorship between confirmed professors,0.144,2005,2007
AUTO002900,P1347,P1351,collaboration,10,,auto,OpenAlex coauthorship between confirmed professors,1.05,2018,2024
AUTO002901,P1347,P1366,collaboration,9,,auto,OpenAlex coauthorship between confirmed professors,0.874,2017,2021
AUTO002902,P1347,P1377,collaboration,7,,auto,OpenAlex coauthorship between confirmed professors,0.648,2008,2025
AUTO002903,P1349,P1353,collaboration,2,,auto,OpenAlex coauthorship between confirmed professors,0.113,2023,2024
AUTO002904,P1349,P1355,collaboration,5,,auto,OpenAlex coauthorship between confirmed professors,0.262,2014,2019
AUTO002905,P1349,P1372,collaboration,8,,auto,OpenAlex coauthorship between confirmed professors,0.505,2011,2020
AUTO002906,P1349,P1375,collaboration,55,,auto,OpenAlex coauthorship between confirmed professors,6.665,2014,2026
AUTO002907,P1349,P1377,collaboration,10,,auto,OpenAlex coauthorship between confirmed professors,0.662,2011,2021
AUTO002908,P1350,P1354,collaboration,38,,auto,OpenAlex coauthorship between confirmed professors,7.577,2015,2026
AUTO002909,P1350,P1364,collaboration,8,,auto,OpenAlex coauthorship between confirmed professors,0.71,2013,2022
AUTO002910,P1350,P1373,collaboration,5,,auto,OpenAlex coauthorship between confirmed professors,0.556,2013,2021
AUTO002911,P1350,P1376,collaboration,17,,auto,OpenAlex coauthorship between confirmed professors,1.815,2007,2021
AUTO002912,P1350,P1381,collaboration,5,,auto,OpenAlex coauthorship between confirmed professors,0.529,2019,2025
AUTO002913,P1351,P1353,collaboration,17,,auto,OpenAlex coauthorship between confirmed professors,2.114,2020,2026
AUTO002914,P1351,P1366,collaboration,23,,auto,OpenAlex coauthorship between confirmed professors,2.122,2017,2026
AUTO002915,P1351,P1374,collaboration,7,,auto,OpenAlex coauthorship between confirmed professors,0.859,2023,2026
AUTO002916,P1351,P1457,collaboration,4,,auto,OpenAlex coauthorship between confirmed professors,0.328,2020,2022
AUTO002917,P1351,P1513,collaboration,4,,auto,OpenAlex coauthorship between confirmed professors,0.328,2020,2022
AUTO002918,P1352,P1367,collaboration,17,,auto,OpenAlex coauthorship between confirmed professors,2.71,2012,2025
AUTO002919,P1352,P1377,collaboration,2,,auto,OpenAlex coauthorship between confirmed professors,0.182,2017,2017
AUTO002920,P1353,P1366,collaboration,2,,auto,OpenAlex coauthorship between confirmed professors,0.286,2024,2026
AUTO002921,P1353,P1374,collaboration,6,,auto,OpenAlex coauthorship between confirmed professors,1.059,2021,2026
AUTO002922,P1353,P1375,collaboration,2,,auto,OpenAlex coauthorship between confirmed professors,0.113,2023,2024
AUTO002923,P1354,P1364,collaboration,11,,auto,OpenAlex coauthorship between confirmed professors,1.334,2016,2025
AUTO002924,P1354,P1373,collaboration,3,,auto,OpenAlex coauthorship between confirmed professors,0.273,2019,2023
AUTO002925,P1354,P1376,collaboration,5,,auto,OpenAlex coauthorship between confirmed professors,0.444,2016,2020
AUTO002926,P1354,P1381,collaboration,7,,auto,OpenAlex coauthorship between confirmed professors,0.737,2020,2025
AUTO002927,P1355,P1357,collaboration,4,,auto,OpenAlex coauthorship between confirmed professors,0.645,2016,2025
AUTO002928,P1355,P1372,collaboration,32,,auto,OpenAlex coauthorship between confirmed professors,6.501,2014,2026
AUTO002929,P1355,P1375,collaboration,8,,auto,OpenAlex coauthorship between confirmed professors,0.551,2014,2019
AUTO002930,P1355,P1377,collaboration,13,,auto,OpenAlex coauthorship between confirmed professors,1.79,2014,2024
AUTO002931,P1355,P1379,collaboration,20,,auto,OpenAlex coauthorship between confirmed professors,3.641,2017,2026
AUTO002932,P1355,P1411,collaboration,16,,auto,OpenAlex coauthorship between confirmed professors,1.906,2008,2021
AUTO002933,P1355,P1438,collaboration,3,,auto,OpenAlex coauthorship between confirmed professors,0.206,2013,2015
AUTO002934,P1355,P1471,collaboration,2,,auto,OpenAlex coauthorship between confirmed professors,0.168,2016,2017
AUTO002935,P1356,P1358,collaboration,4,,auto,OpenAlex coauthorship between confirmed professors,1.229,2023,2025
AUTO002936,P1356,P1450,collaboration,2,,auto,OpenAlex coauthorship between confirmed professors,0.14,2022,2022
AUTO002937,P1357,P1379,collaboration,3,,auto,OpenAlex coauthorship between confirmed professors,0.412,2017,2021
AUTO002938,P1357,P1483,collaboration,2,,auto,OpenAlex coauthorship between confirmed professors,0.25,2016,2016
AUTO002939,P1358,P1359,collaboration,4,,auto,OpenAlex coauthorship between confirmed professors,0.486,2016,2019
AUTO002940,P1358,P1360,collaboration,3,,auto,OpenAlex coauthorship between confirmed professors,0.189,2012,2012
AUTO002941,P1358,P1365,collaboration,6,,auto,OpenAlex coauthorship between confirmed professors,0.676,2016,2019
AUTO002942,P1358,P1378,collaboration,5,,auto,OpenAlex coauthorship between confirmed professors,0.464,2013,2015
AUTO002943,P1358,P1475,collaboration,2,,auto,OpenAlex coauthorship between confirmed professors,0.111,2012,2014
AUTO002944,P1359,P1365,collaboration,4,,auto,OpenAlex coauthorship between confirmed professors,0.486,2016,2019
AUTO002945,P1359,P1403,collaboration,8,,auto,OpenAlex coauthorship between confirmed professors,0.716,2019,2022
AUTO002946,P1359,P1623,collaboration,8,,auto,OpenAlex coauthorship between confirmed professors,0.692,2019,2022
AUTO002947,P1359,P1631,collaboration,6,,auto,OpenAlex coauthorship between confirmed professors,0.548,2019,2022
AUTO002948,P1360,P1464,collaboration,5,,auto,OpenAlex coauthorship between confirmed professors,0.616,2018,2020
AUTO002949,P1360,P1475,collaboration,6,,auto,OpenAlex coauthorship between confirmed professors,0.514,2012,2020
AUTO002950,P1360,P1516,collaboration,29,,auto,OpenAlex coauthorship between confirmed professors,2.378,2006,2023
AUTO002951,P1361,P1362,collaboration,19,,auto,OpenAlex coauthorship between confirmed professors,2.242,2012,2026
AUTO002952,P1361,P1380,collaboration,33,,auto,OpenAlex coauthorship between confirmed professors,2.169,2009,2025
AUTO002953,P1362,P1369,collaboration,2,,auto,OpenAlex coauthorship between confirmed professors,0.154,2013,2013
AUTO002954,P1364,P1376,collaboration,2,,auto,OpenAlex coauthorship between confirmed professors,0.257,2020,2022
AUTO002955,P1365,P1368,collaboration,18,,auto,OpenAlex coauthorship between confirmed professors,2.982,2019,2025
AUTO002956,P1365,P1381,collaboration,7,,auto,OpenAlex coauthorship between confirmed professors,0.404,2012,2014
AUTO002957,P1366,P1374,collaboration,3,,auto,OpenAlex coauthorship between confirmed professors,0.311,2013,2026
AUTO002958,P1367,P1369,collaboration,3,,auto,OpenAlex coauthorship between confirmed professors,0.7,2016,2025
AUTO002959,P1368,P1369,collaboration,3,,auto,OpenAlex coauthorship between confirmed professors,0.078,2006,2009
AUTO002960,P1368,P1378,collaboration,2,,auto,OpenAlex coauthorship between confirmed professors,1.0,2024,2024
AUTO002961,P1368,P1382,collaboration,2,,auto,OpenAlex coauthorship between confirmed professors,0.079,2002,2003
AUTO002962,P1369,P1380,collaboration,2,,auto,OpenAlex coauthorship between confirmed professors,0.064,2010,2012
AUTO002963,P1370,P1374,collaboration,3,,auto,OpenAlex coauthorship between confirmed professors,0.345,2024,2026
AUTO002964,P1372,P1375,collaboration,5,,auto,OpenAlex coauthorship between confirmed professors,0.353,2014,2020
AUTO002965,P1372,P1377,collaboration,22,,auto,OpenAlex coauthorship between confirmed professors,2.13,2011,2024
AUTO002966,P1372,P1379,collaboration,2,,auto,OpenAlex coauthorship between confirmed professors,0.195,2017,2025
AUTO002967,P1373,P1376,collaboration,34,,auto,OpenAlex coauthorship between confirmed professors,3.174,2005,2021
AUTO002968,P1373,P1381,collaboration,9,,auto,OpenAlex coauthorship between confirmed professors,0.815,2018,2023
AUTO002969,P1374,P1480,collaboration,3,,auto,OpenAlex coauthorship between confirmed professors,0.392,2021,2024
AUTO002970,P1375,P1377,collaboration,5,,auto,OpenAlex coauthorship between confirmed professors,0.335,2014,2021
AUTO002971,P1376,P1381,collaboration,11,,auto,OpenAlex coauthorship between confirmed professors,0.985,2019,2024
AUTO002972,P1379,P1411,collaboration,2,,auto,OpenAlex coauthorship between confirmed professors,0.248,2019,2020
AUTO002973,P1382,P1386,collaboration,2,,auto,OpenAlex coauthorship between confirmed professors,0.2,2024,2024
AUTO002974,P1382,P1390,collaboration,2,,auto,OpenAlex coauthorship between confirmed professors,0.2,2024,2024
AUTO002975,P1382,P1404,collaboration,3,,auto,OpenAlex coauthorship between confirmed professors,0.283,2024,2026
AUTO002976,P1383,P1392,collaboration,5,,auto,OpenAlex coauthorship between confirmed professors,0.728,2022,2024
AUTO002977,P1383,P1393,collaboration,3,,auto,OpenAlex coauthorship between confirmed professors,0.403,2022,2023
AUTO002978,P1383,P1395,collaboration,7,,auto,OpenAlex coauthorship between confirmed professors,1.236,2022,2025
AUTO002979,P1383,P1397,collaboration,2,,auto,OpenAlex coauthorship between confirmed professors,0.212,2018,2019
AUTO002980,P1383,P1406,collaboration,3,,auto,OpenAlex coauthorship between confirmed professors,0.429,2019,2025
AUTO002981,P1384,P1386,collaboration,4,,auto,OpenAlex coauthorship between confirmed professors,0.307,2016,2025
AUTO002982,P1384,P1390,collaboration,3,,auto,OpenAlex coauthorship between confirmed professors,0.236,2024,2025
AUTO002983,P1384,P1394,collaboration,3,,auto,OpenAlex coauthorship between confirmed professors,0.585,2022,2025
AUTO002984,P1384,P1404,collaboration,6,,auto,OpenAlex coauthorship between confirmed professors,0.694,2024,2025
AUTO002985,P1385,P1388,collaboration,2,,auto,OpenAlex coauthorship between confirmed professors,0.24,2022,2025
AUTO002986,P1385,P1398,collaboration,5,,auto,OpenAlex coauthorship between confirmed professors,0.556,2024,2025
AUTO002987,P1385,P1405,collaboration,6,,auto,OpenAlex coauthorship between confirmed professors,0.341,2010,2013
AUTO002988,P1386,P1387,collaboration,2,,auto,OpenAlex coauthorship between confirmed professors,0.075,2009,2011
AUTO002989,P1386,P1388,collaboration,2,,auto,OpenAlex coauthorship between confirmed professors,0.101,2008,2020
AUTO002990,P1386,P1390,collaboration,27,,auto,OpenAlex coauthorship between confirmed professors,2.23,2014,2025
AUTO002991,P1386,P1399,collaboration,2,,auto,OpenAlex coauthorship between confirmed professors,0.24,2023,2024
AUTO002992,P1386,P1404,collaboration,15,,auto,OpenAlex coauthorship between confirmed professors,2.041,2020,2026
AUTO002993,P1386,P1408,collaboration,14,,auto,OpenAlex coauthorship between confirmed professors,1.473,2018,2025
AUTO002994,P1387,P1388,collaboration,6,,auto,OpenAlex coauthorship between confirmed professors,0.306,2006,2019
AUTO002995,P1387,P1389,collaboration,22,,auto,OpenAlex coauthorship between confirmed professors,0.996,2006,2013
AUTO002996,P1387,P1393,collaboration,7,,auto,OpenAlex coauthorship between confirmed professors,0.526,2015,2023
AUTO002997,P1387,P1401,collaboration,19,,auto,OpenAlex coauthorship between confirmed professors,1.709,2010,2026
AUTO002998,P1387,P1412,collaboration,2,,auto,OpenAlex coauthorship between confirmed professors,0.118,2019,2019
AUTO002999,P1388,P1389,collaboration,4,,auto,OpenAlex coauthorship between confirmed professors,0.15,2006,2007
AUTO003000,P1388,P1393,collaboration,10,,auto,OpenAlex coauthorship between confirmed professors,0.809,2013,2022
AUTO003001,P1388,P1397,collaboration,4,,auto,OpenAlex coauthorship between confirmed professors,0.404,2023,2024
AUTO003002,P1388,P1403,collaboration,6,,auto,OpenAlex coauthorship between confirmed professors,0.718,2023,2026
AUTO003003,P1388,P1409,collaboration,6,,auto,OpenAlex coauthorship between confirmed professors,0.779,2015,2025
AUTO003004,P1389,P1401,collaboration,5,,auto,OpenAlex coauthorship between confirmed professors,0.245,2010,2013
AUTO003005,P1389,P1407,collaboration,6,,auto,OpenAlex coauthorship between confirmed professors,0.409,2015,2020
AUTO003006,P1390,P1399,collaboration,2,,auto,OpenAlex coauthorship between confirmed professors,0.24,2023,2024
AUTO003007,P1390,P1404,collaboration,11,,auto,OpenAlex coauthorship between confirmed professors,1.059,2020,2025
AUTO003008,P1390,P1408,collaboration,9,,auto,OpenAlex coauthorship between confirmed professors,0.779,2018,2022
AUTO003009,P1391,P1399,collaboration,6,,auto,OpenAlex coauthorship between confirmed professors,0.727,2016,2024
AUTO003010,P1391,P1490,collaboration,2,,auto,OpenAlex coauthorship between confirmed professors,0.233,1994,1995
AUTO003011,P1392,P1393,collaboration,5,,auto,OpenAlex coauthorship between confirmed professors,0.866,2022,2026
AUTO003012,P1392,P1395,collaboration,3,,auto,OpenAlex coauthorship between confirmed professors,0.583,2024,2026
AUTO003013,P1392,P1397,collaboration,3,,auto,OpenAlex coauthorship between confirmed professors,0.269,2019,2022
AUTO003014,P1392,P1400,collaboration,2,,auto,OpenAlex coauthorship between confirmed professors,0.1,2019,2019
AUTO003015,P1392,P1489,collaboration,3,,auto,OpenAlex coauthorship between confirmed professors,0.123,2014,2015
AUTO003016,P1393,P1395,collaboration,13,,auto,OpenAlex coauthorship between confirmed professors,1.787,2022,2026
AUTO003017,P1393,P1397,collaboration,3,,auto,OpenAlex coauthorship between confirmed professors,0.345,2019,2022
AUTO003018,P1393,P1401,collaboration,2,,auto,OpenAlex coauthorship between confirmed professors,0.173,2019,2019
AUTO003019,P1393,P1405,collaboration,7,,auto,OpenAlex coauthorship between confirmed professors,0.777,2023,2025
AUTO003020,P1393,P1406,collaboration,2,,auto,OpenAlex coauthorship between confirmed professors,0.177,2019,2022
AUTO003021,P1393,P1409,collaboration,7,,auto,OpenAlex coauthorship between confirmed professors,0.593,2013,2025
AUTO003022,P1394,P1404,collaboration,3,,auto,OpenAlex coauthorship between confirmed professors,0.271,2025,2026
AUTO003023,P1395,P1405,collaboration,3,,auto,OpenAlex coauthorship between confirmed professors,0.27,2023,2025
AUTO003024,P1395,P1516,collaboration,2,,auto,OpenAlex coauthorship between confirmed professors,0.178,2019,2021
AUTO003025,P1397,P1400,collaboration,6,,auto,OpenAlex coauthorship between confirmed professors,0.434,2019,2021
AUTO003026,P1397,P1406,collaboration,10,,auto,OpenAlex coauthorship between confirmed professors,1.487,2017,2024
AUTO003027,P1397,P1409,collaboration,3,,auto,OpenAlex coauthorship between confirmed professors,0.313,2023,2024
AUTO003028,P1399,P1404,collaboration,2,,auto,OpenAlex coauthorship between confirmed professors,0.24,2023,2024
AUTO003029,P1400,P1598,collaboration,2,,auto,OpenAlex coauthorship between confirmed professors,0.073,2008,2008
AUTO003030,P1402,P1404,collaboration,2,,auto,OpenAlex coauthorship between confirmed professors,0.236,2025,2025
AUTO003031,P1402,P1414,collaboration,2,,auto,OpenAlex coauthorship between confirmed professors,0.061,2022,2022
AUTO003032,P1402,P1441,collaboration,4,,auto,OpenAlex coauthorship between confirmed professors,0.118,2021,2022
AUTO003033,P1402,P1447,collaboration,4,,auto,OpenAlex coauthorship between confirmed professors,0.118,2021,2022
AUTO003034,P1402,P1453,collaboration,4,,auto,OpenAlex coauthorship between confirmed professors,0.118,2021,2022
AUTO003035,P1403,P1409,collaboration,2,,auto,OpenAlex coauthorship between confirmed professors,0.169,2023,2025
AUTO003036,P1403,P1623,collaboration,12,,auto,OpenAlex coauthorship between confirmed professors,0.903,2019,2023
AUTO003037,P1403,P1631,collaboration,9,,auto,OpenAlex coauthorship between confirmed professors,0.701,2019,2023
AUTO003038,P1411,P1438,collaboration,66,,auto,OpenAlex coauthorship between confirmed professors,6.745,2010,2025
AUTO003039,P1411,P1569,collaboration,2,,auto,OpenAlex coauthorship between confirmed professors,0.171,2019,2020
AUTO003040,P1411,P1612,collaboration,2,,auto,OpenAlex coauthorship between confirmed professors,0.162,2021,2022
AUTO003041,P1412,P1418,collaboration,4,,auto,OpenAlex coauthorship between confirmed professors,0.146,2011,2016
AUTO003042,P1412,P1440,collaboration,4,,auto,OpenAlex coauthorship between confirmed professors,0.137,2011,2013
AUTO003043,P1412,P1450,collaboration,2,,auto,OpenAlex coauthorship between confirmed professors,0.183,2023,2023
AUTO003044,P1412,P1534,collaboration,9,,auto,OpenAlex coauthorship between confirmed professors,0.467,2008,2012
AUTO003045,P1413,P1420,collaboration,26,,auto,OpenAlex coauthorship between confirmed professors,2.457,2011,2026
AUTO003046,P1413,P1421,collaboration,12,,auto,OpenAlex coauthorship between confirmed professors,1.019,2022,2026
AUTO003047,P1413,P1423,collaboration,3,,auto,OpenAlex coauthorship between confirmed professors,0.25,2026,2026
AUTO003048,P1413,P1426,collaboration,3,,auto,OpenAlex coauthorship between confirmed professors,0.213,2022,2025
AUTO003049,P1413,P1428,collaboration,19,,auto,OpenAlex coauthorship between confirmed professors,1.58,2011,2026
AUTO003050,P1413,P1436,collaboration,4,,auto,OpenAlex coauthorship between confirmed professors,0.402,2012,2024
AUTO003051,P1413,P1443,collaboration,4,,auto,OpenAlex coauthorship between confirmed professors,0.319,2023,2025
AUTO003052,P1413,P1445,collaboration,3,,auto,OpenAlex coauthorship between confirmed professors,0.25,2026,2026
AUTO003053,P1413,P1461,collaboration,2,,auto,OpenAlex coauthorship between confirmed professors,0.13,2022,2024
AUTO003054,P1414,P1427,collaboration,6,,auto,OpenAlex coauthorship between confirmed professors,0.425,2018,2023
AUTO003055,P1414,P1430,collaboration,6,,auto,OpenAlex coauthorship between confirmed professors,0.378,2019,2024
AUTO003056,P1414,P1441,collaboration,2,,auto,OpenAlex coauthorship between confirmed professors,0.061,2022,2022
AUTO003057,P1414,P1447,collaboration,3,,auto,OpenAlex coauthorship between confirmed professors,0.099,2019,2022
AUTO003058,P1414,P1450,collaboration,2,,auto,OpenAlex coauthorship between confirmed professors,0.29,2021,2022
AUTO003059,P1414,P1453,collaboration,2,,auto,OpenAlex coauthorship between confirmed professors,0.061,2022,2022
AUTO003060,P1415,P1422,collaboration,11,,auto,OpenAlex coauthorship between confirmed professors,1.272,2020,2024
AUTO003061,P1415,P1424,collaboration,5,,auto,OpenAlex coauthorship between confirmed professors,0.327,2017,2019
AUTO003062,P1415,P1432,collaboration,14,,auto,OpenAlex coauthorship between confirmed professors,1.118,2015,2023
AUTO003063,P1415,P1437,collaboration,5,,auto,OpenAlex coauthorship between confirmed professors,0.627,2022,2026
AUTO003064,P1415,P1442,collaboration,9,,auto,OpenAlex coauthorship between confirmed professors,0.728,2017,2022
AUTO003065,P1415,P1452,collaboration,11,,auto,OpenAlex coauthorship between confirmed professors,1.298,2019,2024
AUTO003066,P1415,P1454,collaboration,25,,auto,OpenAlex coauthorship between confirmed professors,2.883,2016,2026
AUTO003067,P1415,P1457,collaboration,11,,auto,OpenAlex coauthorship between confirmed professors,0.456,2012,2025
AUTO003068,P1415,P1468,collaboration,8,,auto,OpenAlex coauthorship between confirmed professors,0.461,2012,2024
AUTO003069,P1417,P1418,collaboration,6,,auto,OpenAlex coauthorship between confirmed professors,0.41,2020,2020
AUTO003070,P1417,P1425,collaboration,4,,auto,OpenAlex coauthorship between confirmed professors,0.437,2024,2025
AUTO003071,P1417,P1441,collaboration,3,,auto,OpenAlex coauthorship between confirmed professors,0.172,2020,2024
AUTO003072,P1417,P1581,collaboration,4,,auto,OpenAlex coauthorship between confirmed professors,0.328,2023,2024
AUTO003073,P1417,P1583,collaboration,4,,auto,OpenAlex coauthorship between confirmed professors,0.328,2023,2024
AUTO003074,P1417,P1586,collaboration,4,,auto,OpenAlex coauthorship between confirmed professors,0.328,2023,2024
AUTO003075,P1418,P1426,collaboration,35,,auto,OpenAlex coauthorship between confirmed professors,3.497,2008,2026
AUTO003076,P1418,P1440,collaboration,21,,auto,OpenAlex coauthorship between confirmed professors,1.168,2011,2024
AUTO003077,P1418,P1441,collaboration,16,,auto,OpenAlex coauthorship between confirmed professors,1.317,2016,2022
AUTO003078,P1418,P1443,collaboration,37,,auto,OpenAlex coauthorship between confirmed professors,3.158,2009,2025
AUTO003079,P1418,P1446,collaboration,3,,auto,OpenAlex coauthorship between confirmed professors,0.062,2003,2004
AUTO003080,P1420,P1421,collaboration,12,,auto,OpenAlex coauthorship between confirmed professors,1.07,2020,2026
AUTO003081,P1420,P1424,collaboration,2,,auto,OpenAlex coauthorship between confirmed professors,0.211,2025,2025
AUTO003082,P1420,P1426,collaboration,5,,auto,OpenAlex coauthorship between confirmed professors,0.395,2022,2026
AUTO003083,P1420,P1427,collaboration,2,,auto,OpenAlex coauthorship between confirmed professors,0.143,2006,2020
AUTO003084,P1420,P1428,collaboration,25,,auto,OpenAlex coauthorship between confirmed professors,1.886,2010,2026
AUTO003085,P1420,P1436,collaboration,11,,auto,OpenAlex coauthorship between confirmed professors,1.009,2010,2024
AUTO003086,P1420,P1447,collaboration,2,,auto,OpenAlex coauthorship between confirmed professors,0.187,2020,2021
AUTO003087,P1420,P1461,collaboration,4,,auto,OpenAlex coauthorship between confirmed professors,0.304,2022,2026
AUTO003088,P1421,P1423,collaboration,4,,auto,OpenAlex coauthorship between confirmed professors,0.293,2019,2026
AUTO003089,P1421,P1426,collaboration,5,,auto,OpenAlex coauthorship between confirmed professors,0.388,2022,2026
AUTO003090,P1421,P1428,collaboration,8,,auto,OpenAlex coauthorship between confirmed professors,0.644,2022,2026
AUTO003091,P1421,P1430,collaboration,4,,auto,OpenAlex coauthorship between confirmed professors,0.273,2017,2022
AUTO003092,P1421,P1436,collaboration,3,,auto,OpenAlex coauthorship between confirmed professors,0.399,2023,2025
AUTO003093,P1421,P1443,collaboration,7,,auto,OpenAlex coauthorship between confirmed professors,0.83,2019,2023
AUTO003094,P1421,P1445,collaboration,3,,auto,OpenAlex coauthorship between confirmed professors,0.25,2026,2026
AUTO003095,P1421,P1461,collaboration,9,,auto,OpenAlex coauthorship between confirmed professors,0.972,2019,2026
AUTO003096,P1421,P1476,collaboration,4,,auto,OpenAlex coauthorship between confirmed professors,0.583,2019,2025
AUTO003097,P1421,P1480,collaboration,3,,auto,OpenAlex coauthorship between confirmed professors,0.491,2024,2026
AUTO003098,P1421,P1506,collaboration,2,,auto,OpenAlex coauthorship between confirmed professors,0.112,2019,2022
AUTO003099,P1422,P1442,collaboration,5,,auto,OpenAlex coauthorship between confirmed professors,0.508,2020,2022
AUTO003100,P1422,P1452,collaboration,7,,auto,OpenAlex coauthorship between confirmed professors,0.656,2020,2024
AUTO003101,P1422,P1454,collaboration,14,,auto,OpenAlex coauthorship between confirmed professors,1.361,2020,2024
AUTO003102,P1422,P1467,collaboration,2,,auto,OpenAlex coauthorship between confirmed professors,0.2,2025,2025
AUTO003103,P1422,P1503,collaboration,16,,auto,OpenAlex coauthorship between confirmed professors,1.359,2014,2025
AUTO003104,P1422,P1579,collaboration,4,,auto,OpenAlex coauthorship between confirmed professors,0.406,2015,2020
AUTO003105,P1423,P1427,collaboration,3,,auto,OpenAlex coauthorship between confirmed professors,0.259,2019,2024
AUTO003106,P1423,P1430,collaboration,2,,auto,OpenAlex coauthorship between confirmed professors,0.116,2019,2023
AUTO003107,P1423,P1433,collaboration,2,,auto,OpenAlex coauthorship between confirmed professors,0.226,2023,2024
AUTO003108,P1423,P1441,collaboration,2,,auto,OpenAlex coauthorship between confirmed professors,0.103,2012,2014
AUTO003109,P1423,P1442,collaboration,2,,auto,OpenAlex coauthorship between confirmed professors,0.225,2025,2026
AUTO003110,P1423,P1445,collaboration,3,,auto,OpenAlex coauthorship between confirmed professors,0.25,2026,2026
AUTO003111,P1423,P1453,collaboration,4,,auto,OpenAlex coauthorship between confirmed professors,0.348,2019,2020
AUTO003112,P1423,P1456,collaboration,4,,auto,OpenAlex coauthorship between confirmed professors,0.389,2020,2021
AUTO003113,P1423,P1460,collaboration,6,,auto,OpenAlex coauthorship between confirmed professors,0.68,2020,2025
AUTO003114,P1423,P1469,collaboration,6,,auto,OpenAlex coauthorship between confirmed professors,0.68,2020,2025
AUTO003115,P1423,P1497,collaboration,2,,auto,OpenAlex coauthorship between confirmed professors,0.189,2020,2020
AUTO003116,P1424,P1442,collaboration,10,,auto,OpenAlex coauthorship between confirmed professors,0.696,2013,2023
AUTO003117,P1424,P1446,collaboration,3,,auto,OpenAlex coauthorship between confirmed professors,0.226,2020,2024
AUTO003118,P1424,P1452,collaboration,3,,auto,OpenAlex coauthorship between confirmed professors,0.168,2018,2018
AUTO003119,P1424,P1454,collaboration,4,,auto,OpenAlex coauthorship between confirmed professors,0.219,2017,2018
AUTO003120,P1426,P1427,collaboration,2,,auto,OpenAlex coauthorship between confirmed professors,0.291,2026,2026
AUTO003121,P1426,P1428,collaboration,2,,auto,OpenAlex coauthorship between confirmed professors,0.13,2022,2024
AUTO003122,P1426,P1440,collaboration,18,,auto,OpenAlex coauthorship between confirmed professors,1.28,2014,2025
AUTO003123,P1426,P1441,collaboration,11,,auto,OpenAlex coauthorship between confirmed professors,0.78,2016,2022
AUTO003124,P1426,P1443,collaboration,30,,auto,OpenAlex coauthorship between confirmed professors,2.604,2014,2025
AUTO003125,P1426,P1461,collaboration,5,,auto,OpenAlex coauthorship between confirmed professors,0.388,2022,2026
AUTO003126,P1427,P1430,collaboration,4,,auto,OpenAlex coauthorship between confirmed professors,0.342,2019,2024
AUTO003127,P1427,P1433,collaboration,26,,auto,OpenAlex coauthorship between confirmed professors,1.948,2005,2026
AUTO003128,P1427,P1439,collaboration,6,,auto,OpenAlex coauthorship between confirmed professors,0.686,2021,2026
AUTO003129,P1427,P1447,collaboration,9,,auto,OpenAlex coauthorship between confirmed professors,0.656,2007,2023
AUTO003130,P1428,P1436,collaboration,4,,auto,OpenAlex coauthorship between confirmed professors,0.331,2011,2023
AUTO003131,P1428,P1461,collaboration,2,,auto,OpenAlex coauthorship between confirmed professors,0.13,2022,2024
AUTO003132,P1430,P1447,collaboration,9,,auto,OpenAlex coauthorship between confirmed professors,0.482,2011,2026
AUTO003133,P1431,P1432,collaboration,1,,auto,OpenAlex coauthorship between confirmed professors,0.5,2025,2025
AUTO003134,P1431,P1449,collaboration,21,,auto,OpenAlex coauthorship between confirmed professors,5.831,2021,2026
AUTO003135,P1431,P1453,collaboration,2,,auto,OpenAlex coauthorship between confirmed professors,0.143,2025,2026
AUTO003136,P1432,P1454,collaboration,2,,auto,OpenAlex coauthorship between confirmed professors,0.172,2020,2020
AUTO003137,P1433,P1439,collaboration,2,,auto,OpenAlex coauthorship between confirmed professors,0.236,2026,2026
AUTO003138,P1433,P1447,collaboration,17,,auto,OpenAlex coauthorship between confirmed professors,1.289,2007,2020
AUTO003139,P1434,P1448,collaboration,4,,auto,OpenAlex coauthorship between confirmed professors,0.399,2021,2025
AUTO003140,P1437,P1452,collaboration,3,,auto,OpenAlex coauthorship between confirmed professors,0.274,2022,2024
AUTO003141,P1437,P1454,collaboration,6,,auto,OpenAlex coauthorship between confirmed professors,0.769,2022,2026
AUTO003142,P1438,P1612,collaboration,2,,auto,OpenAlex coauthorship between confirmed professors,0.162,2021,2022
AUTO003143,P1440,P1441,collaboration,5,,auto,OpenAlex coauthorship between confirmed professors,0.282,2016,2018
AUTO003144,P1440,P1443,collaboration,17,,auto,OpenAlex coauthorship between confirmed professors,1.311,2013,2025
AUTO003145,P1441,P1442,collaboration,6,,auto,OpenAlex coauthorship between confirmed professors,0.947,2024,2026
AUTO003146,P1441,P1443,collaboration,7,,auto,OpenAlex coauthorship between confirmed professors,0.485,2016,2022
AUTO003147,P1441,P1447,collaboration,4,,auto,OpenAlex coauthorship between confirmed professors,0.118,2021,2022
AUTO003148,P1441,P1453,collaboration,4,,auto,OpenAlex coauthorship between confirmed professors,0.118,2021,2022
AUTO003149,P1442,P1447,collaboration,2,,auto,OpenAlex coauthorship between confirmed professors,0.191,2025,2025
AUTO003150,P1442,P1450,collaboration,2,,auto,OpenAlex coauthorship between confirmed professors,0.184,2025,2026
AUTO003151,P1442,P1452,collaboration,4,,auto,OpenAlex coauthorship between confirmed professors,0.437,2020,2022
AUTO003152,P1442,P1454,collaboration,9,,auto,OpenAlex coauthorship between confirmed professors,0.727,2017,2022
AUTO003153,P1442,P1457,collaboration,2,,auto,OpenAlex coauthorship between confirmed professors,0.11,2017,2017
AUTO003154,P1444,P1527,collaboration,2,,auto,OpenAlex coauthorship between confirmed professors,0.157,2023,2024
AUTO003155,P1444,P1535,collaboration,3,,auto,OpenAlex coauthorship between confirmed professors,0.234,2023,2026
AUTO003156,P1444,P1547,collaboration,3,,auto,OpenAlex coauthorship between confirmed professors,0.234,2021,2024
AUTO003157,P1445,P1453,collaboration,7,,auto,OpenAlex coauthorship between confirmed professors,0.729,2021,2025
AUTO003158,P1445,P1470,collaboration,7,,auto,OpenAlex coauthorship between confirmed professors,0.631,2018,2021
AUTO003159,P1447,P1453,collaboration,4,,auto,OpenAlex coauthorship between confirmed professors,0.118,2021,2022
AUTO003160,P1451,P1453,collaboration,2,,auto,OpenAlex coauthorship between confirmed professors,0.081,2012,2016
AUTO003161,P1451,P1457,collaboration,9,,auto,OpenAlex coauthorship between confirmed professors,0.357,2014,2017
AUTO003162,P1451,P1513,collaboration,2,,auto,OpenAlex coauthorship between confirmed professors,0.074,2015,2015
AUTO003163,P1452,P1454,collaboration,10,,auto,OpenAlex coauthorship between confirmed professors,0.981,2020,2024
AUTO003164,P1456,P1460,collaboration,161,,auto,OpenAlex coauthorship between confirmed professors,17.968,2003,2025
AUTO003165,P1456,P1467,collaboration,2,,auto,OpenAlex coauthorship between confirmed professors,0.238,2010,2018
AUTO003166,P1456,P1469,collaboration,100,,auto,OpenAlex coauthorship between confirmed professors,10.902,2011,2025
AUTO003167,P1456,P1473,collaboration,3,,auto,OpenAlex coauthorship between confirmed professors,0.161,2015,2016
AUTO003168,P1456,P1482,collaboration,4,,auto,OpenAlex coauthorship between confirmed professors,0.237,2015,2016
AUTO003169,P1456,P1488,collaboration,29,,auto,OpenAlex coauthorship between confirmed professors,3.861,2004,2025
AUTO003170,P1456,P1497,collaboration,13,,auto,OpenAlex coauthorship between confirmed professors,1.145,2016,2023
AUTO003171,P1456,P1511,collaboration,3,,auto,OpenAlex coauthorship between confirmed professors,0.427,2022,2024
AUTO003172,P1456,P1513,collaboration,2,,auto,OpenAlex coauthorship between confirmed professors,0.142,2017,2018
AUTO003173,P1457,P1469,collaboration,2,,auto,OpenAlex coauthorship between confirmed professors,0.252,2017,2023
AUTO003174,P1457,P1485,collaboration,9,,auto,OpenAlex coauthorship between confirmed professors,1.092,2018,2024
AUTO003175,P1457,P1494,collaboration,3,,auto,OpenAlex coauthorship between confirmed professors,0.365,2018,2020
AUTO003176,P1457,P1495,collaboration,39,,auto,OpenAlex coauthorship between confirmed professors,4.131,2011,2025
AUTO003177,P1457,P1505,collaboration,12,,auto,OpenAlex coauthorship between confirmed professors,1.188,2012,2024
AUTO003178,P1457,P1513,collaboration,58,,auto,OpenAlex coauthorship between confirmed professors,7.009,2014,2025
AUTO003179,P1457,P1521,collaboration,2,,auto,OpenAlex coauthorship between confirmed professors,0.2,2024,2024
AUTO003180,P1457,P1529,collaboration,2,,auto,OpenAlex coauthorship between confirmed professors,0.2,2024,2024
AUTO003181,P1457,P1541,collaboration,2,,auto,OpenAlex coauthorship between confirmed professors,0.2,2024,2024
AUTO003182,P1458,P1462,collaboration,13,,auto,OpenAlex coauthorship between confirmed professors,1.214,2016,2020
AUTO003183,P1458,P1479,collaboration,33,,auto,OpenAlex coauthorship between confirmed professors,4.043,2014,2024
AUTO003184,P1458,P1484,collaboration,4,,auto,OpenAlex coauthorship between confirmed professors,0.414,2017,2025
AUTO003185,P1458,P1509,collaboration,6,,auto,OpenAlex coauthorship between confirmed professors,1.56,2020,2025
AUTO003186,P1459,P1465,collaboration,7,,auto,OpenAlex coauthorship between confirmed professors,0.81,2018,2021
AUTO003187,P1459,P1487,collaboration,4,,auto,OpenAlex coauthorship between confirmed professors,1.008,2020,2023
AUTO003188,P1459,P1498,collaboration,3,,auto,OpenAlex coauthorship between confirmed professors,0.28,2013,2016
AUTO003189,P1459,P1499,collaboration,2,,auto,OpenAlex coauthorship between confirmed professors,0.4,2024,2024
AUTO003190,P1459,P1582,collaboration,2,,auto,OpenAlex coauthorship between confirmed professors,0.114,2009,2010
AUTO003191,P1460,P1469,collaboration,113,,auto,OpenAlex coauthorship between confirmed professors,13.263,2011,2026
AUTO003192,P1460,P1473,collaboration,3,,auto,OpenAlex coauthorship between confirmed professors,0.161,2015,2016
AUTO003193,P1460,P1476,collaboration,2,,auto,OpenAlex coauthorship between confirmed professors,0.288,2020,2025
AUTO003194,P1460,P1482,collaboration,6,,auto,OpenAlex coauthorship between confirmed professors,0.411,2015,2025
AUTO003195,P1460,P1488,collaboration,19,,auto,OpenAlex coauthorship between confirmed professors,2.119,2004,2025
AUTO003196,P1460,P1497,collaboration,15,,auto,OpenAlex coauthorship between confirmed professors,1.476,2016,2024
AUTO003197,P1460,P1511,collaboration,4,,auto,OpenAlex coauthorship between confirmed professors,0.57,2022,2024
AUTO003198,P1460,P1513,collaboration,2,,auto,OpenAlex coauthorship between confirmed professors,0.142,2017,2018
AUTO003199,P1461,P1466,collaboration,23,,auto,OpenAlex coauthorship between confirmed professors,2.95,2012,2024
AUTO003200,P1461,P1467,collaboration,2,,auto,OpenAlex coauthorship between confirmed professors,0.062,2005,2010
AUTO003201,P1461,P1476,collaboration,31,,auto,OpenAlex coauthorship between confirmed professors,4.804,2012,2025
AUTO003202,P1461,P1480,collaboration,14,,auto,OpenAlex coauthorship between confirmed professors,3.189,2023,2026
AUTO003203,P1461,P1484,collaboration,2,,auto,OpenAlex coauthorship between confirmed professors,0.219,2012,2018
AUTO003204,P1461,P1486,collaboration,7,,auto,OpenAlex coauthorship between confirmed professors,0.868,2016,2024
AUTO003205,P1461,P1491,collaboration,25,,auto,OpenAlex coauthorship between confirmed professors,3.92,2012,2024
AUTO003206,P1461,P1493,collaboration,3,,auto,OpenAlex coauthorship between confirmed professors,0.544,2022,2024
AUTO003207,P1461,P1503,collaboration,7,,auto,OpenAlex coauthorship between confirmed professors,1.104,2020,2024
AUTO003208,P1461,P1505,collaboration,3,,auto,OpenAlex coauthorship between confirmed professors,0.41,2022,2024
AUTO003209,P1461,P1506,collaboration,2,,auto,OpenAlex coauthorship between confirmed professors,0.09,2019,2022
AUTO003210,P1462,P1465,collaboration,6,,auto,OpenAlex coauthorship between confirmed professors,0.647,2019,2024
AUTO003211,P1462,P1468,collaboration,34,,auto,OpenAlex coauthorship between confirmed professors,5.301,2020,2026
AUTO003212,P1462,P1474,collaboration,9,,auto,OpenAlex coauthorship between confirmed professors,1.39,2021,2025
AUTO003213,P1462,P1479,collaboration,25,,auto,OpenAlex coauthorship between confirmed professors,2.631,2016,2025
AUTO003214,P1462,P1484,collaboration,4,,auto,OpenAlex coauthorship between confirmed professors,0.41,2018,2020
AUTO003215,P1462,P1499,collaboration,2,,auto,OpenAlex coauthorship between confirmed professors,0.258,2022,2023
AUTO003216,P1462,P1504,collaboration,11,,auto,OpenAlex coauthorship between confirmed professors,1.643,2022,2026
AUTO003217,P1462,P1511,collaboration,2,,auto,OpenAlex coauthorship between confirmed professors,0.236,2020,2020
AUTO003218,P1462,P1512,collaboration,32,,auto,OpenAlex coauthorship between confirmed professors,5.063,2021,2026
AUTO003219,P1462,P1515,collaboration,27,,auto,OpenAlex coauthorship between confirmed professors,4.386,2017,2024
AUTO003220,P1463,P1471,collaboration,39,,auto,OpenAlex coauthorship between confirmed professors,3.195,2009,2026
AUTO003221,P1463,P1473,collaboration,17,,auto,OpenAlex coauthorship between confirmed professors,1.172,2009,2017
AUTO003222,P1463,P1482,collaboration,17,,auto,OpenAlex coauthorship between confirmed professors,1.07,2010,2024
AUTO003223,P1463,P1496,collaboration,31,,auto,OpenAlex coauthorship between confirmed professors,2.67,2010,2026
AUTO003224,P1463,P1497,collaboration,41,,auto,OpenAlex coauthorship between confirmed professors,4.236,2010,2026
AUTO003225,P1463,P1511,collaboration,16,,auto,OpenAlex coauthorship between confirmed professors,1.44,2008,2024
AUTO003226,P1463,P1514,collaboration,6,,auto,OpenAlex coauthorship between confirmed professors,0.769,2024,2026
AUTO003227,P1463,P1587,collaboration,3,,auto,OpenAlex coauthorship between confirmed professors,0.132,2012,2013
AUTO003228,P1464,P1466,collaboration,5,,auto,OpenAlex coauthorship between confirmed professors,0.433,2012,2016
AUTO003229,P1464,P1467,collaboration,16,,auto,OpenAlex coauthorship between confirmed professors,1.238,2007,2025
AUTO003230,P1464,P1475,collaboration,80,,auto,OpenAlex coauthorship between confirmed professors,6.612,2007,2026
AUTO003231,P1464,P1483,collaboration,11,,auto,OpenAlex coauthorship between confirmed professors,1.352,2020,2024
AUTO003232,P1464,P1484,collaboration,5,,auto,OpenAlex coauthorship between confirmed professors,0.394,1999,2016
AUTO003233,P1464,P1491,collaboration,2,,auto,OpenAlex coauthorship between confirmed professors,0.148,2012,2013
AUTO003234,P1464,P1508,collaboration,52,,auto,OpenAlex coauthorship between confirmed professors,4.282,2007,2026
AUTO003235,P1464,P1618,collaboration,4,,auto,OpenAlex coauthorship between confirmed professors,0.344,2019,2021
AUTO003236,P1465,P1468,collaboration,4,,auto,OpenAlex coauthorship between confirmed professors,0.419,2021,2024
AUTO003237,P1465,P1479,collaboration,5,,auto,OpenAlex coauthorship between confirmed professors,0.539,2021,2024
AUTO003238,P1465,P1504,collaboration,2,,auto,OpenAlex coauthorship between confirmed professors,0.223,2023,2023
AUTO003239,P1465,P1512,collaboration,3,,auto,OpenAlex coauthorship between confirmed professors,0.312,2022,2024
AUTO003240,P1466,P1467,collaboration,8,,auto,OpenAlex coauthorship between confirmed professors,1.268,2020,2025
AUTO003241,P1466,P1476,collaboration,28,,auto,OpenAlex coauthorship between confirmed professors,4.664,2010,2026
AUTO003242,P1466,P1484,collaboration,17,,auto,OpenAlex coauthorship between confirmed professors,2.5,2012,2026
AUTO003243,P1466,P1486,collaboration,6,,auto,OpenAlex coauthorship between confirmed professors,0.932,2017,2025
AUTO003244,P1466,P1491,collaboration,16,,auto,OpenAlex coauthorship between confirmed professors,2.655,2011,2026
AUTO003245,P1466,P1493,collaboration,23,,auto,OpenAlex coauthorship between confirmed professors,4.102,2022,2026
AUTO003246,P1466,P1503,collaboration,11,,auto,OpenAlex coauthorship between confirmed professors,1.774,2022,2025
AUTO003247,P1466,P1505,collaboration,3,,auto,OpenAlex coauthorship between confirmed professors,0.41,2022,2024
AUTO003248,P1467,P1475,collaboration,17,,auto,OpenAlex coauthorship between confirmed professors,1.071,2007,2024
AUTO003249,P1467,P1476,collaboration,2,,auto,OpenAlex coauthorship between confirmed professors,0.347,2021,2021
AUTO003250,P1467,P1491,collaboration,8,,auto,OpenAlex coauthorship between confirmed professors,1.804,2012,2025
AUTO003251,P1467,P1493,collaboration,5,,auto,OpenAlex coauthorship between confirmed professors,0.738,2024,2025
AUTO003252,P1467,P1501,collaboration,3,,auto,OpenAlex coauthorship between confirmed professors,0.826,2023,2025
AUTO003253,P1467,P1503,collaboration,20,,auto,OpenAlex coauthorship between confirmed professors,3.904,2021,2025
AUTO003254,P1467,P1506,collaboration,2,,auto,OpenAlex coauthorship between confirmed professors,0.326,2023,2025
AUTO003255,P1467,P1508,collaboration,11,,auto,OpenAlex coauthorship between confirmed professors,0.738,2007,2025
AUTO003256,P1467,P1511,collaboration,2,,auto,OpenAlex coauthorship between confirmed professors,0.265,2022,2024
AUTO003257,P1468,P1474,collaboration,11,,auto,OpenAlex coauthorship between confirmed professors,1.676,2020,2025
AUTO003258,P1468,P1479,collaboration,5,,auto,OpenAlex coauthorship between confirmed professors,0.544,2021,2025
AUTO003259,P1468,P1484,collaboration,4,,auto,OpenAlex coauthorship between confirmed professors,0.677,2019,2023
AUTO003260,P1468,P1499,collaboration,2,,auto,OpenAlex coauthorship between confirmed professors,0.258,2022,2023
AUTO003261,P1468,P1504,collaboration,9,,auto,OpenAlex coauthorship between confirmed professors,1.493,2022,2026
AUTO003262,P1468,P1512,collaboration,11,,auto,OpenAlex coauthorship between confirmed professors,1.672,2022,2025
AUTO003263,P1468,P1515,collaboration,16,,auto,OpenAlex coauthorship between confirmed professors,2.587,2021,2025
AUTO003264,P1469,P1473,collaboration,3,,auto,OpenAlex coauthorship between confirmed professors,0.161,2015,2016
AUTO003265,P1469,P1482,collaboration,5,,auto,OpenAlex coauthorship between confirmed professors,0.328,2015,2025
AUTO003266,P1469,P1488,collaboration,13,,auto,OpenAlex coauthorship between confirmed professors,1.423,2012,2026
AUTO003267,P1469,P1494,collaboration,2,,auto,OpenAlex coauthorship between confirmed professors,0.116,2015,2016
AUTO003268,P1469,P1497,collaboration,15,,auto,OpenAlex coauthorship between confirmed professors,1.584,2016,2024
AUTO003269,P1469,P1506,collaboration,1,,auto,OpenAlex coauthorship between confirmed professors,0.53,2020,2020
AUTO003270,P1469,P1511,collaboration,5,,auto,OpenAlex coauthorship between confirmed professors,0.684,2022,2024
AUTO003271,P1469,P1513,collaboration,3,,auto,OpenAlex coauthorship between confirmed professors,0.326,2017,2023
AUTO003272,P1471,P1473,collaboration,23,,auto,OpenAlex coauthorship between confirmed professors,1.323,2007,2017
AUTO003273,P1471,P1482,collaboration,25,,auto,OpenAlex coauthorship between confirmed professors,1.356,2007,2024
AUTO003274,P1471,P1496,collaboration,37,,auto,OpenAlex coauthorship between confirmed professors,2.948,2008,2026
AUTO003275,P1471,P1497,collaboration,12,,auto,OpenAlex coauthorship between confirmed professors,1.164,2016,2026
AUTO003276,P1471,P1511,collaboration,2,,auto,OpenAlex coauthorship between confirmed professors,0.157,2013,2023
AUTO003277,P1471,P1514,collaboration,4,,auto,OpenAlex coauthorship between confirmed professors,0.426,2024,2026
AUTO003278,P1471,P1587,collaboration,2,,auto,OpenAlex coauthorship between confirmed professors,0.083,2012,2012
AUTO003279,P1472,P1488,collaboration,18,,auto,OpenAlex coauthorship between confirmed professors,2.899,2016,2025
AUTO003280,P1472,P1489,collaboration,9,,auto,OpenAlex coauthorship between confirmed professors,0.948,2017,2025
AUTO003281,P1472,P1494,collaboration,17,,auto,OpenAlex coauthorship between confirmed professors,3.02,2013,2024
AUTO003282,P1472,P1503,collaboration,3,,auto,OpenAlex coauthorship between confirmed professors,0.959,2023,2025
AUTO003283,P1472,P1507,collaboration,13,,auto,OpenAlex coauthorship between confirmed professors,1.442,2010,2023
AUTO003284,P1473,P1481,collaboration,39,,auto,OpenAlex coauthorship between confirmed professors,6.96,2016,2026
AUTO003285,P1473,P1482,collaboration,27,,auto,OpenAlex coauthorship between confirmed professors,1.799,2008,2019
AUTO003286,P1473,P1492,collaboration,5,,auto,OpenAlex coauthorship between confirmed professors,0.599,2018,2024
AUTO003287,P1473,P1496,collaboration,21,,auto,OpenAlex coauthorship between confirmed professors,1.676,2010,2019
AUTO003288,P1473,P1497,collaboration,2,,auto,OpenAlex coauthorship between confirmed professors,0.085,2014,2016
AUTO003289,P1473,P1501,collaboration,5,,auto,OpenAlex coauthorship between confirmed professors,0.929,2023,2025
AUTO003290,P1473,P1506,collaboration,15,,auto,OpenAlex coauthorship between confirmed professors,2.504,2020,2026
AUTO003291,P1473,P1511,collaboration,3,,auto,OpenAlex coauthorship between confirmed professors,0.187,2013,2013
AUTO003292,P1473,P1587,collaboration,7,,auto,OpenAlex coauthorship between confirmed professors,0.711,2012,2020
AUTO003293,P1474,P1479,collaboration,4,,auto,OpenAlex coauthorship between confirmed professors,0.402,2011,2025
AUTO003294,P1474,P1484,collaboration,2,,auto,OpenAlex coauthorship between confirmed professors,0.46,2022,2026
AUTO003295,P1474,P1486,collaboration,4,,auto,OpenAlex coauthorship between confirmed professors,0.488,2015,2019
AUTO003296,P1474,P1487,collaboration,10,,auto,OpenAlex coauthorship between confirmed professors,0.738,2009,2013
AUTO003297,P1474,P1503,collaboration,2,,auto,OpenAlex coauthorship between confirmed professors,0.42,2022,2022
AUTO003298,P1474,P1504,collaboration,6,,auto,OpenAlex coauthorship between confirmed professors,1.2,2022,2026
AUTO003299,P1474,P1515,collaboration,10,,auto,OpenAlex coauthorship between confirmed professors,1.624,2021,2024
AUTO003300,P1475,P1483,collaboration,10,,auto,OpenAlex coauthorship between confirmed professors,1.442,2020,2024
AUTO003301,P1475,P1495,collaboration,2,,auto,OpenAlex coauthorship between confirmed professors,0.149,2010,2010
AUTO003302,P1475,P1508,collaboration,48,,auto,OpenAlex coauthorship between confirmed professors,3.917,2007,2026
AUTO003303,P1475,P1618,collaboration,4,,auto,OpenAlex coauthorship between confirmed professors,0.344,2019,2021
AUTO003304,P1476,P1477,collaboration,4,,auto,OpenAlex coauthorship between confirmed professors,0.484,2017,2020
AUTO003305,P1476,P1480,collaboration,7,,auto,OpenAlex coauthorship between confirmed professors,1.243,2023,2025
AUTO003306,P1476,P1484,collaboration,10,,auto,OpenAlex coauthorship between confirmed professors,1.187,2007,2017
AUTO003307,P1476,P1486,collaboration,7,,auto,OpenAlex coauthorship between confirmed professors,0.821,2016,2022
AUTO003308,P1476,P1490,collaboration,2,,auto,OpenAlex coauthorship between confirmed professors,0.286,2017,2020
AUTO003309,P1476,P1491,collaboration,20,,auto,OpenAlex coauthorship between confirmed professors,2.439,2005,2024
AUTO003310,P1476,P1493,collaboration,3,,auto,OpenAlex coauthorship between confirmed professors,0.476,2024,2025
AUTO003311,P1476,P1503,collaboration,5,,auto,OpenAlex coauthorship between confirmed professors,0.708,2020,2024
AUTO003312,P1476,P1505,collaboration,3,,auto,OpenAlex coauthorship between confirmed professors,0.41,2022,2024
AUTO003313,P1476,P1506,collaboration,2,,auto,OpenAlex coauthorship between confirmed professors,0.111,2017,2019
AUTO003314,P1477,P1490,collaboration,33,,auto,OpenAlex coauthorship between confirmed professors,8.601,2016,2025
AUTO003315,P1477,P1497,collaboration,2,,auto,OpenAlex coauthorship between confirmed professors,0.252,2016,2018
AUTO003316,P1477,P1504,collaboration,2,,auto,OpenAlex coauthorship between confirmed professors,0.542,2025,2026
AUTO003317,P1477,P1511,collaboration,2,,auto,OpenAlex coauthorship between confirmed professors,0.387,2020,2022
AUTO003318,P1478,P1482,collaboration,8,,auto,OpenAlex coauthorship between confirmed professors,2.071,2023,2026
AUTO003319,P1478,P1496,collaboration,5,,auto,OpenAlex coauthorship between confirmed professors,1.013,2023,2025
AUTO003320,P1478,P1511,collaboration,6,,auto,OpenAlex coauthorship between confirmed professors,0.712,2013,2025
AUTO003321,P1479,P1484,collaboration,3,,auto,OpenAlex coauthorship between confirmed professors,0.262,2017,2018
AUTO003322,P1479,P1487,collaboration,8,,auto,OpenAlex coauthorship between confirmed professors,0.68,2008,2013
AUTO003323,P1479,P1504,collaboration,6,,auto,OpenAlex coauthorship between confirmed professors,0.891,2023,2025
AUTO003324,P1479,P1509,collaboration,11,,auto,OpenAlex coauthorship between confirmed professors,3.379,2020,2025
AUTO003325,P1479,P1512,collaboration,4,,auto,OpenAlex coauthorship between confirmed professors,0.455,2022,2024
AUTO003326,P1479,P1515,collaboration,2,,auto,OpenAlex coauthorship between confirmed professors,0.254,2021,2024
AUTO003327,P1480,P1491,collaboration,5,,auto,OpenAlex coauthorship between confirmed professors,0.899,2023,2024
AUTO003328,P1480,P1501,collaboration,1,,auto,OpenAlex coauthorship between confirmed professors,1.5,2025,2025
AUTO003329,P1480,P1503,collaboration,4,,auto,OpenAlex coauthorship between confirmed professors,0.656,2023,2024
AUTO003330,P1481,P1482,collaboration,4,,auto,OpenAlex coauthorship between confirmed professors,0.362,2016,2019
AUTO003331,P1481,P1485,collaboration,2,,auto,OpenAlex coauthorship between confirmed professors,0.667,2024,2025
AUTO003332,P1481,P1492,collaboration,11,,auto,OpenAlex coauthorship between confirmed professors,1.181,2016,2025
AUTO003333,P1481,P1496,collaboration,3,,auto,OpenAlex coauthorship between confirmed professors,0.241,2017,2019
AUTO003334,P1481,P1501,collaboration,6,,auto,OpenAlex coauthorship between confirmed professors,1.419,2023,2025
AUTO003335,P1481,P1506,collaboration,28,,auto,OpenAlex coauthorship between confirmed professors,6.306,2020,2026
AUTO003336,P1481,P1587,collaboration,5,,auto,OpenAlex coauthorship between confirmed professors,0.623,2018,2020
AUTO003337,P1482,P1496,collaboration,46,,auto,OpenAlex coauthorship between confirmed professors,4.44,2008,2025
AUTO003338,P1482,P1497,collaboration,3,,auto,OpenAlex coauthorship between confirmed professors,0.122,2010,2016
AUTO003339,P1482,P1511,collaboration,3,,auto,OpenAlex coauthorship between confirmed professors,0.187,2013,2013
AUTO003340,P1482,P1587,collaboration,4,,auto,OpenAlex coauthorship between confirmed professors,0.191,2012,2013
AUTO003341,P1483,P1508,collaboration,17,,auto,OpenAlex coauthorship between confirmed professors,2.364,2020,2026
AUTO003342,P1484,P1486,collaboration,2,,auto,OpenAlex coauthorship between confirmed professors,0.193,2013,2013
AUTO003343,P1484,P1491,collaboration,17,,auto,OpenAlex coauthorship between confirmed professors,1.544,2004,2018
AUTO003344,P1484,P1509,collaboration,2,,auto,OpenAlex coauthorship between confirmed professors,0.417,2024,2025
AUTO003345,P1485,P1494,collaboration,4,,auto,OpenAlex coauthorship between confirmed professors,0.531,2015,2020
AUTO003346,P1485,P1505,collaboration,31,,auto,OpenAlex coauthorship between confirmed professors,3.275,2017,2025
AUTO003347,P1485,P1506,collaboration,2,,auto,OpenAlex coauthorship between confirmed professors,0.667,2024,2025
AUTO003348,P1485,P1513,collaboration,6,,auto,OpenAlex coauthorship between confirmed professors,1.053,2018,2024
AUTO003349,P1486,P1491,collaboration,4,,auto,OpenAlex coauthorship between confirmed professors,0.565,2021,2023
AUTO003350,P1486,P1503,collaboration,4,,auto,OpenAlex coauthorship between confirmed professors,0.621,2022,2024
AUTO003351,P1486,P1507,collaboration,3,,auto,OpenAlex coauthorship between confirmed professors,0.15,2012,2023
AUTO003352,P1487,P1498,collaboration,26,,auto,OpenAlex coauthorship between confirmed professors,4.165,2021,2026
AUTO003353,P1488,P1489,collaboration,12,,auto,OpenAlex coauthorship between confirmed professors,1.232,2017,2024
AUTO003354,P1488,P1494,collaboration,9,,auto,OpenAlex coauthorship between confirmed professors,0.886,2016,2025
AUTO003355,P1488,P1507,collaboration,34,,auto,OpenAlex coauthorship between confirmed professors,4.924,2015,2026
AUTO003356,P1488,P1511,collaboration,5,,auto,OpenAlex coauthorship between confirmed professors,0.838,2022,2024
AUTO003357,P1489,P1494,collaboration,9,,auto,OpenAlex coauthorship between confirmed professors,0.772,2017,2020
AUTO003358,P1489,P1507,collaboration,12,,auto,OpenAlex coauthorship between confirmed professors,1.266,2017,2024
AUTO003359,P1490,P1497,collaboration,2,,auto,OpenAlex coauthorship between confirmed professors,0.335,2016,2018
AUTO003360,P1491,P1493,collaboration,2,,auto,OpenAlex coauthorship between confirmed professors,0.283,2022,2026
AUTO003361,P1491,P1503,collaboration,12,,auto,OpenAlex coauthorship between confirmed professors,2.3,2022,2025
AUTO003362,P1492,P1501,collaboration,2,,auto,OpenAlex coauthorship between confirmed professors,0.204,2023,2023
AUTO003363,P1492,P1506,collaboration,8,,auto,OpenAlex coauthorship between confirmed professors,0.844,2020,2025
AUTO003364,P1492,P1587,collaboration,4,,auto,OpenAlex coauthorship between confirmed professors,0.39,2018,2023
AUTO003365,P1493,P1503,collaboration,6,,auto,OpenAlex coauthorship between confirmed professors,0.962,2022,2025
AUTO003366,P1493,P1505,collaboration,2,,auto,OpenAlex coauthorship between confirmed professors,0.333,2024,2024
AUTO003367,P1494,P1507,collaboration,6,,auto,OpenAlex coauthorship between confirmed professors,0.423,2017,2020
AUTO003368,P1494,P1511,collaboration,2,,auto,OpenAlex coauthorship between confirmed professors,0.354,2020,2020
AUTO003369,P1495,P1501,collaboration,2,,auto,OpenAlex coauthorship between confirmed professors,0.148,2015,2016
AUTO003370,P1495,P1505,collaboration,10,,auto,OpenAlex coauthorship between confirmed professors,0.939,2011,2016
AUTO003371,P1496,P1497,collaboration,8,,auto,OpenAlex coauthorship between confirmed professors,1.013,2010,2026
AUTO003372,P1496,P1511,collaboration,4,,auto,OpenAlex coauthorship between confirmed professors,0.36,2013,2023
AUTO003373,P1496,P1514,collaboration,5,,auto,OpenAlex coauthorship between confirmed professors,0.686,2024,2026
AUTO003374,P1496,P1587,collaboration,3,,auto,OpenAlex coauthorship between confirmed professors,0.132,2012,2013
AUTO003375,P1497,P1513,collaboration,2,,auto,OpenAlex coauthorship between confirmed professors,0.142,2017,2018
AUTO003376,P1497,P1514,collaboration,4,,auto,OpenAlex coauthorship between confirmed professors,0.526,2026,2026
AUTO003377,P1499,P1504,collaboration,2,,auto,OpenAlex coauthorship between confirmed professors,0.248,2022,2025
AUTO003378,P1499,P1512,collaboration,2,,auto,OpenAlex coauthorship between confirmed professors,0.248,2022,2025
AUTO003379,P1499,P1515,collaboration,2,,auto,OpenAlex coauthorship between confirmed professors,0.258,2022,2023
AUTO003380,P1501,P1506,collaboration,11,,auto,OpenAlex coauthorship between confirmed professors,2.081,2023,2025
AUTO003381,P1501,P1587,collaboration,3,,auto,OpenAlex coauthorship between confirmed professors,0.454,2023,2025
AUTO003382,P1504,P1509,collaboration,2,,auto,OpenAlex coauthorship between confirmed professors,0.4,2024,2025
AUTO003383,P1504,P1512,collaboration,9,,auto,OpenAlex coauthorship between confirmed professors,1.361,2022,2026
AUTO003384,P1504,P1515,collaboration,5,,auto,OpenAlex coauthorship between confirmed professors,0.817,2022,2025
AUTO003385,P1505,P1513,collaboration,2,,auto,OpenAlex coauthorship between confirmed professors,0.269,2023,2024
AUTO003386,P1506,P1587,collaboration,4,,auto,OpenAlex coauthorship between confirmed professors,0.555,2020,2025
AUTO003387,P1508,P1618,collaboration,5,,auto,OpenAlex coauthorship between confirmed professors,0.408,2019,2021
AUTO003388,P1512,P1515,collaboration,13,,auto,OpenAlex coauthorship between confirmed professors,2.103,2022,2026
AUTO003389,P1514,P1548,collaboration,5,,auto,OpenAlex coauthorship between confirmed professors,0.207,2012,2019
AUTO003390,P1516,P1527,collaboration,7,,auto,OpenAlex coauthorship between confirmed professors,0.463,2022,2025
AUTO003391,P1516,P1535,collaboration,2,,auto,OpenAlex coauthorship between confirmed professors,0.112,2023,2023
AUTO003392,P1516,P1547,collaboration,2,,auto,OpenAlex coauthorship between confirmed professors,0.112,2023,2023
AUTO003393,P1517,P1521,collaboration,19,,auto,OpenAlex coauthorship between confirmed professors,1.439,2011,2018
AUTO003394,P1517,P1523,collaboration,3,,auto,OpenAlex coauthorship between confirmed professors,0.132,2014,2021
AUTO003395,P1517,P1524,collaboration,39,,auto,OpenAlex coauthorship between confirmed professors,2.567,2013,2023
AUTO003396,P1517,P1525,collaboration,157,,auto,OpenAlex coauthorship between confirmed professors,7.412,2003,2023
AUTO003397,P1517,P1527,collaboration,8,,auto,OpenAlex coauthorship between confirmed professors,0.253,2009,2021
AUTO003398,P1517,P1528,collaboration,293,,auto,OpenAlex coauthorship between confirmed professors,17.228,2003,2026
AUTO003399,P1517,P1529,collaboration,9,,auto,OpenAlex coauthorship between confirmed professors,0.247,2010,2020
AUTO003400,P1517,P1533,collaboration,2,,auto,OpenAlex coauthorship between confirmed professors,0.168,2010,2023
AUTO003401,P1517,P1535,collaboration,3,,auto,OpenAlex coauthorship between confirmed professors,0.193,2010,2023
AUTO003402,P1517,P1541,collaboration,6,,auto,OpenAlex coauthorship between confirmed professors,0.138,2004,2012
AUTO003403,P1517,P1544,collaboration,2,,auto,OpenAlex coauthorship between confirmed professors,0.121,2012,2015
AUTO003404,P1517,P1545,collaboration,65,,auto,OpenAlex coauthorship between confirmed professors,2.627,2006,2025
AUTO003405,P1517,P1550,collaboration,2,,auto,OpenAlex coauthorship between confirmed professors,0.365,2018,2019
AUTO003406,P1517,P1551,collaboration,133,,auto,OpenAlex coauthorship between confirmed professors,6.572,2005,2025
AUTO003407,P1517,P1556,collaboration,12,,auto,OpenAlex coauthorship between confirmed professors,0.997,2015,2018
AUTO003408,P1517,P1561,collaboration,99,,auto,OpenAlex coauthorship between confirmed professors,4.574,2004,2022
AUTO003409,P1517,P1562,collaboration,2,,auto,OpenAlex coauthorship between confirmed professors,0.037,2014,2014
AUTO003410,P1517,P1563,collaboration,152,,auto,OpenAlex coauthorship between confirmed professors,12.534,2009,2026
AUTO003411,P1517,P1567,collaboration,4,,auto,OpenAlex coauthorship between confirmed professors,0.203,2012,2017
AUTO003412,P1517,P1571,collaboration,139,,auto,OpenAlex coauthorship between confirmed professors,10.879,2011,2026
AUTO003413,P1517,P1595,collaboration,4,,auto,OpenAlex coauthorship between confirmed professors,0.285,2015,2018
AUTO003414,P1518,P1519,collaboration,3,,auto,OpenAlex coauthorship between confirmed professors,0.099,2007,2014
AUTO003415,P1518,P1520,collaboration,2,,auto,OpenAlex coauthorship between confirmed professors,0.059,2008,2016
AUTO003416,P1518,P1523,collaboration,12,,auto,OpenAlex coauthorship between confirmed professors,0.506,2010,2024
AUTO003417,P1518,P1524,collaboration,4,,auto,OpenAlex coauthorship between confirmed professors,0.176,2006,2014
AUTO003418,P1518,P1525,collaboration,3,,auto,OpenAlex coauthorship between confirmed professors,0.123,2005,2016
AUTO003419,P1518,P1527,collaboration,5,,auto,OpenAlex coauthorship between confirmed professors,0.285,2008,2025
AUTO003420,P1518,P1529,collaboration,29,,auto,OpenAlex coauthorship between confirmed professors,1.212,2009,2018
AUTO003421,P1518,P1531,collaboration,10,,auto,OpenAlex coauthorship between confirmed professors,0.486,2008,2024
AUTO003422,P1518,P1532,collaboration,44,,auto,OpenAlex coauthorship between confirmed professors,3.098,1970,2023
AUTO003423,P1518,P1533,collaboration,42,,auto,OpenAlex coauthorship between confirmed professors,2.163,2010,2022
AUTO003424,P1518,P1535,collaboration,46,,auto,OpenAlex coauthorship between confirmed professors,2.134,1970,2022
AUTO003425,P1518,P1537,collaboration,2,,auto,OpenAlex coauthorship between confirmed professors,0.068,2008,2022
AUTO003426,P1518,P1539,collaboration,21,,auto,OpenAlex coauthorship between confirmed professors,0.777,2006,2022
AUTO003427,P1518,P1540,collaboration,9,,auto,OpenAlex coauthorship between confirmed professors,0.261,2005,2014
AUTO003428,P1518,P1541,collaboration,33,,auto,OpenAlex coauthorship between confirmed professors,1.244,2005,2018
AUTO003429,P1518,P1542,collaboration,2,,auto,OpenAlex coauthorship between confirmed professors,0.143,2024,2024
AUTO003430,P1518,P1544,collaboration,81,,auto,OpenAlex coauthorship between confirmed professors,3.389,1970,2024
AUTO003431,P1518,P1545,collaboration,5,,auto,OpenAlex coauthorship between confirmed professors,0.216,2008,2017
AUTO003432,P1518,P1547,collaboration,56,,auto,OpenAlex coauthorship between confirmed professors,2.884,1970,2025
AUTO003433,P1518,P1553,collaboration,9,,auto,OpenAlex coauthorship between confirmed professors,0.494,2010,2024
AUTO003434,P1518,P1555,collaboration,56,,auto,OpenAlex coauthorship between confirmed professors,2.776,1970,2025
AUTO003435,P1518,P1559,collaboration,2,,auto,OpenAlex coauthorship between confirmed professors,0.201,2022,2025
AUTO003436,P1518,P1568,collaboration,4,,auto,OpenAlex coauthorship between confirmed professors,0.222,2015,2021
AUTO003437,P1518,P1569,collaboration,2,,auto,OpenAlex coauthorship between confirmed professors,0.068,2008,2022
AUTO003438,P1519,P1520,collaboration,2,,auto,OpenAlex coauthorship between confirmed professors,0.167,2021,2021
AUTO003439,P1519,P1527,collaboration,3,,auto,OpenAlex coauthorship between confirmed professors,0.177,2023,2026
AUTO003440,P1519,P1531,collaboration,2,,auto,OpenAlex coauthorship between confirmed professors,0.212,2021,2026
AUTO003441,P1519,P1534,collaboration,2,,auto,OpenAlex coauthorship between confirmed professors,0.211,2024,2025
AUTO003442,P1519,P1545,collaboration,12,,auto,OpenAlex coauthorship between confirmed professors,0.643,2006,2023
AUTO003443,P1519,P1556,collaboration,2,,auto,OpenAlex coauthorship between confirmed professors,0.052,2005,2005
AUTO003444,P1519,P1562,collaboration,113,,auto,OpenAlex coauthorship between confirmed professors,8.771,2007,2025
AUTO003445,P1520,P1527,collaboration,29,,auto,OpenAlex coauthorship between confirmed professors,2.573,2008,2026
AUTO003446,P1520,P1529,collaboration,3,,auto,OpenAlex coauthorship between confirmed professors,0.2,2015,2026
AUTO003447,P1520,P1531,collaboration,5,,auto,OpenAlex coauthorship between confirmed professors,0.422,2016,2025
AUTO003448,P1520,P1533,collaboration,5,,auto,OpenAlex coauthorship between confirmed professors,0.313,2008,2026
AUTO003449,P1520,P1535,collaboration,2,,auto,OpenAlex coauthorship between confirmed professors,0.082,2008,2023
AUTO003450,P1520,P1536,collaboration,13,,auto,OpenAlex coauthorship between confirmed professors,2.256,2022,2025
AUTO003451,P1520,P1537,collaboration,102,,auto,OpenAlex coauthorship between confirmed professors,7.896,2007,2026
AUTO003452,P1520,P1539,collaboration,3,,auto,OpenAlex coauthorship between confirmed professors,0.198,2011,2024
AUTO003453,P1520,P1543,collaboration,4,,auto,OpenAlex coauthorship between confirmed professors,0.151,2010,2022
AUTO003454,P1520,P1545,collaboration,6,,auto,OpenAlex coauthorship between confirmed professors,0.285,2009,2024
AUTO003455,P1520,P1546,collaboration,7,,auto,OpenAlex coauthorship between confirmed professors,0.634,2018,2022
AUTO003456,P1520,P1547,collaboration,2,,auto,OpenAlex coauthorship between confirmed professors,0.128,2023,2026
AUTO003457,P1520,P1550,collaboration,7,,auto,OpenAlex coauthorship between confirmed professors,0.734,2013,2022
AUTO003458,P1520,P1553,collaboration,14,,auto,OpenAlex coauthorship between confirmed professors,1.221,2018,2024
AUTO003459,P1520,P1554,collaboration,5,,auto,OpenAlex coauthorship between confirmed professors,0.373,2012,2023
AUTO003460,P1520,P1558,collaboration,6,,auto,OpenAlex coauthorship between confirmed professors,0.549,2016,2022
AUTO003461,P1520,P1559,collaboration,4,,auto,OpenAlex coauthorship between confirmed professors,0.146,2015,2016
AUTO003462,P1520,P1560,collaboration,3,,auto,OpenAlex coauthorship between confirmed professors,0.158,2010,2015
AUTO003463,P1520,P1563,collaboration,2,,auto,OpenAlex coauthorship between confirmed professors,0.058,2021,2022
AUTO003464,P1520,P1569,collaboration,109,,auto,OpenAlex coauthorship between confirmed professors,8.456,2008,2026
AUTO003465,P1520,P1571,collaboration,3,,auto,OpenAlex coauthorship between confirmed professors,0.104,2011,2022
AUTO003466,P1520,P1575,collaboration,2,,auto,OpenAlex coauthorship between confirmed professors,0.225,2021,2023
AUTO003467,P1521,P1523,collaboration,11,,auto,OpenAlex coauthorship between confirmed professors,1.229,2014,2022
AUTO003468,P1521,P1524,collaboration,24,,auto,OpenAlex coauthorship between confirmed professors,3.055,2017,2023
AUTO003469,P1521,P1525,collaboration,43,,auto,OpenAlex coauthorship between confirmed professors,5.029,2012,2026
AUTO003470,P1521,P1527,collaboration,8,,auto,OpenAlex coauthorship between confirmed professors,0.605,2014,2020
AUTO003471,P1521,P1528,collaboration,11,,auto,OpenAlex coauthorship between confirmed professors,0.868,2012,2018
AUTO003472,P1521,P1529,collaboration,65,,auto,OpenAlex coauthorship between confirmed professors,6.2,2010,2026
AUTO003473,P1521,P1531,collaboration,3,,auto,OpenAlex coauthorship between confirmed professors,0.196,2009,2024
AUTO003474,P1521,P1540,collaboration,41,,auto,OpenAlex coauthorship between confirmed professors,4.546,2010,2026
AUTO003475,P1521,P1541,collaboration,43,,auto,OpenAlex coauthorship between confirmed professors,4.767,2010,2026
AUTO003476,P1521,P1543,collaboration,3,,auto,OpenAlex coauthorship between confirmed professors,0.107,2012,2016
AUTO003477,P1521,P1544,collaboration,2,,auto,OpenAlex coauthorship between confirmed professors,0.099,2012,2013
AUTO003478,P1521,P1545,collaboration,9,,auto,OpenAlex coauthorship between confirmed professors,1.075,2010,2017
AUTO003479,P1521,P1546,collaboration,3,,auto,OpenAlex coauthorship between confirmed professors,0.32,2010,2021
AUTO003480,P1521,P1550,collaboration,4,,auto,OpenAlex coauthorship between confirmed professors,0.23,2012,2017
AUTO003481,P1521,P1551,collaboration,3,,auto,OpenAlex coauthorship between confirmed professors,0.174,2012,2018
AUTO003482,P1521,P1553,collaboration,8,,auto,OpenAlex coauthorship between confirmed professors,1.122,2015,2024
AUTO003483,P1521,P1554,collaboration,3,,auto,OpenAlex coauthorship between confirmed professors,0.107,2012,2016
AUTO003484,P1521,P1556,collaboration,117,,auto,OpenAlex coauthorship between confirmed professors,18.76,2012,2026
AUTO003485,P1521,P1558,collaboration,3,,auto,OpenAlex coauthorship between confirmed professors,0.224,2015,2017
AUTO003486,P1521,P1560,collaboration,3,,auto,OpenAlex coauthorship between confirmed professors,0.107,2012,2016
AUTO003487,P1521,P1561,collaboration,6,,auto,OpenAlex coauthorship between confirmed professors,0.513,2011,2026
AUTO003488,P1521,P1562,collaboration,2,,auto,OpenAlex coauthorship between confirmed professors,0.04,2010,2010
AUTO003489,P1521,P1563,collaboration,2,,auto,OpenAlex coauthorship between confirmed professors,0.101,2015,2017
AUTO003490,P1521,P1568,collaboration,2,,auto,OpenAlex coauthorship between confirmed professors,0.075,2013,2016
AUTO003491,P1521,P1570,collaboration,2,,auto,OpenAlex coauthorship between confirmed professors,0.667,2025,2025
AUTO003492,P1521,P1595,collaboration,28,,auto,OpenAlex coauthorship between confirmed professors,4.457,2011,2024
AUTO003493,P1522,P1575,collaboration,2,,auto,OpenAlex coauthorship between confirmed professors,0.077,2022,2022
AUTO003494,P1523,P1524,collaboration,3,,auto,OpenAlex coauthorship between confirmed professors,0.132,2014,2021
AUTO003495,P1523,P1525,collaboration,3,,auto,OpenAlex coauthorship between confirmed professors,0.132,2014,2021
AUTO003496,P1523,P1527,collaboration,8,,auto,OpenAlex coauthorship between confirmed professors,0.629,2014,2021
AUTO003497,P1523,P1528,collaboration,3,,auto,OpenAlex coauthorship between confirmed professors,0.132,2014,2021
AUTO003498,P1523,P1542,collaboration,2,,auto,OpenAlex coauthorship between confirmed professors,0.143,2024,2024
AUTO003499,P1523,P1545,collaboration,2,,auto,OpenAlex coauthorship between confirmed professors,0.247,2018,2019
AUTO003500,P1523,P1547,collaboration,2,,auto,OpenAlex coauthorship between confirmed professors,0.089,2018,2018
AUTO003501,P1523,P1551,collaboration,2,,auto,OpenAlex coauthorship between confirmed professors,0.084,2014,2014
AUTO003502,P1523,P1556,collaboration,10,,auto,OpenAlex coauthorship between confirmed professors,1.183,2005,2022
AUTO003503,P1523,P1561,collaboration,2,,auto,OpenAlex coauthorship between confirmed professors,0.09,2014,2021
AUTO003504,P1524,P1525,collaboration,96,,auto,OpenAlex coauthorship between confirmed professors,14.27,2013,2026
AUTO003505,P1524,P1528,collaboration,41,,auto,OpenAlex coauthorship between confirmed professors,2.489,2013,2025
AUTO003506,P1524,P1532,collaboration,7,,auto,OpenAlex coauthorship between confirmed professors,0.573,2005,2016
AUTO003507,P1524,P1533,collaboration,2,,auto,OpenAlex coauthorship between confirmed professors,0.074,2013,2022
AUTO003508,P1524,P1535,collaboration,5,,auto,OpenAlex coauthorship between confirmed professors,0.146,2004,2013
AUTO003509,P1524,P1539,collaboration,5,,auto,OpenAlex coauthorship between confirmed professors,0.132,2005,2022
AUTO003510,P1524,P1545,collaboration,7,,auto,OpenAlex coauthorship between confirmed professors,0.357,2014,2018
AUTO003511,P1524,P1547,collaboration,2,,auto,OpenAlex coauthorship between confirmed professors,0.11,2013,2013
AUTO003512,P1524,P1551,collaboration,35,,auto,OpenAlex coauthorship between confirmed professors,2.428,2013,2026
AUTO003513,P1524,P1552,collaboration,2,,auto,OpenAlex coauthorship between confirmed professors,0.252,2017,2023
AUTO003514,P1524,P1555,collaboration,4,,auto,OpenAlex coauthorship between confirmed professors,0.158,2004,2013
AUTO003515,P1524,P1556,collaboration,23,,auto,OpenAlex coauthorship between confirmed professors,3.123,2017,2023
AUTO003516,P1524,P1561,collaboration,49,,auto,OpenAlex coauthorship between confirmed professors,4.234,2013,2026
AUTO003517,P1524,P1563,collaboration,21,,auto,OpenAlex coauthorship between confirmed professors,1.235,2014,2023
AUTO003518,P1524,P1566,collaboration,2,,auto,OpenAlex coauthorship between confirmed professors,0.182,2019,2020
AUTO003519,P1524,P1567,collaboration,4,,auto,OpenAlex coauthorship between confirmed professors,0.314,2017,2020
AUTO003520,P1524,P1571,collaboration,23,,auto,OpenAlex coauthorship between confirmed professors,1.404,2014,2026
AUTO003521,P1524,P1595,collaboration,3,,auto,OpenAlex coauthorship between confirmed professors,0.239,2018,2018
AUTO003522,P1525,P1526,collaboration,3,,auto,OpenAlex coauthorship between confirmed professors,0.265,2016,2018
AUTO003523,P1525,P1527,collaboration,7,,auto,OpenAlex coauthorship between confirmed professors,0.205,2009,2021
AUTO003524,P1525,P1528,collaboration,153,,auto,OpenAlex coauthorship between confirmed professors,7.206,2002,2026
AUTO003525,P1525,P1536,collaboration,4,,auto,OpenAlex coauthorship between confirmed professors,0.112,2016,2019
AUTO003526,P1525,P1540,collaboration,2,,auto,OpenAlex coauthorship between confirmed professors,0.088,2007,2008
AUTO003527,P1525,P1541,collaboration,8,,auto,OpenAlex coauthorship between confirmed professors,0.208,2004,2008
AUTO003528,P1525,P1544,collaboration,2,,auto,OpenAlex coauthorship between confirmed professors,0.107,2012,2016
AUTO003529,P1525,P1545,collaboration,42,,auto,OpenAlex coauthorship between confirmed professors,1.843,2007,2018
AUTO003530,P1525,P1546,collaboration,11,,auto,OpenAlex coauthorship between confirmed professors,0.938,2007,2025
AUTO003531,P1525,P1547,collaboration,2,,auto,OpenAlex coauthorship between confirmed professors,0.084,2011,2023
AUTO003532,P1525,P1550,collaboration,7,,auto,OpenAlex coauthorship between confirmed professors,0.402,2007,2023
AUTO003533,P1525,P1551,collaboration,109,,auto,OpenAlex coauthorship between confirmed professors,6.144,2005,2026
AUTO003534,P1525,P1555,collaboration,2,,auto,OpenAlex coauthorship between confirmed professors,0.084,2011,2023
AUTO003535,P1525,P1556,collaboration,36,,auto,OpenAlex coauthorship between confirmed professors,4.319,2014,2024
AUTO003536,P1525,P1558,collaboration,10,,auto,OpenAlex coauthorship between confirmed professors,0.937,2011,2026
AUTO003537,P1525,P1561,collaboration,133,,auto,OpenAlex coauthorship between confirmed professors,8.668,2004,2026
AUTO003538,P1525,P1562,collaboration,3,,auto,OpenAlex coauthorship between confirmed professors,0.162,2008,2014
AUTO003539,P1525,P1563,collaboration,49,,auto,OpenAlex coauthorship between confirmed professors,2.647,2010,2025
AUTO003540,P1525,P1566,collaboration,2,,auto,OpenAlex coauthorship between confirmed professors,0.182,2019,2020
AUTO003541,P1525,P1567,collaboration,4,,auto,OpenAlex coauthorship between confirmed professors,0.314,2017,2020
AUTO003542,P1525,P1571,collaboration,42,,auto,OpenAlex coauthorship between confirmed professors,2.296,2011,2023
AUTO003543,P1525,P1595,collaboration,7,,auto,OpenAlex coauthorship between confirmed professors,0.52,2014,2018
AUTO003544,P1526,P1527,collaboration,41,,auto,OpenAlex coauthorship between confirmed professors,2.715,2008,2022
AUTO003545,P1526,P1545,collaboration,3,,auto,OpenAlex coauthorship between confirmed professors,0.088,2007,2008
AUTO003546,P1526,P1549,collaboration,44,,auto,OpenAlex coauthorship between confirmed professors,1.658,2010,2026
AUTO003547,P1526,P1550,collaboration,2,,auto,OpenAlex coauthorship between confirmed professors,0.09,2012,2017
AUTO003548,P1526,P1561,collaboration,3,,auto,OpenAlex coauthorship between confirmed professors,0.265,2016,2018
AUTO003549,P1526,P1568,collaboration,22,,auto,OpenAlex coauthorship between confirmed professors,1.194,2007,2021
AUTO003550,P1526,P1575,collaboration,11,,auto,OpenAlex coauthorship between confirmed professors,0.693,2011,2026
AUTO003551,P1527,P1528,collaboration,8,,auto,OpenAlex coauthorship between confirmed professors,0.253,2009,2021
AUTO003552,P1527,P1529,collaboration,2,,auto,OpenAlex coauthorship between confirmed professors,0.169,2017,2020
AUTO003553,P1527,P1531,collaboration,25,,auto,OpenAlex coauthorship between confirmed professors,1.704,2006,2026
AUTO003554,P1527,P1532,collaboration,4,,auto,OpenAlex coauthorship between confirmed professors,0.149,2007,2011
AUTO003555,P1527,P1533,collaboration,16,,auto,OpenAlex coauthorship between confirmed professors,0.983,2013,2025
AUTO003556,P1527,P1535,collaboration,23,,auto,OpenAlex coauthorship between confirmed professors,1.645,2013,2026
AUTO003557,P1527,P1537,collaboration,7,,auto,OpenAlex coauthorship between confirmed professors,0.786,2008,2024
AUTO003558,P1527,P1538,collaboration,2,,auto,OpenAlex coauthorship between confirmed professors,0.182,2013,2020
AUTO003559,P1527,P1539,collaboration,4,,auto,OpenAlex coauthorship between confirmed professors,0.353,2013,2025
AUTO003560,P1527,P1541,collaboration,2,,auto,OpenAlex coauthorship between confirmed professors,0.169,2017,2020
AUTO003561,P1527,P1545,collaboration,12,,auto,OpenAlex coauthorship between confirmed professors,0.5,2006,2017
AUTO003562,P1527,P1546,collaboration,9,,auto,OpenAlex coauthorship between confirmed professors,0.593,2018,2026
AUTO003563,P1527,P1547,collaboration,37,,auto,OpenAlex coauthorship between confirmed professors,2.725,2017,2026
AUTO003564,P1527,P1550,collaboration,2,,auto,OpenAlex coauthorship between confirmed professors,0.174,2019,2019
AUTO003565,P1527,P1551,collaboration,3,,auto,OpenAlex coauthorship between confirmed professors,0.077,2009,2015
AUTO003566,P1527,P1553,collaboration,45,,auto,OpenAlex coauthorship between confirmed professors,4.342,2015,2026
AUTO003567,P1527,P1555,collaboration,15,,auto,OpenAlex coauthorship between confirmed professors,0.992,2008,2026
AUTO003568,P1527,P1556,collaboration,2,,auto,OpenAlex coauthorship between confirmed professors,0.14,2014,2014
AUTO003569,P1527,P1561,collaboration,6,,auto,OpenAlex coauthorship between confirmed professors,0.231,2010,2021
AUTO003570,P1527,P1562,collaboration,2,,auto,OpenAlex coauthorship between confirmed professors,0.078,2006,2020
AUTO003571,P1527,P1567,collaboration,9,,auto,OpenAlex coauthorship between confirmed professors,0.664,2018,2021
AUTO003572,P1527,P1568,collaboration,8,,auto,OpenAlex coauthorship between confirmed professors,0.444,2008,2025
AUTO003573,P1527,P1569,collaboration,6,,auto,OpenAlex coauthorship between confirmed professors,0.359,2008,2024
AUTO003574,P1527,P1575,collaboration,5,,auto,OpenAlex coauthorship between confirmed professors,0.302,2013,2026
AUTO003575,P1528,P1535,collaboration,2,,auto,OpenAlex coauthorship between confirmed professors,0.098,2010,2023
AUTO003576,P1528,P1541,collaboration,5,,auto,OpenAlex coauthorship between confirmed professors,0.109,2004,2006
AUTO003577,P1528,P1544,collaboration,2,,auto,OpenAlex coauthorship between confirmed professors,0.121,2012,2015
AUTO003578,P1528,P1545,collaboration,68,,auto,OpenAlex coauthorship between confirmed professors,2.54,2006,2025
AUTO003579,P1528,P1551,collaboration,121,,auto,OpenAlex coauthorship between confirmed professors,6.644,2005,2026
AUTO003580,P1528,P1556,collaboration,9,,auto,OpenAlex coauthorship between confirmed professors,0.786,2016,2018
AUTO003581,P1528,P1561,collaboration,94,,auto,OpenAlex coauthorship between confirmed professors,4.154,2004,2022
AUTO003582,P1528,P1563,collaboration,150,,auto,OpenAlex coauthorship between confirmed professors,11.306,2009,2026
AUTO003583,P1528,P1567,collaboration,4,,auto,OpenAlex coauthorship between confirmed professors,0.261,2014,2017
AUTO003584,P1528,P1571,collaboration,138,,auto,OpenAlex coauthorship between confirmed professors,10.482,2011,2026
AUTO003585,P1529,P1533,collaboration,4,,auto,OpenAlex coauthorship between confirmed professors,0.304,2013,2026
AUTO003586,P1529,P1535,collaboration,7,,auto,OpenAlex coauthorship between confirmed professors,0.346,2009,2021
AUTO003587,P1529,P1537,collaboration,2,,auto,OpenAlex coauthorship between confirmed professors,0.117,2015,2018
AUTO003588,P1529,P1539,collaboration,5,,auto,OpenAlex coauthorship between confirmed professors,0.444,2009,2021
AUTO003589,P1529,P1540,collaboration,130,,auto,OpenAlex coauthorship between confirmed professors,10.053,2009,2026
AUTO003590,P1529,P1541,collaboration,145,,auto,OpenAlex coauthorship between confirmed professors,10.144,2009,2026
AUTO003591,P1529,P1544,collaboration,84,,auto,OpenAlex coauthorship between confirmed professors,4.238,2009,2024
AUTO003592,P1529,P1545,collaboration,5,,auto,OpenAlex coauthorship between confirmed professors,0.279,2009,2017
AUTO003593,P1529,P1546,collaboration,5,,auto,OpenAlex coauthorship between confirmed professors,0.257,2010,2018
AUTO003594,P1529,P1550,collaboration,4,,auto,OpenAlex coauthorship between confirmed professors,0.265,2012,2020
AUTO003595,P1529,P1556,collaboration,38,,auto,OpenAlex coauthorship between confirmed professors,4.204,2015,2026
AUTO003596,P1529,P1558,collaboration,5,,auto,OpenAlex coauthorship between confirmed professors,0.257,2010,2018
AUTO003597,P1529,P1570,collaboration,2,,auto,OpenAlex coauthorship between confirmed professors,0.117,2020,2021
AUTO003598,P1530,P1558,collaboration,2,,auto,OpenAlex coauthorship between confirmed professors,0.217,2017,2019
AUTO003599,P1531,P1541,collaboration,2,,auto,OpenAlex coauthorship between confirmed professors,0.079,2009,2010
AUTO003600,P1531,P1544,collaboration,3,,auto,OpenAlex coauthorship between confirmed professors,0.137,2010,2021
AUTO003601,P1531,P1545,collaboration,19,,auto,OpenAlex coauthorship between confirmed professors,0.728,2006,2019
AUTO003602,P1531,P1546,collaboration,2,,auto,OpenAlex coauthorship between confirmed professors,0.105,2005,2026
AUTO003603,P1531,P1553,collaboration,49,,auto,OpenAlex coauthorship between confirmed professors,2.917,2009,2026
AUTO003604,P1531,P1555,collaboration,2,,auto,OpenAlex coauthorship between confirmed professors,0.091,2013,2023
AUTO003605,P1531,P1567,collaboration,2,,auto,OpenAlex coauthorship between confirmed professors,0.055,2012,2013
AUTO003606,P1532,P1533,collaboration,13,,auto,OpenAlex coauthorship between confirmed professors,0.519,2007,2018
AUTO003607,P1532,P1535,collaboration,33,,auto,OpenAlex coauthorship between confirmed professors,1.209,1970,2021
AUTO003608,P1532,P1539,collaboration,32,,auto,OpenAlex coauthorship between confirmed professors,1.392,2003,2022
AUTO003609,P1532,P1544,collaboration,13,,auto,OpenAlex coauthorship between confirmed professors,0.424,1970,2020
AUTO003610,P1532,P1545,collaboration,9,,auto,OpenAlex coauthorship between confirmed professors,0.607,2008,2017
AUTO003611,P1532,P1547,collaboration,25,,auto,OpenAlex coauthorship between confirmed professors,1.127,1970,2022
AUTO003612,P1532,P1555,collaboration,36,,auto,OpenAlex coauthorship between confirmed professors,1.517,1970,2022
AUTO003613,P1532,P1559,collaboration,3,,auto,OpenAlex coauthorship between confirmed professors,0.304,2017,2022
AUTO003614,P1533,P1535,collaboration,166,,auto,OpenAlex coauthorship between confirmed professors,15.107,2007,2025
AUTO003615,P1533,P1537,collaboration,3,,auto,OpenAlex coauthorship between confirmed professors,0.104,2008,2022
AUTO003616,P1533,P1539,collaboration,69,,auto,OpenAlex coauthorship between confirmed professors,4.261,2007,2024
AUTO003617,P1533,P1541,collaboration,2,,auto,OpenAlex coauthorship between confirmed professors,0.153,2021,2026
AUTO003618,P1533,P1544,collaboration,8,,auto,OpenAlex coauthorship between confirmed professors,0.399,2010,2020
AUTO003619,P1533,P1545,collaboration,2,,auto,OpenAlex coauthorship between confirmed professors,0.154,2013,2013
AUTO003620,P1533,P1547,collaboration,71,,auto,OpenAlex coauthorship between confirmed professors,4.253,2010,2025
AUTO003621,P1533,P1548,collaboration,2,,auto,OpenAlex coauthorship between confirmed professors,0.376,2021,2023
AUTO003622,P1533,P1550,collaboration,5,,auto,OpenAlex coauthorship between confirmed professors,1.015,2023,2025
AUTO003623,P1533,P1555,collaboration,59,,auto,OpenAlex coauthorship between confirmed professors,3.217,2007,2025
AUTO003624,P1533,P1563,collaboration,2,,auto,OpenAlex coauthorship between confirmed professors,0.056,2010,2022
AUTO003625,P1533,P1564,collaboration,35,,auto,OpenAlex coauthorship between confirmed professors,5.651,2011,2025
AUTO003626,P1533,P1568,collaboration,4,,auto,OpenAlex coauthorship between confirmed professors,0.222,2015,2021
AUTO003627,P1533,P1569,collaboration,3,,auto,OpenAlex coauthorship between confirmed professors,0.104,2008,2022
AUTO003628,P1533,P1572,collaboration,3,,auto,OpenAlex coauthorship between confirmed professors,0.491,2021,2025
AUTO003629,P1534,P1562,collaboration,2,,auto,OpenAlex coauthorship between confirmed professors,0.211,2024,2025
AUTO003630,P1535,P1539,collaboration,108,,auto,OpenAlex coauthorship between confirmed professors,12.832,2003,2021
AUTO003631,P1535,P1541,collaboration,2,,auto,OpenAlex coauthorship between confirmed professors,0.095,2009,2021
AUTO003632,P1535,P1544,collaboration,15,,auto,OpenAlex coauthorship between confirmed professors,0.559,1970,2020
AUTO003633,P1535,P1545,collaboration,7,,auto,OpenAlex coauthorship between confirmed professors,0.431,2009,2016
AUTO003634,P1535,P1547,collaboration,78,,auto,OpenAlex coauthorship between confirmed professors,4.564,1970,2026
AUTO003635,P1535,P1550,collaboration,8,,auto,OpenAlex coauthorship between confirmed professors,1.529,2010,2025
AUTO003636,P1535,P1552,collaboration,2,,auto,OpenAlex coauthorship between confirmed professors,0.2,2010,2026
AUTO003637,P1535,P1555,collaboration,75,,auto,OpenAlex coauthorship between confirmed professors,3.815,1970,2025
AUTO003638,P1535,P1564,collaboration,33,,auto,OpenAlex coauthorship between confirmed professors,5.682,2011,2025
AUTO003639,P1535,P1568,collaboration,4,,auto,OpenAlex coauthorship between confirmed professors,0.222,2015,2021
AUTO003640,P1536,P1537,collaboration,2,,auto,OpenAlex coauthorship between confirmed professors,0.069,2023,2023
AUTO003641,P1536,P1569,collaboration,2,,auto,OpenAlex coauthorship between confirmed professors,0.165,2023,2023
AUTO003642,P1537,P1539,collaboration,2,,auto,OpenAlex coauthorship between confirmed professors,0.073,2011,2022
AUTO003643,P1537,P1543,collaboration,3,,auto,OpenAlex coauthorship between confirmed professors,0.112,2010,2022
AUTO003644,P1537,P1545,collaboration,8,,auto,OpenAlex coauthorship between confirmed professors,0.684,2009,2024
AUTO003645,P1537,P1550,collaboration,4,,auto,OpenAlex coauthorship between confirmed professors,0.154,2012,2016
AUTO003646,P1537,P1554,collaboration,3,,auto,OpenAlex coauthorship between confirmed professors,0.154,2012,2022
AUTO003647,P1537,P1560,collaboration,2,,auto,OpenAlex coauthorship between confirmed professors,0.093,2010,2012
AUTO003648,P1537,P1569,collaboration,112,,auto,OpenAlex coauthorship between confirmed professors,8.35,2006,2026
AUTO003649,P1538,P1565,collaboration,8,,auto,OpenAlex coauthorship between confirmed professors,0.26,2020,2026
AUTO003650,P1538,P1566,collaboration,125,,auto,OpenAlex coauthorship between confirmed professors,18.247,2010,2026
AUTO003651,P1539,P1541,collaboration,3,,auto,OpenAlex coauthorship between confirmed professors,0.123,2008,2021
AUTO003652,P1539,P1544,collaboration,6,,auto,OpenAlex coauthorship between confirmed professors,0.17,2006,2013
AUTO003653,P1539,P1545,collaboration,3,,auto,OpenAlex coauthorship between confirmed professors,0.125,2009,2017
AUTO003654,P1539,P1547,collaboration,20,,auto,OpenAlex coauthorship between confirmed professors,0.957,2010,2022
AUTO003655,P1539,P1555,collaboration,26,,auto,OpenAlex coauthorship between confirmed professors,1.073,2006,2022
AUTO003656,P1539,P1563,collaboration,2,,auto,OpenAlex coauthorship between confirmed professors,0.056,2010,2022
AUTO003657,P1539,P1569,collaboration,2,,auto,OpenAlex coauthorship between confirmed professors,0.073,2011,2022
AUTO003658,P1540,P1541,collaboration,133,,auto,OpenAlex coauthorship between confirmed professors,9.362,2005,2026
AUTO003659,P1540,P1544,collaboration,39,,auto,OpenAlex coauthorship between confirmed professors,1.483,2005,2024
AUTO003660,P1540,P1545,collaboration,3,,auto,OpenAlex coauthorship between confirmed professors,0.393,2015,2025
AUTO003661,P1540,P1546,collaboration,6,,auto,OpenAlex coauthorship between confirmed professors,0.504,2020,2021
AUTO003662,P1540,P1551,collaboration,2,,auto,OpenAlex coauthorship between confirmed professors,0.092,2008,2019
AUTO003663,P1540,P1552,collaboration,4,,auto,OpenAlex coauthorship between confirmed professors,0.329,2020,2021
AUTO003664,P1540,P1556,collaboration,33,,auto,OpenAlex coauthorship between confirmed professors,3.796,2016,2026
AUTO003665,P1540,P1567,collaboration,2,,auto,OpenAlex coauthorship between confirmed professors,0.262,2023,2023
AUTO003666,P1540,P1571,collaboration,6,,auto,OpenAlex coauthorship between confirmed professors,0.619,2016,2026
AUTO003667,P1541,P1544,collaboration,89,,auto,OpenAlex coauthorship between confirmed professors,3.538,2005,2024
AUTO003668,P1541,P1545,collaboration,5,,auto,OpenAlex coauthorship between confirmed professors,0.247,2008,2017
AUTO003669,P1541,P1551,collaboration,5,,auto,OpenAlex coauthorship between confirmed professors,0.168,2005,2019
AUTO003670,P1541,P1556,collaboration,34,,auto,OpenAlex coauthorship between confirmed professors,3.877,2016,2026
AUTO003671,P1541,P1561,collaboration,5,,auto,OpenAlex coauthorship between confirmed professors,0.144,2004,2008
AUTO003672,P1541,P1570,collaboration,3,,auto,OpenAlex coauthorship between confirmed professors,0.202,2018,2021
AUTO003673,P1541,P1571,collaboration,3,,auto,OpenAlex coauthorship between confirmed professors,0.263,2019,2026
AUTO003674,P1543,P1545,collaboration,2,,auto,OpenAlex coauthorship between confirmed professors,0.133,2013,2017
AUTO003675,P1543,P1550,collaboration,5,,auto,OpenAlex coauthorship between confirmed professors,0.378,2015,2022
AUTO003676,P1543,P1554,collaboration,115,,auto,OpenAlex coauthorship between confirmed professors,8.31,2003,2025
AUTO003677,P1543,P1560,collaboration,104,,auto,OpenAlex coauthorship between confirmed professors,7.603,2003,2025
AUTO003678,P1543,P1562,collaboration,5,,auto,OpenAlex coauthorship between confirmed professors,0.214,2007,2016
AUTO003679,P1543,P1563,collaboration,2,,auto,OpenAlex coauthorship between confirmed professors,0.058,2021,2022
AUTO003680,P1543,P1566,collaboration,2,,auto,OpenAlex coauthorship between confirmed professors,0.361,2021,2022
AUTO003681,P1543,P1567,collaboration,4,,auto,OpenAlex coauthorship between confirmed professors,0.491,2017,2025
AUTO003682,P1543,P1568,collaboration,62,,auto,OpenAlex coauthorship between confirmed professors,3.795,2006,2023
AUTO003683,P1543,P1569,collaboration,3,,auto,OpenAlex coauthorship between confirmed professors,0.112,2010,2022
AUTO003684,P1543,P1571,collaboration,2,,auto,OpenAlex coauthorship between confirmed professors,0.058,2021,2022
AUTO003685,P1543,P1573,collaboration,10,,auto,OpenAlex coauthorship between confirmed professors,1.773,2020,2025
AUTO003686,P1544,P1545,collaboration,4,,auto,OpenAlex coauthorship between confirmed professors,0.219,2009,2017
AUTO003687,P1544,P1547,collaboration,12,,auto,OpenAlex coauthorship between confirmed professors,0.58,1970,2020
AUTO003688,P1544,P1555,collaboration,13,,auto,OpenAlex coauthorship between confirmed professors,0.606,1970,2020
AUTO003689,P1545,P1547,collaboration,6,,auto,OpenAlex coauthorship between confirmed professors,0.384,2012,2016
AUTO003690,P1545,P1550,collaboration,2,,auto,OpenAlex coauthorship between confirmed professors,0.139,2017,2018
AUTO003691,P1545,P1551,collaboration,33,,auto,OpenAlex coauthorship between confirmed professors,1.35,2007,2025
AUTO003692,P1545,P1553,collaboration,6,,auto,OpenAlex coauthorship between confirmed professors,0.189,2009,2018
AUTO003693,P1545,P1554,collaboration,2,,auto,OpenAlex coauthorship between confirmed professors,0.133,2013,2017
AUTO003694,P1545,P1555,collaboration,6,,auto,OpenAlex coauthorship between confirmed professors,0.362,2008,2016
AUTO003695,P1545,P1558,collaboration,2,,auto,OpenAlex coauthorship between confirmed professors,0.094,2012,2017
AUTO003696,P1545,P1559,collaboration,2,,auto,OpenAlex coauthorship between confirmed professors,0.267,2015,2015
AUTO003697,P1545,P1560,collaboration,4,,auto,OpenAlex coauthorship between confirmed professors,0.21,2013,2017
AUTO003698,P1545,P1561,collaboration,28,,auto,OpenAlex coauthorship between confirmed professors,0.995,2006,2018
AUTO003699,P1545,P1562,collaboration,7,,auto,OpenAlex coauthorship between confirmed professors,0.403,2008,2020
AUTO003700,P1545,P1563,collaboration,39,,auto,OpenAlex coauthorship between confirmed professors,1.687,2010,2025
AUTO003701,P1545,P1568,collaboration,3,,auto,OpenAlex coauthorship between confirmed professors,0.088,2007,2008
AUTO003702,P1545,P1569,collaboration,5,,auto,OpenAlex coauthorship between confirmed professors,0.219,2009,2015
AUTO003703,P1545,P1571,collaboration,30,,auto,OpenAlex coauthorship between confirmed professors,1.391,2013,2025
AUTO003704,P1545,P1572,collaboration,2,,auto,OpenAlex coauthorship between confirmed professors,0.082,2006,2011
AUTO003705,P1546,P1547,collaboration,4,,auto,OpenAlex coauthorship between confirmed professors,0.208,2018,2020
AUTO003706,P1546,P1550,collaboration,38,,auto,OpenAlex coauthorship between confirmed professors,3.74,2007,2024
AUTO003707,P1546,P1552,collaboration,10,,auto,OpenAlex coauthorship between confirmed professors,1.31,2018,2024
AUTO003708,P1546,P1553,collaboration,10,,auto,OpenAlex coauthorship between confirmed professors,0.807,2018,2026
AUTO003709,P1546,P1555,collaboration,2,,auto,OpenAlex coauthorship between confirmed professors,0.119,2019,2019
AUTO003710,P1546,P1558,collaboration,127,,auto,OpenAlex coauthorship between confirmed professors,12.954,2007,2026
AUTO003711,P1546,P1559,collaboration,3,,auto,OpenAlex coauthorship between confirmed professors,0.162,2018,2018
AUTO003712,P1546,P1567,collaboration,2,,auto,OpenAlex coauthorship between confirmed professors,0.089,2018,2020
AUTO003713,P1547,P1548,collaboration,21,,auto,OpenAlex coauthorship between confirmed professors,1.932,2020,2026
AUTO003714,P1547,P1553,collaboration,2,,auto,OpenAlex coauthorship between confirmed professors,0.086,2018,2023
AUTO003715,P1547,P1555,collaboration,131,,auto,OpenAlex coauthorship between confirmed professors,8.609,1970,2026
AUTO003716,P1547,P1564,collaboration,2,,auto,OpenAlex coauthorship between confirmed professors,0.187,2022,2022
AUTO003717,P1547,P1567,collaboration,8,,auto,OpenAlex coauthorship between confirmed professors,0.643,2018,2025
AUTO003718,P1547,P1568,collaboration,4,,auto,OpenAlex coauthorship between confirmed professors,0.222,2015,2021
AUTO003719,P1547,P1572,collaboration,26,,auto,OpenAlex coauthorship between confirmed professors,3.116,2020,2026
AUTO003720,P1548,P1555,collaboration,12,,auto,OpenAlex coauthorship between confirmed professors,0.706,2026,2026
AUTO003721,P1548,P1572,collaboration,29,,auto,OpenAlex coauthorship between confirmed professors,2.862,2011,2026
AUTO003722,P1548,P1574,collaboration,2,,auto,OpenAlex coauthorship between confirmed professors,0.192,2023,2024
AUTO003723,P1550,P1552,collaboration,4,,auto,OpenAlex coauthorship between confirmed professors,0.189,2010,2025
AUTO003724,P1550,P1553,collaboration,8,,auto,OpenAlex coauthorship between confirmed professors,0.909,2019,2026
AUTO003725,P1550,P1554,collaboration,4,,auto,OpenAlex coauthorship between confirmed professors,0.21,2015,2018
AUTO003726,P1550,P1558,collaboration,41,,auto,OpenAlex coauthorship between confirmed professors,4.218,2008,2026
AUTO003727,P1550,P1559,collaboration,3,,auto,OpenAlex coauthorship between confirmed professors,0.173,2015,2018
AUTO003728,P1550,P1560,collaboration,4,,auto,OpenAlex coauthorship between confirmed professors,0.21,2015,2018
AUTO003729,P1550,P1563,collaboration,2,,auto,OpenAlex coauthorship between confirmed professors,0.365,2018,2019
AUTO003730,P1550,P1564,collaboration,22,,auto,OpenAlex coauthorship between confirmed professors,3.885,2022,2026
AUTO003731,P1550,P1567,collaboration,2,,auto,OpenAlex coauthorship between confirmed professors,0.174,2019,2019
AUTO003732,P1550,P1568,collaboration,4,,auto,OpenAlex coauthorship between confirmed professors,0.21,2015,2018
AUTO003733,P1550,P1575,collaboration,7,,auto,OpenAlex coauthorship between confirmed professors,0.495,2012,2020
AUTO003734,P1550,P1595,collaboration,3,,auto,OpenAlex coauthorship between confirmed professors,0.156,2024,2025
AUTO003735,P1551,P1553,collaboration,2,,auto,OpenAlex coauthorship between confirmed professors,0.095,2009,2019
AUTO003736,P1551,P1561,collaboration,78,,auto,OpenAlex coauthorship between confirmed professors,4.536,2005,2026
AUTO003737,P1551,P1562,collaboration,2,,auto,OpenAlex coauthorship between confirmed professors,0.031,1999,1999
AUTO003738,P1551,P1563,collaboration,60,,auto,OpenAlex coauthorship between confirmed professors,4.089,2009,2025
AUTO003739,P1551,P1568,collaboration,4,,auto,OpenAlex coauthorship between confirmed professors,0.087,1999,2007
AUTO003740,P1551,P1571,collaboration,53,,auto,OpenAlex coauthorship between confirmed professors,3.608,2011,2025
AUTO003741,P1552,P1558,collaboration,4,,auto,OpenAlex coauthorship between confirmed professors,0.475,2018,2023
AUTO003742,P1552,P1559,collaboration,15,,auto,OpenAlex coauthorship between confirmed professors,2.19,2004,2026
AUTO003743,P1552,P1567,collaboration,2,,auto,OpenAlex coauthorship between confirmed professors,0.308,2020,2023
AUTO003744,P1552,P1595,collaboration,3,,auto,OpenAlex coauthorship between confirmed professors,0.156,2024,2025
AUTO003745,P1553,P1556,collaboration,4,,auto,OpenAlex coauthorship between confirmed professors,0.786,2017,2024
AUTO003746,P1553,P1558,collaboration,5,,auto,OpenAlex coauthorship between confirmed professors,0.703,2020,2026
AUTO003747,P1553,P1564,collaboration,2,,auto,OpenAlex coauthorship between confirmed professors,0.216,2007,2025
AUTO003748,P1553,P1567,collaboration,10,,auto,OpenAlex coauthorship between confirmed professors,0.928,2018,2025
AUTO003749,P1553,P1571,collaboration,2,,auto,OpenAlex coauthorship between confirmed professors,0.083,2019,2021
AUTO003750,P1553,P1602,collaboration,9,,auto,OpenAlex coauthorship between confirmed professors,0.611,2016,2023
AUTO003751,P1554,P1560,collaboration,106,,auto,OpenAlex coauthorship between confirmed professors,7.645,2003,2025
AUTO003752,P1554,P1562,collaboration,5,,auto,OpenAlex coauthorship between confirmed professors,0.214,2007,2016
AUTO003753,P1554,P1568,collaboration,70,,auto,OpenAlex coauthorship between confirmed professors,5.234,2006,2026
AUTO003754,P1554,P1569,collaboration,3,,auto,OpenAlex coauthorship between confirmed professors,0.154,2012,2022
AUTO003755,P1554,P1573,collaboration,11,,auto,OpenAlex coauthorship between confirmed professors,1.936,2020,2026
AUTO003756,P1555,P1568,collaboration,4,,auto,OpenAlex coauthorship between confirmed professors,0.222,2015,2021
AUTO003757,P1555,P1572,collaboration,15,,auto,OpenAlex coauthorship between confirmed professors,0.942,2025,2026
AUTO003758,P1556,P1595,collaboration,7,,auto,OpenAlex coauthorship between confirmed professors,0.535,2014,2019
AUTO003759,P1558,P1559,collaboration,5,,auto,OpenAlex coauthorship between confirmed professors,0.276,2015,2018
AUTO003760,P1559,P1586,collaboration,2,,auto,OpenAlex coauthorship between confirmed professors,0.105,2016,2018
AUTO003761,P1560,P1562,collaboration,5,,auto,OpenAlex coauthorship between confirmed professors,0.214,2007,2016
AUTO003762,P1560,P1568,collaboration,62,,auto,OpenAlex coauthorship between confirmed professors,4.514,2006,2022
AUTO003763,P1560,P1569,collaboration,3,,auto,OpenAlex coauthorship between confirmed professors,0.158,2010,2015
AUTO003764,P1560,P1573,collaboration,15,,auto,OpenAlex coauthorship between confirmed professors,2.21,2022,2025
AUTO003765,P1561,P1563,collaboration,36,,auto,OpenAlex coauthorship between confirmed professors,1.833,2010,2022
AUTO003766,P1561,P1567,collaboration,2,,auto,OpenAlex coauthorship between confirmed professors,0.132,2017,2017
AUTO003767,P1561,P1571,collaboration,33,,auto,OpenAlex coauthorship between confirmed professors,1.847,2011,2022
AUTO003768,P1562,P1568,collaboration,10,,auto,OpenAlex coauthorship between confirmed professors,0.355,1995,2016
AUTO003769,P1562,P1574,collaboration,2,,auto,OpenAlex coauthorship between confirmed professors,0.062,2014,2016
AUTO003770,P1562,P1575,collaboration,2,,auto,OpenAlex coauthorship between confirmed professors,0.057,2002,2003
AUTO003771,P1563,P1571,collaboration,131,,auto,OpenAlex coauthorship between confirmed professors,10.35,2011,2026
AUTO003772,P1565,P1566,collaboration,6,,auto,OpenAlex coauthorship between confirmed professors,0.211,2020,2026
AUTO003773,P1566,P1567,collaboration,4,,auto,OpenAlex coauthorship between confirmed professors,0.543,2019,2022
AUTO003774,P1567,P1575,collaboration,5,,auto,OpenAlex coauthorship between confirmed professors,0.32,2008,2023
AUTO003775,P1568,P1573,collaboration,5,,auto,OpenAlex coauthorship between confirmed professors,0.633,2020,2026
AUTO003776,P1576,P1580,collaboration,59,,auto,OpenAlex coauthorship between confirmed professors,4.597,2011,2026
AUTO003777,P1576,P1588,collaboration,27,,auto,OpenAlex coauthorship between confirmed professors,0.338,2009,2020
AUTO003778,P1576,P1594,collaboration,36,,auto,OpenAlex coauthorship between confirmed professors,1.571,2010,2024
AUTO003779,P1576,P1598,collaboration,3,,auto,OpenAlex coauthorship between confirmed professors,0.154,2012,2026
AUTO003780,P1576,P1603,collaboration,15,,auto,OpenAlex coauthorship between confirmed professors,2.269,2019,2026
AUTO003781,P1576,P1605,collaboration,7,,auto,OpenAlex coauthorship between confirmed professors,0.497,2019,2026
AUTO003782,P1576,P1606,collaboration,8,,auto,OpenAlex coauthorship between confirmed professors,0.152,2016,2025
AUTO003783,P1576,P1612,collaboration,4,,auto,OpenAlex coauthorship between confirmed professors,0.197,2009,2012
AUTO003784,P1576,P1615,collaboration,4,,auto,OpenAlex coauthorship between confirmed professors,0.367,2019,2021
AUTO003785,P1577,P1592,collaboration,48,,auto,OpenAlex coauthorship between confirmed professors,11.687,2021,2025
AUTO003786,P1577,P1595,collaboration,4,,auto,OpenAlex coauthorship between confirmed professors,0.773,2022,2024
AUTO003787,P1578,P1581,collaboration,5,,auto,OpenAlex coauthorship between confirmed professors,0.33,2022,2023
AUTO003788,P1578,P1583,collaboration,3,,auto,OpenAlex coauthorship between confirmed professors,0.207,2023,2023
AUTO003789,P1578,P1586,collaboration,5,,auto,OpenAlex coauthorship between confirmed professors,0.354,2023,2023
AUTO003790,P1578,P1588,collaboration,2,,auto,OpenAlex coauthorship between confirmed professors,0.225,2024,2024
AUTO003791,P1578,P1604,collaboration,2,,auto,OpenAlex coauthorship between confirmed professors,0.06,2022,2022
AUTO003792,P1578,P1613,collaboration,2,,auto,OpenAlex coauthorship between confirmed professors,0.06,2022,2022
AUTO003793,P1580,P1588,collaboration,17,,auto,OpenAlex coauthorship between confirmed professors,1.215,2013,2020
AUTO003794,P1580,P1594,collaboration,29,,auto,OpenAlex coauthorship between confirmed professors,1.741,2011,2022
AUTO003795,P1580,P1596,collaboration,3,,auto,OpenAlex coauthorship between confirmed professors,0.157,2013,2016
AUTO003796,P1580,P1603,collaboration,15,,auto,OpenAlex coauthorship between confirmed professors,2.057,2019,2026
AUTO003797,P1580,P1605,collaboration,8,,auto,OpenAlex coauthorship between confirmed professors,0.532,2019,2026
AUTO003798,P1581,P1583,collaboration,27,,auto,OpenAlex coauthorship between confirmed professors,2.382,2020,2025
AUTO003799,P1581,P1586,collaboration,31,,auto,OpenAlex coauthorship between confirmed professors,2.632,2020,2026
AUTO003800,P1581,P1610,collaboration,11,,auto,OpenAlex coauthorship between confirmed professors,1.195,2014,2023
AUTO003801,P1581,P1611,collaboration,2,,auto,OpenAlex coauthorship between confirmed professors,0.154,2026,2026
AUTO003802,P1581,P1617,collaboration,3,,auto,OpenAlex coauthorship between confirmed professors,0.3,2022,2026
AUTO003803,P1582,P1593,collaboration,3,,auto,OpenAlex coauthorship between confirmed professors,0.288,2024,2025
AUTO003804,P1582,P1597,collaboration,2,,auto,OpenAlex coauthorship between confirmed professors,0.113,2023,2024
AUTO003805,P1582,P1600,collaboration,2,,auto,OpenAlex coauthorship between confirmed professors,0.222,2024,2026
AUTO003806,P1582,P1604,collaboration,2,,auto,OpenAlex coauthorship between confirmed professors,0.113,2023,2024
AUTO003807,P1583,P1586,collaboration,37,,auto,OpenAlex coauthorship between confirmed professors,3.079,2020,2025
AUTO003808,P1583,P1599,collaboration,4,,auto,OpenAlex coauthorship between confirmed professors,0.202,2017,2023
AUTO003809,P1583,P1617,collaboration,2,,auto,OpenAlex coauthorship between confirmed professors,0.223,2022,2025
AUTO003810,P1584,P1591,collaboration,2,,auto,OpenAlex coauthorship between confirmed professors,0.23,2023,2024
AUTO003811,P1585,P1598,collaboration,4,,auto,OpenAlex coauthorship between confirmed professors,0.723,2016,2022
AUTO003812,P1585,P1609,collaboration,32,,auto,OpenAlex coauthorship between confirmed professors,4.683,2010,2026
AUTO003813,P1585,P1622,collaboration,3,,auto,OpenAlex coauthorship between confirmed professors,0.393,2025,2026
AUTO003814,P1586,P1599,collaboration,3,,auto,OpenAlex coauthorship between confirmed professors,0.122,2016,2023
AUTO003815,P1586,P1600,collaboration,4,,auto,OpenAlex coauthorship between confirmed professors,0.156,2015,2016
AUTO003816,P1586,P1611,collaboration,3,,auto,OpenAlex coauthorship between confirmed professors,0.178,2022,2026
AUTO003817,P1586,P1617,collaboration,2,,auto,OpenAlex coauthorship between confirmed professors,0.217,2022,2026
AUTO003818,P1588,P1594,collaboration,6,,auto,OpenAlex coauthorship between confirmed professors,0.184,2010,2020
AUTO003819,P1588,P1596,collaboration,7,,auto,OpenAlex coauthorship between confirmed professors,0.444,2012,2019
AUTO003820,P1588,P1598,collaboration,2,,auto,OpenAlex coauthorship between confirmed professors,0.013,2012,2013
AUTO003821,P1588,P1606,collaboration,2,,auto,OpenAlex coauthorship between confirmed professors,0.011,2016,2017
AUTO003822,P1588,P1615,collaboration,2,,auto,OpenAlex coauthorship between confirmed professors,0.054,2014,2018
AUTO003823,P1589,P1590,collaboration,2,,auto,OpenAlex coauthorship between confirmed professors,0.099,2018,2022
AUTO003824,P1589,P1601,collaboration,6,,auto,OpenAlex coauthorship between confirmed professors,1.415,2012,2025
AUTO003825,P1589,P1607,collaboration,6,,auto,OpenAlex coauthorship between confirmed professors,3.797,2020,2026
AUTO003826,P1590,P1601,collaboration,3,,auto,OpenAlex coauthorship between confirmed professors,0.951,2022,2024
AUTO003827,P1590,P1607,collaboration,8,,auto,OpenAlex coauthorship between confirmed professors,0.665,2017,2018
AUTO003828,P1590,P1608,collaboration,2,,auto,OpenAlex coauthorship between confirmed professors,0.826,2022,2026
AUTO003829,P1592,P1595,collaboration,3,,auto,OpenAlex coauthorship between confirmed professors,0.523,2022,2024
AUTO003830,P1593,P1600,collaboration,4,,auto,OpenAlex coauthorship between confirmed professors,0.356,2020,2024
AUTO003831,P1593,P1601,collaboration,8,,auto,OpenAlex coauthorship between confirmed professors,0.536,2016,2022
AUTO003832,P1593,P1613,collaboration,10,,auto,OpenAlex coauthorship between confirmed professors,0.739,2022,2024
AUTO003833,P1594,P1603,collaboration,4,,auto,OpenAlex coauthorship between confirmed professors,0.12,2019,2022
AUTO003834,P1594,P1605,collaboration,5,,auto,OpenAlex coauthorship between confirmed professors,0.228,2019,2022
AUTO003835,P1594,P1615,collaboration,3,,auto,OpenAlex coauthorship between confirmed professors,0.213,2019,2020
AUTO003836,P1595,P1602,collaboration,2,,auto,OpenAlex coauthorship between confirmed professors,0.4,2025,2025
AUTO003837,P1595,P1621,collaboration,2,,auto,OpenAlex coauthorship between confirmed professors,0.085,2007,2009
AUTO003838,P1597,P1604,collaboration,13,,auto,OpenAlex coauthorship between confirmed professors,0.877,2022,2025
AUTO003839,P1597,P1613,collaboration,10,,auto,OpenAlex coauthorship between confirmed professors,0.601,2022,2024
AUTO003840,P1598,P1609,collaboration,2,,auto,OpenAlex coauthorship between confirmed professors,0.163,2016,2016
AUTO003841,P1599,P1611,collaboration,2,,auto,OpenAlex coauthorship between confirmed professors,0.101,2022,2023
AUTO003842,P1600,P1619,collaboration,2,,auto,OpenAlex coauthorship between confirmed professors,0.283,2025,2026
AUTO003843,P1601,P1607,collaboration,2,,auto,OpenAlex coauthorship between confirmed professors,0.639,2023,2024
AUTO003844,P1601,P1608,collaboration,3,,auto,OpenAlex coauthorship between confirmed professors,0.299,2022,2026
AUTO003845,P1603,P1605,collaboration,34,,auto,OpenAlex coauthorship between confirmed professors,0.46,2019,2024
AUTO003846,P1604,P1613,collaboration,14,,auto,OpenAlex coauthorship between confirmed professors,0.839,2022,2024
AUTO003847,P1608,P1610,collaboration,5,,auto,OpenAlex coauthorship between confirmed professors,0.676,2023,2025
AUTO003848,P1609,P1622,collaboration,2,,auto,OpenAlex coauthorship between confirmed professors,0.5,2016,2026
AUTO003849,P1612,P1620,collaboration,2,,auto,OpenAlex coauthorship between confirmed professors,0.667,2024,2025
AUTO003850,P1623,P1631,collaboration,28,,auto,OpenAlex coauthorship between confirmed professors,3.216,2019,2026
AUTO003851,P1625,P1626,collaboration,11,,auto,OpenAlex coauthorship between confirmed professors,1.623,2020,2026
AUTO003852,P1627,P1628,collaboration,4,,auto,OpenAlex coauthorship between confirmed professors,2.387,2021,2026
AUTO003853,P1627,P1629,collaboration,7,,auto,OpenAlex coauthorship between confirmed professors,3.526,2023,2026
AUTO003854,P1632,P1633,collaboration,26,,auto,OpenAlex coauthorship between confirmed professors,4.289,2016,2026
LIN000001,P0212,P0207,postdoc_mentor,20,https://doi.org/10.1021/ol103104y,auto,inferred from 20 first-author papers (2011-2016) with A as last author,,,
LIN000002,P0007,P1383,advisor_student,15,https://doi.org/10.1089/ten.2005.11.438,auto,inferred from 15 first-author papers (2005-2009) with A as last author,,,
LIN000003,P1538,P1566,postdoc_mentor,15,https://doi.org/10.1177/1352458512441271,auto,inferred from 15 first-author papers (2012-2017) with A as last author,,,
LIN000004,P0013,P0020,advisor_student,14,https://doi.org/10.1182/blood.v120.21.5042.5042,auto,inferred from 14 first-author papers (2012-2015) with A as last author,,,
LIN000005,P0007,P1257,advisor_student,14,https://doi.org/10.1016/j.biomaterials.2003.09.068,auto,inferred from 14 first-author papers (2003-2008) with A as last author,,,
LIN000006,P1116,P1288,advisor_student,13,,auto,inferred from 13 first-author papers (2010-2015) with A as last author,,,
LIN000007,P0587,P0636,postdoc_mentor,12,https://doi.org/10.21053/ceo.2021.00073,auto,inferred from 12 first-author papers (2021-2026) with A as last author,,,
LIN000008,P0097,P0972,advisor_student,11,https://doi.org/10.1007/s12272-012-0912-2,auto,inferred from 11 first-author papers (2012-2017) with A as last author,,,
LIN000009,P0746,P1019,advisor_student,11,https://doi.org/10.1038/nmat1251,auto,inferred from 11 first-author papers (2004-2007) with A as last author,,,
LIN000010,P0194,P0181,advisor_student,10,https://doi.org/10.1007/s12374-016-0552-z,auto,inferred from 10 first-author papers (2017-2022) with A as last author,,,
LIN000011,P1632,P1633,advisor_student,10,https://doi.org/10.1038/srep36750,auto,inferred from 10 first-author papers (2016-2021) with A as last author,,,
LIN000012,P1418,P1426,postdoc_mentor,9,https://doi.org/10.1371/journal.pone.0154233,auto,inferred from 9 first-author papers (2016-2021) with A as last author,,,
LIN000013,P1521,P1595,postdoc_mentor,8,https://doi.org/10.1371/journal.pone.0075604,auto,inferred from 8 first-author papers (2013-2015) with A as last author,,,
LIN000014,P0038,P0716,advisor_student,8,https://doi.org/10.1021/ja110349a,auto,inferred from 8 first-author papers (2011-2015) with A as last author,,,
LIN000015,P0691,P0035,advisor_student,8,https://doi.org/10.1002/anie.201102634,auto,inferred from 8 first-author papers (2011-2015) with A as last author,,,
LIN000016,P1517,P1563,advisor_student,8,https://doi.org/10.3748/wjg.15.5106,auto,inferred from 8 first-author papers (2009-2011) with A as last author,,,
LIN000017,P1495,P1457,advisor_student,8,,auto,inferred from 8 first-author papers (2011-2012) with A as last author,,,
LIN000018,P0212,P0207,advisor_student,8,https://doi.org/10.1002/anie.200903479,auto,inferred from 8 first-author papers (2009-2010) with A as last author,,,
LIN000019,P0379,P0416,advisor_student,8,,auto,inferred from 8 first-author papers (2014-2019) with A as last author,,,
LIN000020,P1155,P1166,postdoc_mentor,7,https://doi.org/10.1016/j.jff.2015.06.036,auto,inferred from 7 first-author papers (2015-2019) with A as last author,,,
LIN000021,P0791,P1015,advisor_student,7,https://doi.org/10.1111/j.1460-9568.2009.07004.x,auto,inferred from 7 first-author papers (2009-2013) with A as last author,,,
LIN000022,P0968,P1410,advisor_student,7,https://doi.org/10.3892/ijo.2016.3365,auto,inferred from 7 first-author papers (2016-2020) with A as last author,,,
LIN000023,P1456,P1488,advisor_student,7,,auto,inferred from 7 first-author papers (2004-2009) with A as last author,,,
LIN000024,P1415,P1454,advisor_student,7,https://doi.org/10.4014/jmb.1904.04062,auto,inferred from 7 first-author papers (2019-2024) with A as last author,,,
LIN000025,P1456,P1469,postdoc_mentor,7,https://doi.org/10.1002/ptr.4687,auto,inferred from 7 first-author papers (2012-2014) with A as last author,,,
LIN000026,P1322,P1375,postdoc_mentor,7,https://doi.org/10.1016/j.maturitas.2014.08.008,auto,inferred from 7 first-author papers (2014-2018) with A as last author,,,
LIN000027,P0700,P0295,advisor_student,6,https://doi.org/10.1021/jo401974g,auto,inferred from 6 first-author papers (2013-2016) with A as last author,,,
LIN000028,P1411,P1355,advisor_student,6,https://doi.org/10.1016/j.toxlet.2010.09.020,auto,inferred from 6 first-author papers (2010-2013) with A as last author,,,
LIN000029,P1253,P0096,advisor_student,5,https://doi.org/10.1016/j.neures.2017.11.012,auto,inferred from 5 first-author papers (2017-2021) with A as last author,,,
LIN000030,P1293,P1514,advisor_student,5,https://doi.org/10.1016/j.jbior.2012.09.008,auto,inferred from 5 first-author papers (2012-2017) with A as last author,,,
LIN000031,P0774,P1024,advisor_student,5,https://doi.org/10.1016/j.bpj.2011.11.3649,auto,inferred from 5 first-author papers (2012-2016) with A as last author,,,
LIN000032,P0718,P1270,advisor_student,5,https://doi.org/10.1038/nnano.2014.38,auto,inferred from 5 first-author papers (2014-2016) with A as last author,,,
LIN000033,P1464,P1475,postdoc_mentor,5,https://doi.org/10.5142/jgr.2013.37.349,auto,inferred from 5 first-author papers (2013-2014) with A as last author,,,
LIN000034,P1418,P1443,advisor_student,5,https://doi.org/10.1371/journal.pone.0090812,auto,inferred from 5 first-author papers (2014-2018) with A as last author,,,
LIN000035,P1411,P1438,advisor_student,5,https://doi.org/10.1021/jf102194t,auto,inferred from 5 first-author papers (2010-2015) with A as last author,,,
LIN000036,P0281,P1091,postdoc_mentor,5,https://doi.org/10.5851/kosfa.2020.e96,auto,inferred from 5 first-author papers (2020-2023) with A as last author,,,
LIN000037,P1576,P1603,advisor_student,5,https://doi.org/10.1097/01.tp.0000699376.14051.df,auto,inferred from 5 first-author papers (2020-2025) with A as last author,,,
LIN000038,P1322,P1349,advisor_student,5,https://doi.org/10.1007/s00296-012-2367-7,auto,inferred from 5 first-author papers (2012-2016) with A as last author,,,
LIN000039,P1431,P1449,postdoc_mentor,5,https://doi.org/10.3390/ijms25010662,auto,inferred from 5 first-author papers (2024-2025) with A as last author,,,
LIN000040,P1190,P1188,advisor_student,4,https://doi.org/10.1002/prot.21224,auto,inferred from 4 first-author papers (2006-2009) with A as last author,,,
LIN000041,P0751,P1266,advisor_student,4,https://doi.org/10.1242/dev.01922,auto,inferred from 4 first-author papers (2005-2009) with A as last author,,,
LIN000042,P1155,P0055,postdoc_mentor,4,https://doi.org/10.5012/bkcs.2010.31.9.2665,auto,inferred from 4 first-author papers (2010-2011) with A as last author,,,
LIN000043,P0007,P0246,advisor_student,4,https://doi.org/10.7841/ksbbj.2012.27.5.273,auto,inferred from 4 first-author papers (2012-2017) with A as last author,,,
LIN000044,P0440,P0376,advisor_student,4,,auto,inferred from 4 first-author papers (2006-2011) with A as last author,,,
LIN000045,P0550,P0558,advisor_student,4,https://doi.org/10.5187/jast.2023.e116,auto,inferred from 4 first-author papers (2023-2024) with A as last author,,,
LIN000046,P0185,P0184,advisor_student,4,https://doi.org/10.1021/jf903939y,auto,inferred from 4 first-author papers (2010-2011) with A as last author,,,
LIN000047,P1008,P1234,postdoc_mentor,4,https://doi.org/10.4049/jimmunol.210.supp.62.04,auto,inferred from 4 first-author papers (2023-2025) with A as last author,,,
LIN000048,P1322,P1372,advisor_student,4,https://doi.org/10.1155/2012/209345,auto,inferred from 4 first-author papers (2012-2013) with A as last author,,,
LIN000049,P1322,P1355,postdoc_mentor,4,https://doi.org/10.1007/s11655-014-1989-x,auto,inferred from 4 first-author papers (2014-2018) with A as last author,,,
LIN000050,P0560,P1502,postdoc_mentor,4,https://doi.org/10.5487/tr.2015.31.2.105,auto,inferred from 4 first-author papers (2015-2018) with A as last author,,,
LIN000051,P0205,P1054,postdoc_mentor,4,https://doi.org/10.1017/s0266462317000150,auto,inferred from 4 first-author papers (2017-2021) with A as last author,,,
LIN000052,P1217,P1244,postdoc_mentor,4,https://doi.org/10.3390/molecules23092377,auto,inferred from 4 first-author papers (2018-2020) with A as last author,,,
LIN000053,P1134,P0501,advisor_student,4,https://doi.org/10.1109/iww-bci.2018.8311510,auto,inferred from 4 first-author papers (2018-2021) with A as last author,,,
LIN000054,P1022,P1285,postdoc_mentor,4,,auto,inferred from 4 first-author papers (2020-2021) with A as last author,,,
LIN000055,P1187,P1335,advisor_student,3,https://doi.org/10.1016/j.intimp.2009.01.005,auto,inferred from 3 first-author papers (2009-2009) with A as last author,,,
LIN000056,P0791,P1297,advisor_student,3,https://doi.org/10.1073/pnas.0710548105,auto,inferred from 3 first-author papers (2007-2007) with A as last author,,,
LIN000057,P1580,P1588,advisor_student,3,https://doi.org/10.1016/j.ygeno.2014.09.001,auto,inferred from 3 first-author papers (2014-2014) with A as last author,,,
LIN000058,P1521,P1595,advisor_student,3,,auto,inferred from 3 first-author papers (2011-2012) with A as last author,,,
LIN000059,P1524,P0609,advisor_student,3,,auto,inferred from 3 first-author papers (2005-2005) with A as last author,,,
LIN000060,P1579,P1422,advisor_student,3,https://doi.org/10.1016/j.bmcl.2015.08.061,auto,inferred from 3 first-author papers (2015-2018) with A as last author,,,
LIN000061,P0691,P0091,advisor_student,3,https://doi.org/10.1002/anie.202210317,auto,inferred from 3 first-author papers (2022-2023) with A as last author,,,
LIN000062,P0095,P0963,postdoc_mentor,3,https://doi.org/10.21203/rs.3.rs-1092054/v1,auto,inferred from 3 first-author papers (2021-2024) with A as last author,,,
LIN000063,P1528,P1563,postdoc_mentor,3,,auto,inferred from 3 first-author papers (2013-2017) with A as last author,,,
LIN000064,P0602,P0642,advisor_student,3,https://doi.org/10.3340/jkns.2018.0045,auto,inferred from 3 first-author papers (2018-2023) with A as last author,,,
LIN000065,P1418,P1426,advisor_student,3,https://doi.org/10.1093/jac/dku008,auto,inferred from 3 first-author papers (2014-2014) with A as last author,,,
LIN000066,P0590,P0644,advisor_student,3,https://doi.org/10.5021/ad.2018.30.3.382,auto,inferred from 3 first-author papers (2018-2022) with A as last author,,,
LIN000067,P1457,P1513,advisor_student,3,https://doi.org/10.1007/s10482-014-0253-x,auto,inferred from 3 first-author papers (2014-2018) with A as last author,,,
LIN000068,P1481,P1506,postdoc_mentor,3,https://doi.org/10.1089/jmf.2020.4830,auto,inferred from 3 first-author papers (2021-2024) with A as last author,,,
LIN000069,P1327,P1340,postdoc_mentor,3,https://doi.org/10.1093/ecam/nep240,auto,inferred from 3 first-author papers (2010-2012) with A as last author,,,
LIN000070,P0597,P0620,advisor_student,3,https://doi.org/10.3904/kjim.2017.050,auto,inferred from 3 first-author papers (2017-2020) with A as last author,,,
LIN000071,P1491,P1466,postdoc_mentor,3,https://doi.org/10.1016/j.foodchem.2011.07.081,auto,inferred from 3 first-author papers (2011-2013) with A as last author,,,
LIN000072,P1010,P1246,advisor_student,3,,auto,inferred from 3 first-author papers (2013-2018) with A as last author,,,
LIN000073,P0532,P0535,advisor_student,3,https://doi.org/10.5853/kjs.2012.14.1.12,auto,inferred from 3 first-author papers (2012-2016) with A as last author,,,
LIN000074,P1324,P1325,advisor_student,3,https://doi.org/10.4103/0973-1296.160471,auto,inferred from 3 first-author papers (2015-2015) with A as last author,,,
LIN000075,P0542,P0547,advisor_student,3,,auto,inferred from 3 first-author papers (2011-2014) with A as last author,,,
LIN000076,P1293,P1059,advisor_student,3,https://doi.org/10.1074/jbc.m705874200,auto,inferred from 3 first-author papers (2007-2009) with A as last author,,,
LIN000077,P1490,P1477,advisor_student,3,,auto,inferred from 3 first-author papers (2016-2017) with A as last author,,,
